cellId,flooded,permWater,clearPerc,eventId,dfoMainCause,dfoSeverity,elevationM,slopeDegrees,flowAccumulation,topographicWetnessIndex,landCoverClass,imperviousPct,distanceToWaterM,distanceToRoadM,femaSfha,relativeElevationZ
cell-015-021,1,0,1.0,DFO_3625_From_20100310_to_20100324,Heavy Rain Snowmelt Dam B,1,-1.3154746294021606,2.6461849212646484,6.0,4.824437215589947,11,0,0.0,13.507570363598182,True,-0.967
cell-015-022,1,0,1.0,DFO_3625_From_20100310_to_20100324,Heavy Rain Snowmelt Dam B,1,2.4246315956115723,0.27058255672454834,1.0,4.911519324639224,22,42,13.0944428587177,0.0,True,-0.726
cell-016-021,1,0,1.0,DFO_3625_From_20100310_to_20100324,Heavy Rain Snowmelt Dam B,1,-1.506100058555603,0.056115489453077316,9.0,6.814319580705883,11,0,0.0,42.909956693067215,True,-0.979
cell-016-022,1,0,1.0,DFO_3625_From_20100310_to_20100324,Heavy Rain Snowmelt Dam B,1,3.0379738807678223,2.585913896560669,1.0,3.5906030690513457,23,66,0.0,0.0,True,-0.687
cell-017-021,1,0,1.0,DFO_3625_From_20100310_to_20100324,Heavy Rain Snowmelt Dam B,1,-1.506100058555603,0.0,1.0,5.298317388899779,11,0,17.174589651728688,43.12751683146614,True,-0.979
cell-017-022,1,0,1.0,DFO_3625_From_20100310_to_20100324,Heavy Rain Snowmelt Dam B,1,2.0331759452819824,6.997210502624512,2.0,3.118011904977972,23,61,0.0,1.1845499744042738,True,-0.751
cell-020-012,0,0,1.0,DFO_3625_From_20100310_to_20100324,Heavy Rain Snowmelt Dam B,1,3.303015947341919,2.2935822010040283,1.0,3.6878408462768157,21,15,0.0,0.0,True,-0.67
cell-020-013,0,0,1.0,DFO_3625_From_20100310_to_20100324,Heavy Rain Snowmelt Dam B,1,2.7254083156585693,1.606561541557312,2.0,4.367541687181025,22,32,0.0,0.0,True,-0.707
cell-020-014,0,0,1.0,DFO_3625_From_20100310_to_20100324,Heavy Rain Snowmelt Dam B,1,2.4200222492218018,3.662853956222534,1.0,3.2966200013528106,23,71,0.0,0.0,True,-0.726
cell-020-015,0,0,1.0,DFO_3625_From_20100310_to_20100324,Heavy Rain Snowmelt Dam B,1,1.231942057609558,3.9653420448303223,11.0,5.019184511076517,22,23,0.0,12.730955071747301,True,-0.803
cell-020-016,0,0,1.0,DFO_3625_From_20100310_to_20100324,Heavy Rain Snowmelt Dam B,1,7.959383010864258,2.504103899002075,1.0,3.6168806927865704,21,18,49.63048222594476,0.0,True,-0.37
cell-020-017,1,0,1.0,DFO_3625_From_20100310_to_20100324,Heavy Rain Snowmelt Dam B,1,4.393118858337402,8.327424049377441,4.0,3.464948477914738,43,0,0.0,0.0,True,-0.599
cell-020-018,1,0,1.0,DFO_3625_From_20100310_to_20100324,Heavy Rain Snowmelt Dam B,1,-0.7709132432937622,5.67645788192749,68.0,6.446866383509407,90,0,0.0,20.32612253818661,True,-0.932
cell-020-019,1,0,1.0,DFO_3625_From_20100310_to_20100324,Heavy Rain Snowmelt Dam B,1,-1.49407958984375,0.635934054851532,9.0,6.161086420981936,11,0,0.0,24.38575840712172,True,-0.978
cell-020-020,1,0,1.0,DFO_3625_From_20100310_to_20100324,Heavy Rain Snowmelt Dam B,1,-1.158492922782898,4.670155048370361,9.0,4.691920832068691,21,1,0.0,0.0,True,-0.957
cell-020-023,0,0,1.0,DFO_3625_From_20100310_to_20100324,Heavy Rain Snowmelt Dam B,1,-1.5055558681488037,0.03181035816669464,2.0,5.649749352921885,11,0,0.0,49.549470837881124,True,-0.979
cell-020-024,0,0,1.0,DFO_3625_From_20100310_to_20100324,Heavy Rain Snowmelt Dam B,1,-1.5041297674179077,0.02457244321703911,304.0,10.283489124487133,11,0,0.0,56.152019339883104,True,-0.979
cell-020-025,0,0,1.0,DFO_3625_From_20100310_to_20100324,Heavy Rain Snowmelt Dam B,1,3.9232821464538574,2.3382744789123535,1.0,3.6723515455444087,23,55,0.0,0.0,True,-0.63
cell-020-026,0,0,1.0,DFO_3625_From_20100310_to_20100324,Heavy Rain Snowmelt Dam B,1,3.5681443214416504,2.8317549228668213,16.0,5.655602168782619,22,26,55.574835119795075,0.0,True,-0.652
cell-020-027,0,0,1.0,DFO_3625_From_20100310_to_20100324,Heavy Rain Snowmelt Dam B,1,5.506412029266357,2.3923592567443848,1.0,3.6539212136097845,22,45,116.5363759184202,0.0,True,-0.528
cell-020-028,0,0,1.0,DFO_3625_From_20100310_to_20100324,Heavy Rain Snowmelt Dam B,1,5.93847131729126,2.8362536430358887,3.0,4.20736030655006,22,25,89.87681477576821,0.0,False,-0.5
cell-021-012,0,0,1.0,DFO_3625_From_20100310_to_20100324,Heavy Rain Snowmelt Dam B,1,2.42425537109375,1.1805039644241333,2.0,4.585151972064011,22,25,68.9492057831958,0.0,True,-0.726
cell-021-013,0,0,1.0,DFO_3625_From_20100310_to_20100324,Heavy Rain Snowmelt Dam B,1,1.7559634447097778,0.10478727519512177,52.0,8.407502814646568,21,9,67.57604024442863,0.0,True,-0.769
cell-021-014,0,0,1.0,DFO_3625_From_20100310_to_20100324,Heavy Rain Snowmelt Dam B,1,2.0393946170806885,0.5387565493583679,3.0,5.328603736729086,21,10,0.0,0.0,True,-0.751
cell-021-015,0,0,1.0,DFO_3625_From_20100310_to_20100324,Heavy Rain Snowmelt Dam B,1,-0.609997570514679,1.4047890901565552,40.0,7.079698474499365,21,19,0.0,34.2440593453357,True,-0.922
cell-021-016,0,0,1.0,DFO_3625_From_20100310_to_20100324,Heavy Rain Snowmelt Dam B,1,1.7463964223861694,2.083076238632202,1.0,3.764194497475658,22,42,0.0,0.0,True,-0.77
cell-021-017,1,0,1.0,DFO_3625_From_20100310_to_20100324,Heavy Rain Snowmelt Dam B,1,5.33026647567749,3.8074944019317627,3.0,3.956088493094547,21,3,8.661237151310582,0.0,True,-0.539
cell-021-018,1,0,1.0,DFO_3625_From_20100310_to_20100324,Heavy Rain Snowmelt Dam B,1,6.615693092346191,5.451276779174805,2.0,3.3483122903390523,21,5,19.456156568601727,0.0,True,-0.456
cell-021-019,1,0,1.0,DFO_3625_From_20100310_to_20100324,Heavy Rain Snowmelt Dam B,1,0.9878237247467041,5.913671016693115,21.0,5.266280625318442,21,17,0.0,0.0,True,-0.819
cell-021-020,1,0,1.0,DFO_3625_From_20100310_to_20100324,Heavy Rain Snowmelt Dam B,1,-1.5004668235778809,0.2833292782306671,4.0,5.812811756818531,11,0,0.0,16.03098308621503,True,-0.979
cell-021-023,0,0,1.0,DFO_3625_From_20100310_to_20100324,Heavy Rain Snowmelt Dam B,1,2.277263641357422,3.8126626014709473,3.0,3.954905685145992,22,35,0.0,5.165436314418912,True,-0.736
cell-021-024,0,0,1.0,DFO_3625_From_20100310_to_20100324,Heavy Rain Snowmelt Dam B,1,-1.398983359336853,1.4032524824142456,14.0,6.074954166360105,11,0,0.0,35.51690190755493,True,-0.972
cell-021-025,0,0,1.0,DFO_3625_From_20100310_to_20100324,Heavy Rain Snowmelt Dam B,1,3.8256173133850098,1.4299014806747437,11.0,5.8384095920212875,21,7,11.096390557527345,0.0,True,-0.636
cell-021-026,0,0,1.0,DFO_3625_From_20100310_to_20100324,Heavy Rain Snowmelt Dam B,1,7.152413845062256,1.243044376373291,1.0,4.144629255645517,21,3,81.9652804111386,0.0,False,-0.422
cell-021-027,0,0,1.0,DFO_3625_From_20100310_to_20100324,Heavy Rain Snowmelt Dam B,1,7.491910457611084,2.7361066341400146,1.0,3.5440798118885914,21,5,174.86474745895248,0.0,False,-0.4
cell-022-012,0,0,1.0,DFO_3625_From_20100310_to_20100324,Heavy Rain Snowmelt Dam B,1,2.5432467460632324,0.6808344125747681,4.0,5.431466613157553,21,17,94.51346928418336,0.0,True,-0.718
cell-022-013,0,0,1.0,DFO_3625_From_20100310_to_20100324,Heavy Rain Snowmelt Dam B,1,2.6519086360931396,1.3418396711349487,1.0,4.091634126373274,21,10,80.84285598577165,0.0,True,-0.711
cell-022-014,0,0,1.0,DFO_3625_From_20100310_to_20100324,Heavy Rain Snowmelt Dam B,1,3.3019306659698486,2.5403006076812744,3.0,4.298316437595928,22,44,4.537787618581917,0.0,True,-0.67
cell-022-015,0,0,1.0,DFO_3625_From_20100310_to_20100324,Heavy Rain Snowmelt Dam B,1,-0.23754189908504486,2.6655240058898926,2.0,3.971140462464256,23,59,0.0,4.813314335187897,True,-0.898
cell-022-016,0,0,1.0,DFO_3625_From_20100310_to_20100324,Heavy Rain Snowmelt Dam B,1,0.13279622793197632,2.0751705169677734,4.0,4.683469101545252,21,6,0.0,18.303440659043428,True,-0.874
cell-022-017,1,0,1.0,DFO_3625_From_20100310_to_20100324,Heavy Rain Snowmelt Dam B,1,2.136303186416626,1.621271014213562,2.0,4.360811361881644,21,5,7.212120651151054,0.0,True,-0.745
cell-022-018,1,0,1.0,DFO_3625_From_20100310_to_20100324,Heavy Rain Snowmelt Dam B,1,3.3017008304595947,4.349478244781494,3.0,3.8390180436408583,22,20,36.658141342923045,0.0,True,-0.67
cell-022-019,1,0,1.0,DFO_3625_From_20100310_to_20100324,Heavy Rain Snowmelt Dam B,1,4.8192033767700195,1.8864545822143555,1.0,3.8411745361604988,21,9,0.0,0.0,True,-0.572
cell-022-020,1,0,1.0,DFO_3625_From_20100310_to_20100324,Heavy Rain Snowmelt Dam B,1,-0.7601028680801392,7.948057651519775,3.0,3.285974421045502,95,0,0.0,0.0,True,-0.931
cell-022-023,0,0,1.0,DFO_3625_From_20100310_to_20100324,Heavy Rain Snowmelt Dam B,1,3.155679225921631,1.7653746604919434,2.0,4.297162220318961,22,30,0.0,0.0,True,-0.679
cell-022-024,0,0,1.0,DFO_3625_From_20100310_to_20100324,Heavy Rain Snowmelt Dam B,1,0.18923473358154297,6.949127197265625,39.0,5.714716777638397,23,67,0.0,0.0,True,-0.87
cell-022-025,0,0,1.0,DFO_3625_From_20100310_to_20100324,Heavy Rain Snowmelt Dam B,1,4.81739616394043,1.8728715181350708,8.0,5.3507943691346,21,18,24.40919671869923,0.0,True,-0.572
cell-022-026,0,0,1.0,DFO_3625_From_20100310_to_20100324,Heavy Rain Snowmelt Dam B,1,7.423330307006836,0.39194729924201965,1.0,4.777093373021122,21,10,123.1021603199015,0.0,False,-0.404
cell-022-027,0,0,1.0,DFO_3625_From_20100310_to_20100324,Heavy Rain Snowmelt Dam B,1,8.26363468170166,1.0205987691879272,1.0,4.2753380263594245,22,49,176.94557259016435,0.0,False,-0.35
cell-023-011,0,0,1.0,DFO_3625_From_20100310_to_20100324,Heavy Rain Snowmelt Dam B,1,2.5611236095428467,0.2370835840702057,2.0,5.357507545970421,21,17,0.0,0.0,True,-0.717
cell-023-012,0,0,1.0,DFO_3625_From_20100310_to_20100324,Heavy Rain Snowmelt Dam B,1,2.753382444381714,2.2350525856018066,2.0,4.1139591009096055,23,66,0.0,0.0,True,-0.705
cell-023-013,0,0,1.0,DFO_3625_From_20100310_to_20100324,Heavy Rain Snowmelt Dam B,1,3.1250669956207275,0.10235966742038727,1.0,5.133946387233991,23,53,0.0,0.0,True,-0.681
cell-023-014,0,0,1.0,DFO_3625_From_20100310_to_20100324,Heavy Rain Snowmelt Dam B,1,3.336134910583496,1.5739513635635376,1.0,3.9771604941724186,23,56,0.0,0.0,True,-0.667
cell-023-015,0,0,1.0,DFO_3625_From_20100310_to_20100324,Heavy Rain Snowmelt Dam B,1,1.366405725479126,1.8372031450271606,2.0,4.266884416247988,22,21,0.0,8.098521310981464,True,-0.794
cell-023-016,0,0,1.0,DFO_3625_From_20100310_to_20100324,Heavy Rain Snowmelt Dam B,1,2.436037540435791,3.7743611335754395,2.0,3.6760226474410023,21,5,1.3014974926910945,0.0,True,-0.725
cell-023-017,0,0,1.0,DFO_3625_From_20100310_to_20100324,Heavy Rain Snowmelt Dam B,1,0.2993077039718628,0.3730752766132355,1.0,4.796846261343273,21,7,4.131182726723491,0.0,True,-0.863
cell-023-018,0,0,1.0,DFO_3625_From_20100310_to_20100324,Heavy Rain Snowmelt Dam B,1,-0.693986713886261,1.6094108819961548,6.0,5.213532193671511,22,21,0.0,0.0,True,-0.927
cell-023-019,0,0,1.0,DFO_3625_From_20100310_to_20100324,Heavy Rain Snowmelt Dam B,1,0.9289434552192688,8.143366813659668,1.0,2.5698543797839393,22,21,0.0,0.0,True,-0.822
cell-023-020,0,0,1.0,DFO_3625_From_20100310_to_20100324,Heavy Rain Snowmelt Dam B,1,3.0421218872070312,12.648481369018555,5.0,3.242421276947237,23,58,0.0,0.0,True,-0.686
cell-023-021,0,0,1.0,DFO_3625_From_20100310_to_20100324,Heavy Rain Snowmelt Dam B,1,1.2839359045028687,14.444988250732422,2.0,2.4168986298429838,11,0,0.0,0.0,True,-0.8
cell-023-022,0,0,1.0,DFO_3625_From_20100310_to_20100324,Heavy Rain Snowmelt Dam B,1,-0.9279927015304565,0.3339427709579468,21.0,7.236987765045779,22,21,0.0,15.39825070725213,True,-0.942
cell-023-023,0,0,1.0,DFO_3625_From_20100310_to_20100324,Heavy Rain Snowmelt Dam B,1,2.4022796154022217,1.1946550607681274,5.0,5.27025855631805,21,8,0.8437509598443284,0.0,True,-0.728
cell-023-024,0,0,1.0,DFO_3625_From_20100310_to_20100324,Heavy Rain Snowmelt Dam B,1,5.6515021324157715,2.831907272338867,1.0,3.515491150241432,22,28,28.652887460775673,0.0,True,-0.518
cell-023-025,0,0,1.0,DFO_3625_From_20100310_to_20100324,Heavy Rain Snowmelt Dam B,1,6.55301570892334,2.1350748538970947,6.0,4.997549560946758,21,8,61.06324990797488,26.820872808931703,False,-0.46
cell-023-026,0,0,1.0,DFO_3625_From_20100310_to_20100324,Heavy Rain Snowmelt Dam B,1,8.786304473876953,1.0376619100570679,1.0,4.264684730936786,21,19,152.83735315268487,0.0,False,-0.316
cell-023-027,0,0,1.0,DFO_3625_From_20100310_to_20100324,Heavy Rain Snowmelt Dam B,1,7.8912529945373535,0.5239405632019043,10.0,6.353622355243095,21,17,202.67181462517067,0.0,False,-0.374
cell-023-028,0,0,1.0,DFO_3625_From_20100310_to_20100324,Heavy Rain Snowmelt Dam B,1,7.946514129638672,1.0374845266342163,1.0,4.264794855477017,23,63,111.34085423317703,0.0,False,-0.371
cell-023-029,0,0,1.0,DFO_3625_From_20100310_to_20100324,Heavy Rain Snowmelt Dam B,1,6.331888198852539,0.8150839805603027,1.0,4.413440557056057,22,36,11.494394873051355,0.0,True,-0.475
cell-024-011,0,0,1.0,DFO_3625_From_20100310_to_20100324,Heavy Rain Snowmelt Dam B,1,2.755897283554077,0.9330951571464539,7.0,5.7181214261385565,23,71,0.0,0.0,True,-0.705
cell-024-012,0,0,1.0,DFO_3625_From_20100310_to_20100324,Heavy Rain Snowmelt Dam B,1,3.8186423778533936,1.2309359312057495,2.0,4.556786795546127,24,100,0.0,0.0,True,-0.636
cell-024-013,0,0,1.0,DFO_3625_From_20100310_to_20100324,Heavy Rain Snowmelt Dam B,1,3.6114790439605713,0.7548604607582092,2.0,4.863269134455517,21,7,3.135693345918153,0.0,True,-0.65
cell-024-014,0,0,1.0,DFO_3625_From_20100310_to_20100324,Heavy Rain Snowmelt Dam B,1,3.2940728664398193,0.17602591216564178,1.0,5.0304114777688875,21,6,0.0,1.4037990888824208,True,-0.67
cell-024-015,0,0,1.0,DFO_3625_From_20100310_to_20100324,Heavy Rain Snowmelt Dam B,1,3.5126307010650635,3.157095432281494,3.0,4.117241493768961,21,13,37.05574862398057,0.0,True,-0.656
cell-024-016,0,0,1.0,DFO_3625_From_20100310_to_20100324,Heavy Rain Snowmelt Dam B,1,4.015291213989258,3.5680158138275146,2.0,3.72479348179798,21,1,0.0,0.0,True,-0.624
cell-024-017,0,0,1.0,DFO_3625_From_20100310_to_20100324,Heavy Rain Snowmelt Dam B,1,1.5505563020706177,5.054360866546631,1.0,3.011406655379243,21,15,0.0,0.0,True,-0.782
cell-024-018,0,0,1.0,DFO_3625_From_20100310_to_20100324,Heavy Rain Snowmelt Dam B,1,1.5454107522964478,6.751767158508301,8.0,4.249914551248849,21,12,0.5769958337768912,0.0,True,-0.783
cell-024-019,0,0,1.0,DFO_3625_From_20100310_to_20100324,Heavy Rain Snowmelt Dam B,1,0.8114205598831177,2.887873411178589,1.0,3.4991583150517216,23,52,0.0,0.0,True,-0.83
cell-024-020,0,0,1.0,DFO_3625_From_20100310_to_20100324,Heavy Rain Snowmelt Dam B,1,5.992790222167969,8.594172477722168,8.0,4.022757474959819,22,34,24.66119675221853,0.0,True,-0.496
cell-024-021,0,0,1.0,DFO_3625_From_20100310_to_20100324,Heavy Rain Snowmelt Dam B,1,4.935135364532471,7.254492282867432,5.0,3.777377369900543,23,74,10.912096494831433,0.0,True,-0.564
cell-024-022,0,0,1.0,DFO_3625_From_20100310_to_20100324,Heavy Rain Snowmelt Dam B,1,4.548548698425293,2.415193796157837,2.0,4.0517052769517345,22,31,0.0,0.0,True,-0.589
cell-024-023,0,0,1.0,DFO_3625_From_20100310_to_20100324,Heavy Rain Snowmelt Dam B,1,2.3279170989990234,0.27719154953956604,3.0,5.596862022651896,21,14,0.8530544864500467,36.10454703986743,True,-0.732
cell-024-024,0,0,1.0,DFO_3625_From_20100310_to_20100324,Heavy Rain Snowmelt Dam B,1,6.023879051208496,5.416502475738525,10.0,4.653420974044908,22,32,100.84382923077504,0.0,True,-0.494
cell-024-025,0,0,1.0,DFO_3625_From_20100310_to_20100324,Heavy Rain Snowmelt Dam B,1,7.877121925354004,2.0453615188598633,12.0,5.650311810028076,22,36,145.6377761001843,0.0,False,-0.375
cell-024-026,0,0,1.0,DFO_3625_From_20100310_to_20100324,Heavy Rain Snowmelt Dam B,1,7.98309326171875,0.9763802886009216,29.0,7.011535563205977,22,22,202.16170773899518,0.0,False,-0.368
cell-024-027,0,0,1.0,DFO_3625_From_20100310_to_20100324,Heavy Rain Snowmelt Dam B,1,6.951130390167236,1.2271175384521484,5.0,5.25205375690604,23,52,232.51609955042787,0.0,False,-0.435
cell-024-028,0,0,1.0,DFO_3625_From_20100310_to_20100324,Heavy Rain Snowmelt Dam B,1,6.5228800773620605,0.26133114099502563,2.0,5.328012575871592,22,47,144.90518112957486,0.0,False,-0.462
cell-024-029,0,0,1.0,DFO_3625_From_20100310_to_20100324,Heavy Rain Snowmelt Dam B,1,6.944671154022217,1.9602872133255005,2.0,4.2170362253017135,23,54,60.97195845448792,0.0,False,-0.435
cell-025-010,0,0,1.0,DFO_3625_From_20100310_to_20100324,Heavy Rain Snowmelt Dam B,1,6.708659648895264,2.5268726348876953,7.0,4.995792378341969,23,75,76.29136808256328,0.0,False,-0.45
cell-025-011,0,0,1.0,DFO_3625_From_20100310_to_20100324,Heavy Rain Snowmelt Dam B,1,5.199642181396484,3.87392258644104,3.0,3.940989533418746,23,77,58.41637281887233,0.0,True,-0.547
cell-025-012,0,0,1.0,DFO_3625_From_20100310_to_20100324,Heavy Rain Snowmelt Dam B,1,3.575166702270508,0.04095130041241646,1.0,5.22928257152287,24,86,64.10406421837423,0.0,True,-0.652
cell-025-013,0,0,1.0,DFO_3625_From_20100310_to_20100324,Heavy Rain Snowmelt Dam B,1,3.465374231338501,0.4419086277484894,1.0,4.72660851232325,24,80,30.468718205345795,0.0,True,-0.659
cell-025-014,0,0,1.0,DFO_3625_From_20100310_to_20100324,Heavy Rain Snowmelt Dam B,1,1.0304780006408691,4.9845380783081055,11.0,4.81571900733245,22,25,0.0,0.0,True,-0.816
cell-025-015,0,0,1.0,DFO_3625_From_20100310_to_20100324,Heavy Rain Snowmelt Dam B,1,5.684743404388428,3.7870125770568848,2.0,3.6731077854821508,21,6,26.258345252019353,0.0,True,-0.516
cell-025-016,0,0,1.0,DFO_3625_From_20100310_to_20100324,Heavy Rain Snowmelt Dam B,1,4.875091075897217,2.055117607116699,1.0,3.7747868366156156,21,1,24.6657319976673,0.0,True,-0.568
cell-025-017,0,0,1.0,DFO_3625_From_20100310_to_20100324,Heavy Rain Snowmelt Dam B,1,5.592707633972168,4.897648811340332,8.0,4.543877532801204,21,10,23.929711682721972,0.0,True,-0.522
cell-025-018,0,0,1.0,DFO_3625_From_20100310_to_20100324,Heavy Rain Snowmelt Dam B,1,1.3394213914871216,6.578855991363525,9.0,4.379390104449864,22,25,39.090158202767455,0.0,True,-0.796
cell-025-019,0,0,1.0,DFO_3625_From_20100310_to_20100324,Heavy Rain Snowmelt Dam B,1,0.23480983078479767,0.523627519607544,1.0,4.649159760743305,21,4,0.0,0.0,True,-0.867
cell-025-020,0,0,1.0,DFO_3625_From_20100310_to_20100324,Heavy Rain Snowmelt Dam B,1,0.037291593849658966,0.04931407421827316,4.0,6.132043093522518,21,12,18.5726633007871,0.0,True,-0.88
cell-025-021,0,0,1.0,DFO_3625_From_20100310_to_20100324,Heavy Rain Snowmelt Dam B,1,5.233949661254883,0.5379226803779602,1.0,4.6362069507280665,22,26,100.67838767349791,0.0,True,-0.545
cell-025-022,0,0,1.0,DFO_3625_From_20100310_to_20100324,Heavy Rain Snowmelt Dam B,1,3.3757848739624023,1.8116639852523804,3.0,4.5652275080452265,22,41,73.93462718743831,0.0,True,-0.665
cell-025-023,0,0,1.0,DFO_3625_From_20100310_to_20100324,Heavy Rain Snowmelt Dam B,1,3.5141706466674805,1.7185680866241455,1.0,3.9119312035879488,22,20,80.197014941947,0.0,True,-0.656
cell-025-024,0,0,1.0,DFO_3625_From_20100310_to_20100324,Heavy Rain Snowmelt Dam B,1,7.022148609161377,3.2663700580596924,1.0,3.3951543916272695,22,33,136.9532637909457,0.0,True,-0.43
cell-025-025,0,0,1.0,DFO_3625_From_20100310_to_20100324,Heavy Rain Snowmelt Dam B,1,7.394805908203125,1.641291618347168,2.0,4.351723002446186,21,16,224.41781525146084,0.0,False,-0.406
cell-025-026,0,0,1.0,DFO_3625_From_20100310_to_20100324,Heavy Rain Snowmelt Dam B,1,6.571305274963379,0.3571659028530121,4.0,5.7300975895250525,21,6,279.96331122698075,0.0,False,-0.459
cell-025-027,0,0,1.0,DFO_3625_From_20100310_to_20100324,Heavy Rain Snowmelt Dam B,1,6.369251728057861,0.4762108623981476,2.0,5.0988307326252045,21,15,283.3875302726848,0.0,False,-0.472
cell-025-028,0,0,1.0,DFO_3625_From_20100310_to_20100324,Heavy Rain Snowmelt Dam B,1,6.584524631500244,1.61849844455719,2.0,4.3620765836240425,22,41,202.18661409962468,0.0,False,-0.458
cell-025-029,0,0,1.0,DFO_3625_From_20100310_to_20100324,Heavy Rain Snowmelt Dam B,1,7.262601852416992,0.7951023578643799,2.0,4.83340813422984,21,14,118.84393294232854,0.0,False,-0.415
cell-026-010,0,0,1.0,DFO_3625_From_20100310_to_20100324,Heavy Rain Snowmelt Dam B,1,5.564984321594238,7.0411553382873535,3.0,3.3998451814536987,23,63,166.8862820924757,0.0,True,-0.524
cell-026-011,0,0,1.0,DFO_3625_From_20100310_to_20100324,Heavy Rain Snowmelt Dam B,1,3.6533257961273193,0.6496039628982544,2.0,4.945868053719743,24,94,158.41637281887233,0.0,True,-0.647
cell-026-012,0,0,1.0,DFO_3625_From_20100310_to_20100324,Heavy Rain Snowmelt Dam B,1,4.016288757324219,5.690500736236572,3.0,3.596794208782587,22,25,134.91873805560158,0.0,True,-0.624
cell-026-013,0,0,1.0,DFO_3625_From_20100310_to_20100324,Heavy Rain Snowmelt Dam B,1,3.1765811443328857,1.1878818273544312,14.0,6.190389742561962,23,55,43.16802784353415,0.0,True,-0.678
cell-026-014,0,0,1.0,DFO_3625_From_20100310_to_20100324,Heavy Rain Snowmelt Dam B,1,0.4611724317073822,1.5288878679275513,2.0,4.40385072700085,21,13,0.0,0.0,True,-0.853
cell-026-015,0,0,1.0,DFO_3625_From_20100310_to_20100324,Heavy Rain Snowmelt Dam B,1,1.4634690284729004,1.4263652563095093,9.0,5.6578560420671185,21,9,0.0,0.0,True,-0.788
cell-026-016,0,0,1.0,DFO_3625_From_20100310_to_20100324,Heavy Rain Snowmelt Dam B,1,3.622257947921753,5.3331475257873535,1.0,2.962774050064645,21,9,53.1378495260841,0.0,True,-0.649
cell-026-017,0,0,1.0,DFO_3625_From_20100310_to_20100324,Heavy Rain Snowmelt Dam B,1,1.519469141960144,4.0369181632995605,5.0,4.310334590257373,21,12,123.92971168272197,0.0,True,-0.784
cell-026-018,0,0,1.0,DFO_3625_From_20100310_to_20100324,Heavy Rain Snowmelt Dam B,1,4.34844970703125,11.912625312805176,1.0,2.2029062430700805,21,4,87.74036018497522,0.0,True,-0.602
cell-026-019,0,0,1.0,DFO_3625_From_20100310_to_20100324,Heavy Rain Snowmelt Dam B,1,1.5663235187530518,3.625063896179199,1.0,3.3056073755312325,22,21,70.38238598406315,0.0,True,-0.781
cell-026-020,0,0,1.0,DFO_3625_From_20100310_to_20100324,Heavy Rain Snowmelt Dam B,1,5.952729225158691,12.664657592773438,1.0,2.1425447327195837,21,11,78.32075801816175,0.0,True,-0.499
cell-026-021,0,0,1.0,DFO_3625_From_20100310_to_20100324,Heavy Rain Snowmelt Dam B,1,0.5511313676834106,0.7029620409011841,3.0,5.190826322601876,21,15,140.88532558312352,0.0,True,-0.847
cell-026-022,0,0,1.0,DFO_3625_From_20100310_to_20100324,Heavy Rain Snowmelt Dam B,1,4.202761173248291,0.5736098885536194,1.0,4.604584577942267,21,13,173.9346271874383,0.0,True,-0.612
cell-026-023,0,0,1.0,DFO_3625_From_20100310_to_20100324,Heavy Rain Snowmelt Dam B,1,3.135219097137451,1.7961130142211914,5.0,4.9772401909913935,22,21,176.79327913164943,0.0,True,-0.68
cell-026-024,0,0,1.0,DFO_3625_From_20100310_to_20100324,Heavy Rain Snowmelt Dam B,1,6.751336574554443,0.24084120988845825,6.0,6.200177277023053,21,11,212.13749569070373,0.0,False,-0.448
cell-026-025,0,0,1.0,DFO_3625_From_20100310_to_20100324,Heavy Rain Snowmelt Dam B,1,6.219959735870361,0.21648044884204865,1.0,4.977806553081645,21,10,277.5874400254734,0.0,False,-0.482
cell-026-026,0,0,1.0,DFO_3625_From_20100310_to_20100324,Heavy Rain Snowmelt Dam B,1,8.533995628356934,5.407604217529297,2.0,3.355634009303955,21,1,359.3149824901103,0.0,False,-0.333
cell-026-027,0,0,1.0,DFO_3625_From_20100310_to_20100324,Heavy Rain Snowmelt Dam B,1,5.816425323486328,3.042587995529175,19.0,5.757924860208303,21,3,294.3280159855494,0.0,False,-0.508
cell-026-028,0,0,1.0,DFO_3625_From_20100310_to_20100324,Heavy Rain Snowmelt Dam B,1,6.160212516784668,1.6772212982177734,2.0,4.335616492691011,21,4,194.32801598554943,0.0,False,-0.486
cell-026-029,0,0,1.0,DFO_3625_From_20100310_to_20100324,Heavy Rain Snowmelt Dam B,1,6.040158748626709,2.483996629714966,5.0,4.722057991913949,23,68,94.32801598554943,0.0,False,-0.493
cell-027-009,0,0,1.0,DFO_3625_From_20100310_to_20100324,Heavy Rain Snowmelt Dam B,1,11.990910530090332,9.247023582458496,1.0,2.4487269620466487,22,46,298.77531150505956,0.0,False,-0.11
cell-027-010,0,0,1.0,DFO_3625_From_20100310_to_20100324,Heavy Rain Snowmelt Dam B,1,4.605469703674316,2.57346510887146,7.0,4.980852076181905,24,81,264.3514506436263,0.0,True,-0.586
cell-027-011,0,0,1.0,DFO_3625_From_20100310_to_20100324,Heavy Rain Snowmelt Dam B,1,4.151660442352295,0.9855838418006897,221.0,9.007091460015024,24,93,258.41637281887233,0.0,True,-0.615
cell-027-012,0,0,1.0,DFO_3625_From_20100310_to_20100324,Heavy Rain Snowmelt Dam B,1,10.507584571838379,4.564668655395508,10.0,4.807648329332301,22,41,177.33197465836767,0.0,True,-0.206
cell-027-013,0,0,1.0,DFO_3625_From_20100310_to_20100324,Heavy Rain Snowmelt Dam B,1,0.6894486546516418,0.5241553783416748,2.0,5.0541436372161375,21,5,92.14325316095378,0.0,True,-0.838
cell-027-014,0,0,1.0,DFO_3625_From_20100310_to_20100324,Heavy Rain Snowmelt Dam B,1,0.4212023615837097,0.20406927168369293,1.0,4.993653124809904,21,7,13.7475085046608,0.0,True,-0.855
cell-027-015,0,0,1.0,DFO_3625_From_20100310_to_20100324,Heavy Rain Snowmelt Dam B,1,1.0098984241485596,1.2155495882034302,1.0,4.15989079021313,21,10,0.0,0.0,True,-0.817
cell-027-016,0,0,1.0,DFO_3625_From_20100310_to_20100324,Heavy Rain Snowmelt Dam B,1,1.2902982234954834,0.8681641221046448,10.0,6.080654276333199,21,8,0.0,0.0,True,-0.799
cell-027-017,0,0,1.0,DFO_3625_From_20100310_to_20100324,Heavy Rain Snowmelt Dam B,1,0.9333869218826294,1.698701024055481,14.0,5.935547667051585,21,6,72.04309188892398,0.0,True,-0.822
cell-027-018,0,0,1.0,DFO_3625_From_20100310_to_20100324,Heavy Rain Snowmelt Dam B,1,5.2523956298828125,3.0079503059387207,3.0,4.158132704068343,21,11,131.14045325905914,0.0,True,-0.544
cell-027-019,0,0,1.0,DFO_3625_From_20100310_to_20100324,Heavy Rain Snowmelt Dam B,1,0.5031130909919739,2.868302345275879,1.0,3.504839740458996,21,18,115.36458752956243,0.0,True,-0.85
cell-027-020,0,0,1.0,DFO_3625_From_20100310_to_20100324,Heavy Rain Snowmelt Dam B,1,5.064991474151611,7.508659839630127,4.0,3.562731328279716,22,26,119.48670060889648,0.0,True,-0.556
cell-027-021,0,0,1.0,DFO_3625_From_20100310_to_20100324,Heavy Rain Snowmelt Dam B,1,4.749478816986084,3.5452497005462646,5.0,4.423468711366705,21,1,132.02790434225327,0.0,True,-0.576
cell-027-022,0,0,1.0,DFO_3625_From_20100310_to_20100324,Heavy Rain Snowmelt Dam B,1,4.557679653167725,0.7149219512939453,1.0,4.4883481175838424,22,20,177.60998758039818,0.0,True,-0.589
cell-027-023,0,0,1.0,DFO_3625_From_20100310_to_20100324,Heavy Rain Snowmelt Dam B,1,7.174514293670654,0.3459901809692383,1.0,4.8258952943183555,21,8,255.94665774161345,0.0,False,-0.42
cell-027-024,0,0,1.0,DFO_3625_From_20100310_to_20100324,Heavy Rain Snowmelt Dam B,1,6.340491771697998,1.6729182004928589,4.0,4.848357550348896,21,17,302.07356337960846,0.0,False,-0.474
cell-027-025,0,0,1.0,DFO_3625_From_20100310_to_20100324,Heavy Rain Snowmelt Dam B,1,6.118669509887695,2.270667552947998,8.0,5.1999535839673845,21,7,351.1422894993236,0.0,False,-0.488
cell-027-026,0,0,1.0,DFO_3625_From_20100310_to_20100324,Heavy Rain Snowmelt Dam B,1,9.634721755981445,1.3272573947906494,1.0,4.099281997226274,21,2,389.0826539838321,0.0,False,-0.262
cell-027-027,0,0,1.0,DFO_3625_From_20100310_to_20100324,Heavy Rain Snowmelt Dam B,1,4.854504108428955,0.20071183145046234,14.0,7.012886413709937,21,14,295.6293706406671,0.0,False,-0.57
cell-027-028,0,0,1.0,DFO_3625_From_20100310_to_20100324,Heavy Rain Snowmelt Dam B,1,7.249205589294434,6.095335483551025,2.0,3.246017259373467,21,5,196.2934578336401,0.0,False,-0.415
cell-027-029,0,0,1.0,DFO_3625_From_20100310_to_20100324,Heavy Rain Snowmelt Dam B,1,4.417531967163086,1.4879021644592285,1.0,4.018088513330541,22,29,97.52992223124663,0.0,True,-0.598
cell-028-009,0,0,1.0,DFO_3625_From_20100310_to_20100324,Heavy Rain Snowmelt Dam B,1,13.160747528076172,4.3802571296691895,1.0,3.139611956795424,23,57,388.96959401948834,0.0,False,-0.035
cell-028-010,0,0,1.0,DFO_3625_From_20100310_to_20100324,Heavy Rain Snowmelt Dam B,1,4.502608299255371,2.488079071044922,6.0,4.874872173126272,23,70,363.1973950403965,0.0,False,-0.592
cell-028-011,0,0,1.0,DFO_3625_From_20100310_to_20100324,Heavy Rain Snowmelt Dam B,1,7.1362152099609375,6.403446674346924,3.0,3.48815426117171,23,77,314.1270885894774,0.0,False,-0.423
cell-028-012,0,0,1.0,DFO_3625_From_20100310_to_20100324,Heavy Rain Snowmelt Dam B,1,11.510743141174316,10.476712226867676,2.0,2.733785212464514,23,70,214.18135425876386,0.0,False,-0.141
cell-028-013,0,0,1.0,DFO_3625_From_20100310_to_20100324,Heavy Rain Snowmelt Dam B,1,6.530858039855957,14.587444305419922,3.0,2.694715113408003,21,4,114.3305612622226,0.0,True,-0.462
cell-028-014,0,0,1.0,DFO_3625_From_20100310_to_20100324,Heavy Rain Snowmelt Dam B,1,0.4592665135860443,0.7530015110969543,38.0,7.429619698155042,21,4,16.410422448906246,0.0,True,-0.853
cell-028-015,0,0,1.0,DFO_3625_From_20100310_to_20100324,Heavy Rain Snowmelt Dam B,1,0.5834531784057617,0.4420948922634125,5.0,5.8250373180418,21,7,7.066253741093894,0.0,True,-0.845
cell-028-016,0,0,1.0,DFO_3625_From_20100310_to_20100324,Heavy Rain Snowmelt Dam B,1,0.9523552656173706,2.3239150047302246,5.0,4.775914564863173,21,7,0.0,0.0,True,-0.821
cell-028-017,0,0,1.0,DFO_3625_From_20100310_to_20100324,Heavy Rain Snowmelt Dam B,1,3.8917598724365234,8.79691219329834,4.0,3.4127457789977576,21,12,6.0839581416816255,0.0,True,-0.632
cell-028-018,0,0,1.0,DFO_3625_From_20100310_to_20100324,Heavy Rain Snowmelt Dam B,1,5.512720584869385,4.652564525604248,1.0,3.0858592708814196,21,9,61.284411275764576,0.0,True,-0.527
cell-028-019,0,0,1.0,DFO_3625_From_20100310_to_20100324,Heavy Rain Snowmelt Dam B,1,0.3129432499408722,0.5130571126937866,3.0,5.351993696665075,21,7,15.364587529562412,0.0,True,-0.862
cell-028-020,0,0,1.0,DFO_3625_From_20100310_to_20100324,Heavy Rain Snowmelt Dam B,1,0.18425188958644867,0.08977601677179337,1.0,5.152755879223787,21,6,29.72929769568145,0.0,True,-0.87
cell-028-021,0,0,1.0,DFO_3625_From_20100310_to_20100324,Heavy Rain Snowmelt Dam B,1,6.8516058921813965,2.5648038387298584,2.0,4.002783223007451,22,40,36.883541262610485,0.0,True,-0.441
cell-028-022,0,0,1.0,DFO_3625_From_20100310_to_20100324,Heavy Rain Snowmelt Dam B,1,7.083876132965088,1.0281176567077637,4.0,5.186920414914734,21,7,122.52530658516675,0.0,False,-0.426
cell-028-023,0,0,1.0,DFO_3625_From_20100310_to_20100324,Heavy Rain Snowmelt Dam B,1,6.999573707580566,1.0751692056655884,80.0,7.942960031112202,21,9,220.16199901439913,0.0,False,-0.432
cell-028-024,0,0,1.0,DFO_3625_From_20100310_to_20100324,Heavy Rain Snowmelt Dam B,1,9.4295654296875,0.6896383762359619,1.0,4.508177765479509,21,8,289.06603034163805,0.0,False,-0.275
cell-028-025,0,0,1.0,DFO_3625_From_20100310_to_20100324,Heavy Rain Snowmelt Dam B,1,6.486140727996826,0.8291215300559998,1.0,4.403376502978024,21,17,285.34747336898,0.0,False,-0.465
cell-028-026,0,0,1.0,DFO_3625_From_20100310_to_20100324,Heavy Rain Snowmelt Dam B,1,6.448667049407959,4.06213903427124,4.0,4.122537554459539,21,12,290.371859788972,0.0,False,-0.467
cell-028-027,0,0,1.0,DFO_3625_From_20100310_to_20100324,Heavy Rain Snowmelt Dam B,1,4.437345027923584,0.47740665078163147,54.0,8.006412413023073,24,80,308.7079640032181,0.0,False,-0.597
cell-028-028,0,0,1.0,DFO_3625_From_20100310_to_20100324,Heavy Rain Snowmelt Dam B,1,4.331405162811279,1.2496460676193237,2.0,4.546464354697556,22,26,215.18328028611796,0.0,True,-0.603
cell-028-029,0,0,1.0,DFO_3625_From_20100310_to_20100324,Heavy Rain Snowmelt Dam B,1,3.797606945037842,1.1976467370986938,3.0,4.863101735501751,23,55,116.55229429202154,0.0,True,-0.638
cell-029-008,0,0,1.0,DFO_3625_From_20100310_to_20100324,Heavy Rain Snowmelt Dam B,1,11.365418434143066,4.80877685546875,3.0,3.7494088285189084,22,33,522.2193032491058,0.0,False,-0.15
cell-029-009,0,0,1.0,DFO_3625_From_20100310_to_20100324,Heavy Rain Snowmelt Dam B,1,7.344628810882568,6.787115097045898,8.0,4.245053499913273,21,7,483.04037448066987,0.0,False,-0.409
cell-029-010,0,0,1.0,DFO_3625_From_20100310_to_20100324,Heavy Rain Snowmelt Dam B,1,4.635424613952637,0.508513331413269,3.0,5.35618672026245,23,69,415.6170510805677,0.0,False,-0.584
cell-029-011,0,0,1.0,DFO_3625_From_20100310_to_20100324,Heavy Rain Snowmelt Dam B,1,8.928596496582031,6.992781162261963,17.0,4.910362722680785,23,60,315.61705108056776,0.0,False,-0.307
cell-029-012,0,0,1.0,DFO_3625_From_20100310_to_20100324,Heavy Rain Snowmelt Dam B,1,12.41387939453125,4.869731903076172,5.0,4.143554740483417,24,93,215.61705108056776,0.0,False,-0.083
cell-029-013,0,0,1.0,DFO_3625_From_20100310_to_20100324,Heavy Rain Snowmelt Dam B,1,17.787437438964844,1.7420331239700317,1.0,3.9017363874266775,23,54,115.61705108056776,0.0,False,0.263
cell-029-014,0,0,1.0,DFO_3625_From_20100310_to_20100324,Heavy Rain Snowmelt Dam B,1,8.95361328125,6.166006565093994,2.0,3.2353905761483275,23,59,15.617051080567762,0.0,True,-0.306
cell-029-015,0,0,1.0,DFO_3625_From_20100310_to_20100324,Heavy Rain Snowmelt Dam B,1,1.086492657661438,0.8007087707519531,160.0,8.812109886523203,22,45,0.0,0.0,True,-0.812
cell-029-016,0,0,1.0,DFO_3625_From_20100310_to_20100324,Heavy Rain Snowmelt Dam B,1,2.816333293914795,1.9887497425079346,1.0,3.800388135637567,22,21,0.0,0.0,True,-0.701
cell-029-017,0,0,1.0,DFO_3625_From_20100310_to_20100324,Heavy Rain Snowmelt Dam B,1,0.6418760418891907,0.2170030176639557,1.0,4.977144762719346,21,6,0.0,0.0,True,-0.841
cell-029-018,0,0,1.0,DFO_3625_From_20100310_to_20100324,Heavy Rain Snowmelt Dam B,1,2.1598644256591797,1.9428915977478027,1.0,3.818467626885511,21,6,54.91037889127619,2.7089181000429723,True,-0.743
cell-029-019,0,0,1.0,DFO_3625_From_20100310_to_20100324,Heavy Rain Snowmelt Dam B,1,3.6186227798461914,11.222949981689453,2.0,2.6668044596672926,22,34,0.0,0.0,True,-0.649
cell-029-020,0,0,1.0,DFO_3625_From_20100310_to_20100324,Heavy Rain Snowmelt Dam B,1,-0.02185271494090557,0.3043321967124939,6.0,6.125051512268302,22,34,0.0,0.0,True,-0.884
cell-029-021,0,0,1.0,DFO_3625_From_20100310_to_20100324,Heavy Rain Snowmelt Dam B,1,6.057257652282715,3.8900489807128906,23.0,5.729117264759313,22,37,16.480143057648093,0.0,True,-0.492
cell-029-022,0,0,1.0,DFO_3625_From_20100310_to_20100324,Heavy Rain Snowmelt Dam B,1,7.483036518096924,0.8331155180931091,3.0,5.093678650318813,21,16,116.48014305764809,0.0,False,-0.4
cell-029-023,0,0,1.0,DFO_3625_From_20100310_to_20100324,Heavy Rain Snowmelt Dam B,1,8.184603691101074,2.782790184020996,8.0,5.034124363470325,21,11,216.4801430576481,0.0,False,-0.355
cell-029-024,0,0,1.0,DFO_3625_From_20100310_to_20100324,Heavy Rain Snowmelt Dam B,1,8.605386734008789,1.3994638919830322,20.0,6.413346274549122,21,11,191.02270865966906,0.0,False,-0.328
cell-029-025,0,0,1.0,DFO_3625_From_20100310_to_20100324,Heavy Rain Snowmelt Dam B,1,5.920309066772461,1.4543476104736328,2.0,4.4399776204420425,21,15,185.34747336898,0.0,False,-0.501
cell-029-026,0,0,1.0,DFO_3625_From_20100310_to_20100324,Heavy Rain Snowmelt Dam B,1,3.769897222518921,2.3612682819366455,12.0,5.536276842697738,21,5,192.9930627859728,0.0,True,-0.64
cell-029-027,0,0,1.0,DFO_3625_From_20100310_to_20100324,Heavy Rain Snowmelt Dam B,1,4.398542881011963,0.8568829298019409,6.0,5.636529395789029,22,48,209.08182836532592,0.0,True,-0.599
cell-029-028,0,0,1.0,DFO_3625_From_20100310_to_20100324,Heavy Rain Snowmelt Dam B,1,4.387545108795166,0.5653284192085266,1.0,4.611834183603707,23,65,219.56856560233922,0.0,True,-0.6
cell-029-029,0,0,1.0,DFO_3625_From_20100310_to_20100324,Heavy Rain Snowmelt Dam B,1,4.338742256164551,1.3506096601486206,2.0,4.4925277351673705,22,37,150.1374417154655,0.0,True,-0.603
cell-030-008,0,0,1.0,DFO_3625_From_20100310_to_20100324,Heavy Rain Snowmelt Dam B,1,8.707225799560547,3.017810821533203,2.0,3.867695257578357,21,17,459.3952323357919,0.0,False,-0.322
cell-030-009,0,0,1.0,DFO_3625_From_20100310_to_20100324,Heavy Rain Snowmelt Dam B,1,7.872915744781494,7.6907429695129395,3.0,3.317034590996554,22,31,477.28707624148177,0.0,False,-0.375
cell-030-010,0,0,1.0,DFO_3625_From_20100310_to_20100324,Heavy Rain Snowmelt Dam B,1,13.047213554382324,10.223783493041992,2.0,2.757466469608849,21,10,416.01128127699087,0.0,False,-0.042
cell-030-011,0,0,1.0,DFO_3625_From_20100310_to_20100324,Heavy Rain Snowmelt Dam B,1,11.174397468566895,1.2215203046798706,6.0,5.409319767863065,23,79,316.13600860011195,0.0,False,-0.163
cell-030-012,0,0,1.0,DFO_3625_From_20100310_to_20100324,Heavy Rain Snowmelt Dam B,1,10.7508544921875,1.6203432083129883,2.0,4.361234611100474,23,50,216.37598230278823,0.0,False,-0.19
cell-030-013,0,0,1.0,DFO_3625_From_20100310_to_20100324,Heavy Rain Snowmelt Dam B,1,9.221407890319824,1.324434757232666,3.0,4.793916393871404,24,94,117.02630260493993,0.0,False,-0.288
cell-030-014,0,0,1.0,DFO_3625_From_20100310_to_20100324,Heavy Rain Snowmelt Dam B,1,10.866326332092285,11.648330688476562,2.0,2.630396056362171,23,54,21.364989383413135,0.0,False,-0.183
cell-030-015,0,0,1.0,DFO_3625_From_20100310_to_20100324,Heavy Rain Snowmelt Dam B,1,6.8986077308654785,4.959784507751465,3.0,3.72159439892183,23,56,4.904303529299796,0.0,True,-0.438
cell-030-016,0,0,1.0,DFO_3625_From_20100310_to_20100324,Heavy Rain Snowmelt Dam B,1,3.6488475799560547,7.231503486633301,38.0,5.652153544387543,22,22,32.88986560555091,0.0,True,-0.647
cell-030-017,0,0,1.0,DFO_3625_From_20100310_to_20100324,Heavy Rain Snowmelt Dam B,1,1.7252082824707031,1.1483843326568604,14.0,6.213083528791128,21,13,57.917999585159116,0.0,True,-0.771
cell-030-018,0,0,1.0,DFO_3625_From_20100310_to_20100324,Heavy Rain Snowmelt Dam B,1,2.7439751625061035,1.6904046535491943,17.0,6.121530508649683,22,20,79.81005191033272,0.0,True,-0.706
cell-030-019,0,0,1.0,DFO_3625_From_20100310_to_20100324,Heavy Rain Snowmelt Dam B,1,5.313359260559082,7.467130184173584,2.0,3.0571191045016004,22,40,29.817250879595296,0.0,True,-0.54
cell-030-020,0,0,1.0,DFO_3625_From_20100310_to_20100324,Heavy Rain Snowmelt Dam B,1,4.021484851837158,3.932922124862671,23.0,5.719525162576417,21,9,4.458331402391195,0.0,True,-0.623
cell-030-021,0,0,1.0,DFO_3625_From_20100310_to_20100324,Heavy Rain Snowmelt Dam B,1,9.026261329650879,1.789085030555725,5.0,4.980213337414367,22,23,29.455069040530436,0.0,False,-0.301
cell-030-022,0,0,1.0,DFO_3625_From_20100310_to_20100324,Heavy Rain Snowmelt Dam B,1,7.031579494476318,1.0974047183990479,4.0,5.144543859399047,22,21,124.1139115950072,0.0,False,-0.429
cell-030-023,0,0,1.0,DFO_3625_From_20100310_to_20100324,Heavy Rain Snowmelt Dam B,1,9.841764450073242,0.8277562856674194,1.0,4.404350850975903,22,22,150.82197726827854,0.0,False,-0.248
cell-030-024,0,0,1.0,DFO_3625_From_20100310_to_20100324,Heavy Rain Snowmelt Dam B,1,8.109180450439453,1.5283175706863403,1.0,3.998657154820974,21,15,97.05761458989606,0.0,False,-0.36
cell-030-025,0,0,1.0,DFO_3625_From_20100310_to_20100324,Heavy Rain Snowmelt Dam B,1,5.418310165405273,1.1006633043289185,1.0,4.226303624726195,22,27,85.34747336897999,0.0,True,-0.533
cell-031-008,0,0,1.0,DFO_3625_From_20100310_to_20100324,Heavy Rain Snowmelt Dam B,1,8.947277069091797,0.5037381649017334,5.0,5.766077373164704,22,42,361.41772817185955,0.0,False,-0.306
cell-031-009,0,0,1.0,DFO_3625_From_20100310_to_20100324,Heavy Rain Snowmelt Dam B,1,14.42638111114502,3.822507858276367,3.0,3.9526561834310145,22,31,381.21484991194774,0.0,False,0.047
cell-031-010,0,0,1.0,DFO_3625_From_20100310_to_20100324,Heavy Rain Snowmelt Dam B,1,14.794073104858398,4.079648017883301,2.0,3.6079280876936046,22,39,423.06857066701156,0.0,False,0.07
cell-031-011,0,0,1.0,DFO_3625_From_20100310_to_20100324,Heavy Rain Snowmelt Dam B,1,14.498861312866211,5.017256259918213,2.0,3.4235231979091387,23,53,336.644285036412,0.0,False,0.051
cell-031-012,0,0,1.0,DFO_3625_From_20100310_to_20100324,Heavy Rain Snowmelt Dam B,1,9.505526542663574,0.5208784937858582,121.0,8.762543847608471,23,50,244.7003712341735,0.0,False,-0.27
cell-031-013,0,0,1.0,DFO_3625_From_20100310_to_20100324,Heavy Rain Snowmelt Dam B,1,8.846062660217285,2.0288634300231934,7.0,5.171130810265711,24,91,162.0283363639554,0.0,False,-0.313
cell-031-014,0,0,1.0,DFO_3625_From_20100310_to_20100324,Heavy Rain Snowmelt Dam B,1,8.448824882507324,1.6110624074935913,3.0,4.6531595462765525,24,81,108.18716155221378,0.0,False,-0.338
cell-031-015,0,0,1.0,DFO_3625_From_20100310_to_20100324,Heavy Rain Snowmelt Dam B,1,10.149459838867188,2.080101490020752,3.0,4.458463286491637,23,56,104.9043035292998,0.0,False,-0.229
cell-031-016,0,0,1.0,DFO_3625_From_20100310_to_20100324,Heavy Rain Snowmelt Dam B,1,11.44326400756836,6.1590576171875,1.0,2.830965502707419,23,55,120.09127653138718,0.0,False,-0.145
cell-031-017,0,0,1.0,DFO_3625_From_20100310_to_20100324,Heavy Rain Snowmelt Dam B,1,4.8459086418151855,7.613889694213867,1.0,2.6333469993705756,21,12,157.91799958515912,0.0,True,-0.57
cell-031-018,0,0,1.0,DFO_3625_From_20100310_to_20100324,Heavy Rain Snowmelt Dam B,1,12.425352096557617,3.0023155212402344,3.0,4.159710618932995,21,6,162.0753004933898,0.0,False,-0.082
cell-031-019,0,0,1.0,DFO_3625_From_20100310_to_20100324,Heavy Rain Snowmelt Dam B,1,7.702696323394775,0.6850154399871826,107.0,8.500830424106057,22,45,112.98559441825581,0.0,False,-0.386
cell-031-020,0,0,1.0,DFO_3625_From_20100310_to_20100324,Heavy Rain Snowmelt Dam B,1,10.299116134643555,1.2161412239074707,12.0,6.031362061562449,21,8,104.4583314023912,0.0,False,-0.219
cell-031-021,0,0,1.0,DFO_3625_From_20100310_to_20100324,Heavy Rain Snowmelt Dam B,1,7.618805408477783,3.2534189224243164,31.0,6.171129948697764,21,4,115.90279649912304,0.0,False,-0.392
cell-031-022,0,0,1.0,DFO_3625_From_20100310_to_20100324,Heavy Rain Snowmelt Dam B,1,7.958293914794922,2.754065990447998,3.0,4.2318052413003215,22,26,169.9222667729183,0.0,False,-0.37
cell-031-023,0,0,1.0,DFO_3625_From_20100310_to_20100324,Heavy Rain Snowmelt Dam B,1,9.2440767288208,2.079922914505005,3.0,4.458530684146755,22,28,105.73230428347728,0.0,False,-0.287
cell-031-024,0,0,1.0,DFO_3625_From_20100310_to_20100324,Heavy Rain Snowmelt Dam B,1,6.499700546264648,1.6971287727355957,1.0,3.9213374963746377,22,22,9.542999962571148,0.0,True,-0.464
cell-031-025,0,0,1.0,DFO_3625_From_20100310_to_20100324,Heavy Rain Snowmelt Dam B,1,3.2164862155914307,2.283766984939575,170.0,8.139791137550823,22,32,0.0,0.0,True,-0.675
cell-032-007,0,0,1.0,DFO_3625_From_20100310_to_20100324,Heavy Rain Snowmelt Dam B,1,13.455775260925293,1.284690499305725,3.0,4.815094136025182,24,88,251.98978430951126,0.0,False,-0.016
cell-032-008,0,0,1.0,DFO_3625_From_20100310_to_20100324,Heavy Rain Snowmelt Dam B,1,14.119776725769043,11.227117538452148,2.0,2.6664418299135475,22,36,263.0291176786257,0.0,False,0.027
cell-032-009,0,0,1.0,DFO_3625_From_20100310_to_20100324,Heavy Rain Snowmelt Dam B,1,15.429713249206543,4.486673355102539,1.0,3.1182652571163705,22,41,287.8308017562325,0.0,False,0.111
cell-032-010,0,0,1.0,DFO_3625_From_20100310_to_20100324,Heavy Rain Snowmelt Dam B,1,11.758319854736328,3.045423746109009,9.0,5.063992029619379,22,44,338.5175967589445,0.0,False,-0.125
cell-032-011,0,0,1.0,DFO_3625_From_20100310_to_20100324,Heavy Rain Snowmelt Dam B,1,10.63077163696289,1.1545372009277344,2.0,4.6000764513438686,22,36,381.90179055275013,0.0,False,-0.198
cell-032-012,0,0,1.0,DFO_3625_From_20100310_to_20100324,Heavy Rain Snowmelt Dam B,1,9.851164817810059,1.145305871963501,3.0,4.893118239800659,24,84,303.3549988923009,0.0,False,-0.248
cell-032-013,0,0,1.0,DFO_3625_From_20100310_to_20100324,Heavy Rain Snowmelt Dam B,1,9.488676071166992,1.6974799633026123,5.0,5.019794972785199,23,58,240.29430929037852,0.0,False,-0.271
cell-032-014,0,0,1.0,DFO_3625_From_20100310_to_20100324,Heavy Rain Snowmelt Dam B,1,10.437271118164062,0.7849407196044922,2.0,4.8408648249842825,24,88,206.6042657608617,0.0,False,-0.21
cell-032-015,0,0,1.0,DFO_3625_From_20100310_to_20100324,Heavy Rain Snowmelt Dam B,1,12.24633502960205,2.8354837894439697,1.0,3.5144393876910187,24,92,204.9043035292998,0.0,False,-0.094
cell-032-016,0,0,1.0,DFO_3625_From_20100310_to_20100324,Heavy Rain Snowmelt Dam B,1,11.986513137817383,3.0559616088867188,2.0,3.8571052629841636,22,21,217.70513270361334,0.0,False,-0.11
cell-032-017,0,0,1.0,DFO_3625_From_20100310_to_20100324,Heavy Rain Snowmelt Dam B,1,11.211663246154785,5.5450615882873535,2.0,3.3327645135079647,21,5,251.85098403193382,0.0,False,-0.16
cell-032-018,0,0,1.0,DFO_3625_From_20100310_to_20100324,Heavy Rain Snowmelt Dam B,1,11.889457702636719,2.7277727127075195,2.0,3.9520707669806168,21,16,237.50674822544542,0.0,False,-0.117
cell-032-019,0,0,1.0,DFO_3625_From_20100310_to_20100324,Heavy Rain Snowmelt Dam B,1,16.163084030151367,3.2924845218658447,1.0,3.3883596624423604,22,24,209.30941400294665,0.0,False,0.159
cell-032-020,0,0,1.0,DFO_3625_From_20100310_to_20100324,Heavy Rain Snowmelt Dam B,1,11.353809356689453,4.031476020812988,5.0,4.311519997856404,21,12,203.67791680830558,0.0,False,-0.151
cell-032-021,0,0,1.0,DFO_3625_From_20100310_to_20100324,Heavy Rain Snowmelt Dam B,1,7.786248207092285,1.0923622846603394,1.0,4.231277341502363,22,33,129.00249885383423,0.0,False,-0.381
cell-032-022,0,0,1.0,DFO_3625_From_20100310_to_20100324,Heavy Rain Snowmelt Dam B,1,6.492459774017334,3.325462579727173,1.0,3.3798439909645377,22,24,105.51654873602092,0.0,False,-0.464
cell-032-023,0,0,1.0,DFO_3625_From_20100310_to_20100324,Heavy Rain Snowmelt Dam B,1,5.247987747192383,2.9383485317230225,6.0,4.737414926914138,22,43,65.78661854776297,0.0,True,-0.544
cell-032-024,0,0,1.0,DFO_3625_From_20100310_to_20100324,Heavy Rain Snowmelt Dam B,1,3.4379563331604004,0.8378122448921204,5.0,5.495808401068432,23,50,5.441256604040973,0.0,True,-0.661
cell-032-025,0,0,1.0,DFO_3625_From_20100310_to_20100324,Heavy Rain Snowmelt Dam B,1,2.086081027984619,1.6590240001678467,10.0,5.643024561513385,23,75,0.0,0.0,True,-0.748
cell-033-007,0,0,1.0,DFO_3625_From_20100310_to_20100324,Heavy Rain Snowmelt Dam B,1,14.742402076721191,2.8356308937072754,1.0,3.5143962088010587,22,27,152.10602627974004,0.0,False,0.067
cell-033-008,0,0,1.0,DFO_3625_From_20100310_to_20100324,Heavy Rain Snowmelt Dam B,1,14.462967872619629,1.5635600090026855,1.0,3.9820151553606022,22,32,163.42008870712047,0.0,False,0.049
cell-033-009,0,0,1.0,DFO_3625_From_20100310_to_20100324,Heavy Rain Snowmelt Dam B,1,14.210553169250488,1.2555763721466064,23.0,6.622656139049297,23,63,200.50449072085394,0.0,False,0.033
cell-033-010,0,0,1.0,DFO_3625_From_20100310_to_20100324,Heavy Rain Snowmelt Dam B,1,13.566732406616211,1.5555528402328491,15.0,6.065213602671257,22,27,259.74557877519476,0.0,False,-0.009
cell-033-011,0,0,1.0,DFO_3625_From_20100310_to_20100324,Heavy Rain Snowmelt Dam B,1,12.027995109558105,1.7522048950195312,15.0,5.976790713653152,23,69,329.41828151645376,0.0,False,-0.108
cell-033-012,0,0,1.0,DFO_3625_From_20100310_to_20100324,Heavy Rain Snowmelt Dam B,1,16.50157356262207,10.32489013671875,1.0,2.3424720801616132,23,60,378.9171427280309,0.0,False,0.18
cell-033-013,0,0,1.0,DFO_3625_From_20100310_to_20100324,Heavy Rain Snowmelt Dam B,1,12.125089645385742,0.5091243386268616,1.0,4.6624746532680295,21,9,330.0848090438752,17.520770671777427,False,-0.101
cell-033-014,0,0,1.0,DFO_3625_From_20100310_to_20100324,Heavy Rain Snowmelt Dam B,1,11.514649391174316,3.3762288093566895,2.0,3.7723391602808483,24,85,306.04931520335856,0.0,False,-0.141
cell-033-015,0,0,1.0,DFO_3625_From_20100310_to_20100324,Heavy Rain Snowmelt Dam B,1,11.460760116577148,0.8157881498336792,1.0,4.412933331658363,22,23,304.9043035292998,0.0,False,-0.144
cell-033-016,0,0,1.0,DFO_3625_From_20100310_to_20100324,Heavy Rain Snowmelt Dam B,1,8.099336624145508,7.976897239685059,48.0,5.788076150698568,23,62,285.5424103599965,0.0,False,-0.361
cell-033-017,0,0,1.0,DFO_3625_From_20100310_to_20100324,Heavy Rain Snowmelt Dam B,1,5.08671236038208,1.8104523420333862,5.0,4.9712012027474595,23,62,204.39050004262177,0.0,False,-0.555
cell-033-018,0,0,1.0,DFO_3625_From_20100310_to_20100324,Heavy Rain Snowmelt Dam B,1,5.7355804443359375,4.5393548011779785,4.0,4.024152258897711,22,39,144.36168010968672,0.0,True,-0.513
cell-033-023,0,0,1.0,DFO_3625_From_20100310_to_20100324,Heavy Rain Snowmelt Dam B,1,2.388028621673584,0.9055169820785522,9.0,5.959750004700809,24,98,14.008651549798108,0.0,True,-0.728
cell-033-024,0,0,1.0,DFO_3625_From_20100310_to_20100324,Heavy Rain Snowmelt Dam B,1,-0.14541485905647278,9.407691955566406,3.0,3.125346399865846,24,92,0.0,0.0,True,-0.892
cell-033-030,1,0,1.0,DFO_3625_From_20100310_to_20100324,Heavy Rain Snowmelt Dam B,1,-1.506100058555603,0.0,1.0,5.298317388899779,11,0,0.0,99.44109383326918,True,-0.979
cell-033-031,1,0,1.0,DFO_3625_From_20100310_to_20100324,Heavy Rain Snowmelt Dam B,1,-1.506100058555603,0.0,1.0,5.298317388899779,11,0,0.0,79.52061193322476,True,-0.979
cell-033-032,0,0,1.0,DFO_3625_From_20100310_to_20100324,Heavy Rain Snowmelt Dam B,1,-1.506100058555603,0.0031962008215487003,2.0,5.698219562776384,22,42,0.0,65.29158675204962,True,-0.979
cell-033-033,0,0,1.0,DFO_3625_From_20100310_to_20100324,Heavy Rain Snowmelt Dam B,1,-1.506100058555603,0.0,1.0,5.298317388899779,11,0,23.405025082401515,81.24223723056109,True,-0.979
cell-034-006,0,0,1.0,DFO_3625_From_20100310_to_20100324,Heavy Rain Snowmelt Dam B,1,16.93571662902832,6.5506134033203125,2.0,3.179410517481951,21,8,49.928541828878224,0.0,True,0.208
cell-034-007,0,0,1.0,DFO_3625_From_20100310_to_20100324,Heavy Rain Snowmelt Dam B,1,9.386054039001465,1.096667766571045,2.0,4.634159658991544,23,63,52.106026279740036,0.0,True,-0.278
cell-034-008,0,0,1.0,DFO_3625_From_20100310_to_20100324,Heavy Rain Snowmelt Dam B,1,12.144007682800293,2.5601789951324463,1.0,3.5987953380270437,23,77,65.02256561602218,0.0,True,-0.1
cell-034-009,0,0,1.0,DFO_3625_From_20100310_to_20100324,Heavy Rain Snowmelt Dam B,1,13.538166046142578,1.5471030473709106,1.0,3.9897519821208016,23,59,118.34216551499547,0.0,False,-0.01
cell-034-010,0,0,1.0,DFO_3625_From_20100310_to_20100324,Heavy Rain Snowmelt Dam B,1,17.351303100585938,2.3797688484191895,1.0,3.6581814333753035,23,58,188.55073175570453,0.0,False,0.235
cell-034-011,0,0,1.0,DFO_3625_From_20100310_to_20100324,Heavy Rain Snowmelt Dam B,1,14.131503105163574,5.513950824737549,3.0,3.6255780043371293,21,11,274.1332316028102,0.0,False,0.028
cell-034-012,0,0,1.0,DFO_3625_From_20100310_to_20100324,Heavy Rain Snowmelt Dam B,1,21.44769859313965,0.6724327206611633,2.0,4.927365315986197,23,57,353.0968242373749,0.0,False,0.499
cell-034-013,0,0,1.0,DFO_3625_From_20100310_to_20100324,Heavy Rain Snowmelt Dam B,1,18.399097442626953,3.3362843990325928,3.0,4.070212399037682,23,76,401.97672753018475,0.0,False,0.303
cell-034-014,0,0,1.0,DFO_3625_From_20100310_to_20100324,Heavy Rain Snowmelt Dam B,1,18.075654983520508,2.988731861114502,3.0,4.1635246428116055,23,54,405.7672288915218,0.0,False,0.282
cell-034-015,0,0,1.0,DFO_3625_From_20100310_to_20100324,Heavy Rain Snowmelt Dam B,1,12.448629379272461,0.17746247351169586,1.0,5.0284952760012205,23,58,342.66227347931425,0.0,False,-0.081
cell-034-016,0,0,1.0,DFO_3625_From_20100310_to_20100324,Heavy Rain Snowmelt Dam B,1,13.96246337890625,11.942950248718262,2.0,2.605872283053848,23,75,247.4633117793331,0.0,False,0.017
cell-034-017,0,0,1.0,DFO_3625_From_20100310_to_20100324,Heavy Rain Snowmelt Dam B,1,4.023270130157471,0.7399901747703552,33.0,7.302281245186466,23,59,153.40259964665606,0.0,False,-0.623
cell-034-018,0,0,1.0,DFO_3625_From_20100310_to_20100324,Heavy Rain Snowmelt Dam B,1,7.8981547355651855,4.829680442810059,1.0,3.052365645221436,22,21,63.367076500499714,0.0,True,-0.374
cell-034-023,0,0,1.0,DFO_3625_From_20100310_to_20100324,Heavy Rain Snowmelt Dam B,1,1.532979965209961,5.616024971008301,2.0,3.3211555588887367,24,97,0.0,0.0,True,-0.784
cell-034-024,0,0,1.0,DFO_3625_From_20100310_to_20100324,Heavy Rain Snowmelt Dam B,1,-1.5061379671096802,0.01668924279510975,1.0,5.269605321970182,24,94,0.0,0.0,True,-0.979
cell-034-030,1,0,1.0,DFO_3625_From_20100310_to_20100324,Heavy Rain Snowmelt Dam B,1,1.427356481552124,5.525167465209961,1.0,2.930577778220795,23,53,0.0,22.219101938952413,True,-0.79
cell-034-031,1,0,1.0,DFO_3625_From_20100310_to_20100324,Heavy Rain Snowmelt Dam B,1,0.7371306419372559,5.559532165527344,4.0,3.8412122264116766,22,45,0.0,20.973677644506097,True,-0.835
cell-034-032,0,0,1.0,DFO_3625_From_20100310_to_20100324,Heavy Rain Snowmelt Dam B,1,4.223788261413574,2.8182966709136963,1.0,3.5195036026091313,23,75,0.0,0.0,True,-0.61
cell-034-033,0,0,1.0,DFO_3625_From_20100310_to_20100324,Heavy Rain Snowmelt Dam B,1,-0.5447983741760254,5.100198268890381,2.0,3.4087145007252673,23,50,0.0,20.318139207637458,True,-0.917
cell-035-006,0,0,1.0,DFO_3625_From_20100310_to_20100324,Heavy Rain Snowmelt Dam B,1,12.696331977844238,13.149723052978516,3.0,2.798430552590958,21,11,0.0,0.0,True,-0.065
cell-035-007,0,0,1.0,DFO_3625_From_20100310_to_20100324,Heavy Rain Snowmelt Dam B,1,8.993581771850586,0.3409860134124756,28.0,7.505504587026115,22,49,0.0,0.0,True,-0.303
cell-035-008,0,0,1.0,DFO_3625_From_20100310_to_20100324,Heavy Rain Snowmelt Dam B,1,9.928102493286133,4.801209926605225,4.0,3.9739664520653877,24,82,0.0,0.0,True,-0.243
cell-035-009,0,0,1.0,DFO_3625_From_20100310_to_20100324,Heavy Rain Snowmelt Dam B,1,12.285320281982422,2.2859208583831787,10.0,5.3952683771384145,22,22,50.856196220025026,0.0,False,-0.091
cell-035-010,0,0,1.0,DFO_3625_From_20100310_to_20100324,Heavy Rain Snowmelt Dam B,1,13.731172561645508,8.64607048034668,5.0,3.6115582715150967,22,23,148.942951888829,11.978711472982171,False,0.002
cell-035-011,0,0,1.0,DFO_3625_From_20100310_to_20100324,Heavy Rain Snowmelt Dam B,1,11.646890640258789,2.0776467323303223,13.0,5.712152847914384,22,21,229.0793408162115,0.0,False,-0.132
cell-035-012,0,0,1.0,DFO_3625_From_20100310_to_20100324,Heavy Rain Snowmelt Dam B,1,13.7213134765625,4.879220962524414,4.0,3.9594823871343694,22,44,263.41083230980985,0.0,False,0.001
cell-035-013,0,0,1.0,DFO_3625_From_20100310_to_20100324,Heavy Rain Snowmelt Dam B,1,14.063814163208008,1.8939158916473389,22.0,6.280489838607081,24,85,326.0263620744548,0.0,False,0.023
cell-035-014,0,0,1.0,DFO_3625_From_20100310_to_20100324,Heavy Rain Snowmelt Dam B,1,17.791393280029297,3.029097557067871,1.0,3.459085445423071,24,82,403.98157254615,0.0,False,0.263
cell-035-015,0,0,1.0,DFO_3625_From_20100310_to_20100324,Heavy Rain Snowmelt Dam B,1,15.709956169128418,3.456273078918457,6.0,4.59952011338774,24,80,326.4714655259999,0.0,False,0.129
cell-035-016,0,0,1.0,DFO_3625_From_20100310_to_20100324,Heavy Rain Snowmelt Dam B,1,12.19758129119873,5.075423240661621,124.0,7.142816871162492,22,33,226.51319970171684,0.0,False,-0.097
cell-035-017,0,0,1.0,DFO_3625_From_20100310_to_20100324,Heavy Rain Snowmelt Dam B,1,7.487771511077881,3.0835113525390625,3.0,4.137208655008674,23,78,126.62085718998098,0.0,False,-0.4
cell-035-018,0,0,1.0,DFO_3625_From_20100310_to_20100324,Heavy Rain Snowmelt Dam B,1,4.964069366455078,6.186382293701172,1.0,2.8268819401878336,23,78,27.48026092484668,0.0,True,-0.563
cell-035-023,0,0,1.0,DFO_3625_From_20100310_to_20100324,Heavy Rain Snowmelt Dam B,1,-1.5046354532241821,0.7769150733947754,4.0,5.357619169312274,23,60,0.0,0.0,True,-0.979
cell-035-024,0,0,1.0,DFO_3625_From_20100310_to_20100324,Heavy Rain Snowmelt Dam B,1,0.010207812301814556,7.498911380767822,50.0,5.886340416346488,21,18,0.0,0.0,True,-0.882
cell-035-028,0,0,1.0,DFO_3625_From_20100310_to_20100324,Heavy Rain Snowmelt Dam B,1,-1.2232221364974976,4.242382526397705,13.0,5.1138653655489374,23,61,0.0,0.0,True,-0.961
cell-035-029,0,0,1.0,DFO_3625_From_20100310_to_20100324,Heavy Rain Snowmelt Dam B,1,5.408326625823975,2.969331741333008,1.0,3.475849929749573,22,24,0.0,0.0,True,-0.534
cell-035-030,0,0,1.0,DFO_3625_From_20100310_to_20100324,Heavy Rain Snowmelt Dam B,1,0.09618062525987625,5.353004455566406,1.0,2.9593970676084114,22,43,0.0,7.334394115256146,True,-0.876
cell-035-031,0,0,1.0,DFO_3625_From_20100310_to_20100324,Heavy Rain Snowmelt Dam B,1,3.566540479660034,1.7926712036132812,1.0,3.8800829260661485,22,32,0.0,0.0,True,-0.653
cell-035-032,0,0,1.0,DFO_3625_From_20100310_to_20100324,Heavy Rain Snowmelt Dam B,1,2.491729259490967,0.2514413595199585,1.0,4.934472680502614,24,92,20.936292391499457,0.0,True,-0.722
cell-035-033,0,0,1.0,DFO_3625_From_20100310_to_20100324,Heavy Rain Snowmelt Dam B,1,2.622178077697754,0.9666725397109985,15.0,6.389213758520824,21,5,0.992552055977285,0.0,True,-0.713
cell-036-005,0,0,1.0,DFO_3625_From_20100310_to_20100324,Heavy Rain Snowmelt Dam B,1,16.113107681274414,0.40857750177383423,472.0,10.225952672116293,22,24,0.0,0.0,True,0.155
cell-036-006,0,0,1.0,DFO_3625_From_20100310_to_20100324,Heavy Rain Snowmelt Dam B,1,17.534130096435547,0.5701122283935547,1.0,4.607640050047881,22,20,0.0,0.0,True,0.247
cell-036-007,0,0,1.0,DFO_3625_From_20100310_to_20100324,Heavy Rain Snowmelt Dam B,1,13.359889030456543,5.60671329498291,3.0,3.6103534036818252,21,13,21.945672210417715,0.0,True,-0.022
cell-036-008,0,0,1.0,DFO_3625_From_20100310_to_20100324,Heavy Rain Snowmelt Dam B,1,7.990588188171387,2.3359792232513428,48.0,6.871814395501027,23,50,0.0,0.0,True,-0.368
cell-036-009,0,0,1.0,DFO_3625_From_20100310_to_20100324,Heavy Rain Snowmelt Dam B,1,12.970257759094238,5.333683967590332,5.0,4.061294932471146,21,14,32.35243781067884,0.0,True,-0.047
cell-036-010,0,0,1.0,DFO_3625_From_20100310_to_20100324,Heavy Rain Snowmelt Dam B,1,13.809197425842285,2.4712071418762207,4.0,4.543934669962667,22,49,118.26218653173092,0.0,False,0.007
cell-036-011,0,0,1.0,DFO_3625_From_20100310_to_20100324,Heavy Rain Snowmelt Dam B,1,11.058820724487305,5.482671737670898,2.0,3.3430811636169246,22,24,131.09250047358583,0.0,False,-0.17
cell-036-012,0,0,1.0,DFO_3625_From_20100310_to_20100324,Heavy Rain Snowmelt Dam B,1,13.413689613342285,1.33744215965271,1.0,4.093934328005031,23,65,184.64334775391683,0.0,False,-0.018
cell-036-013,0,0,1.0,DFO_3625_From_20100310_to_20100324,Heavy Rain Snowmelt Dam B,1,11.409775733947754,0.6358343362808228,6.0,5.804493932754425,23,63,266.4602935882392,0.0,False,-0.148
cell-036-014,0,0,1.0,DFO_3625_From_20100310_to_20100324,Heavy Rain Snowmelt Dam B,1,11.486433982849121,0.6730624437332153,101.0,8.453220304387605,23,60,357.6436917498859,0.0,False,-0.143
cell-036-015,0,0,1.0,DFO_3625_From_20100310_to_20100324,Heavy Rain Snowmelt Dam B,1,12.589229583740234,6.731800556182861,7.0,4.134887500658256,23,51,326.3769408179214,0.0,False,-0.072
cell-036-016,0,0,1.0,DFO_3625_From_20100310_to_20100324,Heavy Rain Snowmelt Dam B,1,16.4204044342041,2.601677179336548,1.0,3.5856180164817664,21,14,226.37694081792142,0.0,False,0.175
cell-036-017,0,0,1.0,DFO_3625_From_20100310_to_20100324,Heavy Rain Snowmelt Dam B,1,12.061812400817871,1.1196882724761963,1.0,4.21499689307318,22,34,126.37694081792141,0.0,False,-0.106
cell-036-018,0,0,1.0,DFO_3625_From_20100310_to_20100324,Heavy Rain Snowmelt Dam B,1,3.4643895626068115,1.004613995552063,8.0,5.789499445599019,23,72,26.376940817921422,0.0,True,-0.659
cell-036-023,0,0,1.0,DFO_3625_From_20100310_to_20100324,Heavy Rain Snowmelt Dam B,1,2.6097447872161865,0.4124203026294708,3.0,5.449243972703275,23,78,0.0,0.0,True,-0.714
cell-036-028,0,0,1.0,DFO_3625_From_20100310_to_20100324,Heavy Rain Snowmelt Dam B,1,3.1467032432556152,3.769228219985962,3.0,3.96488983790666,21,17,0.0,0.0,True,-0.68
cell-036-029,0,0,1.0,DFO_3625_From_20100310_to_20100324,Heavy Rain Snowmelt Dam B,1,8.199686050415039,0.43686196208000183,1.0,4.731593920717304,22,28,42.02719448647205,0.0,False,-0.354
cell-036-030,0,0,1.0,DFO_3625_From_20100310_to_20100324,Heavy Rain Snowmelt Dam B,1,7.809282302856445,9.275732040405273,2.0,2.851219915696498,22,32,0.0,0.0,True,-0.379
cell-036-031,0,0,1.0,DFO_3625_From_20100310_to_20100324,Heavy Rain Snowmelt Dam B,1,2.1657114028930664,2.784445285797119,4.0,4.445843802483255,21,5,0.0,0.0,True,-0.743
cell-036-032,0,0,1.0,DFO_3625_From_20100310_to_20100324,Heavy Rain Snowmelt Dam B,1,3.790818452835083,1.7213988304138184,1.0,3.9106958428584604,90,0,35.09484798579307,0.0,True,-0.638
cell-036-033,0,0,1.0,DFO_3625_From_20100310_to_20100324,Heavy Rain Snowmelt Dam B,1,4.864990711212158,1.0136204957962036,1.0,4.279727841582891,90,0,50.92146524375483,4.974340951885097,True,-0.569
cell-037-005,0,0,1.0,DFO_3625_From_20100310_to_20100324,Heavy Rain Snowmelt Dam B,1,17.72174644470215,0.38167640566825867,1.0,4.78779527334224,22,38,0.0,0.0,True,0.259
cell-037-006,0,0,1.0,DFO_3625_From_20100310_to_20100324,Heavy Rain Snowmelt Dam B,1,23.25922203063965,4.316202163696289,10.0,4.85742934464884,22,38,68.29365491600403,0.0,True,0.616
cell-037-007,0,0,1.0,DFO_3625_From_20100310_to_20100324,Heavy Rain Snowmelt Dam B,1,18.73936653137207,13.41688060760498,1.0,2.085278639978859,21,16,64.63646849838527,0.0,False,0.325
cell-037-008,0,0,1.0,DFO_3625_From_20100310_to_20100324,Heavy Rain Snowmelt Dam B,1,12.90027141571045,5.5486016273498535,1.0,2.9267172095172245,21,18,0.0,0.0,True,-0.052
cell-037-009,0,0,1.0,DFO_3625_From_20100310_to_20100324,Heavy Rain Snowmelt Dam B,1,9.611294746398926,5.626497745513916,5.0,4.012600572078352,23,62,0.0,0.0,True,-0.263
cell-037-010,0,0,1.0,DFO_3625_From_20100310_to_20100324,Heavy Rain Snowmelt Dam B,1,9.362439155578613,3.2213470935821533,4.0,4.323268354974959,22,40,23.66548899899078,0.0,True,-0.279
cell-037-011,0,0,1.0,DFO_3625_From_20100310_to_20100324,Heavy Rain Snowmelt Dam B,1,13.399924278259277,8.771586418151855,4.0,3.4154964777464203,21,14,43.51026283584378,0.0,False,-0.019
cell-037-012,0,0,1.0,DFO_3625_From_20100310_to_20100324,Heavy Rain Snowmelt Dam B,1,11.50304126739502,0.15155728161334991,1.0,5.0636263916355935,23,58,136.90737640860888,0.0,False,-0.142
cell-037-013,0,0,1.0,DFO_3625_From_20100310_to_20100324,Heavy Rain Snowmelt Dam B,1,14.894342422485352,4.650448322296143,1.0,3.0862661202270676,24,82,233.81109415406976,0.0,False,0.077
cell-037-014,0,0,1.0,DFO_3625_From_20100310_to_20100324,Heavy Rain Snowmelt Dam B,1,11.344754219055176,4.5015482902526855,3.0,3.8084640172195265,23,73,330.7148118995307,0.0,False,-0.152
cell-037-015,0,0,1.0,DFO_3625_From_20100310_to_20100324,Heavy Rain Snowmelt Dam B,1,12.584752082824707,2.684067726135254,4.0,4.476247358407393,23,70,339.1349284067534,0.0,False,-0.072
cell-037-016,0,0,1.0,DFO_3625_From_20100310_to_20100324,Heavy Rain Snowmelt Dam B,1,16.15814971923828,4.035343170166016,1.0,3.2120652332513755,23,56,244.36284724021584,0.0,False,0.158
cell-037-017,0,0,1.0,DFO_3625_From_20100310_to_20100324,Heavy Rain Snowmelt Dam B,1,11.878195762634277,12.007853507995605,6.0,3.4478405906558907,22,44,153.43456594683576,0.0,False,-0.117
cell-037-018,0,0,1.0,DFO_3625_From_20100310_to_20100324,Heavy Rain Snowmelt Dam B,1,7.119324207305908,5.2648491859436035,166.0,7.399321935095623,22,48,79.28087721297645,0.0,True,-0.424
cell-037-023,0,0,1.0,DFO_3625_From_20100310_to_20100324,Heavy Rain Snowmelt Dam B,1,2.5266270637512207,0.20231322944164276,16.0,7.135981875033622,23,64,77.59207161736752,0.0,True,-0.72
cell-037-028,0,0,1.0,DFO_3625_From_20100310_to_20100324,Heavy Rain Snowmelt Dam B,1,5.20316219329834,3.3337349891662598,4.0,4.294009855417092,21,12,41.9309380674056,0.0,True,-0.547
cell-037-029,0,0,1.0,DFO_3625_From_20100310_to_20100324,Heavy Rain Snowmelt Dam B,1,8.17083740234375,1.0816718339920044,1.0,4.23771928171604,22,42,88.57031511450181,0.0,False,-0.356
cell-037-030,0,0,1.0,DFO_3625_From_20100310_to_20100324,Heavy Rain Snowmelt Dam B,1,10.617703437805176,2.456947088241577,1.0,3.6323455872941666,22,44,2.599665117429148,0.0,True,-0.199
cell-037-031,0,0,1.0,DFO_3625_From_20100310_to_20100324,Heavy Rain Snowmelt Dam B,1,1.0648205280303955,2.939894914627075,1.0,3.484210698161161,95,0,0.0,0.0,True,-0.814
cell-037-032,0,0,1.0,DFO_3625_From_20100310_to_20100324,Heavy Rain Snowmelt Dam B,1,1.7837985754013062,2.331516981124878,7.0,5.060972756358851,95,0,0.0,0.0,True,-0.767
cell-037-033,0,0,1.0,DFO_3625_From_20100310_to_20100324,Heavy Rain Snowmelt Dam B,1,2.5983808040618896,1.697247862815857,5.0,5.019897238304927,41,0,63.65498723254741,25.40482420590706,True,-0.715
cell-038-005,0,0,1.0,DFO_3625_From_20100310_to_20100324,Heavy Rain Snowmelt Dam B,1,19.598163604736328,1.9643537998199463,2.0,4.215430715119096,22,46,36.80326360913757,0.0,True,0.38
cell-038-006,0,0,1.0,DFO_3625_From_20100310_to_20100324,Heavy Rain Snowmelt Dam B,1,27.910539627075195,2.9884753227233887,2.0,3.875914790594924,22,42,105.95048635327367,0.0,False,0.915
cell-038-007,0,0,1.0,DFO_3625_From_20100310_to_20100324,Heavy Rain Snowmelt Dam B,1,25.189844131469727,2.3043670654296875,1.0,3.684081098440576,22,26,95.22362644350964,0.0,False,0.74
cell-038-008,0,0,1.0,DFO_3625_From_20100310_to_20100324,Heavy Rain Snowmelt Dam B,1,14.599455833435059,5.134250164031982,1.0,2.9972314701272498,22,44,10.555031612811336,0.0,False,0.058
cell-038-011,0,0,1.0,DFO_3625_From_20100310_to_20100324,Heavy Rain Snowmelt Dam B,1,16.835773468017578,4.702214241027832,1.0,3.0763582126014217,22,48,15.784295493544608,0.0,False,0.202
cell-038-012,0,0,1.0,DFO_3625_From_20100310_to_20100324,Heavy Rain Snowmelt Dam B,1,14.439983367919922,5.491031169891357,1.0,2.9362276960558256,23,70,115.78416967343702,0.0,False,0.048
cell-038-013,0,0,1.0,DFO_3625_From_20100310_to_20100324,Heavy Rain Snowmelt Dam B,1,13.17702579498291,4.432979106903076,4.0,4.045270652083639,23,52,215.7841604699172,0.0,False,-0.034
cell-038-014,0,0,1.0,DFO_3625_From_20100310_to_20100324,Heavy Rain Snowmelt Dam B,1,11.853475570678711,4.631763935089111,6.0,4.342629190371824,23,52,315.7841570953912,0.0,False,-0.119
cell-038-015,0,0,1.0,DFO_3625_From_20100310_to_20100324,Heavy Rain Snowmelt Dam B,1,14.278318405151367,2.1445486545562744,23.0,6.22619746587773,22,39,376.74244241877284,0.0,False,0.037
cell-038-016,0,0,1.0,DFO_3625_From_20100310_to_20100324,Heavy Rain Snowmelt Dam B,1,18.023395538330078,2.742412805557251,1.0,3.5421726511263896,22,43,292.726886893214,0.0,False,0.278
cell-038-017,0,0,1.0,DFO_3625_From_20100310_to_20100324,Heavy Rain Snowmelt Dam B,1,20.003366470336914,3.12746262550354,1.0,3.432087710904505,21,19,220.63976947607316,0.0,False,0.406
cell-038-018,0,0,1.0,DFO_3625_From_20100310_to_20100324,Heavy Rain Snowmelt Dam B,1,17.44823455810547,16.241212844848633,3.0,2.585919886664991,21,10,152.0617263371831,0.0,False,0.241
cell-038-019,0,0,1.0,DFO_3625_From_20100310_to_20100324,Heavy Rain Snowmelt Dam B,1,15.1921968460083,0.24143260717391968,1.0,4.946687795150209,22,44,93.1222607115109,0.0,False,0.096
cell-038-020,0,0,1.0,DFO_3625_From_20100310_to_20100324,Heavy Rain Snowmelt Dam B,1,10.868393898010254,7.213999271392822,1.0,2.6840093537744383,23,55,67.18311697264375,0.0,True,-0.182
cell-038-021,0,0,1.0,DFO_3625_From_20100310_to_20100324,Heavy Rain Snowmelt Dam B,1,3.2713327407836914,2.1003825664520264,7.0,5.143987724888303,21,13,67.10008372366428,0.0,True,-0.672
cell-038-022,0,0,1.0,DFO_3625_From_20100310_to_20100324,Heavy Rain Snowmelt Dam B,1,3.011512279510498,0.30682623386383057,3.0,5.562596823214569,21,10,95.134147520504,0.0,True,-0.688
cell-038-028,0,0,1.0,DFO_3625_From_20100310_to_20100324,Heavy Rain Snowmelt Dam B,1,6.423166751861572,3.2678306102752686,5.0,4.493385507896886,21,10,33.699861377477646,0.0,True,-0.469
cell-038-029,0,0,1.0,DFO_3625_From_20100310_to_20100324,Heavy Rain Snowmelt Dam B,1,9.653325080871582,1.5804907083511353,10.0,5.678865598769104,21,12,133.69986137747765,0.0,False,-0.261
cell-038-030,0,0,1.0,DFO_3625_From_20100310_to_20100324,Heavy Rain Snowmelt Dam B,1,11.615779876708984,1.8574128150939941,2.0,4.258527747242033,22,28,47.69861124931062,0.0,False,-0.134
cell-038-031,0,0,1.0,DFO_3625_From_20100310_to_20100324,Heavy Rain Snowmelt Dam B,1,6.655737400054932,10.750567436218262,3.0,2.9964014701467288,21,11,0.0,0.0,True,-0.454
cell-038-032,0,0,1.0,DFO_3625_From_20100310_to_20100324,Heavy Rain Snowmelt Dam B,1,0.12724600732326508,2.8126072883605957,11.0,5.312945098087851,90,0,0.0,0.0,True,-0.874
cell-038-033,0,0,1.0,DFO_3625_From_20100310_to_20100324,Heavy Rain Snowmelt Dam B,1,5.94517707824707,3.0123636722564697,2.0,3.8692164777959377,90,0,29.877901411802753,0.0,True,-0.499
cell-038-034,0,0,1.0,DFO_3625_From_20100310_to_20100324,Heavy Rain Snowmelt Dam B,1,4.015347957611084,6.215656757354736,3.0,3.5156722115657684,90,0,26.569829613510855,0.0,True,-0.624
cell-038-035,0,0,1.0,DFO_3625_From_20100310_to_20100324,Heavy Rain Snowmelt Dam B,1,0.6257087588310242,10.799163818359375,2.0,2.7043317434375953,23,56,0.0,0.0,True,-0.842
cell-038-040,0,0,1.0,DFO_3625_From_20100310_to_20100324,Heavy Rain Snowmelt Dam B,1,-1.4225029945373535,1.9910138845443726,5.0,4.898116391332905,21,1,0.0,0.0,True,-0.974
cell-038-041,0,0,1.0,DFO_3625_From_20100310_to_20100324,Heavy Rain Snowmelt Dam B,1,2.6113765239715576,4.376225471496582,1.0,3.140429539472306,21,19,4.452677602414042,0.0,True,-0.714
cell-038-042,0,0,1.0,DFO_3625_From_20100310_to_20100324,Heavy Rain Snowmelt Dam B,1,5.690258979797363,3.264124631881714,2.0,3.801205869212442,23,53,0.0,0.0,True,-0.516
cell-038-043,0,0,1.0,DFO_3625_From_20100310_to_20100324,Heavy Rain Snowmelt Dam B,1,2.956101179122925,1.7262721061706543,4.0,4.8248633945994,22,29,0.0,0.0,True,-0.692
cell-039-004,0,0,1.0,DFO_3625_From_20100310_to_20100324,Heavy Rain Snowmelt Dam B,1,24.904306411743164,4.075708389282227,2.0,3.6087781888839214,21,5,93.54983263579197,0.0,False,0.722
cell-039-005,0,0,1.0,DFO_3625_From_20100310_to_20100324,Heavy Rain Snowmelt Dam B,1,24.415569305419922,6.026278972625732,2.0,3.256508684860511,21,2,124.67809951130774,0.0,False,0.69
cell-039-006,0,0,1.0,DFO_3625_From_20100310_to_20100324,Heavy Rain Snowmelt Dam B,1,25.833890914916992,6.323934078216553,3.0,3.4997158561546122,21,18,177.52315130905504,0.0,False,0.781
cell-039-007,0,0,1.0,DFO_3625_From_20100310_to_20100324,Heavy Rain Snowmelt Dam B,1,30.433082580566406,4.954908847808838,4.0,3.9456242698045427,22,27,151.88596220403153,0.0,False,1.078
cell-039-008,0,0,1.0,DFO_3625_From_20100310_to_20100324,Heavy Rain Snowmelt Dam B,1,21.399658203125,7.049201011657715,7.0,4.091925069386278,21,5,103.87640234424852,0.0,False,0.496
cell-039-011,0,0,1.0,DFO_3625_From_20100310_to_20100324,Heavy Rain Snowmelt Dam B,1,11.829062461853027,3.728837728500366,1.0,3.281116606172504,23,66,7.075472761246011,0.0,True,-0.121
cell-039-012,0,0,1.0,DFO_3625_From_20100310_to_20100324,Heavy Rain Snowmelt Dam B,1,9.456897735595703,1.6422654390335083,7.0,5.332112203856761,24,94,105.83290553112886,0.0,False,-0.273
cell-039-013,0,0,1.0,DFO_3625_From_20100310_to_20100324,Heavy Rain Snowmelt Dam B,1,9.262654304504395,2.6385436058044434,3.0,4.267201737775391,24,92,205.77115856031216,0.0,False,-0.286
cell-039-014,0,0,1.0,DFO_3625_From_20100310_to_20100324,Heavy Rain Snowmelt Dam B,1,12.322365760803223,3.936453342437744,1.0,3.2338325179626035,22,42,305.7497923095704,0.0,False,-0.089
cell-039-015,0,0,1.0,DFO_3625_From_20100310_to_20100324,Heavy Rain Snowmelt Dam B,1,19.361482620239258,8.373980522155762,1.0,2.543363523922618,22,24,405.7389570887145,0.0,False,0.365
cell-039-016,0,0,1.0,DFO_3625_From_20100310_to_20100324,Heavy Rain Snowmelt Dam B,1,18.781225204467773,2.1044082641601562,1.0,3.7561871434873226,23,57,361.9986617391699,0.0,False,0.327
cell-039-017,0,0,1.0,DFO_3625_From_20100310_to_20100324,Heavy Rain Snowmelt Dam B,1,20.966251373291016,2.9372267723083496,3.0,4.178119183578702,23,55,293.4206186002798,0.0,False,0.468
cell-039-018,0,0,1.0,DFO_3625_From_20100310_to_20100324,Heavy Rain Snowmelt Dam B,1,23.339200973510742,0.45596063137054443,1.0,4.7128565798748845,22,49,230.56384061027936,0.0,False,0.621
cell-039-019,0,0,1.0,DFO_3625_From_20100310_to_20100324,Heavy Rain Snowmelt Dam B,1,17.705963134765625,5.697906017303467,11.0,4.694216765997519,23,60,184.0384476862453,0.0,False,0.258
cell-039-020,0,0,1.0,DFO_3625_From_20100310_to_20100324,Heavy Rain Snowmelt Dam B,1,14.563255310058594,1.1643580198287964,3.0,4.882087775004643,23,75,167.1386176341767,0.0,False,0.056
cell-039-021,0,0,1.0,DFO_3625_From_20100310_to_20100324,Heavy Rain Snowmelt Dam B,1,10.680400848388672,12.1295747756958,1.0,2.185151494320374,24,92,167.10008372366428,0.0,True,-0.194
cell-039-022,0,0,1.0,DFO_3625_From_20100310_to_20100324,Heavy Rain Snowmelt Dam B,1,5.160622596740723,2.034986972808838,1.0,3.782483417261289,24,92,78.461367291527,0.0,True,-0.55
cell-039-028,0,0,1.0,DFO_3625_From_20100310_to_20100324,Heavy Rain Snowmelt Dam B,1,5.890738010406494,4.072807312011719,5.0,4.30255192797822,21,11,17.888045271742158,0.0,True,-0.503
cell-039-029,0,0,1.0,DFO_3625_From_20100310_to_20100324,Heavy Rain Snowmelt Dam B,1,10.785308837890625,5.8159356117248535,2.0,3.2891435936298548,21,18,117.88804527174214,0.0,False,-0.188
cell-039-030,0,0,1.0,DFO_3625_From_20100310_to_20100324,Heavy Rain Snowmelt Dam B,1,11.418730735778809,0.6932891011238098,15.0,6.58473159767623,23,64,114.25250547864233,0.0,False,-0.147
cell-039-031,0,0,1.0,DFO_3625_From_20100310_to_20100324,Heavy Rain Snowmelt Dam B,1,11.992003440856934,1.3520809412002563,1.0,4.086297601529733,22,28,36.87715284304288,0.0,True,-0.11
cell-039-032,0,0,1.0,DFO_3625_From_20100310_to_20100324,Heavy Rain Snowmelt Dam B,1,1.341121792793274,6.356058597564697,7.0,4.188176288007567,95,0,0.0,5.035487322651071,True,-0.796
cell-039-033,0,0,1.0,DFO_3625_From_20100310_to_20100324,Heavy Rain Snowmelt Dam B,1,1.4828686714172363,0.9050223231315613,5.0,5.449259207660065,95,0,0.0,0.0,True,-0.787
cell-039-034,0,0,1.0,DFO_3625_From_20100310_to_20100324,Heavy Rain Snowmelt Dam B,1,1.6489135026931763,0.7845891714096069,22.0,6.878005741298922,22,26,53.9215615166153,0.0,True,-0.776
cell-039-035,0,0,1.0,DFO_3625_From_20100310_to_20100324,Heavy Rain Snowmelt Dam B,1,2.744575023651123,2.233863592147827,1.0,3.708918060197728,23,59,0.0,0.0,True,-0.706
cell-039-040,0,0,1.0,DFO_3625_From_20100310_to_20100324,Heavy Rain Snowmelt Dam B,1,6.571700572967529,6.193911075592041,3.0,3.518906886516793,21,8,0.0,0.0,True,-0.459
cell-039-041,0,0,1.0,DFO_3625_From_20100310_to_20100324,Heavy Rain Snowmelt Dam B,1,1.352022409439087,1.7313189506530762,32.0,6.709738976039778,21,11,7.159529240006623,0.0,True,-0.795
cell-039-042,0,0,1.0,DFO_3625_From_20100310_to_20100324,Heavy Rain Snowmelt Dam B,1,1.9865763187408447,0.4397820234298706,1.0,4.728706289163588,21,19,88.68225239031017,6.146826047450304,True,-0.754
cell-039-043,0,0,1.0,DFO_3625_From_20100310_to_20100324,Heavy Rain Snowmelt Dam B,1,4.562817096710205,10.171452522277832,3.0,3.0501141011977264,22,23,89.34339407601661,0.0,True,-0.588
cell-040-004,0,0,1.0,DFO_3625_From_20100310_to_20100324,Heavy Rain Snowmelt Dam B,1,31.705886840820312,6.172942638397217,2.0,3.2343535137265342,21,15,95.21543400432667,0.0,False,1.16
cell-040-005,0,0,1.0,DFO_3625_From_20100310_to_20100324,Heavy Rain Snowmelt Dam B,1,30.37891960144043,2.563581705093384,1.0,3.5977083001075676,22,33,194.36034935086602,0.0,False,1.074
cell-040-006,0,0,1.0,DFO_3625_From_20100310_to_20100324,Heavy Rain Snowmelt Dam B,1,32.89904022216797,8.28444766998291,4.0,3.4698594978187045,21,16,258.1203351216427,0.0,False,1.236
cell-040-007,0,0,1.0,DFO_3625_From_20100310_to_20100324,Heavy Rain Snowmelt Dam B,1,37.633689880371094,0.378730833530426,1.0,4.790885744278593,21,2,233.98796781259787,0.0,False,1.541
cell-040-008,0,0,1.0,DFO_3625_From_20100310_to_20100324,Heavy Rain Snowmelt Dam B,1,24.866567611694336,7.464091777801514,1.0,2.6520364514723047,21,11,182.93769091540133,0.0,False,0.719
cell-040-009,0,0,1.0,DFO_3625_From_20100310_to_20100324,Heavy Rain Snowmelt Dam B,1,17.580097198486328,0.24743658304214478,1.0,4.939342396983317,23,52,87.54732903396099,0.0,False,0.25
cell-040-010,0,0,1.0,DFO_3625_From_20100310_to_20100324,Heavy Rain Snowmelt Dam B,1,9.398520469665527,0.9481298923492432,9.0,5.931329476371154,24,84,0.0,0.0,True,-0.277
cell-040-011,0,0,1.0,DFO_3625_From_20100310_to_20100324,Heavy Rain Snowmelt Dam B,1,8.29472827911377,0.2262817770242691,1.0,4.965467244809004,24,100,2.4139279960774007,0.0,True,-0.348
cell-040-012,0,0,1.0,DFO_3625_From_20100310_to_20100324,Heavy Rain Snowmelt Dam B,1,9.482941627502441,0.6807911992073059,1.0,4.515210354246065,24,99,99.62823413557915,0.0,True,-0.272
cell-040-013,0,0,1.0,DFO_3625_From_20100310_to_20100324,Heavy Rain Snowmelt Dam B,1,8.991272926330566,1.915987491607666,1.0,3.829228040983019,24,98,191.04871949448005,0.0,True,-0.303
cell-040-014,0,0,1.0,DFO_3625_From_20100310_to_20100324,Heavy Rain Snowmelt Dam B,1,9.29162311553955,3.804431915283203,2.0,3.669107914434591,24,80,272.3410360070589,0.0,True,-0.284
cell-040-015,0,0,1.0,DFO_3625_From_20100310_to_20100324,Heavy Rain Snowmelt Dam B,1,13.788900375366211,3.9579193592071533,12.0,5.100869650653091,23,56,343.73920156596074,0.0,False,0.006
cell-040-016,0,0,1.0,DFO_3625_From_20100310_to_20100324,Heavy Rain Snowmelt Dam B,1,16.015853881835938,0.6835498809814453,1.0,4.513012167423371,22,41,330.54092531837523,0.0,False,0.149
cell-040-017,0,0,1.0,DFO_3625_From_20100310_to_20100324,Heavy Rain Snowmelt Dam B,1,18.511022567749023,4.147013187408447,3.0,3.8811824028198876,23,63,330.56097658649304,0.0,False,0.31
cell-040-018,0,0,1.0,DFO_3625_From_20100310_to_20100324,Heavy Rain Snowmelt Dam B,1,21.36456298828125,4.671459197998047,2.0,3.487698109761025,22,38,316.4185204457906,0.0,False,0.494
cell-040-019,0,0,1.0,DFO_3625_From_20100310_to_20100324,Heavy Rain Snowmelt Dam B,1,24.650720596313477,2.2121942043304443,1.0,3.7166768670331543,22,46,279.3347521690522,0.0,False,0.705
cell-040-020,0,0,1.0,DFO_3625_From_20100310_to_20100324,Heavy Rain Snowmelt Dam B,1,17.75441551208496,6.806715965270996,5.0,3.8369027061187935,21,9,243.5840138791401,0.0,False,0.261
cell-040-021,0,0,1.0,DFO_3625_From_20100310_to_20100324,Heavy Rain Snowmelt Dam B,1,13.044918060302734,4.148004531860352,1.0,3.18782438501725,23,63,145.3649911749682,0.0,False,-0.042
cell-040-022,0,0,1.0,DFO_3625_From_20100310_to_20100324,Heavy Rain Snowmelt Dam B,1,6.506223678588867,0.6656383872032166,17.0,6.724595943200381,24,90,49.435824755520954,0.0,True,-0.463
cell-040-023,0,0,1.0,DFO_3625_From_20100310_to_20100324,Heavy Rain Snowmelt Dam B,1,2.955951690673828,0.9916843771934509,5.0,5.392266014544397,23,55,0.0,0.0,True,-0.692
cell-040-024,0,0,1.0,DFO_3625_From_20100310_to_20100324,Heavy Rain Snowmelt Dam B,1,-1.5061999559402466,0.0,1.0,5.298317388899779,11,0,0.0,8.784442354456045,True,-0.979
cell-040-025,0,0,1.0,DFO_3625_From_20100310_to_20100324,Heavy Rain Snowmelt Dam B,1,-1.5061999559402466,0.0,1.0,5.298317388899779,11,0,0.0,72.73974417381305,True,-0.979
cell-040-028,0,0,1.0,DFO_3625_From_20100310_to_20100324,Heavy Rain Snowmelt Dam B,1,3.122657060623169,0.814824640750885,5.0,5.5122396900252015,22,29,0.0,0.0,True,-0.681
cell-040-029,0,0,1.0,DFO_3625_From_20100310_to_20100324,Heavy Rain Snowmelt Dam B,1,8.362332344055176,3.0340538024902344,3.0,4.150854939990833,21,14,83.66661225930403,0.0,False,-0.344
cell-040-030,0,0,1.0,DFO_3625_From_20100310_to_20100324,Heavy Rain Snowmelt Dam B,1,9.15947437286377,2.1023480892181396,1.0,3.7569575956654,21,17,133.86771504157613,0.0,False,-0.292
cell-040-031,0,0,1.0,DFO_3625_From_20100310_to_20100324,Heavy Rain Snowmelt Dam B,1,9.657889366149902,2.178257465362549,1.0,3.728949834715796,22,25,52.84475052465099,0.0,False,-0.26
cell-040-032,0,0,1.0,DFO_3625_From_20100310_to_20100324,Heavy Rain Snowmelt Dam B,1,7.454061031341553,9.554718017578125,2.0,2.8227624443453774,21,5,0.0,0.0,True,-0.402
cell-040-033,0,0,1.0,DFO_3625_From_20100310_to_20100324,Heavy Rain Snowmelt Dam B,1,1.3293403387069702,0.02081345207989216,1.0,5.26263530338085,95,0,0.0,39.274810494773085,True,-0.797
cell-040-034,0,0,1.0,DFO_3625_From_20100310_to_20100324,Heavy Rain Snowmelt Dam B,1,1.4788703918457031,0.030999142676591873,1.0,5.2456265602561025,95,0,51.63893773278687,13.728273157482782,True,-0.787
cell-040-035,0,0,1.0,DFO_3625_From_20100310_to_20100324,Heavy Rain Snowmelt Dam B,1,2.2960636615753174,0.6149121522903442,1.0,4.569192591642798,21,17,0.0,0.0,True,-0.734
cell-040-036,0,0,1.0,DFO_3625_From_20100310_to_20100324,Heavy Rain Snowmelt Dam B,1,-1.5061999559402466,0.002128006424754858,1.0,5.294610154681627,95,0,0.0,12.257398867048323,True,-0.979
cell-040-037,0,0,1.0,DFO_3625_From_20100310_to_20100324,Heavy Rain Snowmelt Dam B,1,-1.5061999559402466,0.0,1.0,5.298317388899779,95,0,0.0,33.359353546770436,True,-0.979
cell-040-038,0,0,1.0,DFO_3625_From_20100310_to_20100324,Heavy Rain Snowmelt Dam B,1,-0.6147876381874084,11.763876914978027,3.0,2.908394760850335,11,0,0.0,9.841008344548754,True,-0.922
cell-040-039,0,0,1.0,DFO_3625_From_20100310_to_20100324,Heavy Rain Snowmelt Dam B,1,7.4634881019592285,7.929422378540039,2.0,3.0005109121760074,21,5,5.881394213911728,0.0,True,-0.402
cell-040-040,0,0,1.0,DFO_3625_From_20100310_to_20100324,Heavy Rain Snowmelt Dam B,1,5.881996154785156,2.287888765335083,2.0,4.095296364777736,21,6,63.00061181672224,0.0,False,-0.503
cell-040-041,0,0,1.0,DFO_3625_From_20100310_to_20100324,Heavy Rain Snowmelt Dam B,1,7.59813928604126,1.245413064956665,2.0,4.5487904832271635,21,7,105.70029863195498,0.0,True,-0.393
cell-040-042,0,0,1.0,DFO_3625_From_20100310_to_20100324,Heavy Rain Snowmelt Dam B,1,7.0530314445495605,3.234229326248169,7.0,4.7898748767793915,21,12,148.53648929258856,0.0,True,-0.428
cell-040-043,0,0,1.0,DFO_3625_From_20100310_to_20100324,Heavy Rain Snowmelt Dam B,1,5.866211891174316,1.5992704629898071,526.0,9.539482798164277,21,13,188.9938955180416,0.0,True,-0.505
cell-041-005,0,0,1.0,DFO_3625_From_20100310_to_20100324,Heavy Rain Snowmelt Dam B,1,36.807456970214844,3.486417531967163,1.0,3.3392840336020413,21,8,211.44918625445743,0.0,False,1.488
cell-041-006,0,0,1.0,DFO_3625_From_20100310_to_20100324,Heavy Rain Snowmelt Dam B,1,34.505027770996094,7.1215715408325195,1.0,2.6960800767091473,21,14,309.7297818694119,0.0,False,1.34
cell-041-007,0,0,1.0,DFO_3625_From_20100310_to_20100324,Heavy Rain Snowmelt Dam B,1,38.85831069946289,5.007431507110596,1.0,3.0198266028529956,21,3,296.62798102095604,0.0,False,1.62
cell-041-008,0,0,1.0,DFO_3625_From_20100310_to_20100324,Heavy Rain Snowmelt Dam B,1,23.053529739379883,9.428775787353516,8.0,3.934126792410801,22,30,196.9473446819449,0.0,False,0.602
cell-041-009,0,0,1.0,DFO_3625_From_20100310_to_20100324,Heavy Rain Snowmelt Dam B,1,17.43594741821289,1.7623902559280396,393.0,9.176178909475306,22,34,97.26670834293373,0.0,False,0.241
cell-041-010,0,0,1.0,DFO_3625_From_20100310_to_20100324,Heavy Rain Snowmelt Dam B,1,15.673439979553223,8.08936595916748,7.0,3.9624499891281975,23,73,0.0,0.0,True,0.127
cell-041-011,0,0,1.0,DFO_3625_From_20100310_to_20100324,Heavy Rain Snowmelt Dam B,1,7.851840972900391,1.7716939449310303,1.0,3.8889963208421485,23,59,0.0,0.0,True,-0.377
cell-041-012,0,0,1.0,DFO_3625_From_20100310_to_20100324,Heavy Rain Snowmelt Dam B,1,7.96673583984375,0.27787575125694275,1.0,4.902910376442545,24,88,51.99485072640283,0.0,True,-0.369
cell-041-013,0,0,1.0,DFO_3625_From_20100310_to_20100324,Heavy Rain Snowmelt Dam B,1,9.487946510314941,0.6046262979507446,1.0,4.5778900930808675,24,95,133.31042093263244,0.0,True,-0.271
cell-041-014,0,0,1.0,DFO_3625_From_20100310_to_20100324,Heavy Rain Snowmelt Dam B,1,7.40366268157959,2.634042263031006,5.0,4.674071628129747,24,96,218.20423169613457,0.0,True,-0.405
cell-041-015,0,0,1.0,DFO_3625_From_20100310_to_20100324,Heavy Rain Snowmelt Dam B,1,10.34368896484375,1.3571220636367798,1.0,4.083681223686904,22,25,246.2963724220337,4.759195623220876,True,-0.216
cell-041-016,0,0,1.0,DFO_3625_From_20100310_to_20100324,Heavy Rain Snowmelt Dam B,1,16.029630661010742,3.597743034362793,1.0,3.3121552739443008,21,16,230.54092531837523,0.0,False,0.15
cell-041-017,0,0,1.0,DFO_3625_From_20100310_to_20100324,Heavy Rain Snowmelt Dam B,1,13.114792823791504,2.7691264152526855,7.0,4.920428304729474,23,74,230.56967315356317,0.0,False,-0.038
cell-041-018,0,0,1.0,DFO_3625_From_20100310_to_20100324,Heavy Rain Snowmelt Dam B,1,18.135698318481445,6.913295269012451,5.0,3.8224204289405947,23,73,252.76579693335023,0.0,False,0.286
cell-041-019,0,0,1.0,DFO_3625_From_20100310_to_20100324,Heavy Rain Snowmelt Dam B,1,23.378597259521484,1.8897655010223389,4.0,4.756118756548302,23,62,307.60156374856473,0.0,False,0.623
cell-041-020,0,0,1.0,DFO_3625_From_20100310_to_20100324,Heavy Rain Snowmelt Dam B,1,23.98820686340332,3.332674026489258,2.0,3.783456527157386,22,41,237.72338360059075,0.0,False,0.663
cell-041-021,0,0,1.0,DFO_3625_From_20100310_to_20100324,Heavy Rain Snowmelt Dam B,1,15.2018404006958,8.673641204833984,1.0,2.5099123982080065,22,48,137.72338360059075,0.0,False,0.097
cell-041-022,0,0,1.0,DFO_3625_From_20100310_to_20100324,Heavy Rain Snowmelt Dam B,1,9.009639739990234,2.798372507095337,2.0,3.9308713856663764,24,95,37.72338360059075,0.0,False,-0.302
cell-041-023,0,0,1.0,DFO_3625_From_20100310_to_20100324,Heavy Rain Snowmelt Dam B,1,3.2231252193450928,12.150428771972656,1.0,2.1834598936045184,24,83,0.0,0.0,True,-0.675
cell-041-024,0,0,1.0,DFO_3625_From_20100310_to_20100324,Heavy Rain Snowmelt Dam B,1,2.360691547393799,0.2439485639333725,2.0,5.349068287615541,24,100,0.0,0.0,True,-0.73
cell-041-025,0,0,1.0,DFO_3625_From_20100310_to_20100324,Heavy Rain Snowmelt Dam B,1,-1.5019055604934692,0.828069806098938,21.0,6.802022309082762,24,92,0.0,0.9676051386632025,True,-0.979
cell-041-028,0,0,1.0,DFO_3625_From_20100310_to_20100324,Heavy Rain Snowmelt Dam B,1,2.170377731323242,6.129256725311279,3.0,3.5285849238054636,22,22,0.0,0.0,True,-0.743
cell-041-029,0,0,1.0,DFO_3625_From_20100310_to_20100324,Heavy Rain Snowmelt Dam B,1,3.895216226577759,2.478769540786743,14.0,5.640062337838899,21,19,4.836084506957652,0.0,True,-0.631
cell-041-030,0,0,1.0,DFO_3625_From_20100310_to_20100324,Heavy Rain Snowmelt Dam B,1,4.707437038421631,4.47324275970459,3.0,3.8140818375623176,21,13,45.66352138854563,0.0,True,-0.579
cell-041-031,0,0,1.0,DFO_3625_From_20100310_to_20100324,Heavy Rain Snowmelt Dam B,1,10.87969970703125,3.8512284755706787,1.0,3.2529753148968616,21,14,69.78897108401101,0.0,False,-0.182
cell-041-032,0,0,1.0,DFO_3625_From_20100310_to_20100324,Heavy Rain Snowmelt Dam B,1,9.673766136169434,7.547695636749268,5.0,3.740176525560847,22,30,8.031812649694345,0.0,True,-0.259
cell-041-033,0,0,1.0,DFO_3625_From_20100310_to_20100324,Heavy Rain Snowmelt Dam B,1,0.9856346249580383,4.1098527908325195,11.0,4.987727933666028,22,43,0.0,0.0,True,-0.819
cell-041-034,0,0,1.0,DFO_3625_From_20100310_to_20100324,Heavy Rain Snowmelt Dam B,1,1.3914240598678589,0.06674683839082718,1.0,5.188122867181616,95,0,17.66322188288967,50.53446295117838,True,-0.793
cell-041-035,0,0,1.0,DFO_3625_From_20100310_to_20100324,Heavy Rain Snowmelt Dam B,1,1.8734184503555298,2.01655912399292,5.0,4.888193395298182,22,22,28.37904362658952,0.0,True,-0.762
cell-041-036,0,0,1.0,DFO_3625_From_20100310_to_20100324,Heavy Rain Snowmelt Dam B,1,5.8356523513793945,3.257704973220825,2.0,3.8028842051007423,21,18,0.5087324939668179,0.0,True,-0.506
cell-041-037,0,0,1.0,DFO_3625_From_20100310_to_20100324,Heavy Rain Snowmelt Dam B,1,1.8528369665145874,4.466372489929199,2.0,3.5277680900143906,95,0,0.0,27.442020870435275,True,-0.763
cell-041-038,0,0,1.0,DFO_3625_From_20100310_to_20100324,Heavy Rain Snowmelt Dam B,1,-1.5061999559402466,1.9993844034615904e-05,171.0,9.752629761165807,11,0,0.0,3.762306271470152,True,-0.979
cell-041-039,0,0,1.0,DFO_3625_From_20100310_to_20100324,Heavy Rain Snowmelt Dam B,1,4.815420150756836,9.150477409362793,4.0,3.375074925590422,21,2,3.804327597725205,0.0,True,-0.572
cell-041-040,0,0,1.0,DFO_3625_From_20100310_to_20100324,Heavy Rain Snowmelt Dam B,1,7.6601243019104,3.163097620010376,43.0,6.513525427457594,21,19,102.81219005491582,0.0,False,-0.389
cell-041-041,0,0,1.0,DFO_3625_From_20100310_to_20100324,Heavy Rain Snowmelt Dam B,1,10.237716674804688,1.4721919298171997,7.0,5.412039013070222,21,3,194.41726546123235,0.0,False,-0.223
cell-041-042,0,0,1.0,DFO_3625_From_20100310_to_20100324,Heavy Rain Snowmelt Dam B,1,13.745943069458008,7.284910202026367,2.0,3.080308225095047,21,17,230.61739510130892,0.0,False,0.003
cell-041-043,0,0,1.0,DFO_3625_From_20100310_to_20100324,Heavy Rain Snowmelt Dam B,1,9.018193244934082,0.8577660322189331,21.0,6.781044132433096,22,37,285.45523702311095,0.0,False,-0.302
cell-042-005,0,0,1.0,DFO_3625_From_20100310_to_20100324,Heavy Rain Snowmelt Dam B,1,39.553348541259766,6.22020149230957,2.0,3.2273153041251113,22,28,250.33459979875732,0.0,False,1.665
cell-042-006,0,0,1.0,DFO_3625_From_20100310_to_20100324,Heavy Rain Snowmelt Dam B,1,38.39051055908203,1.817413568496704,1.0,3.8696703436062974,21,5,337.96355646683014,0.0,False,1.59
cell-042-007,0,0,1.0,DFO_3625_From_20100310_to_20100324,Heavy Rain Snowmelt Dam B,1,37.18220138549805,2.3400228023529053,1.0,3.6717505001586717,21,14,310.0500284065433,0.0,False,1.512
cell-042-008,0,0,1.0,DFO_3625_From_20100310_to_20100324,Heavy Rain Snowmelt Dam B,1,26.144033432006836,10.241045951843262,10.0,4.055116456036117,21,6,215.23498229816164,0.0,False,0.801
cell-042-009,0,0,1.0,DFO_3625_From_20100310_to_20100324,Heavy Rain Snowmelt Dam B,1,20.066421508789062,8.46544361114502,5.0,3.6316522368051354,23,54,123.73797386398309,0.0,False,0.41
cell-042-010,0,0,1.0,DFO_3625_From_20100310_to_20100324,Heavy Rain Snowmelt Dam B,1,14.028690338134766,4.9925689697265625,16.0,5.162573989526591,22,49,32.31748850508217,0.0,False,0.021
cell-042-011,0,0,1.0,DFO_3625_From_20100310_to_20100324,Heavy Rain Snowmelt Dam B,1,9.732396125793457,7.178389072418213,2.0,3.0941083535796627,24,81,0.0,0.0,True,-0.256
cell-042-012,0,0,1.0,DFO_3625_From_20100310_to_20100324,Heavy Rain Snowmelt Dam B,1,7.811563968658447,0.866645097732544,23.0,6.861867582668679,23,77,0.0,0.0,True,-0.379
cell-042-013,0,0,1.0,DFO_3625_From_20100310_to_20100324,Heavy Rain Snowmelt Dam B,1,9.088822364807129,0.5020383596420288,4.0,5.585335822444922,24,88,81.90880043511015,0.0,True,-0.297
cell-042-014,0,0,1.0,DFO_3625_From_20100310_to_20100324,Heavy Rain Snowmelt Dam B,1,8.496447563171387,1.6462469100952148,3.0,4.63716828585255,24,94,168.92153274578573,0.0,True,-0.335
cell-042-015,0,0,1.0,DFO_3625_From_20100310_to_20100324,Heavy Rain Snowmelt Dam B,1,6.801938056945801,0.22705884277820587,13.0,6.910405575808546,23,79,150.65073640518082,0.0,True,-0.444
cell-042-016,0,0,1.0,DFO_3625_From_20100310_to_20100324,Heavy Rain Snowmelt Dam B,1,9.769001007080078,8.450597763061523,1.0,2.534708631719862,23,64,130.54092531837523,0.0,True,-0.253
cell-042-017,0,0,1.0,DFO_3625_From_20100310_to_20100324,Heavy Rain Snowmelt Dam B,1,11.291297912597656,6.852087020874023,2.0,3.137565524918555,22,39,130.59168853516638,0.0,False,-0.155
cell-042-018,0,0,1.0,DFO_3625_From_20100310_to_20100324,Heavy Rain Snowmelt Dam B,1,15.911458015441895,2.8648974895477295,1.0,3.505831441555562,22,32,166.68042187274602,0.0,False,0.142
cell-042-019,0,0,1.0,DFO_3625_From_20100310_to_20100324,Heavy Rain Snowmelt Dam B,1,17.190696716308594,3.6959915161132812,3.0,3.981951431192341,23,64,241.54878079091222,0.0,False,0.225
cell-042-020,0,0,1.0,DFO_3625_From_20100310_to_20100324,Heavy Rain Snowmelt Dam B,1,18.333593368530273,2.6231138706207275,26.0,6.1815677141111465,23,75,215.53473609315859,0.0,False,0.298
cell-042-021,0,0,1.0,DFO_3625_From_20100310_to_20100324,Heavy Rain Snowmelt Dam B,1,18.644929885864258,1.762985110282898,11.0,5.684479837337841,23,78,137.82153676613234,0.0,False,0.318
cell-042-022,0,0,1.0,DFO_3625_From_20100310_to_20100324,Heavy Rain Snowmelt Dam B,1,13.816086769104004,12.241291046142578,2.0,2.5815843735894504,24,88,37.82153676613234,0.0,False,0.007
cell-042-023,0,0,1.0,DFO_3625_From_20100310_to_20100324,Heavy Rain Snowmelt Dam B,1,4.275761604309082,9.203327178955078,2.0,2.858732025602783,24,91,0.0,0.0,True,-0.607
cell-042-024,0,0,1.0,DFO_3625_From_20100310_to_20100324,Heavy Rain Snowmelt Dam B,1,8.637815475463867,1.779502511024475,1.0,3.8856691759991984,23,75,0.0,0.0,True,-0.326
cell-042-025,0,0,1.0,DFO_3625_From_20100310_to_20100324,Heavy Rain Snowmelt Dam B,1,10.579551696777344,5.727640628814697,2.0,3.3031590074781367,23,77,15.196447080932558,0.0,True,-0.201
cell-042-028,0,0,1.0,DFO_3625_From_20100310_to_20100324,Heavy Rain Snowmelt Dam B,1,0.7094077467918396,10.152052879333496,2.0,2.7642787748964146,22,43,0.0,0.0,True,-0.837
cell-042-029,0,0,1.0,DFO_3625_From_20100310_to_20100324,Heavy Rain Snowmelt Dam B,1,0.2733106315135956,7.255863189697266,1.0,2.6785880790851015,23,63,0.0,0.0,True,-0.865
cell-042-030,0,0,1.0,DFO_3625_From_20100310_to_20100324,Heavy Rain Snowmelt Dam B,1,1.4767543077468872,0.7280003428459167,394.0,9.763981561442755,23,66,0.0,0.0,True,-0.787
cell-042-031,0,0,1.0,DFO_3625_From_20100310_to_20100324,Heavy Rain Snowmelt Dam B,1,10.380205154418945,7.878307819366455,1.0,2.6011554584991217,21,9,17.60751524814213,0.0,True,-0.214
cell-042-032,0,0,1.0,DFO_3625_From_20100310_to_20100324,Heavy Rain Snowmelt Dam B,1,8.17780590057373,2.308828353881836,1.0,3.682530063465629,21,18,65.4229977053282,0.0,False,-0.356
cell-042-033,0,0,1.0,DFO_3625_From_20100310_to_20100324,Heavy Rain Snowmelt Dam B,1,8.225397109985352,4.340049743652344,2.0,3.5532609219514613,22,26,0.0,0.0,True,-0.353
cell-042-034,0,0,1.0,DFO_3625_From_20100310_to_20100324,Heavy Rain Snowmelt Dam B,1,1.034332513809204,1.242342233657837,3.0,4.838163276425706,90,0,0.0,35.648530193319544,True,-0.816
cell-042-035,0,0,1.0,DFO_3625_From_20100310_to_20100324,Heavy Rain Snowmelt Dam B,1,1.9445363283157349,1.165095567703247,2.0,4.593981111255518,95,0,15.978150856629977,0.0,True,-0.757
cell-042-036,0,0,1.0,DFO_3625_From_20100310_to_20100324,Heavy Rain Snowmelt Dam B,1,3.0619287490844727,3.448239803314209,4.0,4.265048824247382,21,12,100.33311167551908,0.0,True,-0.685
cell-042-037,0,0,1.0,DFO_3625_From_20100310_to_20100324,Heavy Rain Snowmelt Dam B,1,3.7798755168914795,1.2829570770263672,1.0,4.122880844096241,22,34,21.004305137321353,0.0,True,-0.639
cell-042-038,0,0,1.0,DFO_3625_From_20100310_to_20100324,Heavy Rain Snowmelt Dam B,1,3.7532427310943604,7.250173568725586,1.0,2.6793232066533905,22,34,0.0,0.0,True,-0.641
cell-042-039,0,0,1.0,DFO_3625_From_20100310_to_20100324,Heavy Rain Snowmelt Dam B,1,3.00762939453125,0.5811646580696106,1.0,4.598016662709154,22,41,0.0,0.0,True,-0.689
cell-042-040,0,0,1.0,DFO_3625_From_20100310_to_20100324,Heavy Rain Snowmelt Dam B,1,11.094635963439941,2.3181443214416504,1.0,3.6792986612496987,21,18,86.13863342767581,0.0,True,-0.168
cell-042-041,0,0,1.0,DFO_3625_From_20100310_to_20100324,Heavy Rain Snowmelt Dam B,1,8.581253051757812,7.08546257019043,6.0,3.9535972505815917,22,21,186.1386334276758,0.0,False,-0.33
cell-042-042,0,0,1.0,DFO_3625_From_20100310_to_20100324,Heavy Rain Snowmelt Dam B,1,14.886906623840332,1.154604196548462,1.0,4.194572488952757,22,20,286.1386334276758,0.0,False,0.076
cell-043-006,0,0,1.0,DFO_3625_From_20100310_to_20100324,Heavy Rain Snowmelt Dam B,1,36.781944274902344,5.88212251663208,6.0,4.126059869308662,21,3,356.43454015930183,0.0,False,1.486
cell-043-007,0,0,1.0,DFO_3625_From_20100310_to_20100324,Heavy Rain Snowmelt Dam B,1,36.936927795410156,5.161924839019775,22.0,5.434713725249368,21,11,347.10418186354525,0.0,False,1.496
cell-043-008,0,0,1.0,DFO_3625_From_20100310_to_20100324,Heavy Rain Snowmelt Dam B,1,37.590694427490234,2.240729570388794,3.0,4.39961937189763,21,19,255.6836965046444,0.0,False,1.538
cell-043-009,0,0,1.0,DFO_3625_From_20100310_to_20100324,Heavy Rain Snowmelt Dam B,1,32.91288757324219,5.332316875457764,1.0,2.9629155732428702,22,21,168.35133455425327,0.0,False,1.237
cell-043-010,0,0,1.0,DFO_3625_From_20100310_to_20100324,Heavy Rain Snowmelt Dam B,1,25.80005645751953,8.90574836730957,1.0,2.484715039213526,21,5,87.82221950110421,0.0,False,0.779
cell-043-011,0,0,1.0,DFO_3625_From_20100310_to_20100324,Heavy Rain Snowmelt Dam B,1,9.940305709838867,10.145597457885742,2.0,2.764894037803133,22,28,4.610008977851006,0.0,True,-0.242
cell-043-012,0,0,1.0,DFO_3625_From_20100310_to_20100324,Heavy Rain Snowmelt Dam B,1,6.500315189361572,7.089078426361084,6.0,3.9531202571309856,22,47,0.0,0.0,True,-0.464
cell-043-013,0,0,1.0,DFO_3625_From_20100310_to_20100324,Heavy Rain Snowmelt Dam B,1,9.192782402038574,0.7226309180259705,2.0,4.887844494519511,24,96,32.626101484761286,0.0,True,-0.29
cell-043-014,0,0,1.0,DFO_3625_From_20100310_to_20100324,Heavy Rain Snowmelt Dam B,1,7.919968128204346,0.7010255455970764,1.0,4.499198205624103,24,90,119.69635297914678,0.0,True,-0.372
cell-043-015,0,0,1.0,DFO_3625_From_20100310_to_20100324,Heavy Rain Snowmelt Dam B,1,6.615478515625,0.31542614102363586,1.0,4.859721826167748,24,87,67.25018462862168,0.0,True,-0.456
cell-043-016,0,0,1.0,DFO_3625_From_20100310_to_20100324,Heavy Rain Snowmelt Dam B,1,6.302356719970703,0.08542955666780472,33.0,7.992549276166366,24,100,30.54092531837523,0.0,True,-0.476
cell-043-017,0,0,1.0,DFO_3625_From_20100310_to_20100324,Heavy Rain Snowmelt Dam B,1,8.052669525146484,1.3254657983779907,11.0,5.891985219085242,23,77,30.75717884967438,0.0,True,-0.364
cell-043-018,0,0,1.0,DFO_3625_From_20100310_to_20100324,Heavy Rain Snowmelt Dam B,1,11.259025573730469,5.379269123077393,8.0,4.459024893642782,23,67,101.98519456176854,0.0,False,-0.157
cell-043-019,0,0,1.0,DFO_3625_From_20100310_to_20100324,Heavy Rain Snowmelt Dam B,1,11.40506649017334,2.5344059467315674,123.0,7.734201605605428,23,60,183.19070641040818,0.0,False,-0.148
cell-043-020,0,0,1.0,DFO_3625_From_20100310_to_20100324,Heavy Rain Snowmelt Dam B,1,13.351412773132324,1.307407259941101,1.0,4.109787494870838,24,97,133.9066682828866,0.0,False,-0.022
cell-043-021,0,0,1.0,DFO_3625_From_20100310_to_20100324,Heavy Rain Snowmelt Dam B,1,17.1129207611084,9.450326919555664,1.0,2.427856384489732,24,98,85.51267554507602,0.0,False,0.22
cell-043-022,0,0,1.0,DFO_3625_From_20100310_to_20100324,Heavy Rain Snowmelt Dam B,1,12.705291748046875,3.2390329837799072,2.0,3.8077817684516297,24,81,52.94244852508714,0.0,False,-0.064
cell-043-023,0,0,1.0,DFO_3625_From_20100310_to_20100324,Heavy Rain Snowmelt Dam B,1,4.835352897644043,3.238755464553833,10.0,5.107137703524764,24,93,0.0,0.0,True,-0.571
cell-043-024,0,0,1.0,DFO_3625_From_20100310_to_20100324,Heavy Rain Snowmelt Dam B,1,7.914524555206299,2.7504587173461914,10.0,5.244492826657334,23,72,0.0,0.0,True,-0.373
cell-043-025,0,0,1.0,DFO_3625_From_20100310_to_20100324,Heavy Rain Snowmelt Dam B,1,13.248835563659668,2.1940150260925293,6.0,4.97599561021597,22,45,86.08957275858735,0.0,False,-0.029
cell-043-026,0,0,1.0,DFO_3625_From_20100310_to_20100324,Heavy Rain Snowmelt Dam B,1,15.577618598937988,2.5574095249176025,3.0,4.292828183724386,23,65,116.67951659555924,0.0,False,0.121
cell-043-027,0,0,1.0,DFO_3625_From_20100310_to_20100324,Heavy Rain Snowmelt Dam B,1,10.98947525024414,7.4122633934021,8.0,4.162659230901319,23,74,64.28632182176284,0.0,True,-0.175
cell-043-028,0,0,1.0,DFO_3625_From_20100310_to_20100324,Heavy Rain Snowmelt Dam B,1,4.863283634185791,4.436945915222168,5.0,4.226796773687188,21,16,37.93190603516996,0.0,True,-0.569
cell-043-029,0,0,1.0,DFO_3625_From_20100310_to_20100324,Heavy Rain Snowmelt Dam B,1,3.7213921546936035,2.373411178588867,5.0,4.758951945526431,22,35,0.0,0.0,True,-0.643
cell-043-030,0,0,1.0,DFO_3625_From_20100310_to_20100324,Heavy Rain Snowmelt Dam B,1,-0.5772934556007385,0.49036502838134766,1.0,4.679964198725419,23,53,0.0,20.981093400751135,True,-0.919
cell-043-031,0,0,1.0,DFO_3625_From_20100310_to_20100324,Heavy Rain Snowmelt Dam B,1,2.342453718185425,0.7554988861083984,53.0,7.753160228071154,21,18,1.4319185639004435,0.0,True,-0.731
cell-043-032,0,0,1.0,DFO_3625_From_20100310_to_20100324,Heavy Rain Snowmelt Dam B,1,6.869292259216309,1.997286319732666,13.0,5.742968545338501,22,22,68.13293774720024,0.0,True,-0.44
cell-043-033,0,0,1.0,DFO_3625_From_20100310_to_20100324,Heavy Rain Snowmelt Dam B,1,12.83419132232666,2.4414420127868652,1.0,3.6374829596092724,21,15,58.7597724613534,0.0,False,-0.056
cell-043-034,0,0,1.0,DFO_3625_From_20100310_to_20100324,Heavy Rain Snowmelt Dam B,1,5.812751770019531,12.974942207336426,3.0,2.8117138198090434,90,0,0.0,0.0,True,-0.508
cell-043-035,0,0,1.0,DFO_3625_From_20100310_to_20100324,Heavy Rain Snowmelt Dam B,1,2.0563457012176514,1.2877497673034668,14.0,6.135203859402541,95,0,0.0,20.948888773648203,True,-0.75
cell-043-036,0,0,1.0,DFO_3625_From_20100310_to_20100324,Heavy Rain Snowmelt Dam B,1,8.347087860107422,2.175693988800049,1.0,3.7298830643350303,23,57,63.30297387029379,0.0,True,-0.345
cell-043-037,0,0,1.0,DFO_3625_From_20100310_to_20100324,Heavy Rain Snowmelt Dam B,1,7.649415016174316,0.7629073262214661,42.0,7.519814231128947,23,55,73.92168944559901,0.0,True,-0.39
cell-043-038,0,0,1.0,DFO_3625_From_20100310_to_20100324,Heavy Rain Snowmelt Dam B,1,9.739516258239746,7.208866596221924,2.0,3.09014109110244,21,18,27.216293833218515,0.0,True,-0.255
cell-043-039,0,0,1.0,DFO_3625_From_20100310_to_20100324,Heavy Rain Snowmelt Dam B,1,2.173328161239624,3.8439366817474365,12.0,5.126432349375843,21,9,27.649558083993995,0.0,True,-0.742
cell-043-040,0,0,1.0,DFO_3625_From_20100310_to_20100324,Heavy Rain Snowmelt Dam B,1,4.620701789855957,5.619151592254639,2.0,3.3206470996320285,21,12,96.66703182817977,0.0,True,-0.585
cell-043-041,0,0,1.0,DFO_3625_From_20100310_to_20100324,Heavy Rain Snowmelt Dam B,1,10.441134452819824,3.3038008213043213,5.0,4.484041717595832,21,8,191.23870353044512,0.0,False,-0.21
cell-043-042,0,0,1.0,DFO_3625_From_20100310_to_20100324,Heavy Rain Snowmelt Dam B,1,11.799019813537598,3.04367995262146,9.0,5.064474998035606,21,8,289.48224196579076,0.0,False,-0.122
cell-044-006,0,0,1.0,DFO_3625_From_20100310_to_20100324,Heavy Rain Snowmelt Dam B,1,33.292301177978516,9.163719177246094,2.0,2.862864212492446,21,2,356.9621253717435,0.0,False,1.262
cell-044-007,0,0,1.0,DFO_3625_From_20100310_to_20100324,Heavy Rain Snowmelt Dam B,1,35.286624908447266,6.778034687042236,4.0,3.658513391569195,21,5,390.498529753778,0.0,False,1.39
cell-044-008,0,0,1.0,DFO_3625_From_20100310_to_20100324,Heavy Rain Snowmelt Dam B,1,36.54646301269531,7.634793758392334,3.0,3.3239126461533948,21,10,308.1684047817603,0.0,False,1.471
cell-044-009,0,0,1.0,DFO_3625_From_20100310_to_20100324,Heavy Rain Snowmelt Dam B,1,27.276771545410156,10.512497901916504,4.0,3.241301985635263,21,3,227.12678998160135,0.0,False,0.874
cell-044-010,0,0,1.0,DFO_3625_From_20100310_to_20100324,Heavy Rain Snowmelt Dam B,1,26.612934112548828,8.343483924865723,1.0,2.546828377533491,21,1,141.39936313658984,0.0,False,0.832
cell-044-011,0,0,1.0,DFO_3625_From_20100310_to_20100324,Heavy Rain Snowmelt Dam B,1,8.537151336669922,3.515643835067749,9.0,4.941528897106432,21,16,54.386630825914274,0.0,False,-0.333
cell-044-012,0,0,1.0,DFO_3625_From_20100310_to_20100324,Heavy Rain Snowmelt Dam B,1,11.96763801574707,10.479376792907715,1.0,2.3280733603365764,23,71,0.0,0.0,True,-0.112
cell-044-013,0,0,1.0,DFO_3625_From_20100310_to_20100324,Heavy Rain Snowmelt Dam B,1,7.826606273651123,0.7815725803375244,5.0,5.536495795017946,24,86,0.0,0.0,True,-0.378
cell-044-014,0,0,1.0,DFO_3625_From_20100310_to_20100324,Heavy Rain Snowmelt Dam B,1,8.430037498474121,1.7927316427230835,3.0,4.573204488845188,24,88,74.72012063115383,0.0,True,-0.339
cell-044-015,0,0,1.0,DFO_3625_From_20100310_to_20100324,Heavy Rain Snowmelt Dam B,1,6.808951377868652,1.3136659860610962,1.0,4.10646333558911,24,100,0.0,0.0,True,-0.444
cell-044-016,0,0,1.0,DFO_3625_From_20100310_to_20100324,Heavy Rain Snowmelt Dam B,1,6.140077114105225,2.259647846221924,4.0,4.616054060191013,23,78,0.0,0.0,True,-0.487
cell-044-017,0,0,1.0,DFO_3625_From_20100310_to_20100324,Heavy Rain Snowmelt Dam B,1,6.2049946784973145,0.3736882209777832,1.0,4.796198608666801,24,85,0.0,0.0,True,-0.483
cell-044-018,0,0,1.0,DFO_3625_From_20100310_to_20100324,Heavy Rain Snowmelt Dam B,1,8.441503524780273,4.8861236572265625,1.0,3.041919930741318,24,85,43.62712018126449,0.0,True,-0.339
cell-044-019,0,0,1.0,DFO_3625_From_20100310_to_20100324,Heavy Rain Snowmelt Dam B,1,7.2310261726379395,1.406646966934204,16.0,6.198400321926585,23,62,124.82723076062913,0.0,False,-0.417
cell-044-020,0,0,1.0,DFO_3625_From_20100310_to_20100324,Heavy Rain Snowmelt Dam B,1,9.94946575164795,4.968699932098389,4.0,3.94311929573782,24,89,78.2926761076667,0.0,False,-0.242
cell-044-021,0,0,1.0,DFO_3625_From_20100310_to_20100324,Heavy Rain Snowmelt Dam B,1,8.186561584472656,9.35970687866211,8.0,3.9411857867408453,24,97,0.0,0.0,True,-0.355
cell-044-022,0,0,1.0,DFO_3625_From_20100310_to_20100324,Heavy Rain Snowmelt Dam B,1,6.97079610824585,4.186136245727539,3.0,3.8728967695265473,22,20,0.0,0.0,True,-0.433
cell-044-023,0,0,1.0,DFO_3625_From_20100310_to_20100324,Heavy Rain Snowmelt Dam B,1,4.879123687744141,14.634709358215332,7.0,3.384607659526172,21,11,0.0,0.0,True,-0.568
cell-044-024,0,0,1.0,DFO_3625_From_20100310_to_20100324,Heavy Rain Snowmelt Dam B,1,10.910820007324219,2.7053213119506836,1.0,3.553441882570032,23,76,25.072785572419026,0.0,False,-0.18
cell-044-025,0,0,1.0,DFO_3625_From_20100310_to_20100324,Heavy Rain Snowmelt Dam B,1,16.190629959106445,1.104509949684143,1.0,4.224007268416866,23,76,112.11403830389169,0.0,False,0.16
cell-044-026,0,0,1.0,DFO_3625_From_20100310_to_20100324,Heavy Rain Snowmelt Dam B,1,19.251474380493164,4.211909294128418,1.0,3.1743281873154476,23,58,203.61989919390302,0.0,False,0.357
cell-044-027,0,0,1.0,DFO_3625_From_20100310_to_20100324,Heavy Rain Snowmelt Dam B,1,15.867420196533203,6.252345561981201,6.0,4.069853481819469,23,76,149.8695345538819,0.0,False,0.14
cell-044-028,0,0,1.0,DFO_3625_From_20100310_to_20100324,Heavy Rain Snowmelt Dam B,1,12.916553497314453,2.577826738357544,1.0,3.5931702791475812,23,68,117.91542709996031,0.0,False,-0.05
cell-044-029,0,0,1.0,DFO_3625_From_20100310_to_20100324,Heavy Rain Snowmelt Dam B,1,17.420740127563477,2.6988768577575684,1.0,3.5554127942287583,21,10,25.776422045991303,0.0,True,0.24
cell-044-030,0,0,1.0,DFO_3625_From_20100310_to_20100324,Heavy Rain Snowmelt Dam B,1,0.26619088649749756,7.257481098175049,59.0,6.0795764844439315,21,16,0.0,41.560510985409074,True,-0.865
cell-044-031,0,0,1.0,DFO_3625_From_20100310_to_20100324,Heavy Rain Snowmelt Dam B,1,1.0182701349258423,0.6130940318107605,129.0,8.745111747639056,22,22,0.0,0.0,True,-0.817
cell-044-032,0,0,1.0,DFO_3625_From_20100310_to_20100324,Heavy Rain Snowmelt Dam B,1,3.7561545372009277,0.6268438100814819,16.0,6.699263200523404,22,21,4.4026654745392495,0.0,True,-0.64
cell-044-033,0,0,1.0,DFO_3625_From_20100310_to_20100324,Heavy Rain Snowmelt Dam B,1,9.964348793029785,8.063425064086914,3.0,3.2723434558462996,22,29,88.87361694920526,0.0,False,-0.241
cell-044-034,0,0,1.0,DFO_3625_From_20100310_to_20100324,Heavy Rain Snowmelt Dam B,1,8.582474708557129,7.9290337562561035,3.0,3.288239300753924,21,4,0.0,0.0,True,-0.33
cell-044-035,0,0,1.0,DFO_3625_From_20100310_to_20100324,Heavy Rain Snowmelt Dam B,1,2.5678670406341553,1.0937743186950684,1.0,4.230429541957571,11,0,0.0,28.232498834840953,True,-0.717
cell-044-036,0,0,1.0,DFO_3625_From_20100310_to_20100324,Heavy Rain Snowmelt Dam B,1,5.03981351852417,9.096049308776855,4.0,3.38078713641576,21,2,0.0,0.0,True,-0.558
cell-044-037,0,0,1.0,DFO_3625_From_20100310_to_20100324,Heavy Rain Snowmelt Dam B,1,9.500150680541992,2.044318199157715,1.0,3.7789085354738137,22,33,86.50486965867148,0.0,False,-0.27
cell-044-038,0,0,1.0,DFO_3625_From_20100310_to_20100324,Heavy Rain Snowmelt Dam B,1,9.274430274963379,2.3565964698791504,5.0,4.764682309790214,22,29,127.21629383321851,0.0,False,-0.285
cell-044-039,0,0,1.0,DFO_3625_From_20100310_to_20100324,Heavy Rain Snowmelt Dam B,1,9.93830680847168,2.2226293087005615,1.0,3.7129329515620464,21,2,127.50503794673531,0.0,True,-0.242
cell-044-040,0,0,1.0,DFO_3625_From_20100310_to_20100324,Heavy Rain Snowmelt Dam B,1,4.057006359100342,1.6917650699615479,214.0,8.601195432601473,21,12,163.38008944948638,0.0,True,-0.621
cell-044-041,0,0,1.0,DFO_3625_From_20100310_to_20100324,Heavy Rain Snowmelt Dam B,1,13.861563682556152,0.5384353399276733,1.0,4.635745546013399,21,17,235.25817806526445,0.0,False,0.01
cell-044-042,0,0,1.0,DFO_3625_From_20100310_to_20100324,Heavy Rain Snowmelt Dam B,1,11.51529598236084,1.4560033082962036,1.0,4.033695755236973,21,16,320.2719735351859,0.0,False,-0.141
cell-045-007,0,0,1.0,DFO_3625_From_20100310_to_20100324,Heavy Rain Snowmelt Dam B,1,28.190385818481445,1.0176421403884888,1.0,4.277195585657291,21,1,447.9854750092675,0.0,False,0.933
cell-045-008,0,0,1.0,DFO_3625_From_20100310_to_20100324,Heavy Rain Snowmelt Dam B,1,26.422569274902344,5.405401229858398,27.0,5.589596971520265,21,12,364.70752670828983,0.0,False,0.819
cell-045-009,0,0,1.0,DFO_3625_From_20100310_to_20100324,Heavy Rain Snowmelt Dam B,1,17.132802963256836,4.400041580200195,5.0,4.234221391698754,22,22,277.69479439761426,0.0,False,0.221
cell-045-010,0,0,1.0,DFO_3625_From_20100310_to_20100324,Heavy Rain Snowmelt Dam B,1,14.759079933166504,9.553289413452148,3.0,3.1105884209762773,21,18,190.68206208693874,0.0,False,0.068
cell-045-011,0,0,1.0,DFO_3625_From_20100310_to_20100324,Heavy Rain Snowmelt Dam B,1,8.626030921936035,2.5385937690734863,8.0,5.109795946541442,21,16,103.66932977626314,0.0,False,-0.327
cell-045-012,0,0,1.0,DFO_3625_From_20100310_to_20100324,Heavy Rain Snowmelt Dam B,1,7.640783309936523,8.678903579711914,6.0,3.762097274158012,21,2,11.862960113182806,0.0,True,-0.39
cell-045-013,0,0,1.0,DFO_3625_From_20100310_to_20100324,Heavy Rain Snowmelt Dam B,1,6.691668510437012,2.811584949493408,28.0,6.195636864734815,21,19,0.0,0.0,True,-0.451
cell-045-014,0,0,1.0,DFO_3625_From_20100310_to_20100324,Heavy Rain Snowmelt Dam B,1,6.908303737640381,1.703839659690857,5.0,5.016995946664869,24,100,0.0,0.0,True,-0.437
cell-045-017,0,0,1.0,DFO_3625_From_20100310_to_20100324,Heavy Rain Snowmelt Dam B,1,8.065858840942383,1.2225432395935059,1.0,4.155986681550697,23,62,0.0,0.0,True,-0.363
cell-045-018,0,0,1.0,DFO_3625_From_20100310_to_20100324,Heavy Rain Snowmelt Dam B,1,6.820612907409668,3.82181453704834,5.0,4.358279502005504,24,96,0.0,0.0,True,-0.443
cell-045-019,0,0,1.0,DFO_3625_From_20100310_to_20100324,Heavy Rain Snowmelt Dam B,1,8.857253074645996,1.9616507291793823,1.0,3.811032349348779,24,94,66.4523935840592,0.0,False,-0.312
cell-045-020,0,0,1.0,DFO_3625_From_20100310_to_20100324,Heavy Rain Snowmelt Dam B,1,9.6239595413208,1.610781192779541,4.0,4.876431986167352,24,91,73.27790342317894,0.0,False,-0.263
cell-045-021,0,0,1.0,DFO_3625_From_20100310_to_20100324,Heavy Rain Snowmelt Dam B,1,7.320824146270752,3.5169529914855957,34.0,6.193970788883553,24,88,0.0,0.0,True,-0.411
cell-045-022,0,0,1.0,DFO_3625_From_20100310_to_20100324,Heavy Rain Snowmelt Dam B,1,11.693699836730957,5.183732032775879,5.0,4.0871618933247715,22,28,0.0,0.0,True,-0.129
cell-045-023,0,0,1.0,DFO_3625_From_20100310_to_20100324,Heavy Rain Snowmelt Dam B,1,15.944209098815918,3.884596109390259,2.0,3.6509022117531984,23,75,25.674720290568185,0.0,False,0.144
cell-045-024,0,0,1.0,DFO_3625_From_20100310_to_20100324,Heavy Rain Snowmelt Dam B,1,17.481279373168945,0.5244245529174805,1.0,4.648433234851385,21,12,74.10296065073649,0.0,False,0.243
cell-045-025,0,0,1.0,DFO_3625_From_20100310_to_20100324,Heavy Rain Snowmelt Dam B,1,18.304340362548828,0.7017168998718262,4.0,5.414946353179937,22,34,160.0463116759378,0.0,False,0.296
cell-045-026,0,0,1.0,DFO_3625_From_20100310_to_20100324,Heavy Rain Snowmelt Dam B,1,20.59429931640625,1.1388922929763794,1.0,4.203711780874659,22,44,248.47260061077742,0.0,False,0.444
cell-045-027,0,0,1.0,DFO_3625_From_20100310_to_20100324,Heavy Rain Snowmelt Dam B,1,18.37480354309082,0.44118359684944153,17.0,6.924547784838327,24,89,245.2721373831914,0.0,False,0.301
cell-045-028,0,0,1.0,DFO_3625_From_20100310_to_20100324,Heavy Rain Snowmelt Dam B,1,19.005578994750977,2.3599352836608887,2.0,4.070394748119864,24,96,151.101561671643,0.0,False,0.342
cell-045-029,0,0,1.0,DFO_3625_From_20100310_to_20100324,Heavy Rain Snowmelt Dam B,1,20.156293869018555,1.6136306524276733,1.0,3.958836524051484,21,6,58.7637748872532,0.0,False,0.416
cell-045-030,0,0,1.0,DFO_3625_From_20100310_to_20100324,Heavy Rain Snowmelt Dam B,1,14.285186767578125,14.315354347229004,8.0,3.524562730373235,22,26,0.0,0.0,True,0.038
cell-045-031,0,0,1.0,DFO_3625_From_20100310_to_20100324,Heavy Rain Snowmelt Dam B,1,-0.829451858997345,4.814876079559326,85.0,6.8163234522182785,21,19,0.0,20.54114784059814,True,-0.936
cell-045-032,0,0,1.0,DFO_3625_From_20100310_to_20100324,Heavy Rain Snowmelt Dam B,1,3.0710341930389404,3.431901216506958,1.0,3.3528399727192357,22,34,0.0,0.0,True,-0.685
cell-045-033,0,0,1.0,DFO_3625_From_20100310_to_20100324,Heavy Rain Snowmelt Dam B,1,8.932144165039062,1.7507961988449097,1.0,3.897955625628036,22,35,47.072620228447654,0.0,True,-0.307
cell-045-034,0,0,1.0,DFO_3625_From_20100310_to_20100324,Heavy Rain Snowmelt Dam B,1,6.275890350341797,11.457869529724121,3.0,2.934229647152515,21,3,0.0,8.337534485077876,True,-0.478
cell-045-035,0,0,1.0,DFO_3625_From_20100310_to_20100324,Heavy Rain Snowmelt Dam B,1,2.181375503540039,0.14073505997657776,8.0,6.582753732240431,95,0,0.0,19.95977528294828,True,-0.742
cell-045-036,0,0,1.0,DFO_3625_From_20100310_to_20100324,Heavy Rain Snowmelt Dam B,1,3.2760393619537354,2.5008084774017334,27.0,6.257010994893557,22,35,0.0,0.0,True,-0.671
cell-045-037,0,0,1.0,DFO_3625_From_20100310_to_20100324,Heavy Rain Snowmelt Dam B,1,7.2044453620910645,5.201109886169434,2.0,3.3909831822246788,21,3,80.32482434879057,0.0,False,-0.418
cell-045-038,0,0,1.0,DFO_3625_From_20100310_to_20100324,Heavy Rain Snowmelt Dam B,1,6.973516464233398,2.4906654357910156,12.0,5.493065660378058,21,13,180.32482434879057,0.0,False,-0.433
cell-045-039,0,0,1.0,DFO_3625_From_20100310_to_20100324,Heavy Rain Snowmelt Dam B,1,11.081514358520508,1.6893056631088257,1.0,3.9247918909515986,22,23,227.38837610891687,0.0,False,-0.169
cell-045-040,0,0,1.0,DFO_3625_From_20100310_to_20100324,Heavy Rain Snowmelt Dam B,1,5.430453300476074,0.2296931892633438,8.0,6.4652853416257,21,9,249.41417976983647,0.0,False,-0.533
cell-045-041,0,0,1.0,DFO_3625_From_20100310_to_20100324,Heavy Rain Snowmelt Dam B,1,9.141213417053223,5.812559604644775,2.0,3.2896759324593603,22,30,304.33798513298365,0.0,False,-0.294
cell-045-042,0,0,1.0,DFO_3625_From_20100310_to_20100324,Heavy Rain Snowmelt Dam B,1,7.048190116882324,1.1312896013259888,9.0,5.817602193295408,22,43,375.96317060412315,0.0,False,-0.428
cell-046-007,0,0,1.0,DFO_3625_From_20100310_to_20100324,Heavy Rain Snowmelt Dam B,1,28.606651306152344,5.849719524383545,5.0,3.9769786076267803,21,5,501.00295796931425,0.0,False,0.96
cell-046-008,0,0,1.0,DFO_3625_From_20100310_to_20100324,Heavy Rain Snowmelt Dam B,1,18.136762619018555,4.053455352783203,10.0,4.912876878071671,21,2,413.9902256586386,0.0,False,0.286
cell-046-009,0,0,1.0,DFO_3625_From_20100310_to_20100324,Heavy Rain Snowmelt Dam B,1,15.903624534606934,8.703670501708984,10.0,4.211366321885605,21,5,326.9774933479631,0.0,False,0.142
cell-046-010,0,0,1.0,DFO_3625_From_20100310_to_20100324,Heavy Rain Snowmelt Dam B,1,15.332651138305664,14.123270034790039,4.0,2.950321367425628,22,41,235.04494273629336,0.0,False,0.105
cell-046-011,0,0,1.0,DFO_3625_From_20100310_to_20100324,Heavy Rain Snowmelt Dam B,1,18.973196029663086,19.0275821685791,3.0,2.4223088883340207,21,5,144.793732028047,0.0,False,0.34
cell-046-012,0,0,1.0,DFO_3625_From_20100310_to_20100324,Heavy Rain Snowmelt Dam B,1,17.658111572265625,9.69521713256836,2.0,2.8087150217445167,21,2,59.74280383481521,6.731243428749615,False,0.255
cell-046-013,0,0,1.0,DFO_3625_From_20100310_to_20100324,Heavy Rain Snowmelt Dam B,1,15.475650787353516,1.2025476694107056,1.0,4.167189538446624,23,61,8.309137373231351,0.0,True,0.114
cell-046-014,0,0,1.0,DFO_3625_From_20100310_to_20100324,Heavy Rain Snowmelt Dam B,1,9.602944374084473,1.9005838632583618,198.0,8.435598909691567,23,57,6.583499978296459,0.0,True,-0.264
cell-046-017,0,0,1.0,DFO_3625_From_20100310_to_20100324,Heavy Rain Snowmelt Dam B,1,7.284039497375488,1.7445601224899292,2.0,4.306109768733968,23,60,14.741069112200712,0.0,True,-0.413
cell-046-018,0,0,1.0,DFO_3625_From_20100310_to_20100324,Heavy Rain Snowmelt Dam B,1,6.6492133140563965,2.5762014389038086,2.0,3.9991522494209555,23,78,0.0,0.0,True,-0.454
cell-046-019,0,0,1.0,DFO_3625_From_20100310_to_20100324,Heavy Rain Snowmelt Dam B,1,11.625333786010742,6.904379367828369,2.0,3.13047697612821,23,72,5.444646850076815,0.0,True,-0.134
cell-046-020,0,0,1.0,DFO_3625_From_20100310_to_20100324,Heavy Rain Snowmelt Dam B,1,14.226360321044922,4.2653326988220215,1.0,3.163181850918224,24,80,77.5691157548379,0.0,False,0.034
cell-046-021,0,0,1.0,DFO_3625_From_20100310_to_20100324,Heavy Rain Snowmelt Dam B,1,6.512487411499023,6.327977180480957,9.0,4.415415458899776,22,44,0.0,0.0,True,-0.463
cell-046-022,0,0,1.0,DFO_3625_From_20100310_to_20100324,Heavy Rain Snowmelt Dam B,1,10.853116989135742,10.80872917175293,8.0,3.8020824530449007,21,3,0.0,12.616181776631054,True,-0.183
cell-046-023,0,0,1.0,DFO_3625_From_20100310_to_20100324,Heavy Rain Snowmelt Dam B,1,16.229095458984375,4.584104537963867,7.0,4.485401681960618,22,33,98.5668620467186,0.0,False,0.163
cell-046-024,0,0,1.0,DFO_3625_From_20100310_to_20100324,Heavy Rain Snowmelt Dam B,1,19.39617347717285,1.6942451000213623,3.0,4.615756604735805,22,23,151.88495221875658,0.0,False,0.367
cell-046-025,0,0,1.0,DFO_3625_From_20100310_to_20100324,Heavy Rain Snowmelt Dam B,1,18.887784957885742,0.5500652194023132,3.0,5.31848204956207,22,28,215.18540600554675,0.0,False,0.334
cell-046-026,0,0,1.0,DFO_3625_From_20100310_to_20100324,Heavy Rain Snowmelt Dam B,1,19.431827545166016,1.3460843563079834,5.0,5.1880311150783855,22,43,295.97409228412886,0.0,False,0.369
cell-046-027,0,0,1.0,DFO_3625_From_20100310_to_20100324,Heavy Rain Snowmelt Dam B,1,18.46307373046875,0.545861542224884,21.0,7.026980750883866,22,32,281.9528271896963,0.0,False,0.307
cell-046-028,0,0,1.0,DFO_3625_From_20100310_to_20100324,Heavy Rain Snowmelt Dam B,1,19.753192901611328,1.1115694046020508,1.0,4.219806410032478,22,32,199.45459975772286,0.0,False,0.39
cell-046-029,0,0,1.0,DFO_3625_From_20100310_to_20100324,Heavy Rain Snowmelt Dam B,1,20.54410743713379,2.798872709274292,4.0,4.441548463605896,22,45,133.9898961431295,0.0,False,0.441
cell-046-030,0,0,1.0,DFO_3625_From_20100310_to_20100324,Heavy Rain Snowmelt Dam B,1,20.327800750732422,2.7322041988372803,4.0,4.461552445404667,24,98,50.43338651192372,0.0,False,0.427
cell-046-031,0,0,1.0,DFO_3625_From_20100310_to_20100324,Heavy Rain Snowmelt Dam B,1,17.139131546020508,1.602187156677246,6.0,5.216849850074267,21,9,2.620528713830369,0.0,True,0.221
cell-046-032,0,0,1.0,DFO_3625_From_20100310_to_20100324,Heavy Rain Snowmelt Dam B,1,3.682339668273926,13.971901893615723,4.0,2.961109876809776,23,78,0.0,0.0,True,-0.645
cell-046-033,0,0,1.0,DFO_3625_From_20100310_to_20100324,Heavy Rain Snowmelt Dam B,1,3.3470163345336914,8.52070140838623,1.0,2.526851820285233,22,39,0.0,0.0,True,-0.667
cell-046-034,0,0,1.0,DFO_3625_From_20100310_to_20100324,Heavy Rain Snowmelt Dam B,1,8.060858726501465,2.8008358478546143,12.0,5.396476820229087,22,33,8.471669891241122,0.0,True,-0.363
cell-046-035,0,0,1.0,DFO_3625_From_20100310_to_20100324,Heavy Rain Snowmelt Dam B,1,3.459103584289551,7.773641109466553,5.0,3.7123916355629714,22,31,0.0,0.0,True,-0.66
cell-046-036,0,0,1.0,DFO_3625_From_20100310_to_20100324,Heavy Rain Snowmelt Dam B,1,4.838898658752441,0.923856258392334,1.0,4.337981770828984,81,0,15.558671343958952,0.0,True,-0.571
cell-046-037,0,0,1.0,DFO_3625_From_20100310_to_20100324,Heavy Rain Snowmelt Dam B,1,5.1025004386901855,3.186673402786255,3.0,4.109325778171839,21,2,91.39940399507672,0.0,False,-0.554
cell-046-038,0,0,1.0,DFO_3625_From_20100310_to_20100324,Heavy Rain Snowmelt Dam B,1,6.258811950683594,0.6946473717689514,3.0,5.197365100071962,21,8,185.5230872975473,0.0,False,-0.479
cell-046-039,0,0,1.0,DFO_3625_From_20100310_to_20100324,Heavy Rain Snowmelt Dam B,1,9.503425598144531,3.1611289978027344,4.0,4.339301963781003,21,16,283.69663514072823,0.0,False,-0.27
cell-046-040,0,0,1.0,DFO_3625_From_20100310_to_20100324,Heavy Rain Snowmelt Dam B,1,8.45907211303711,3.257948637008667,6.0,4.650118382609066,21,8,343.10612427060875,0.0,False,-0.338
cell-046-041,0,0,1.0,DFO_3625_From_20100310_to_20100324,Heavy Rain Snowmelt Dam B,1,6.5152716636657715,1.6260473728179932,6.0,5.20593354879189,21,10,384.8843834667007,0.0,False,-0.463
cell-046-042,0,0,1.0,DFO_3625_From_20100310_to_20100324,Heavy Rain Snowmelt Dam B,1,7.352694034576416,0.5563544034957886,2.0,5.025214955459903,22,42,445.5896820630906,0.0,False,-0.409
cell-047-007,0,0,1.0,DFO_3625_From_20100310_to_20100324,Heavy Rain Snowmelt Dam B,1,37.477622985839844,23.050256729125977,4.0,2.4406745902288898,21,15,540.1332094942253,0.0,False,1.531
cell-047-008,0,0,1.0,DFO_3625_From_20100310_to_20100324,Heavy Rain Snowmelt Dam B,1,33.707462310791016,14.346402168273926,3.0,2.7114579957493814,41,0,458.22710833674057,0.0,False,1.288
cell-047-009,0,0,1.0,DFO_3625_From_20100310_to_20100324,Heavy Rain Snowmelt Dam B,1,35.14269256591797,4.436183929443359,1.0,3.1283371751580464,41,0,368.28899799956343,0.0,False,1.381
cell-047-010,0,0,1.0,DFO_3625_From_20100310_to_20100324,Heavy Rain Snowmelt Dam B,1,31.981172561645508,10.211657524108887,3.0,3.0462971006770627,21,2,280.53628883764935,0.0,False,1.177
cell-047-011,0,0,1.0,DFO_3625_From_20100310_to_20100324,Heavy Rain Snowmelt Dam B,1,23.31393051147461,4.283959865570068,3.0,3.852471306151457,21,9,201.1514716218724,0.0,False,0.619
cell-047-012,0,0,1.0,DFO_3625_From_20100310_to_20100324,Heavy Rain Snowmelt Dam B,1,24.984994888305664,12.506989479064941,5.0,3.2535420886680955,41,0,139.88107366061885,0.0,False,0.727
cell-047-013,0,0,1.0,DFO_3625_From_20100310_to_20100324,Heavy Rain Snowmelt Dam B,1,27.138689041137695,7.834493637084961,1.0,2.6064214159057473,22,32,108.30913737323135,0.0,False,0.865
cell-047-014,0,0,1.0,DFO_3625_From_20100310_to_20100324,Heavy Rain Snowmelt Dam B,1,13.06590747833252,3.221114158630371,1.0,3.407039111385985,23,50,106.58349997829646,0.0,False,-0.041
cell-047-017,0,0,1.0,DFO_3625_From_20100310_to_20100324,Heavy Rain Snowmelt Dam B,1,7.326752662658691,0.5328555107116699,15.0,6.720220723125811,23,67,73.18474099442842,0.0,True,-0.41
cell-047-018,0,0,1.0,DFO_3625_From_20100310_to_20100324,Heavy Rain Snowmelt Dam B,1,6.821916580200195,1.2318589687347412,2.0,4.5562749935430675,23,78,0.0,0.0,True,-0.443
cell-047-019,0,0,1.0,DFO_3625_From_20100310_to_20100324,Heavy Rain Snowmelt Dam B,1,6.477595329284668,7.0695576667785645,10.0,4.40768351913099,21,16,0.0,0.0,True,-0.465
cell-047-020,0,0,1.0,DFO_3625_From_20100310_to_20100324,Heavy Rain Snowmelt Dam B,1,12.443950653076172,0.6620454788208008,1.0,4.5302767213868504,23,67,25.117961957119405,0.0,False,-0.081
cell-047-021,0,0,1.0,DFO_3625_From_20100310_to_20100324,Heavy Rain Snowmelt Dam B,1,5.7001471519470215,1.2637999057769775,7.0,5.519554989921126,22,40,0.0,0.0,True,-0.515
cell-047-022,0,0,1.0,DFO_3625_From_20100310_to_20100324,Heavy Rain Snowmelt Dam B,1,11.712728500366211,6.488567352294922,3.0,3.475919716208156,22,47,6.959042313043027,0.0,True,-0.128
cell-047-023,0,0,1.0,DFO_3625_From_20100310_to_20100324,Heavy Rain Snowmelt Dam B,1,15.767084121704102,2.534339427947998,6.0,4.859851609020897,22,37,106.95904231304303,0.0,False,0.133
cell-047-024,0,0,1.0,DFO_3625_From_20100310_to_20100324,Heavy Rain Snowmelt Dam B,1,17.519739151000977,1.7841182947158813,8.0,5.387784990901404,22,48,205.70527730589444,0.0,False,0.246
cell-047-025,0,0,1.0,DFO_3625_From_20100310_to_20100324,Heavy Rain Snowmelt Dam B,1,17.97463607788086,1.2063144445419312,4.0,5.081360324082254,22,41,289.7378218030327,0.0,False,0.275
cell-047-026,0,0,1.0,DFO_3625_From_20100310_to_20100324,Heavy Rain Snowmelt Dam B,1,20.145654678344727,0.7162615656852722,1.0,4.487308303117931,21,11,356.53649061258704,0.0,False,0.415
cell-047-027,0,0,1.0,DFO_3625_From_20100310_to_20100324,Heavy Rain Snowmelt Dam B,1,19.56304168701172,0.8092740178108215,1.0,4.417635803846823,23,73,340.7507791480851,0.0,False,0.378
cell-047-028,0,0,1.0,DFO_3625_From_20100310_to_20100324,Heavy Rain Snowmelt Dam B,1,18.522302627563477,3.3146324157714844,6.0,4.635395669103821,24,80,272.4849633545425,0.0,False,0.311
cell-047-029,0,0,1.0,DFO_3625_From_20100310_to_20100324,Heavy Rain Snowmelt Dam B,1,18.27571678161621,2.5417916774749756,3.0,4.297837029821807,22,40,191.3576362097134,0.0,False,0.295
cell-047-030,0,0,1.0,DFO_3625_From_20100310_to_20100324,Heavy Rain Snowmelt Dam B,1,18.703916549682617,1.3943678140640259,1.0,4.064559228964539,23,69,132.5690974400385,0.0,False,0.322
cell-047-031,0,0,1.0,DFO_3625_From_20100310_to_20100324,Heavy Rain Snowmelt Dam B,1,15.127327919006348,2.840254068374634,44.0,6.6265536487754355,24,84,70.4518498690989,0.0,False,0.092
cell-047-032,0,0,1.0,DFO_3625_From_20100310_to_20100324,Heavy Rain Snowmelt Dam B,1,14.149271011352539,10.856870651245117,19.0,4.59626440593885,22,41,28.54888968433532,0.0,False,0.029
cell-047-033,0,0,1.0,DFO_3625_From_20100310_to_20100324,Heavy Rain Snowmelt Dam B,1,8.481268882751465,2.8963472843170166,2.0,3.902173412088646,24,96,0.0,0.0,True,-0.336
cell-047-034,0,0,1.0,DFO_3625_From_20100310_to_20100324,Heavy Rain Snowmelt Dam B,1,6.551375865936279,0.3205094635486603,202.0,9.474074794450406,23,74,0.0,0.0,True,-0.46
cell-047-035,0,0,1.0,DFO_3625_From_20100310_to_20100324,Heavy Rain Snowmelt Dam B,1,8.207307815551758,0.7996330857276917,1.0,4.424636183482662,24,92,47.44847307516246,0.0,False,-0.354
cell-047-036,0,0,1.0,DFO_3625_From_20100310_to_20100324,Heavy Rain Snowmelt Dam B,1,6.444681644439697,3.7243640422821045,15.0,5.361601758243696,71,0,106.4358576087955,16.79933594392944,False,-0.467
cell-047-037,0,0,1.0,DFO_3625_From_20100310_to_20100324,Heavy Rain Snowmelt Dam B,1,8.207755088806152,4.747005462646484,1.0,3.06786257415536,21,4,152.40463424555776,0.0,False,-0.354
cell-047-038,0,0,1.0,DFO_3625_From_20100310_to_20100324,Heavy Rain Snowmelt Dam B,1,7.993227958679199,3.18017315864563,2.0,3.823377976710255,22,22,228.17590743844258,0.0,False,-0.368
cell-047-039,0,0,1.0,DFO_3625_From_20100310_to_20100324,Heavy Rain Snowmelt Dam B,1,8.459685325622559,1.9003218412399292,14.0,5.850450226680526,21,12,314.96927905189494,0.0,False,-0.337
cell-047-040,0,0,1.0,DFO_3625_From_20100310_to_20100324,Heavy Rain Snowmelt Dam B,1,13.891077995300293,1.3883469104766846,1.0,4.0676256375748485,21,13,406.5348836400495,0.0,False,0.012
cell-047-041,0,0,1.0,DFO_3625_From_20100310_to_20100324,Heavy Rain Snowmelt Dam B,1,10.100346565246582,3.3264944553375244,45.0,6.515072952944292,21,2,472.91687227067763,0.0,False,-0.232
cell-047-042,0,0,1.0,DFO_3625_From_20100310_to_20100324,Heavy Rain Snowmelt Dam B,1,9.613653182983398,1.88395094871521,1.0,3.8421938183189566,22,24,523.511742182374,0.0,False,-0.263
cell-048-008,0,0,1.0,DFO_3625_From_20100310_to_20100324,Heavy Rain Snowmelt Dam B,1,45.04389953613281,2.3425023555755615,1.0,3.670898637019038,43,0,440.9175124678743,0.0,False,2.018
cell-048-009,0,0,1.0,DFO_3625_From_20100310_to_20100324,Heavy Rain Snowmelt Dam B,1,33.81993865966797,2.7280662059783936,2.0,3.9519817175240535,41,0,358.9740542670539,0.0,False,1.296
cell-048-010,0,0,1.0,DFO_3625_From_20100310_to_20100324,Heavy Rain Snowmelt Dam B,1,30.721866607666016,5.862798690795898,2.0,3.2817821406377834,21,9,288.6147888040307,0.0,False,1.096
cell-048-011,0,0,1.0,DFO_3625_From_20100310_to_20100324,Heavy Rain Snowmelt Dam B,1,26.506006240844727,10.458988189697266,3.0,3.0231097443559385,21,9,240.2802967283517,0.0,False,0.825
cell-048-012,0,0,1.0,DFO_3625_From_20100310_to_20100324,Heavy Rain Snowmelt Dam B,1,35.81126022338867,1.3250946998596191,1.0,4.1004212637307225,21,4,225.93873251695186,0.0,False,1.424
cell-048-013,0,0,1.0,DFO_3625_From_20100310_to_20100324,Heavy Rain Snowmelt Dam B,1,35.86220932006836,6.45741081237793,2.0,3.192698955922673,22,21,208.30913737323135,0.0,False,1.427
cell-048-014,0,0,1.0,DFO_3625_From_20100310_to_20100324,Heavy Rain Snowmelt Dam B,1,19.110868453979492,26.4761962890625,3.0,2.0634442657198244,22,23,206.58349997829646,0.0,False,0.348
cell-048-015,0,0,1.0,DFO_3625_From_20100310_to_20100324,Heavy Rain Snowmelt Dam B,1,15.257837295532227,6.35720157623291,1.0,2.8017155490905723,22,32,207.13435568892936,0.0,False,0.1
cell-048-016,0,0,1.0,DFO_3625_From_20100310_to_20100324,Heavy Rain Snowmelt Dam B,1,7.709973335266113,1.2126353979110718,2.0,4.566987149429813,24,95,213.5938077414205,0.0,True,-0.386
cell-048-017,0,0,1.0,DFO_3625_From_20100310_to_20100324,Heavy Rain Snowmelt Dam B,1,6.445019721984863,0.420695036649704,33.0,7.580947267474815,23,79,131.7519199463843,0.0,True,-0.467
cell-048-018,0,0,1.0,DFO_3625_From_20100310_to_20100324,Heavy Rain Snowmelt Dam B,1,6.216856002807617,0.6722872257232666,9.0,6.131455009997711,24,80,40.737237070018914,0.0,True,-0.482
cell-048-019,0,0,1.0,DFO_3625_From_20100310_to_20100324,Heavy Rain Snowmelt Dam B,1,5.8725104331970215,0.09942793101072311,1.0,5.138297131885966,21,11,0.0,0.0,True,-0.504
cell-048-020,0,0,1.0,DFO_3625_From_20100310_to_20100324,Heavy Rain Snowmelt Dam B,1,5.721654415130615,6.714951038360596,5.0,3.849536964754155,22,35,0.0,0.0,True,-0.514
cell-048-021,0,0,1.0,DFO_3625_From_20100310_to_20100324,Heavy Rain Snowmelt Dam B,1,11.237719535827637,8.335563659667969,1.0,2.5477301240574817,23,60,0.0,0.0,True,-0.159
cell-048-022,0,0,1.0,DFO_3625_From_20100310_to_20100324,Heavy Rain Snowmelt Dam B,1,13.063495635986328,4.375790119171143,4.0,4.056808619583235,24,80,32.11534467865507,0.0,False,-0.041
cell-048-023,0,0,1.0,DFO_3625_From_20100310_to_20100324,Heavy Rain Snowmelt Dam B,1,16.67630958557129,0.8890430927276611,52.0,7.638664124009403,21,19,124.32739953788308,0.0,False,0.192
cell-048-024,0,0,1.0,DFO_3625_From_20100310_to_20100324,Heavy Rain Snowmelt Dam B,1,16.55447769165039,0.08172275871038437,52.0,8.442126722029903,22,38,219.34792169872756,0.0,False,0.184
cell-048-025,0,0,1.0,DFO_3625_From_20100310_to_20100324,Heavy Rain Snowmelt Dam B,1,16.91504669189453,0.48497530817985535,67.0,8.211406654662243,23,61,316.1344864889348,0.0,False,0.207
cell-048-026,0,0,1.0,DFO_3625_From_20100310_to_20100324,Heavy Rain Snowmelt Dam B,1,18.79610824584961,1.5277265310287476,5.0,5.097550907263045,22,49,413.9236910473126,0.0,False,0.328
cell-048-027,0,0,1.0,DFO_3625_From_20100310_to_20100324,Heavy Rain Snowmelt Dam B,1,19.696712493896484,1.592875599861145,2.0,4.3738445534321615,22,38,410.9632653442656,0.0,False,0.386
cell-048-028,0,0,1.0,DFO_3625_From_20100310_to_20100324,Heavy Rain Snowmelt Dam B,1,18.772907257080078,1.6711905002593994,1.0,3.932836854209996,22,25,332.70401770414037,0.0,False,0.327
cell-048-029,0,0,1.0,DFO_3625_From_20100310_to_20100324,Heavy Rain Snowmelt Dam B,1,16.854293823242188,3.1624860763549805,1.0,3.422647039870954,23,56,268.84806694574263,0.0,False,0.203
cell-048-030,0,0,1.0,DFO_3625_From_20100310_to_20100324,Heavy Rain Snowmelt Dam B,1,16.64203643798828,1.5080502033233643,9.0,5.617792314945646,23,67,211.8432127969021,0.0,False,0.189
cell-048-031,0,0,1.0,DFO_3625_From_20100310_to_20100324,Heavy Rain Snowmelt Dam B,1,17.664222717285156,3.889291763305664,2.0,3.6498459575697777,23,60,158.8653120727292,0.0,False,0.255
cell-048-032,0,0,1.0,DFO_3625_From_20100310_to_20100324,Heavy Rain Snowmelt Dam B,1,19.442428588867188,7.153180122375488,4.0,3.6082269476408007,23,64,120.89186207021426,0.0,False,0.37
cell-048-033,0,0,1.0,DFO_3625_From_20100310_to_20100324,Heavy Rain Snowmelt Dam B,1,16.991987228393555,7.237814426422119,2.0,3.0863870081514655,23,71,52.496678491646605,0.0,False,0.212
cell-048-034,0,0,1.0,DFO_3625_From_20100310_to_20100324,Heavy Rain Snowmelt Dam B,1,7.046690940856934,3.908702850341797,56.0,6.589929964162345,21,4,0.0,0.0,True,-0.428
cell-048-035,0,0,1.0,DFO_3625_From_20100310_to_20100324,Heavy Rain Snowmelt Dam B,1,12.676823616027832,5.783718585968018,2.0,3.294235320660339,22,36,8.758768088554167,0.0,False,-0.066
cell-048-036,0,0,1.0,DFO_3625_From_20100310_to_20100324,Heavy Rain Snowmelt Dam B,1,9.941718101501465,1.874096393585205,16.0,5.986282128945852,23,54,99.10618574179547,0.0,False,-0.242
cell-048-037,0,0,1.0,DFO_3625_From_20100310_to_20100324,Heavy Rain Snowmelt Dam B,1,10.943979263305664,1.2431381940841675,24.0,6.67030619154313,23,62,177.03243165711353,0.0,False,-0.178
cell-048-038,0,0,1.0,DFO_3625_From_20100310_to_20100324,Heavy Rain Snowmelt Dam B,1,16.17572593688965,0.9854315519332886,1.0,4.297658971728377,23,51,245.8732426290388,0.0,False,0.159
cell-048-039,0,0,1.0,DFO_3625_From_20100310_to_20100324,Heavy Rain Snowmelt Dam B,1,13.97380542755127,6.1483378410339355,2.0,3.2380371218930213,21,16,324.9324461193572,0.0,False,0.018
cell-048-040,0,0,1.0,DFO_3625_From_20100310_to_20100324,Heavy Rain Snowmelt Dam B,1,11.851761817932129,0.611530065536499,1.0,4.572044078395617,21,9,412.0756526613764,0.0,False,-0.119
cell-048-041,0,0,1.0,DFO_3625_From_20100310_to_20100324,Heavy Rain Snowmelt Dam B,1,12.065204620361328,2.437103748321533,18.0,5.890216881708526,21,7,504.01546850418157,0.0,False,-0.105
cell-048-042,0,0,1.0,DFO_3625_From_20100310_to_20100324,Heavy Rain Snowmelt Dam B,1,10.97127628326416,1.4729509353637695,2.0,4.430838554775315,21,8,598.5456051686288,0.0,False,-0.176
cell-049-008,0,0,1.0,DFO_3625_From_20100310_to_20100324,Heavy Rain Snowmelt Dam B,1,43.294944763183594,2.688528299331665,1.0,3.558585866028344,21,3,341.05585470515206,0.0,False,1.906
cell-049-009,0,0,1.0,DFO_3625_From_20100310_to_20100324,Heavy Rain Snowmelt Dam B,1,35.56194305419922,11.341697692871094,6.0,3.50381569165016,21,1,304.00915649700545,0.0,False,1.408
cell-049-010,0,0,1.0,DFO_3625_From_20100310_to_20100324,Heavy Rain Snowmelt Dam B,1,30.77473258972168,3.9976210594177246,2.0,3.62577836674803,21,2,218.70658001325629,0.0,False,1.1
cell-049-011,0,0,1.0,DFO_3625_From_20100310_to_20100324,Heavy Rain Snowmelt Dam B,1,31.29453468322754,3.2697389125823975,7.0,4.780569565238281,21,3,149.22698422391431,0.0,False,1.133
cell-049-012,0,0,1.0,DFO_3625_From_20100310_to_20100324,Heavy Rain Snowmelt Dam B,1,33.61726379394531,7.080652713775635,1.0,2.7014692581672075,22,24,125.93873251695187,0.0,False,1.283
cell-049-013,0,0,1.0,DFO_3625_From_20100310_to_20100324,Heavy Rain Snowmelt Dam B,1,37.00575256347656,7.446798801422119,1.0,2.6542156422557523,21,8,126.66827109542446,0.0,False,1.501
cell-049-014,0,0,1.0,DFO_3625_From_20100310_to_20100324,Heavy Rain Snowmelt Dam B,1,30.829437255859375,4.752429962158203,1.0,3.066838574342491,22,39,162.05210902822353,0.0,False,1.103
cell-049-015,0,0,1.0,DFO_3625_From_20100310_to_20100324,Heavy Rain Snowmelt Dam B,1,13.740153312683105,2.379856586456299,1.0,3.6581516654280106,24,85,235.25624337536323,0.0,False,0.003
cell-049-016,0,0,1.0,DFO_3625_From_20100310_to_20100324,Heavy Rain Snowmelt Dam B,1,7.9593706130981445,3.072164297103882,4.0,4.363466678177501,23,72,264.1103931563058,0.0,True,-0.37
cell-049-017,0,0,1.0,DFO_3625_From_20100310_to_20100324,Heavy Rain Snowmelt Dam B,1,6.469271659851074,0.17998670041561127,1.0,5.025137161327259,23,76,176.3407992227003,0.0,True,-0.466
cell-049-018,0,0,1.0,DFO_3625_From_20100310_to_20100324,Heavy Rain Snowmelt Dam B,1,6.3978986740112305,0.28496813774108887,1.0,4.894608931274197,23,71,76.3407992227003,0.0,True,-0.47
cell-049-019,0,0,1.0,DFO_3625_From_20100310_to_20100324,Heavy Rain Snowmelt Dam B,1,6.585819244384766,1.2080498933792114,1.0,4.164094282335049,23,59,0.0,0.0,True,-0.458
cell-049-020,0,0,1.0,DFO_3625_From_20100310_to_20100324,Heavy Rain Snowmelt Dam B,1,8.131218910217285,3.2382800579071045,2.0,3.8079798225096213,22,24,0.0,0.0,True,-0.359
cell-049-021,0,0,1.0,DFO_3625_From_20100310_to_20100324,Heavy Rain Snowmelt Dam B,1,10.149727821350098,2.154254674911499,6.0,4.990484749653954,23,78,47.087901348248124,0.0,False,-0.229
cell-049-022,0,0,1.0,DFO_3625_From_20100310_to_20100324,Heavy Rain Snowmelt Dam B,1,17.000391006469727,8.602834701538086,1.0,2.517720800542678,23,65,81.30959303985487,0.0,False,0.213
cell-049-023,0,0,1.0,DFO_3625_From_20100310_to_20100324,Heavy Rain Snowmelt Dam B,1,17.845401763916016,0.5635886788368225,12.0,6.485166110896271,24,83,163.08325577495356,0.0,False,0.267
cell-049-024,0,0,1.0,DFO_3625_From_20100310_to_20100324,Heavy Rain Snowmelt Dam B,1,18.973073959350586,0.19855332374572754,1.0,5.000777308822437,22,38,254.45678352136457,0.0,False,0.34
cell-049-025,0,0,1.0,DFO_3625_From_20100310_to_20100324,Heavy Rain Snowmelt Dam B,1,17.9123592376709,1.7925418615341187,3.0,4.573284772113467,22,22,346.72738173930037,0.0,False,0.271
cell-049-026,0,0,1.0,DFO_3625_From_20100310_to_20100324,Heavy Rain Snowmelt Dam B,1,19.052438735961914,0.48370712995529175,4.0,5.602536396865819,22,41,440.5200718753212,0.0,False,0.345
cell-049-027,0,0,1.0,DFO_3625_From_20100310_to_20100324,Heavy Rain Snowmelt Dam B,1,19.46033477783203,1.7816087007522583,4.0,4.801064276432801,21,9,474.0951189974274,0.0,False,0.371
cell-049-028,0,0,1.0,DFO_3625_From_20100310_to_20100324,Heavy Rain Snowmelt Dam B,1,18.897533416748047,5.79049015045166,2.0,3.2931629884587545,22,38,408.126622252507,0.0,False,0.335
cell-049-029,0,0,1.0,DFO_3625_From_20100310_to_20100324,Heavy Rain Snowmelt Dam B,1,14.645184516906738,0.6507777571678162,69.0,8.09479126104242,22,43,353.2585886659361,0.0,False,0.061
cell-049-030,0,0,1.0,DFO_3625_From_20100310_to_20100324,Heavy Rain Snowmelt Dam B,1,16.18846321105957,1.0547932386398315,1.0,4.254101577542194,22,20,291.87389553244066,0.0,False,0.16
cell-049-031,0,0,1.0,DFO_3625_From_20100310_to_20100324,Heavy Rain Snowmelt Dam B,1,13.66865348815918,3.4211649894714355,19.0,5.658116419966701,22,46,251.71584365466327,0.0,False,-0.002
cell-049-032,0,0,1.0,DFO_3625_From_20100310_to_20100324,Heavy Rain Snowmelt Dam B,1,14.814657211303711,1.4483613967895508,96.0,7.919035031270918,23,66,159.3536317424983,0.0,False,0.072
cell-049-033,0,0,1.0,DFO_3625_From_20100310_to_20100324,Heavy Rain Snowmelt Dam B,1,17.5290470123291,2.413055658340454,2.0,4.052422061115697,23,66,68.23913182478357,0.0,False,0.247
cell-049-034,0,0,1.0,DFO_3625_From_20100310_to_20100324,Heavy Rain Snowmelt Dam B,1,11.135602951049805,4.425348281860352,8.0,4.634589298772628,22,23,0.0,0.0,True,-0.165
cell-049-035,0,0,1.0,DFO_3625_From_20100310_to_20100324,Heavy Rain Snowmelt Dam B,1,11.33240795135498,3.30269455909729,13.0,5.331625645737272,23,51,0.0,0.0,True,-0.152
cell-049-036,0,0,1.0,DFO_3625_From_20100310_to_20100324,Heavy Rain Snowmelt Dam B,1,15.002633094787598,3.63810396194458,3.0,3.9956442339854465,21,19,37.81347657135752,0.0,False,0.084
cell-049-037,0,0,1.0,DFO_3625_From_20100310_to_20100324,Heavy Rain Snowmelt Dam B,1,12.160536766052246,1.7611151933670044,1.0,3.893521661627492,22,30,104.54128508277721,0.0,True,-0.099
cell-049-038,0,0,1.0,DFO_3625_From_20100310_to_20100324,Heavy Rain Snowmelt Dam B,1,9.138789176940918,3.76004958152771,20.0,5.625240542826133,21,1,188.51717318837933,0.0,True,-0.294
cell-049-039,0,0,1.0,DFO_3625_From_20100310_to_20100324,Heavy Rain Snowmelt Dam B,1,15.582582473754883,3.852644920349121,2.0,3.65811929740357,21,2,282.42516453412526,0.0,True,0.121
cell-049-040,0,0,1.0,DFO_3625_From_20100310_to_20100324,Heavy Rain Snowmelt Dam B,1,16.355382919311523,3.5972461700439453,8.0,4.816351989182253,21,15,379.459118400544,0.0,False,0.171
cell-049-041,0,0,1.0,DFO_3625_From_20100310_to_20100324,Heavy Rain Snowmelt Dam B,1,17.538291931152344,5.321264266967773,3.0,3.6579475043116716,21,15,471.88613013944905,0.0,False,0.247
cell-049-042,0,0,1.0,DFO_3625_From_20100310_to_20100324,Heavy Rain Snowmelt Dam B,1,15.780630111694336,2.9796535968780518,35.0,6.3633063320207475,21,14,560.7336314948834,0.0,False,0.134
cell-050-009,0,0,1.0,DFO_3625_From_20100310_to_20100324,Heavy Rain Snowmelt Dam B,1,35.0236701965332,7.220114231109619,4.0,3.5995063420251405,21,6,228.2750636814703,13.528955524670891,False,1.373
cell-050-010,0,0,1.0,DFO_3625_From_20100310_to_20100324,Heavy Rain Snowmelt Dam B,1,34.138816833496094,8.083900451660156,2.0,2.9822607441648725,23,50,165.86874872797435,0.0,False,1.316
cell-050-011,0,0,1.0,DFO_3625_From_20100310_to_20100324,Heavy Rain Snowmelt Dam B,1,37.39181137084961,7.109721660614014,2.0,3.10310300361622,41,0,82.47887393305037,0.0,False,1.526
cell-050-012,0,0,1.0,DFO_3625_From_20100310_to_20100324,Heavy Rain Snowmelt Dam B,1,28.27854347229004,7.023593425750732,4.0,3.625322156494461,41,0,25.938732516951855,0.0,False,0.939
cell-050-015,0,0,1.0,DFO_3625_From_20100310_to_20100324,Heavy Rain Snowmelt Dam B,1,12.30805778503418,17.505416870117188,34.0,4.678039827154845,23,71,196.16481990140778,0.0,False,-0.09
cell-050-016,0,0,1.0,DFO_3625_From_20100310_to_20100324,Heavy Rain Snowmelt Dam B,1,7.933509826660156,3.0476818084716797,7.0,4.840223300520135,24,93,284.52187140610675,0.0,True,-0.371
cell-050-017,0,0,1.0,DFO_3625_From_20100310_to_20100324,Heavy Rain Snowmelt Dam B,1,6.214860916137695,0.4825906753540039,4.0,5.603593591683646,24,88,187.82919073944896,0.0,True,-0.482
cell-050-018,0,0,1.0,DFO_3625_From_20100310_to_20100324,Heavy Rain Snowmelt Dam B,1,7.061514854431152,0.9605475664138794,3.0,5.006906486140848,24,83,90.61243741086447,0.0,True,-0.428
cell-050-019,0,0,1.0,DFO_3625_From_20100310_to_20100324,Heavy Rain Snowmelt Dam B,1,7.40000581741333,0.40198180079460144,1.0,4.766747225547296,24,89,0.0,0.0,True,-0.406
cell-050-020,0,0,1.0,DFO_3625_From_20100310_to_20100324,Heavy Rain Snowmelt Dam B,1,7.471037864685059,2.1451728343963623,2.0,4.146525901997775,23,65,0.0,0.0,True,-0.401
cell-050-021,0,0,1.0,DFO_3625_From_20100310_to_20100324,Heavy Rain Snowmelt Dam B,1,10.818474769592285,6.727901458740234,3.0,3.442279317880515,22,20,50.1556471648629,0.0,True,-0.186
cell-050-022,0,0,1.0,DFO_3625_From_20100310_to_20100324,Heavy Rain Snowmelt Dam B,1,19.507259368896484,2.9566094875335693,3.0,4.172602023317435,23,64,131.75842943408972,0.0,False,0.374
cell-050-023,0,0,1.0,DFO_3625_From_20100310_to_20100324,Heavy Rain Snowmelt Dam B,1,19.091659545898438,0.40207287669181824,1.0,4.766653747481243,23,78,215.20030098486444,0.0,False,0.347
cell-050-024,0,0,1.0,DFO_3625_From_20100310_to_20100324,Heavy Rain Snowmelt Dam B,1,18.526958465576172,0.7053231000900269,6.0,5.74859310449546,24,96,300.02634694652284,0.0,False,0.311
cell-050-025,0,0,1.0,DFO_3625_From_20100310_to_20100324,Heavy Rain Snowmelt Dam B,1,19.092945098876953,2.3584015369415283,2.0,4.070918340950659,22,23,386.5122203804222,0.0,False,0.347
cell-050-026,0,0,1.0,DFO_3625_From_20100310_to_20100324,Heavy Rain Snowmelt Dam B,1,18.787010192871094,1.3497132062911987,3.0,4.7806761191709874,22,38,477.0897642560051,0.0,False,0.328
cell-050-027,0,0,1.0,DFO_3625_From_20100310_to_20100324,Heavy Rain Snowmelt Dam B,1,19.23843002319336,0.2913512885570526,1.0,4.887196117859303,22,46,548.307904604656,0.0,False,0.357
cell-050-028,0,0,1.0,DFO_3625_From_20100310_to_20100324,Heavy Rain Snowmelt Dam B,1,17.149560928344727,1.523457646369934,1.0,4.000973892553834,23,57,491.36008839884755,0.0,False,0.222
cell-050-029,0,0,1.0,DFO_3625_From_20100310_to_20100324,Heavy Rain Snowmelt Dam B,1,13.59804916381836,4.173173427581787,2.0,3.587952489661689,22,37,430.23767216669626,0.0,False,-0.007
cell-050-030,0,0,1.0,DFO_3625_From_20100310_to_20100324,Heavy Rain Snowmelt Dam B,1,15.130925178527832,3.5418097972869873,1.0,3.3256943448933733,23,54,381.18323787848965,0.0,False,0.092
cell-050-031,0,0,1.0,DFO_3625_From_20100310_to_20100324,Heavy Rain Snowmelt Dam B,1,13.827173233032227,1.191321611404419,2.0,4.57899960739685,23,75,290.8068041105471,0.0,False,0.008
cell-050-032,0,0,1.0,DFO_3625_From_20100310_to_20100324,Heavy Rain Snowmelt Dam B,1,14.925464630126953,2.842966079711914,2.0,3.917707743310171,21,9,208.07848066995584,0.0,False,0.079
cell-050-033,0,0,1.0,DFO_3625_From_20100310_to_20100324,Heavy Rain Snowmelt Dam B,1,18.683685302734375,1.9332126379013062,7.0,5.208619823592574,23,62,124.3246909785964,0.0,False,0.321
cell-050-034,0,0,1.0,DFO_3625_From_20100310_to_20100324,Heavy Rain Snowmelt Dam B,1,16.630470275878906,9.528007507324219,2.0,2.8254542547055608,22,21,34.14612921246459,0.0,False,0.189
cell-050-035,0,0,1.0,DFO_3625_From_20100310_to_20100324,Heavy Rain Snowmelt Dam B,1,12.610179901123047,6.6367716789245605,2.0,3.1672771753240867,23,52,0.0,0.0,True,-0.07
cell-050-036,0,0,1.0,DFO_3625_From_20100310_to_20100324,Heavy Rain Snowmelt Dam B,1,12.34410572052002,9.827826499938965,3.0,3.0833064008440956,22,22,0.0,0.0,True,-0.087
cell-050-037,0,0,1.0,DFO_3625_From_20100310_to_20100324,Heavy Rain Snowmelt Dam B,1,10.335770606994629,0.8589454889297485,12.0,6.254126864311493,23,59,69.0824530283904,0.0,True,-0.217
cell-050-038,0,0,1.0,DFO_3625_From_20100310_to_20100324,Heavy Rain Snowmelt Dam B,1,8.825362205505371,0.0496758408844471,29.0,7.923221335349999,90,0,162.66781186557455,21.377744839992374,True,-0.314
cell-050-039,0,0,1.0,DFO_3625_From_20100310_to_20100324,Heavy Rain Snowmelt Dam B,1,12.05597972869873,8.783514976501465,2.0,2.9033743993262897,90,0,248.90966672055202,0.0,True,-0.106
cell-050-040,0,0,1.0,DFO_3625_From_20100310_to_20100324,Heavy Rain Snowmelt Dam B,1,17.013309478759766,3.702294111251831,1.0,3.28732455529976,22,20,337.130994155303,0.0,False,0.213
cell-050-041,0,0,1.0,DFO_3625_From_20100310_to_20100324,Heavy Rain Snowmelt Dam B,1,20.04681396484375,2.4463047981262207,9.0,5.245306847502988,21,10,424.08348192485107,0.0,False,0.409
cell-051-009,0,0,1.0,DFO_3625_From_20100310_to_20100324,Heavy Rain Snowmelt Dam B,1,39.374053955078125,8.179195404052734,2.0,2.9711595403583693,41,0,140.44578386098146,26.839127334882505,False,1.653
cell-051-010,0,0,1.0,DFO_3625_From_20100310_to_20100324,Heavy Rain Snowmelt Dam B,1,31.845041275024414,2.961787223815918,8.0,4.982063588904639,22,34,87.48516284232986,0.0,False,1.168
cell-051-011,0,0,1.0,DFO_3625_From_20100310_to_20100324,Heavy Rain Snowmelt Dam B,1,37.43782043457031,9.648760795593262,1.0,2.4078742114590095,21,3,43.96394178457558,0.0,False,1.529
cell-051-012,0,0,1.0,DFO_3625_From_20100310_to_20100324,Heavy Rain Snowmelt Dam B,1,32.14809799194336,12.073674201965332,5.0,3.288311274680826,21,2,0.0,0.0,False,1.188
cell-051-015,0,0,1.0,DFO_3625_From_20100310_to_20100324,Heavy Rain Snowmelt Dam B,1,16.182157516479492,10.97390079498291,1.0,2.2832353192586847,22,47,192.53761983301956,0.0,False,0.16
cell-051-016,0,0,1.0,DFO_3625_From_20100310_to_20100324,Heavy Rain Snowmelt Dam B,1,8.538857460021973,0.4848024249076843,1.0,4.685209563257647,24,86,292.53761983301956,0.0,True,-0.332
cell-051-017,0,0,1.0,DFO_3625_From_20100310_to_20100324,Heavy Rain Snowmelt Dam B,1,6.557669162750244,1.2622582912445068,8.0,5.638177993595125,23,72,220.10398525609867,0.0,True,-0.46
cell-051-018,0,0,1.0,DFO_3625_From_20100310_to_20100324,Heavy Rain Snowmelt Dam B,1,7.890425205230713,0.566917359828949,1.0,4.610439145720347,22,36,123.57049300121618,0.0,True,-0.374
cell-051-019,0,0,1.0,DFO_3625_From_20100310_to_20100324,Heavy Rain Snowmelt Dam B,1,7.877192974090576,0.8958033919334412,1.0,4.356905114734849,24,94,28.528008772588795,0.0,True,-0.375
cell-051-020,0,0,1.0,DFO_3625_From_20100310_to_20100324,Heavy Rain Snowmelt Dam B,1,6.075580596923828,1.0188841819763184,3.0,4.969562067757306,22,41,0.0,0.0,True,-0.491
cell-051-021,0,0,1.0,DFO_3625_From_20100310_to_20100324,Heavy Rain Snowmelt Dam B,1,9.47739315032959,1.3011826276779175,90.0,7.930817074579524,23,69,0.0,0.0,True,-0.272
cell-051-022,0,0,1.0,DFO_3625_From_20100310_to_20100324,Heavy Rain Snowmelt Dam B,1,19.52778434753418,3.2633779048919678,2.0,3.8014009574471337,23,54,82.6080005652373,0.0,False,0.375
cell-051-023,0,0,1.0,DFO_3625_From_20100310_to_20100324,Heavy Rain Snowmelt Dam B,1,19.504112243652344,3.3568501472473145,5.0,4.470417650873448,22,37,175.21102901648584,0.0,False,0.374
cell-051-024,0,0,1.0,DFO_3625_From_20100310_to_20100324,Heavy Rain Snowmelt Dam B,1,20.426610946655273,0.6411429047584534,1.0,4.547348442043524,23,61,271.8845222176434,0.0,False,0.433
cell-051-025,0,0,1.0,DFO_3625_From_20100310_to_20100324,Heavy Rain Snowmelt Dam B,1,20.395618438720703,1.5287483930587769,2.0,4.403917131744488,23,77,369.5524284602862,0.0,False,0.431
cell-051-026,0,0,1.0,DFO_3625_From_20100310_to_20100324,Heavy Rain Snowmelt Dam B,1,20.410676956176758,1.6866581439971924,1.0,3.925963672715228,22,47,468.02653070996166,0.0,False,0.432
cell-051-027,0,0,1.0,DFO_3625_From_20100310_to_20100324,Heavy Rain Snowmelt Dam B,1,16.524553298950195,0.831325888633728,15.0,6.481246848830081,22,44,566.6899091210998,0.0,False,0.182
cell-051-028,0,0,1.0,DFO_3625_From_20100310_to_20100324,Heavy Rain Snowmelt Dam B,1,13.668743133544922,4.506871223449707,5.0,4.212876190104509,21,17,570.1039714030705,0.0,False,-0.002
cell-051-029,0,0,1.0,DFO_3625_From_20100310_to_20100324,Heavy Rain Snowmelt Dam B,1,12.91411018371582,0.5152283906936646,1.0,4.656849154439351,21,4,514.2719885498292,0.0,False,-0.051
cell-051-030,0,0,1.0,DFO_3625_From_20100310_to_20100324,Heavy Rain Snowmelt Dam B,1,14.099321365356445,1.9883496761322021,1.0,3.800544575447669,22,28,428.65325693905146,0.0,False,0.026
cell-051-031,0,0,1.0,DFO_3625_From_20100310_to_20100324,Heavy Rain Snowmelt Dam B,1,17.064146041870117,2.893853187561035,1.0,3.497428735818073,22,21,347.75556769898816,0.0,False,0.217
cell-051-032,0,0,1.0,DFO_3625_From_20100310_to_20100324,Heavy Rain Snowmelt Dam B,1,16.01022720336914,3.714905023574829,5.0,4.382982712972586,21,9,257.207877552375,2.726966730118801,False,0.149
cell-051-033,0,0,1.0,DFO_3625_From_20100310_to_20100324,Heavy Rain Snowmelt Dam B,1,18.503416061401367,1.1538374423980713,7.0,5.581310953696216,22,21,172.8656784914345,0.0,False,0.309
cell-051-034,0,0,1.0,DFO_3625_From_20100310_to_20100324,Heavy Rain Snowmelt Dam B,1,20.370044708251953,3.7927069664001465,2.0,3.671798400571525,22,39,101.95024726726756,0.0,False,0.43
cell-051-035,0,0,1.0,DFO_3625_From_20100310_to_20100324,Heavy Rain Snowmelt Dam B,1,17.04879379272461,8.978150367736816,8.0,3.9810542084033838,21,2,29.57389088823594,0.0,False,0.216
cell-051-036,0,0,1.0,DFO_3625_From_20100310_to_20100324,Heavy Rain Snowmelt Dam B,1,8.917236328125,3.6147873401641846,22.0,5.750412385821872,21,2,0.0,0.0,True,-0.308
cell-051-037,0,0,1.0,DFO_3625_From_20100310_to_20100324,Heavy Rain Snowmelt Dam B,1,10.575796127319336,0.33581289649009705,3.0,5.530179625797135,23,54,29.967482513080693,0.0,True,-0.201
cell-051-038,0,0,1.0,DFO_3625_From_20100310_to_20100324,Heavy Rain Snowmelt Dam B,1,8.646855354309082,0.984321653842926,2.0,4.703836776623828,90,0,113.52835681572247,0.0,True,-0.325
cell-051-039,0,0,1.0,DFO_3625_From_20100310_to_20100324,Heavy Rain Snowmelt Dam B,1,9.05108642578125,3.3661274909973145,4.0,4.285732357218507,90,0,202.90898882780627,17.335096587927296,True,-0.299
cell-051-040,0,0,1.0,DFO_3625_From_20100310_to_20100324,Heavy Rain Snowmelt Dam B,1,14.72806453704834,3.3791403770446777,3.0,4.059282544689043,22,40,285.1289514654384,0.0,True,0.066
cell-051-041,0,0,1.0,DFO_3625_From_20100310_to_20100324,Heavy Rain Snowmelt Dam B,1,13.99347972869873,3.10764479637146,6.0,4.690232095053437,22,43,371.00286728307026,0.0,False,0.019
cell-052-010,0,0,1.0,DFO_3625_From_20100310_to_20100324,Heavy Rain Snowmelt Dam B,1,36.602481842041016,6.939520835876465,4.0,3.6365661591783365,41,0,53.26784318918363,0.0,False,1.475
cell-052-011,0,0,1.0,DFO_3625_From_20100310_to_20100324,Heavy Rain Snowmelt Dam B,1,34.12577819824219,18.38580894470215,3.0,2.458126531045463,21,13,0.0,20.287697117966797,False,1.315
cell-052-012,0,0,1.0,DFO_3625_From_20100310_to_20100324,Heavy Rain Snowmelt Dam B,1,28.516483306884766,3.5167312622070312,5.0,4.4304366232878545,21,3,0.0,0.0,False,0.954
cell-052-015,0,0,1.0,DFO_3625_From_20100310_to_20100324,Heavy Rain Snowmelt Dam B,1,19.45728302001953,9.478667259216309,10.0,4.1297274711787155,21,3,201.8319597789691,0.0,False,0.371
cell-052-016,0,0,1.0,DFO_3625_From_20100310_to_20100324,Heavy Rain Snowmelt Dam B,1,8.405844688415527,3.972808837890625,2.0,3.6312405645738917,21,8,274.11464627925307,0.0,True,-0.341
cell-052-017,0,0,1.0,DFO_3625_From_20100310_to_20100324,Heavy Rain Snowmelt Dam B,1,6.23943567276001,0.5389482975006104,45.0,7.770778378065001,24,82,252.01131491663764,0.0,True,-0.48
cell-052-018,0,0,1.0,DFO_3625_From_20100310_to_20100324,Heavy Rain Snowmelt Dam B,1,8.946805953979492,0.8989611864089966,1.0,4.354757054431246,24,82,163.40396543671685,0.0,True,-0.306
cell-052-019,0,0,1.0,DFO_3625_From_20100310_to_20100324,Heavy Rain Snowmelt Dam B,1,9.011768341064453,0.46092489361763,1.0,4.708043277375035,24,92,80.6950357469016,0.0,True,-0.302
cell-052-020,0,0,1.0,DFO_3625_From_20100310_to_20100324,Heavy Rain Snowmelt Dam B,1,6.703496932983398,1.1514582633972168,18.0,6.447687555291205,23,54,0.0,0.0,True,-0.451
cell-052-021,0,0,1.0,DFO_3625_From_20100310_to_20100324,Heavy Rain Snowmelt Dam B,1,9.176020622253418,8.382112503051758,31.0,5.315030182892538,22,29,0.0,0.0,True,-0.291
cell-052-022,0,0,1.0,DFO_3625_From_20100310_to_20100324,Heavy Rain Snowmelt Dam B,1,17.824941635131836,3.925830841064453,4.0,4.152489438984367,21,8,58.93295011733311,0.0,False,0.266
cell-052-023,0,0,1.0,DFO_3625_From_20100310_to_20100324,Heavy Rain Snowmelt Dam B,1,19.933605194091797,0.7723408341407776,8.0,5.948800797207259,22,46,158.78900167706058,0.0,False,0.401
cell-052-024,0,0,1.0,DFO_3625_From_20100310_to_20100324,Heavy Rain Snowmelt Dam B,1,19.202621459960938,11.426165580749512,2.0,2.6492594785827555,22,35,258.7536561680156,0.0,False,0.354
cell-052-025,0,0,1.0,DFO_3625_From_20100310_to_20100324,Heavy Rain Snowmelt Dam B,1,19.251922607421875,1.3729426860809326,1.0,4.0755142155906565,22,45,358.73801318933806,0.0,False,0.358
cell-052-026,0,0,1.0,DFO_3625_From_20100310_to_20100324,Heavy Rain Snowmelt Dam B,1,17.462657928466797,4.806171417236328,2.0,3.4622133603272562,22,41,458.7291898645123,0.0,False,0.242
cell-052-027,0,0,1.0,DFO_3625_From_20100310_to_20100324,Heavy Rain Snowmelt Dam B,1,13.875865936279297,4.127950191497803,5.0,4.290709398385932,22,40,558.7235247960031,0.0,False,0.011
cell-052-028,0,0,1.0,DFO_3625_From_20100310_to_20100324,Heavy Rain Snowmelt Dam B,1,15.327817916870117,2.114122152328491,1.0,3.752561783406523,23,51,608.5549723255051,0.0,False,0.105
cell-052-029,0,0,1.0,DFO_3625_From_20100310_to_20100324,Heavy Rain Snowmelt Dam B,1,14.15895938873291,2.3507707118988037,12.0,5.539865234866287,22,37,568.2167070804792,0.0,False,0.03
cell-052-030,0,0,1.0,DFO_3625_From_20100310_to_20100324,Heavy Rain Snowmelt Dam B,1,17.291521072387695,4.754635810852051,12.0,4.938224535891261,22,25,480.7659263937677,0.0,False,0.231
cell-052-031,0,0,1.0,DFO_3625_From_20100310_to_20100324,Heavy Rain Snowmelt Dam B,1,19.38864517211914,3.666316509246826,16.0,5.4358666117257775,22,33,394.7011709956239,0.0,False,0.366
cell-052-032,0,0,1.0,DFO_3625_From_20100310_to_20100324,Heavy Rain Snowmelt Dam B,1,24.473417282104492,10.111626625061035,2.0,2.768137276715945,21,15,313.15122157113393,0.0,False,0.694
cell-052-033,0,0,1.0,DFO_3625_From_20100310_to_20100324,Heavy Rain Snowmelt Dam B,1,20.849592208862305,3.9580893516540527,2.0,3.634494853972282,22,33,243.11086383049863,0.0,False,0.46
cell-052-034,0,0,1.0,DFO_3625_From_20100310_to_20100324,Heavy Rain Snowmelt Dam B,1,22.551252365112305,1.7526618242263794,1.0,3.89715251614044,22,45,152.14977435348396,0.0,False,0.57
cell-052-035,0,0,1.0,DFO_3625_From_20100310_to_20100324,Heavy Rain Snowmelt Dam B,1,19.774810791015625,3.464329481124878,4.0,4.261045221292307,23,65,54.59726468275899,0.0,False,0.391
cell-052-036,0,0,1.0,DFO_3625_From_20100310_to_20100324,Heavy Rain Snowmelt Dam B,1,13.28453254699707,2.876843214035034,14.0,5.51725939380713,23,70,0.0,0.0,True,-0.027
cell-052-037,0,0,1.0,DFO_3625_From_20100310_to_20100324,Heavy Rain Snowmelt Dam B,1,10.615689277648926,0.7758058309555054,2.0,4.847615768060886,23,76,0.0,0.0,True,-0.199
cell-052-038,0,0,1.0,DFO_3625_From_20100310_to_20100324,Heavy Rain Snowmelt Dam B,1,9.550189971923828,2.6261048316955566,12.0,5.4497432813622515,90,0,63.626014765473755,0.0,True,-0.267
cell-052-039,0,0,1.0,DFO_3625_From_20100310_to_20100324,Heavy Rain Snowmelt Dam B,1,8.718565940856934,0.06711773574352264,1.0,5.187543218729543,90,0,149.090326763589,52.66274474078629,True,-0.321
cell-052-040,0,0,1.0,DFO_3625_From_20100310_to_20100324,Heavy Rain Snowmelt Dam B,1,9.00156021118164,0.6863542795181274,8.0,6.014859843044582,90,0,232.36052956166648,38.47158493174506,True,-0.303
cell-052-041,0,0,1.0,DFO_3625_From_20100310_to_20100324,Heavy Rain Snowmelt Dam B,1,12.547680854797363,2.5924296379089355,1.0,3.5885395326300147,41,0,315.630732359744,23.210522915553433,True,-0.074
cell-053-010,0,0,1.0,DFO_3625_From_20100310_to_20100324,Heavy Rain Snowmelt Dam B,1,41.83840560913086,5.960208892822266,3.0,3.5543300054230533,41,0,1.9247125192040795,0.0,False,1.812
cell-053-011,0,0,1.0,DFO_3625_From_20100310_to_20100324,Heavy Rain Snowmelt Dam B,1,37.33814239501953,20.92790412902832,3.0,2.3217143787867562,21,1,0.0,17.57905181763101,False,1.522
cell-053-012,0,0,1.0,DFO_3625_From_20100310_to_20100324,Heavy Rain Snowmelt Dam B,1,38.720787048339844,16.32748794555664,2.0,2.292828436582152,41,0,1.598652029397663,0.0,False,1.611
cell-053-013,0,0,1.0,DFO_3625_From_20100310_to_20100324,Heavy Rain Snowmelt Dam B,1,40.40181350708008,12.128150939941406,2.0,2.5907322162854087,41,0,69.90506907940662,0.0,False,1.72
cell-053-014,0,0,1.0,DFO_3625_From_20100310_to_20100324,Heavy Rain Snowmelt Dam B,1,36.560211181640625,4.239882469177246,3.0,3.861623671673864,21,5,145.60035836961313,0.0,False,1.472
cell-053-015,0,0,1.0,DFO_3625_From_20100310_to_20100324,Heavy Rain Snowmelt Dam B,1,22.888813018798828,11.1867036819458,15.0,4.343940321851342,21,5,188.00728021823974,0.0,False,0.592
cell-053-016,0,0,1.0,DFO_3625_From_20100310_to_20100324,Heavy Rain Snowmelt Dam B,1,10.071799278259277,2.794281482696533,2.0,3.932087785959463,23,60,174.11464627925307,0.0,True,-0.234
cell-053-017,0,0,1.0,DFO_3625_From_20100310_to_20100324,Heavy Rain Snowmelt Dam B,1,10.355839729309082,7.931694030761719,1.0,2.5947751371987193,21,18,175.96512978575475,0.0,True,-0.215
cell-053-018,0,0,1.0,DFO_3625_From_20100310_to_20100324,Heavy Rain Snowmelt Dam B,1,8.696734428405762,1.7637853622436523,3.0,4.585524672807436,23,53,189.18772681345328,0.0,True,-0.322
cell-053-019,0,0,1.0,DFO_3625_From_20100310_to_20100324,Heavy Rain Snowmelt Dam B,1,9.536837577819824,0.3457462191581726,1.0,4.82616092832423,24,95,91.60522843539032,0.0,True,-0.268
cell-053-020,0,0,1.0,DFO_3625_From_20100310_to_20100324,Heavy Rain Snowmelt Dam B,1,7.853172779083252,2.3467330932617188,2.0,4.074911921475165,23,51,0.0,0.0,True,-0.377
cell-053-021,0,0,1.0,DFO_3625_From_20100310_to_20100324,Heavy Rain Snowmelt Dam B,1,7.348466396331787,5.4153733253479,1.0,2.948862543442306,23,52,0.0,0.0,True,-0.409
cell-053-022,0,0,1.0,DFO_3625_From_20100310_to_20100324,Heavy Rain Snowmelt Dam B,1,13.81900405883789,3.9651923179626465,4.0,4.143748744355508,22,45,58.6975376335904,0.0,False,0.008
cell-053-023,0,0,1.0,DFO_3625_From_20100310_to_20100324,Heavy Rain Snowmelt Dam B,1,19.703899383544922,1.3515493869781494,1.0,4.0865739102947805,21,12,158.6975376335904,0.0,False,0.387
cell-053-024,0,0,1.0,DFO_3625_From_20100310_to_20100324,Heavy Rain Snowmelt Dam B,1,19.911148071289062,0.8087085485458374,1.0,4.4180450058549585,23,73,258.6975376335904,0.0,False,0.4
cell-053-025,0,0,1.0,DFO_3625_From_20100310_to_20100324,Heavy Rain Snowmelt Dam B,1,15.855450630187988,3.1929931640625,5.0,4.51310763666069,22,41,358.6975376335904,0.0,False,0.139
cell-053-026,0,0,1.0,DFO_3625_From_20100310_to_20100324,Heavy Rain Snowmelt Dam B,1,15.644848823547363,4.921647071838379,1.0,3.0354003957969753,23,54,424.7871106098374,0.0,False,0.125
cell-053-027,0,0,1.0,DFO_3625_From_20100310_to_20100324,Heavy Rain Snowmelt Dam B,1,16.899675369262695,0.4376538097858429,4.0,5.647100791800488,22,49,473.0931535691329,0.0,False,0.206
cell-053-028,0,0,1.0,DFO_3625_From_20100310_to_20100324,Heavy Rain Snowmelt Dam B,1,18.69058609008789,1.670231819152832,1.0,3.9332643796853035,23,68,522.782946051784,0.0,False,0.321
cell-053-029,0,0,1.0,DFO_3625_From_20100310_to_20100324,Heavy Rain Snowmelt Dam B,1,17.428348541259766,3.703312635421753,17.0,5.484310207431295,23,51,584.1560709991468,0.0,False,0.24
cell-053-030,0,0,1.0,DFO_3625_From_20100310_to_20100324,Heavy Rain Snowmelt Dam B,1,24.644479751586914,3.813737154006958,2.0,3.6669777915192747,22,32,533.37993204871,0.0,False,0.705
cell-053-031,0,0,1.0,DFO_3625_From_20100310_to_20100324,Heavy Rain Snowmelt Dam B,1,23.02434730529785,3.4932122230529785,2.0,3.7430722824006715,23,51,454.1418636755291,0.0,False,0.6
cell-053-032,0,0,1.0,DFO_3625_From_20100310_to_20100324,Heavy Rain Snowmelt Dam B,1,21.099567413330078,2.9765453338623047,2.0,3.879276701672339,23,64,369.7300347644509,0.0,False,0.476
cell-053-033,0,0,1.0,DFO_3625_From_20100310_to_20100324,Heavy Rain Snowmelt Dam B,1,22.829965591430664,3.3515875339508057,4.0,4.289439409339805,22,30,274.67337448272355,0.0,False,0.588
cell-053-034,0,0,1.0,DFO_3625_From_20100310_to_20100324,Heavy Rain Snowmelt Dam B,1,18.856470108032227,3.147862434387207,3.0,4.119725337618543,22,32,184.9070758314318,0.0,False,0.332
cell-053-035,0,0,1.0,DFO_3625_From_20100310_to_20100324,Heavy Rain Snowmelt Dam B,1,18.440101623535156,3.1955904960632324,1.0,3.413804392725416,23,56,110.07428052385805,0.0,False,0.305
cell-053-036,0,0,1.0,DFO_3625_From_20100310_to_20100324,Heavy Rain Snowmelt Dam B,1,12.303022384643555,6.610225200653076,5.0,3.8641475360567963,23,55,20.36041981213068,0.0,True,-0.09
cell-053-037,0,0,1.0,DFO_3625_From_20100310_to_20100324,Heavy Rain Snowmelt Dam B,1,9.186637878417969,1.6963132619857788,3.0,4.614844212051281,21,12,0.0,0.0,True,-0.291
cell-053-038,0,0,1.0,DFO_3625_From_20100310_to_20100324,Heavy Rain Snowmelt Dam B,1,9.664698600769043,1.4248847961425781,4.0,4.965449926265296,22,27,10.447989042185238,0.0,True,-0.26
cell-053-039,0,0,1.0,DFO_3625_From_20100310_to_20100324,Heavy Rain Snowmelt Dam B,1,8.762261390686035,0.17584283649921417,2.0,5.436121054926375,90,0,93.71819184026275,33.959628522070034,True,-0.318
cell-053-040,0,0,1.0,DFO_3625_From_20100310_to_20100324,Heavy Rain Snowmelt Dam B,1,9.115355491638184,0.36087971925735474,1.0,4.809821901749687,90,0,176.98839463834022,88.6617712249135,True,-0.295
cell-053-041,0,0,1.0,DFO_3625_From_20100310_to_20100324,Heavy Rain Snowmelt Dam B,1,12.768202781677246,4.3429999351501465,1.0,3.147193223832748,21,1,257.1920649092577,70.06396669203612,True,-0.06
cell-054-010,0,0,1.0,DFO_3625_From_20100310_to_20100324,Heavy Rain Snowmelt Dam B,1,42.812164306640625,8.567407608032227,4.0,3.4379403406073625,21,3,0.0,0.0,False,1.875
cell-054-011,0,0,1.0,DFO_3625_From_20100310_to_20100324,Heavy Rain Snowmelt Dam B,1,40.094425201416016,5.826162338256836,2.0,3.287532581055143,41,0,0.0,0.0,False,1.7
cell-054-012,0,0,1.0,DFO_3625_From_20100310_to_20100324,Heavy Rain Snowmelt Dam B,1,40.42918395996094,8.578872680664062,2.0,2.9258416558833322,41,0,89.1833163942855,0.0,False,1.721
cell-054-013,0,0,1.0,DFO_3625_From_20100310_to_20100324,Heavy Rain Snowmelt Dam B,1,37.567054748535156,2.829505443572998,1.0,3.51619803907776,41,0,138.70854191982738,0.0,False,1.537
cell-054-014,0,0,1.0,DFO_3625_From_20100310_to_20100324,Heavy Rain Snowmelt Dam B,1,28.74904441833496,17.132036209106445,3.0,2.5312051905753234,41,0,179.47102661209794,0.0,False,0.969
cell-054-015,0,0,1.0,DFO_3625_From_20100310_to_20100324,Heavy Rain Snowmelt Dam B,1,23.59833526611328,1.936007022857666,1.0,3.821210040535614,22,21,99.19004030052581,0.0,False,0.637
cell-054-016,0,0,1.0,DFO_3625_From_20100310_to_20100324,Heavy Rain Snowmelt Dam B,1,13.374902725219727,10.407197952270508,34.0,5.196977567439541,21,3,74.11464627925307,0.0,False,-0.021
cell-054-017,0,0,1.0,DFO_3625_From_20100310_to_20100324,Heavy Rain Snowmelt Dam B,1,11.845608711242676,2.171924114227295,1.0,3.7312568711411003,22,48,78.36324166767795,0.0,False,-0.119
cell-054-018,0,0,1.0,DFO_3625_From_20100310_to_20100324,Heavy Rain Snowmelt Dam B,1,11.638970375061035,4.741573810577393,1.0,3.068889066511028,22,44,145.02085828347015,0.0,False,-0.133
cell-054-019,0,0,1.0,DFO_3625_From_20100310_to_20100324,Heavy Rain Snowmelt Dam B,1,9.192831039428711,0.38953113555908203,10.0,6.484348759855224,24,88,85.06433107110206,0.0,False,-0.29
cell-054-020,0,0,1.0,DFO_3625_From_20100310_to_20100324,Heavy Rain Snowmelt Dam B,1,8.64889144897461,0.9491400122642517,1.0,4.321227533729157,23,72,0.0,0.0,True,-0.325
cell-054-021,0,0,1.0,DFO_3625_From_20100310_to_20100324,Heavy Rain Snowmelt Dam B,1,6.961308479309082,1.549587368965149,3.0,4.6817273605610765,23,71,0.0,0.0,True,-0.434
cell-054-022,0,0,1.0,DFO_3625_From_20100310_to_20100324,Heavy Rain Snowmelt Dam B,1,10.727791786193848,5.570832252502441,2.0,3.3285334119086736,23,78,66.68171423955864,0.0,True,-0.191
cell-054-023,0,0,1.0,DFO_3625_From_20100310_to_20100324,Heavy Rain Snowmelt Dam B,1,16.38361930847168,3.0880613327026367,75.0,7.080401387326454,24,83,152.22353176031976,0.0,False,0.173
cell-054-024,0,0,1.0,DFO_3625_From_20100310_to_20100324,Heavy Rain Snowmelt Dam B,1,17.967864990234375,0.7791420221328735,18.0,6.690971660022432,22,40,219.20276027969206,0.0,False,0.275
cell-054-025,0,0,1.0,DFO_3625_From_20100310_to_20100324,Heavy Rain Snowmelt Dam B,1,16.12354278564453,1.0915729999542236,2.0,4.637216623700523,22,31,286.7915823700493,0.0,False,0.156
cell-054-026,0,0,1.0,DFO_3625_From_20100310_to_20100324,Heavy Rain Snowmelt Dam B,1,16.175601959228516,1.2078807353973389,1.0,4.1641893137329316,22,43,337.5324635207354,0.0,False,0.159
cell-054-027,0,0,1.0,DFO_3625_From_20100310_to_20100324,Heavy Rain Snowmelt Dam B,1,14.737558364868164,1.0185962915420532,3.0,4.9697429536683355,22,27,385.13446537604386,0.0,False,0.067
cell-054-028,0,0,1.0,DFO_3625_From_20100310_to_20100324,Heavy Rain Snowmelt Dam B,1,19.064210891723633,2.6652474403381348,10.0,5.270509080392042,23,69,443.01790372745523,0.0,False,0.345
cell-054-029,0,0,1.0,DFO_3625_From_20100310_to_20100324,Heavy Rain Snowmelt Dam B,1,22.988595962524414,2.945784330368042,1.0,3.4825324580165455,23,68,514.0050287941223,0.0,False,0.598
cell-054-030,0,0,1.0,DFO_3625_From_20100310_to_20100324,Heavy Rain Snowmelt Dam B,1,25.34893226623535,0.738556444644928,2.0,4.87562570411819,23,58,590.7432846628316,0.0,False,0.75
cell-054-031,0,0,1.0,DFO_3625_From_20100310_to_20100324,Heavy Rain Snowmelt Dam B,1,28.434009552001953,4.095954418182373,1.0,3.198951640410834,22,46,497.71758298962635,0.0,False,0.949
cell-054-032,0,0,1.0,DFO_3625_From_20100310_to_20100324,Heavy Rain Snowmelt Dam B,1,22.620031356811523,1.8871182203292847,1.0,3.8409043948655905,22,48,408.0048485739355,0.0,False,0.574
cell-054-033,0,0,1.0,DFO_3625_From_20100310_to_20100324,Heavy Rain Snowmelt Dam B,1,16.11678695678711,3.9862232208251953,9.0,4.8322567334631445,23,54,324.36572029523154,0.0,False,0.156
cell-054-034,0,0,1.0,DFO_3625_From_20100310_to_20100324,Heavy Rain Snowmelt Dam B,1,15.231184005737305,2.181636333465576,2.0,4.133186190170913,23,65,243.96305715171115,0.0,False,0.099
cell-054-035,0,0,1.0,DFO_3625_From_20100310_to_20100324,Heavy Rain Snowmelt Dam B,1,13.521551132202148,0.7364212274551392,266.0,9.365891621643826,21,3,157.54847833157103,0.0,True,-0.012
cell-054-036,0,0,1.0,DFO_3625_From_20100310_to_20100324,Heavy Rain Snowmelt Dam B,1,20.737213134765625,4.16033411026001,1.0,3.1852064856993074,23,61,72.82221375589226,0.0,True,0.453
cell-054-037,0,0,1.0,DFO_3625_From_20100310_to_20100324,Heavy Rain Snowmelt Dam B,1,10.69743537902832,1.7130533456802368,6.0,5.167105255502819,23,52,0.0,0.0,True,-0.193
cell-054-038,0,0,1.0,DFO_3625_From_20100310_to_20100324,Heavy Rain Snowmelt Dam B,1,9.598363876342773,1.3107962608337402,2.0,4.513451310766779,21,11,0.0,0.0,True,-0.264
cell-054-039,0,0,1.0,DFO_3625_From_20100310_to_20100324,Heavy Rain Snowmelt Dam B,1,9.6595458984375,1.014082670211792,9.0,5.888874422479845,23,50,37.48543652482237,0.0,True,-0.26
cell-054-040,0,0,1.0,DFO_3625_From_20100310_to_20100324,Heavy Rain Snowmelt Dam B,1,10.199690818786621,0.44254717230796814,5.0,5.8245917365987445,21,6,117.05184487121957,4.648165591039601,True,-0.225
cell-054-041,0,0,1.0,DFO_3625_From_20100310_to_20100324,Heavy Rain Snowmelt Dam B,1,10.394790649414062,0.02724965661764145,12.0,7.123656235452843,22,22,198.7384659188336,30.666835275042445,True,-0.213
cell-055-011,0,0,1.0,DFO_3625_From_20100310_to_20100324,Heavy Rain Snowmelt Dam B,1,43.19086837768555,4.055138111114502,4.0,4.124054538633453,21,14,53.48622350011482,0.0,False,1.899
cell-055-012,0,0,1.0,DFO_3625_From_20100310_to_20100324,Heavy Rain Snowmelt Dam B,1,35.25177764892578,17.3620662689209,3.0,2.5174689786199074,41,0,112.14601234795005,0.0,False,1.388
cell-055-013,0,0,1.0,DFO_3625_From_20100310_to_20100324,Heavy Rain Snowmelt Dam B,1,31.50444793701172,8.166217803955078,2.0,2.972664343074807,41,0,112.08199097774923,0.0,False,1.147
cell-055-014,0,0,1.0,DFO_3625_From_20100310_to_20100324,Heavy Rain Snowmelt Dam B,1,34.470394134521484,3.6800413131713867,1.0,3.2925586105785047,41,0,141.89650559102253,19.155720417387784,False,1.338
cell-055-015,0,0,1.0,DFO_3625_From_20100310_to_20100324,Heavy Rain Snowmelt Dam B,1,25.925189971923828,5.778289318084717,1.0,2.889630729558424,41,0,57.91529660932083,13.022441871464252,False,0.787
cell-055-016,0,0,1.0,DFO_3625_From_20100310_to_20100324,Heavy Rain Snowmelt Dam B,1,17.013492584228516,7.083568096160889,1.0,2.7010844063173747,41,0,0.0,0.0,False,0.213
cell-055-017,0,0,1.0,DFO_3625_From_20100310_to_20100324,Heavy Rain Snowmelt Dam B,1,17.509706497192383,7.691638469696045,5.0,3.7223899812346595,22,35,11.599109229772589,0.0,False,0.245
cell-055-018,0,0,1.0,DFO_3625_From_20100310_to_20100324,Heavy Rain Snowmelt Dam B,1,15.002874374389648,1.2601679563522339,10.0,5.839988760789546,24,91,103.14057229647094,0.0,False,0.084
cell-055-019,0,0,1.0,DFO_3625_From_20100310_to_20100324,Heavy Rain Snowmelt Dam B,1,9.380796432495117,0.7135668396949768,1.0,4.489400959277684,23,66,96.46172160437321,0.0,False,-0.278
cell-055-020,0,0,1.0,DFO_3625_From_20100310_to_20100324,Heavy Rain Snowmelt Dam B,1,9.030811309814453,4.580240726470947,2.0,3.5053252981046983,21,9,10.553616746910315,0.0,True,-0.301
cell-055-021,0,0,1.0,DFO_3625_From_20100310_to_20100324,Heavy Rain Snowmelt Dam B,1,7.309135913848877,14.224678039550781,4.0,2.9431503229555642,22,31,0.0,0.0,True,-0.412
cell-055-022,0,0,1.0,DFO_3625_From_20100310_to_20100324,Heavy Rain Snowmelt Dam B,1,8.66639518737793,2.8784666061401367,1.0,3.501884985171524,23,52,15.833999659824444,0.0,True,-0.324
cell-055-023,0,0,1.0,DFO_3625_From_20100310_to_20100324,Heavy Rain Snowmelt Dam B,1,13.529073715209961,2.6916491985321045,1.0,3.557627894767305,23,51,78.46051404537403,0.0,False,-0.011
cell-055-024,0,0,1.0,DFO_3625_From_20100310_to_20100324,Heavy Rain Snowmelt Dam B,1,17.401582717895508,2.5488362312316895,1.0,3.6024274468031683,23,50,147.61174295945418,0.0,False,0.238
cell-055-025,0,0,1.0,DFO_3625_From_20100310_to_20100324,Heavy Rain Snowmelt Dam B,1,12.450567245483398,2.494225025177002,27.0,6.259158035048928,22,24,201.42470433673952,0.0,False,-0.08
cell-055-026,0,0,1.0,DFO_3625_From_20100310_to_20100324,Heavy Rain Snowmelt Dam B,1,13.172595977783203,1.266588568687439,2.0,4.537208005802108,23,64,249.58951764511852,0.0,False,-0.034
cell-055-027,0,0,1.0,DFO_3625_From_20100310_to_20100324,Heavy Rain Snowmelt Dam B,1,17.51515769958496,6.435240745544434,4.0,3.706710926895811,22,46,302.1446851443483,0.0,False,0.246
cell-055-028,0,0,1.0,DFO_3625_From_20100310_to_20100324,Heavy Rain Snowmelt Dam B,1,19.893054962158203,0.6391940116882324,1.0,4.548955136172449,22,47,373.1323054407847,0.0,False,0.399
cell-055-029,0,0,1.0,DFO_3625_From_20100310_to_20100324,Heavy Rain Snowmelt Dam B,1,23.338417053222656,2.6710550785064697,1.0,3.5639661892700634,22,29,455.1527479496666,0.0,False,0.621
cell-055-030,0,0,1.0,DFO_3625_From_20100310_to_20100324,Heavy Rain Snowmelt Dam B,1,24.731800079345703,2.121954917907715,4.0,4.665938953399941,23,55,543.2313784831565,0.0,False,0.71
cell-055-031,0,0,1.0,DFO_3625_From_20100310_to_20100324,Heavy Rain Snowmelt Dam B,1,24.814424514770508,7.270724773406982,5.0,3.775282593578068,23,73,545.4268514383515,0.0,False,0.716
cell-055-032,0,0,1.0,DFO_3625_From_20100310_to_20100324,Heavy Rain Snowmelt Dam B,1,21.262983322143555,3.932241678237915,1.0,3.2347699948887216,23,61,465.0114130994614,0.0,False,0.487
cell-055-033,0,0,1.0,DFO_3625_From_20100310_to_20100324,Heavy Rain Snowmelt Dam B,1,15.928202629089355,0.6201744675636292,221.0,9.27430206292379,21,17,379.4500715826291,0.0,False,0.143
cell-055-034,0,0,1.0,DFO_3625_From_20100310_to_20100324,Heavy Rain Snowmelt Dam B,1,14.925220489501953,1.3727551698684692,1.0,4.075610733318844,23,54,295.7302045409144,0.0,False,0.079
cell-055-035,0,0,1.0,DFO_3625_From_20100310_to_20100324,Heavy Rain Snowmelt Dam B,1,15.919458389282227,0.5100833177566528,34.0,7.523789682169514,23,57,211.46455147729597,0.0,True,0.143
cell-055-036,0,0,1.0,DFO_3625_From_20100310_to_20100324,Heavy Rain Snowmelt Dam B,1,20.982282638549805,3.4019057750701904,6.0,4.613140024568715,23,66,128.19434867921848,0.0,True,0.469
cell-055-037,0,0,1.0,DFO_3625_From_20100310_to_20100324,Heavy Rain Snowmelt Dam B,1,13.36806583404541,7.661881446838379,16.0,4.767495970541679,23,78,44.924145881140994,0.0,True,-0.021
cell-055-038,0,0,1.0,DFO_3625_From_20100310_to_20100324,Heavy Rain Snowmelt Dam B,1,10.164134979248047,0.9567720890045166,4.0,5.23251562839249,23,59,0.0,0.0,True,-0.228
cell-055-039,0,0,1.0,DFO_3625_From_20100310_to_20100324,Heavy Rain Snowmelt Dam B,1,10.752603530883789,0.927135169506073,2.0,4.741258224719827,22,30,0.0,0.0,True,-0.19
cell-055-040,0,0,1.0,DFO_3625_From_20100310_to_20100324,Heavy Rain Snowmelt Dam B,1,10.375313758850098,0.28091487288475037,1.0,4.899344699189638,21,8,59.484575594629256,0.0,True,-0.214
cell-055-041,0,0,1.0,DFO_3625_From_20100310_to_20100324,Heavy Rain Snowmelt Dam B,1,10.500360488891602,0.7399595379829407,3.0,5.162238328466677,21,6,141.4728172779583,22.257419286994264,True,-0.206
cell-056-011,0,0,1.0,DFO_3625_From_20100310_to_20100324,Heavy Rain Snowmelt Dam B,1,45.306121826171875,1.0299583673477173,1.0,4.269480335878264,41,0,55.78473831457086,0.0,False,2.035
cell-056-012,0,0,1.0,DFO_3625_From_20100310_to_20100324,Heavy Rain Snowmelt Dam B,1,36.567039489746094,12.449283599853516,4.0,3.0757882135462142,41,0,12.662143973147593,0.0,False,1.473
cell-056-013,0,0,1.0,DFO_3625_From_20100310_to_20100324,Heavy Rain Snowmelt Dam B,1,28.209115982055664,2.9325945377349854,6.0,4.739058034119919,41,0,12.081990977749228,0.0,False,0.934
cell-056-014,0,0,1.0,DFO_3625_From_20100310_to_20100324,Heavy Rain Snowmelt Dam B,1,30.64311408996582,0.7094318270683289,1.0,4.492620658304941,41,0,83.77356227476959,0.0,False,1.091
cell-056-015,0,0,1.0,DFO_3625_From_20100310_to_20100324,Heavy Rain Snowmelt Dam B,1,19.885297775268555,5.5265326499938965,1.0,2.9303524692523566,41,0,51.40045189089142,0.0,False,0.398
cell-056-016,0,0,1.0,DFO_3625_From_20100310_to_20100324,Heavy Rain Snowmelt Dam B,1,14.7280855178833,4.715762138366699,1.0,3.073781118696981,41,0,0.0,0.0,False,0.066
cell-056-017,0,0,1.0,DFO_3625_From_20100310_to_20100324,Heavy Rain Snowmelt Dam B,1,23.4960880279541,1.696885108947754,1.0,3.921444948479,23,56,0.0,0.0,False,0.631
cell-056-018,0,0,1.0,DFO_3625_From_20100310_to_20100324,Heavy Rain Snowmelt Dam B,1,26.55883026123047,3.1845171451568604,1.0,3.4167535917169394,21,3,97.41003170143813,0.0,False,0.828
cell-056-019,0,0,1.0,DFO_3625_From_20100310_to_20100324,Heavy Rain Snowmelt Dam B,1,16.961687088012695,3.846714973449707,2.0,3.6594643198023893,22,29,151.9009752415414,0.0,False,0.21
cell-056-020,0,0,1.0,DFO_3625_From_20100310_to_20100324,Heavy Rain Snowmelt Dam B,1,14.891351699829102,11.095671653747559,2.0,2.677939339123337,24,100,71.26015230125695,0.0,False,0.077
cell-056-021,0,0,1.0,DFO_3625_From_20100310_to_20100324,Heavy Rain Snowmelt Dam B,1,12.737728118896484,1.5037914514541626,47.0,7.188457848296463,23,78,0.0,0.0,True,-0.062
cell-056-022,0,0,1.0,DFO_3625_From_20100310_to_20100324,Heavy Rain Snowmelt Dam B,1,6.463128566741943,4.236178874969482,5.0,4.267861541576475,21,1,0.0,0.0,True,-0.466
cell-056-023,0,0,1.0,DFO_3625_From_20100310_to_20100324,Heavy Rain Snowmelt Dam B,1,10.174999237060547,1.8276219367980957,54.0,7.1795915544242375,21,14,8.43190354885902,0.0,True,-0.227
cell-056-024,0,0,1.0,DFO_3625_From_20100310_to_20100324,Heavy Rain Snowmelt Dam B,1,14.362481117248535,3.020759105682373,2.0,3.866872841750359,22,23,65.31694515274376,0.0,False,0.043
cell-056-025,0,0,1.0,DFO_3625_From_20100310_to_20100324,Heavy Rain Snowmelt Dam B,1,10.017349243164062,1.7782834768295288,209.0,8.540148158553981,22,34,114.1290323140001,0.0,False,-0.237
cell-056-026,0,0,1.0,DFO_3625_From_20100310_to_20100324,Heavy Rain Snowmelt Dam B,1,20.363420486450195,3.687448263168335,1.0,3.290813415118805,23,51,162.22810637767395,0.0,False,0.429
cell-056-027,0,0,1.0,DFO_3625_From_20100310_to_20100324,Heavy Rain Snowmelt Dam B,1,14.328154563903809,0.6867116689682007,69.0,8.06584682567768,21,18,232.92544966461602,0.0,False,0.04
cell-056-028,0,0,1.0,DFO_3625_From_20100310_to_20100324,Heavy Rain Snowmelt Dam B,1,16.63726043701172,3.1428446769714355,3.0,4.121077642733651,23,51,319.67260080282335,0.0,False,0.189
cell-056-029,0,0,1.0,DFO_3625_From_20100310_to_20100324,Heavy Rain Snowmelt Dam B,1,23.38595199584961,6.330662727355957,1.0,2.8055851739892437,22,37,411.6570817000519,0.0,False,0.624
cell-056-030,0,0,1.0,DFO_3625_From_20100310_to_20100324,Heavy Rain Snowmelt Dam B,1,25.17220687866211,6.842926502227783,2.0,3.1388122924656106,22,46,506.03482403120427,0.0,False,0.739
cell-056-031,0,0,1.0,DFO_3625_From_20100310_to_20100324,Heavy Rain Snowmelt Dam B,1,21.705076217651367,0.10597318410873413,1.0,5.128609771769233,24,86,602.2299671643555,0.0,False,0.515
cell-056-032,0,0,1.0,DFO_3625_From_20100310_to_20100324,Heavy Rain Snowmelt Dam B,1,28.51740837097168,4.47659158706665,1.0,3.1202684530183604,22,45,518.0059454909484,0.0,False,0.954
cell-056-033,0,0,1.0,DFO_3625_From_20100310_to_20100324,Heavy Rain Snowmelt Dam B,1,20.26716423034668,1.2138125896453857,1.0,4.160862783391568,22,44,433.37709199677727,0.0,False,0.423
cell-056-034,0,0,1.0,DFO_3625_From_20100310_to_20100324,Heavy Rain Snowmelt Dam B,1,15.470778465270996,1.0691173076629639,18.0,6.4966295981658835,22,28,350.1068891986997,0.0,False,0.114
cell-056-035,0,0,1.0,DFO_3625_From_20100310_to_20100324,Heavy Rain Snowmelt Dam B,1,16.76117706298828,1.3830069303512573,3.0,4.763500538994571,22,32,266.83668640062217,0.0,True,0.197
cell-056-036,0,0,1.0,DFO_3625_From_20100310_to_20100324,Heavy Rain Snowmelt Dam B,1,19.136600494384766,6.907313346862793,7.0,4.110909938672593,21,17,183.56648360254474,0.0,True,0.35
cell-056-037,0,0,1.0,DFO_3625_From_20100310_to_20100324,Heavy Rain Snowmelt Dam B,1,21.016984939575195,2.0054845809936523,3.0,4.4870181266006774,23,71,102.65478351321576,0.0,False,0.471
cell-056-038,0,0,1.0,DFO_3625_From_20100310_to_20100324,Heavy Rain Snowmelt Dam B,1,13.796960830688477,4.432923793792725,5.0,4.2276032752323935,23,56,22.474786499835258,0.0,True,0.006
cell-056-039,0,0,1.0,DFO_3625_From_20100310_to_20100324,Heavy Rain Snowmelt Dam B,1,10.232257843017578,2.5468738079071045,2.0,4.008522257019892,23,51,0.0,0.0,True,-0.223
cell-056-040,0,0,1.0,DFO_3625_From_20100310_to_20100324,Heavy Rain Snowmelt Dam B,1,9.976510047912598,0.6141705513000488,1.0,4.569817092692478,21,10,3.013686607141513,22.646353864274886,True,-0.24
cell-057-012,0,0,1.0,DFO_3625_From_20100310_to_20100324,Heavy Rain Snowmelt Dam B,1,27.135540008544922,3.5518078804016113,159.0,7.705287468151267,41,0,0.0,0.0,False,0.865
cell-057-013,0,0,1.0,DFO_3625_From_20100310_to_20100324,Heavy Rain Snowmelt Dam B,1,29.8736515045166,8.871034622192383,1.0,2.488445343054378,41,0,0.0,0.0,False,1.042
cell-057-014,0,0,1.0,DFO_3625_From_20100310_to_20100324,Heavy Rain Snowmelt Dam B,1,25.10158348083496,4.8131890296936035,2.0,3.460903172168025,41,0,64.40218330406144,0.0,False,0.734
cell-057-015,0,0,1.0,DFO_3625_From_20100310_to_20100324,Heavy Rain Snowmelt Dam B,1,20.45599365234375,4.114033222198486,2.0,3.60053794241315,41,0,55.80627320753462,1.034348637205224,False,0.435
cell-057-016,0,0,1.0,DFO_3625_From_20100310_to_20100324,Heavy Rain Snowmelt Dam B,1,16.779342651367188,4.6896491050720215,2.0,3.484219481790241,21,1,0.0,0.0,False,0.198
cell-057-017,0,0,1.0,DFO_3625_From_20100310_to_20100324,Heavy Rain Snowmelt Dam B,1,22.52529525756836,1.6176161766052246,4.0,4.873305047456872,21,1,8.527445205437791,0.0,False,0.568
cell-057-018,0,0,1.0,DFO_3625_From_20100310_to_20100324,Heavy Rain Snowmelt Dam B,1,30.120725631713867,3.5489351749420166,1.0,3.323959405198149,22,30,102.73723829378841,0.0,False,1.057
cell-057-019,0,0,1.0,DFO_3625_From_20100310_to_20100324,Heavy Rain Snowmelt Dam B,1,29.35266876220703,25.276456832885742,2.0,1.8280185593647813,22,39,202.26488831027754,0.0,False,1.008
cell-057-020,0,0,1.0,DFO_3625_From_20100310_to_20100324,Heavy Rain Snowmelt Dam B,1,14.36758804321289,2.7600514888763428,25.0,6.101806936502521,23,72,123.31883929483607,0.0,False,0.043
cell-057-021,0,0,1.0,DFO_3625_From_20100310_to_20100324,Heavy Rain Snowmelt Dam B,1,15.33610725402832,1.9404933452606201,1.0,3.819422074489997,23,58,62.28173218894398,0.0,False,0.105
cell-057-022,0,0,1.0,DFO_3625_From_20100310_to_20100324,Heavy Rain Snowmelt Dam B,1,12.823648452758789,1.8119033575057983,3.0,4.565127110221001,24,93,0.0,0.0,True,-0.056
cell-057-023,0,0,1.0,DFO_3625_From_20100310_to_20100324,Heavy Rain Snowmelt Dam B,1,8.82779312133789,14.637567520141602,2.0,2.403581998839847,23,67,0.0,0.0,True,-0.314
cell-057-024,0,0,1.0,DFO_3625_From_20100310_to_20100324,Heavy Rain Snowmelt Dam B,1,9.602490425109863,1.4829562902450562,6.0,5.273255458610046,22,42,0.0,0.0,True,-0.264
cell-057-025,0,0,1.0,DFO_3625_From_20100310_to_20100324,Heavy Rain Snowmelt Dam B,1,9.7029447555542,2.9028186798095703,25.0,6.059790547783371,21,7,26.08588172110409,0.0,True,-0.257
cell-057-026,0,0,1.0,DFO_3625_From_20100310_to_20100324,Heavy Rain Snowmelt Dam B,1,22.205272674560547,8.861424446105957,2.0,2.894945503343295,21,17,96.29861674484371,0.0,False,0.548
cell-057-027,0,0,1.0,DFO_3625_From_20100310_to_20100324,Heavy Rain Snowmelt Dam B,1,19.77199363708496,5.129926681518555,4.0,3.914284337932724,22,24,189.96216181097736,0.0,False,0.391
cell-057-028,0,0,1.0,DFO_3625_From_20100310_to_20100324,Heavy Rain Snowmelt Dam B,1,16.884967803955078,1.4210408926010132,157.0,8.420533820662994,22,27,287.56792786816237,0.0,False,0.205
cell-057-029,0,0,1.0,DFO_3625_From_20100310_to_20100324,Heavy Rain Snowmelt Dam B,1,23.143630981445312,9.453210830688477,2.0,2.83302841291135,23,69,386.4000561036156,0.0,False,0.608
cell-057-030,0,0,1.0,DFO_3625_From_20100310_to_20100324,Heavy Rain Snowmelt Dam B,1,24.785091400146484,6.768363952636719,4.0,3.6598425590009884,21,19,485.7105038758849,0.0,False,0.714
cell-057-031,0,0,1.0,DFO_3625_From_20100310_to_20100324,Heavy Rain Snowmelt Dam B,1,24.4622745513916,2.6063077449798584,26.0,6.186847924111776,23,79,585.2558276462138,0.0,False,0.693
cell-057-032,0,0,1.0,DFO_3625_From_20100310_to_20100324,Heavy Rain Snowmelt Dam B,1,27.62617301940918,0.9718867540359497,2.0,4.711855617774408,24,97,572.019429718181,0.0,False,0.897
cell-057-033,0,0,1.0,DFO_3625_From_20100310_to_20100324,Heavy Rain Snowmelt Dam B,1,20.408594131469727,6.929108142852783,4.0,3.637967278876648,23,66,488.7492269201034,0.0,False,0.432
cell-057-034,0,0,1.0,DFO_3625_From_20100310_to_20100324,Heavy Rain Snowmelt Dam B,1,16.924402236938477,1.0628231763839722,11.0,6.04093874456087,23,57,405.4790241220259,0.0,False,0.208
cell-057-035,0,0,1.0,DFO_3625_From_20100310_to_20100324,Heavy Rain Snowmelt Dam B,1,16.495790481567383,1.54855215549469,3.0,4.682215511643772,22,37,322.4583635334151,0.0,False,0.18
cell-057-036,0,0,1.0,DFO_3625_From_20100310_to_20100324,Heavy Rain Snowmelt Dam B,1,16.952102661132812,1.7496767044067383,9.0,5.507875768655225,23,62,242.79500355125387,0.0,False,0.209
cell-057-037,0,0,1.0,DFO_3625_From_20100310_to_20100324,Heavy Rain Snowmelt Dam B,1,19.21544647216797,0.6921324729919434,8.0,6.0102814617942615,23,59,161.72867682403958,0.0,False,0.355
cell-057-038,0,0,1.0,DFO_3625_From_20100310_to_20100324,Heavy Rain Snowmelt Dam B,1,19.859148025512695,2.302727222442627,2.0,4.0901170213444855,23,58,79.76931472957506,0.0,False,0.397
cell-057-039,0,0,1.0,DFO_3625_From_20100310_to_20100324,Heavy Rain Snowmelt Dam B,1,13.246186256408691,2.8999509811401367,2.0,3.9011332260886635,21,13,0.0,0.0,True,-0.029
cell-058-011,0,0,1.0,DFO_3625_From_20100310_to_20100324,Heavy Rain Snowmelt Dam B,1,30.93377685546875,6.068069934844971,10.0,4.549429751151314,41,0,0.0,0.0,False,1.11
cell-058-012,0,0,1.0,DFO_3625_From_20100310_to_20100324,Heavy Rain Snowmelt Dam B,1,32.351600646972656,10.128911972045898,4.0,3.277311371660098,41,0,0.0,0.0,False,1.201
cell-058-013,0,0,1.0,DFO_3625_From_20100310_to_20100324,Heavy Rain Snowmelt Dam B,1,23.96052360534668,1.6591991186141968,1.0,3.9381979768083073,41,0,0.0,0.0,False,0.661
cell-058-014,0,0,1.0,DFO_3625_From_20100310_to_20100324,Heavy Rain Snowmelt Dam B,1,28.129959106445312,5.473358631134033,2.0,3.3446302112042066,41,0,45.73907155255128,27.6778130351967,False,0.929
cell-058-015,0,0,1.0,DFO_3625_From_20100310_to_20100324,Heavy Rain Snowmelt Dam B,1,27.013545989990234,8.60035228729248,1.0,2.517995696928108,41,0,120.04291635931308,20.702605474973097,False,0.857
cell-058-016,0,0,1.0,DFO_3625_From_20100310_to_20100324,Heavy Rain Snowmelt Dam B,1,24.85753059387207,10.976883888244629,1.0,2.2829704466124703,41,0,92.71800762694329,0.0,False,0.718
cell-058-017,0,0,1.0,DFO_3625_From_20100310_to_20100324,Heavy Rain Snowmelt Dam B,1,24.99155616760254,3.8269124031066895,2.0,3.6639693654014724,22,32,95.71213517405822,0.0,False,0.727
cell-058-018,0,0,1.0,DFO_3625_From_20100310_to_20100324,Heavy Rain Snowmelt Dam B,1,35.1442756652832,6.298072814941406,3.0,3.503504433347186,23,75,148.05164981447288,0.0,False,1.381
cell-058-019,0,0,1.0,DFO_3625_From_20100310_to_20100324,Heavy Rain Snowmelt Dam B,1,36.43273162841797,0.5259508490562439,1.0,4.647043139328652,22,40,231.75072764774657,0.0,False,1.464
cell-058-020,0,0,1.0,DFO_3625_From_20100310_to_20100324,Heavy Rain Snowmelt Dam B,1,26.81682014465332,17.476722717285156,8.0,3.32160964344067,23,56,196.73870719497413,0.0,False,0.845
cell-058-021,0,0,1.0,DFO_3625_From_20100310_to_20100324,Heavy Rain Snowmelt Dam B,1,28.856521606445312,3.0138535499572754,2.0,3.8688000402223977,22,42,131.12022841731937,0.0,False,0.976
cell-058-022,0,0,1.0,DFO_3625_From_20100310_to_20100324,Heavy Rain Snowmelt Dam B,1,23.480316162109375,11.221421241760254,5.0,3.3600847732844157,22,33,73.6976762559084,0.0,False,0.63
cell-058-023,0,0,1.0,DFO_3625_From_20100310_to_20100324,Heavy Rain Snowmelt Dam B,1,15.99437427520752,14.878520965576172,11.0,3.773428270797071,21,18,21.937701936358287,0.0,False,0.148
cell-058-024,0,0,1.0,DFO_3625_From_20100310_to_20100324,Heavy Rain Snowmelt Dam B,1,10.088238716125488,1.651354193687439,2.0,4.347186009164185,23,69,0.0,0.0,True,-0.233
cell-058-025,0,0,1.0,DFO_3625_From_20100310_to_20100324,Heavy Rain Snowmelt Dam B,1,7.160393714904785,1.7152421474456787,5.0,5.0119969985606145,21,5,0.0,0.0,True,-0.421
cell-058-026,0,0,1.0,DFO_3625_From_20100310_to_20100324,Heavy Rain Snowmelt Dam B,1,12.830293655395508,5.097606658935547,7.0,4.390003200268567,22,44,83.04845109244343,0.0,False,-0.056
cell-058-027,0,0,1.0,DFO_3625_From_20100310_to_20100324,Heavy Rain Snowmelt Dam B,1,23.866214752197266,5.394267559051514,2.0,3.3578804238067437,22,48,183.04845109244343,0.0,False,0.655
cell-058-028,0,0,1.0,DFO_3625_From_20100310_to_20100324,Heavy Rain Snowmelt Dam B,1,21.43916130065918,4.579373836517334,2.0,3.5054943149102,21,11,283.04845109244343,0.0,False,0.498
cell-058-029,0,0,1.0,DFO_3625_From_20100310_to_20100324,Heavy Rain Snowmelt Dam B,1,22.733266830444336,24.19707679748535,2.0,1.8765409993445903,22,25,383.04845109244343,0.0,False,0.582
cell-058-030,0,0,1.0,DFO_3625_From_20100310_to_20100324,Heavy Rain Snowmelt Dam B,1,27.512985229492188,3.0118508338928223,3.0,4.157041803939066,24,84,483.04845109244343,0.0,False,0.89
cell-058-031,0,0,1.0,DFO_3625_From_20100310_to_20100324,Heavy Rain Snowmelt Dam B,1,24.875064849853516,5.351922512054443,2.0,3.3650459059223996,22,28,583.0484510924434,0.0,False,0.72
cell-058-032,0,0,1.0,DFO_3625_From_20100310_to_20100324,Heavy Rain Snowmelt Dam B,1,26.72660255432129,2.417769193649292,3.0,4.338524832938789,23,75,627.3915646415071,0.0,False,0.839
cell-058-033,0,0,1.0,DFO_3625_From_20100310_to_20100324,Heavy Rain Snowmelt Dam B,1,21.067062377929688,4.350497722625732,66.0,6.657208369434357,24,84,544.1213618434297,0.0,False,0.474
cell-058-034,0,0,1.0,DFO_3625_From_20100310_to_20100324,Heavy Rain Snowmelt Dam B,1,18.48413848876953,2.279942512512207,3.0,4.385763128910386,22,36,462.5016319356892,0.0,False,0.308
cell-058-035,0,0,1.0,DFO_3625_From_20100310_to_20100324,Heavy Rain Snowmelt Dam B,1,16.44060707092285,1.5729342699050903,9.0,5.587072460987286,23,63,382.93522358929204,0.0,True,0.176
cell-058-036,0,0,1.0,DFO_3625_From_20100310_to_20100324,Heavy Rain Snowmelt Dam B,1,18.29523468017578,1.530381441116333,2.0,4.40313994452917,23,53,300.9825671482439,0.0,False,0.296
cell-059-011,0,0,1.0,DFO_3625_From_20100310_to_20100324,Heavy Rain Snowmelt Dam B,1,38.402034759521484,7.2316107749938965,1.0,2.6817252541304444,41,0,0.0,0.0,False,1.591
cell-059-012,0,0,1.0,DFO_3625_From_20100310_to_20100324,Heavy Rain Snowmelt Dam B,1,36.80365753173828,3.4174232482910156,2.0,3.7619360244502915,41,0,32.717896770131695,0.0,False,1.488
cell-059-013,0,0,1.0,DFO_3625_From_20100310_to_20100324,Heavy Rain Snowmelt Dam B,1,23.197656631469727,8.057622909545898,7.0,3.9661719190286564,41,0,0.0,0.0,False,0.612
cell-059-014,0,0,1.0,DFO_3625_From_20100310_to_20100324,Heavy Rain Snowmelt Dam B,1,29.183568954467773,7.1779255867004395,2.0,3.094168860529266,41,0,29.52399784862064,25.10142221939424,False,0.997
cell-059-015,0,0,1.0,DFO_3625_From_20100310_to_20100324,Heavy Rain Snowmelt Dam B,1,28.98515510559082,2.571894407272339,1.0,3.595057658174399,41,0,129.52399784862064,0.0,False,0.984
cell-059-016,0,0,1.0,DFO_3625_From_20100310_to_20100324,Heavy Rain Snowmelt Dam B,1,27.37996482849121,2.3790903091430664,1.0,3.6584116591269047,41,0,192.7180076269433,0.0,False,0.881
cell-059-017,0,0,1.0,DFO_3625_From_20100310_to_20100324,Heavy Rain Snowmelt Dam B,1,26.392568588256836,4.355389595031738,4.0,4.060956499283256,22,45,194.17624557336012,0.0,False,0.817
cell-059-018,0,0,1.0,DFO_3625_From_20100310_to_20100324,Heavy Rain Snowmelt Dam B,1,33.07982635498047,3.271106004714966,3.0,4.087065955500101,22,35,226.94821323000937,0.0,False,1.248
cell-059-019,0,0,1.0,DFO_3625_From_20100310_to_20100324,Heavy Rain Snowmelt Dam B,1,31.86713218688965,1.8897651433944702,107.0,7.82881224452953,23,50,289.33117048991284,0.0,False,1.17
cell-059-020,0,0,1.0,DFO_3625_From_20100310_to_20100324,Heavy Rain Snowmelt Dam B,1,29.574485778808594,11.648078918457031,4.0,3.141242913583733,22,35,272.1814159831838,0.0,False,1.022
cell-059-021,0,0,1.0,DFO_3625_From_20100310_to_20100324,Heavy Rain Snowmelt Dam B,1,27.20948600769043,3.047342538833618,2.0,3.859488064360822,24,92,212.87751566650357,0.0,False,0.87
cell-059-022,0,0,1.0,DFO_3625_From_20100310_to_20100324,Heavy Rain Snowmelt Dam B,1,28.52863311767578,2.0154755115509033,1.0,3.7900001131819026,22,46,158.04546112035408,0.0,False,0.955
cell-059-023,0,0,1.0,DFO_3625_From_20100310_to_20100324,Heavy Rain Snowmelt Dam B,1,24.360546112060547,5.1120829582214355,2.0,3.4066100836928075,21,10,93.15077618390531,0.0,False,0.686
cell-059-024,0,0,1.0,DFO_3625_From_20100310_to_20100324,Heavy Rain Snowmelt Dam B,1,17.519506454467773,10.752387046813965,7.0,3.6893841198531336,21,3,0.0,0.0,True,0.246
cell-059-025,0,0,1.0,DFO_3625_From_20100310_to_20100324,Heavy Rain Snowmelt Dam B,1,8.749957084655762,5.420575141906738,9.0,4.557426733125058,22,48,0.0,0.0,True,-0.319
cell-059-026,0,0,1.0,DFO_3625_From_20100310_to_20100324,Heavy Rain Snowmelt Dam B,1,12.91596508026123,7.812133312225342,3.0,3.3022662187282394,21,11,89.61847069773602,0.0,True,-0.051
cell-059-027,0,0,1.0,DFO_3625_From_20100310_to_20100324,Heavy Rain Snowmelt Dam B,1,21.702999114990234,3.925006866455078,1.0,3.2363825576944127,22,48,187.29351038072926,0.0,False,0.515
cell-059-028,0,0,1.0,DFO_3625_From_20100310_to_20100324,Heavy Rain Snowmelt Dam B,1,28.49396324157715,5.6567535400390625,1.0,2.909086691350642,21,18,286.5569670603096,0.0,False,0.953
cell-059-029,0,0,1.0,DFO_3625_From_20100310_to_20100324,Heavy Rain Snowmelt Dam B,1,24.397199630737305,3.274766683578491,3.0,4.086111812402074,22,37,386.0529975915827,0.0,False,0.689
cell-059-030,0,0,1.0,DFO_3625_From_20100310_to_20100324,Heavy Rain Snowmelt Dam B,1,23.48509407043457,9.174331665039062,1.0,2.456290362081077,22,46,485.5490281228557,0.0,False,0.63
cell-059-031,0,0,1.0,DFO_3625_From_20100310_to_20100324,Heavy Rain Snowmelt Dam B,1,24.98822021484375,9.903783798217773,2.0,2.788197983625256,21,4,585.1220678088708,0.0,False,0.727
cell-059-032,0,0,1.0,DFO_3625_From_20100310_to_20100324,Heavy Rain Snowmelt Dam B,1,20.195556640625,3.839280366897583,2.0,3.6611533393829077,22,49,682.8895053663944,0.0,False,0.418
cell-059-033,0,0,1.0,DFO_3625_From_20100310_to_20100324,Heavy Rain Snowmelt Dam B,1,17.328041076660156,0.7610854506492615,61.0,7.887113420260934,23,68,602.6418519737274,0.0,False,0.234
cell-059-034,0,0,1.0,DFO_3625_From_20100310_to_20100324,Heavy Rain Snowmelt Dam B,1,17.577993392944336,0.49047303199768066,1.0,4.6798626343937615,24,86,522.1958195669127,0.0,False,0.25
cell-060-011,0,0,1.0,DFO_3625_From_20100310_to_20100324,Heavy Rain Snowmelt Dam B,1,42.604366302490234,6.999082088470459,2.0,3.1177620401517467,41,0,6.416784058746446,0.0,False,1.861
cell-060-012,0,0,1.0,DFO_3625_From_20100310_to_20100324,Heavy Rain Snowmelt Dam B,1,28.253570556640625,2.374828338623047,38.0,6.630272570518541,41,0,8.45649155776482,0.0,False,0.937
cell-060-013,0,0,1.0,DFO_3625_From_20100310_to_20100324,Heavy Rain Snowmelt Dam B,1,17.749706268310547,5.211024761199951,58.0,6.368182707298774,41,0,0.0,0.0,False,0.261
cell-060-014,0,0,1.0,DFO_3625_From_20100310_to_20100324,Heavy Rain Snowmelt Dam B,1,28.054231643676758,4.84697151184082,2.0,3.4546193483164895,41,0,45.40539018280189,0.0,False,0.924
cell-060-015,0,0,1.0,DFO_3625_From_20100310_to_20100324,Heavy Rain Snowmelt Dam B,1,29.594209671020508,0.39023327827453613,1.0,4.7788713413776955,41,0,135.94439661477412,0.0,False,1.024
cell-060-016,0,0,1.0,DFO_3625_From_20100310_to_20100324,Heavy Rain Snowmelt Dam B,1,23.76459312438965,2.8498058319091797,77.0,7.173800524038617,21,17,173.66918726453605,0.0,False,0.648
cell-060-017,0,0,1.0,DFO_3625_From_20100310_to_20100324,Heavy Rain Snowmelt Dam B,1,26.61067771911621,3.130906105041504,56.0,6.781059624915881,22,26,170.66034235991538,0.0,False,0.831
cell-060-018,0,0,1.0,DFO_3625_From_20100310_to_20100324,Heavy Rain Snowmelt Dam B,1,32.57627868652344,2.7229270935058594,2.0,3.9535421998401703,22,22,180.0864453456924,0.0,False,1.216
cell-060-019,0,0,1.0,DFO_3625_From_20100310_to_20100324,Heavy Rain Snowmelt Dam B,1,35.935306549072266,3.04707670211792,3.0,4.147243659908609,23,52,216.1016292612756,0.0,False,1.432
cell-060-020,0,0,1.0,DFO_3625_From_20100310_to_20100324,Heavy Rain Snowmelt Dam B,1,26.374309539794922,5.438899993896484,11.0,4.736676252774512,23,76,252.05398000866518,0.0,False,0.816
cell-060-021,0,0,1.0,DFO_3625_From_20100310_to_20100324,Heavy Rain Snowmelt Dam B,1,25.77941131591797,5.378252029418945,4.0,3.8714101974053063,22,37,241.6501302783581,0.0,False,0.778
cell-060-022,0,0,1.0,DFO_3625_From_20100310_to_20100324,Heavy Rain Snowmelt Dam B,1,28.39080047607422,4.131691932678223,2.0,3.596763631148656,22,44,163.82359839262674,0.0,False,0.946
cell-060-023,0,0,1.0,DFO_3625_From_20100310_to_20100324,Heavy Rain Snowmelt Dam B,1,22.174055099487305,0.7281204462051392,1.0,4.478150696837739,23,52,68.75021916004329,0.0,False,0.546
cell-060-024,0,0,1.0,DFO_3625_From_20100310_to_20100324,Heavy Rain Snowmelt Dam B,1,8.142800331115723,8.516178131103516,52.0,5.804501651977773,21,4,0.0,0.0,True,-0.358
cell-060-025,0,0,1.0,DFO_3625_From_20100310_to_20100324,Heavy Rain Snowmelt Dam B,1,14.731163024902344,9.363629341125488,2.0,2.842171359720732,22,47,2.434874602873207,0.0,True,0.066
cell-060-026,0,0,1.0,DFO_3625_From_20100310_to_20100324,Heavy Rain Snowmelt Dam B,1,13.345022201538086,7.832847595214844,2.0,3.012084826929332,22,49,97.83688066073493,0.0,False,-0.023
cell-060-027,0,0,1.0,DFO_3625_From_20100310_to_20100324,Heavy Rain Snowmelt Dam B,1,26.39614486694336,6.796322822570801,1.0,2.739713564588436,21,3,195.93069783790816,0.0,False,0.818
cell-060-028,0,0,1.0,DFO_3625_From_20100310_to_20100324,Heavy Rain Snowmelt Dam B,1,25.267885208129883,4.881993293762207,3.0,3.735827859184465,21,2,294.92614265948885,0.0,False,0.745
cell-060-029,0,0,1.0,DFO_3625_From_20100310_to_20100324,Heavy Rain Snowmelt Dam B,1,25.280935287475586,17.130308151245117,2.0,2.243626880726039,21,5,394.4287272661066,0.0,False,0.746
cell-060-030,0,0,1.0,DFO_3625_From_20100310_to_20100324,Heavy Rain Snowmelt Dam B,1,19.80251693725586,3.1165781021118164,2.0,3.8405048398573602,22,41,494.1321808600571,0.0,False,0.393
cell-060-031,0,0,1.0,DFO_3625_From_20100310_to_20100324,Heavy Rain Snowmelt Dam B,1,19.101152420043945,2.8832736015319824,8.0,5.004568063054813,21,9,593.935352904903,0.0,False,0.348
cell-060-032,0,0,1.0,DFO_3625_From_20100310_to_20100324,Heavy Rain Snowmelt Dam B,1,17.636133193969727,0.5375764966011047,14.0,6.651421664775524,22,49,693.7952109225223,0.0,False,0.253
cell-061-011,0,0,1.0,DFO_3625_From_20100310_to_20100324,Heavy Rain Snowmelt Dam B,1,42.7806282043457,6.060725688934326,2.0,3.25126191146057,41,0,66.7225647376198,0.0,False,1.873
cell-061-012,0,0,1.0,DFO_3625_From_20100310_to_20100324,Heavy Rain Snowmelt Dam B,1,25.128620147705078,7.612142086029053,14.0,4.648466183650452,41,0,9.78005334384038,0.0,False,0.736
cell-061-013,0,0,1.0,DFO_3625_From_20100310_to_20100324,Heavy Rain Snowmelt Dam B,1,15.21789264678955,3.7158262729644775,4.0,4.200445701366561,41,0,0.0,0.0,True,0.098
cell-061-014,0,0,1.0,DFO_3625_From_20100310_to_20100324,Heavy Rain Snowmelt Dam B,1,26.839885711669922,5.864401340484619,3.0,3.569213453744597,41,0,21.918759997384385,0.0,False,0.846
cell-061-015,0,0,1.0,DFO_3625_From_20100310_to_20100324,Heavy Rain Snowmelt Dam B,1,25.51047134399414,4.703312397003174,7.0,4.462443503505219,22,42,102.98684113762152,0.0,False,0.761
cell-061-016,0,0,1.0,DFO_3625_From_20100310_to_20100324,Heavy Rain Snowmelt Dam B,1,23.345247268676758,11.713096618652344,4.0,3.1357834147760717,21,2,74.50698912743938,0.0,False,0.621
cell-061-017,0,0,1.0,DFO_3625_From_20100310_to_20100324,Heavy Rain Snowmelt Dam B,1,22.987390518188477,3.85178804397583,24.0,5.778577153818069,22,23,70.66034235991538,0.0,False,0.598
cell-061-018,0,0,1.0,DFO_3625_From_20100310_to_20100324,Heavy Rain Snowmelt Dam B,1,27.198884963989258,3.334106922149658,31.0,6.150212439799075,22,34,82.07746242313709,0.0,False,0.869
cell-061-019,0,0,1.0,DFO_3625_From_20100310_to_20100324,Heavy Rain Snowmelt Dam B,1,28.7097225189209,8.206161499023438,1.0,2.562574290117833,21,17,134.00197247637925,0.0,False,0.967
cell-061-020,0,0,1.0,DFO_3625_From_20100310_to_20100324,Heavy Rain Snowmelt Dam B,1,19.470243453979492,8.519183158874512,6.0,3.7797842146162455,23,64,156.64457816400758,0.0,False,0.372
cell-061-021,0,0,1.0,DFO_3625_From_20100310_to_20100324,Heavy Rain Snowmelt Dam B,1,22.977563858032227,9.94612979888916,3.0,3.0717621426687063,21,18,141.79739131986662,0.0,False,0.597
cell-061-022,0,0,1.0,DFO_3625_From_20100310_to_20100324,Heavy Rain Snowmelt Dam B,1,22.911813735961914,3.7585456371307373,31.0,6.046802197012596,22,49,136.54546137706487,0.0,False,0.593
cell-061-023,0,0,1.0,DFO_3625_From_20100310_to_20100324,Heavy Rain Snowmelt Dam B,1,17.316396713256836,10.464936256408691,3.0,3.02255833557985,22,20,59.56308882284064,0.0,True,0.233
cell-061-024,0,0,1.0,DFO_3625_From_20100310_to_20100324,Heavy Rain Snowmelt Dam B,1,7.172116756439209,2.257528781890869,2.0,4.105977710544296,21,3,0.0,0.0,True,-0.42
cell-061-025,0,0,1.0,DFO_3625_From_20100310_to_20100324,Heavy Rain Snowmelt Dam B,1,14.31906509399414,3.268447160720825,2.0,3.800077327869668,22,38,20.01389441175661,0.0,True,0.04
cell-061-026,0,0,1.0,DFO_3625_From_20100310_to_20100324,Heavy Rain Snowmelt Dam B,1,20.11726951599121,8.325043678283691,2.0,2.9543942836422192,21,5,115.58655305842785,0.0,False,0.413
cell-061-027,0,0,1.0,DFO_3625_From_20100310_to_20100324,Heavy Rain Snowmelt Dam B,1,15.504761695861816,4.271665096282959,5.0,4.260481094122094,23,75,215.13061161621746,0.0,False,0.116
cell-061-028,0,0,1.0,DFO_3625_From_20100310_to_20100324,Heavy Rain Snowmelt Dam B,1,27.017080307006836,0.5310861468315125,1.0,4.64238066820255,22,21,314.9636627625587,0.0,False,0.858
cell-061-029,0,0,1.0,DFO_3625_From_20100310_to_20100324,Heavy Rain Snowmelt Dam B,1,24.06186294555664,11.32365608215332,4.0,3.168900049730018,22,36,412.85815199968994,0.0,False,0.667
cell-061-030,0,0,1.0,DFO_3625_From_20100310_to_20100324,Heavy Rain Snowmelt Dam B,1,19.45359230041504,0.5046186447143555,2.0,5.0721126015516855,22,42,509.83495453554264,0.0,False,0.37
cell-062-011,0,0,1.0,DFO_3625_From_20100310_to_20100324,Heavy Rain Snowmelt Dam B,1,35.93174362182617,4.6698126792907715,44.0,6.196063806097694,41,0,145.5368501300948,0.0,False,1.432
cell-062-012,0,0,1.0,DFO_3625_From_20100310_to_20100324,Heavy Rain Snowmelt Dam B,1,27.32781219482422,7.575313091278076,404.0,7.948867800842451,41,0,61.11200397226501,6.485109708737583,False,0.878
cell-062-013,0,0,1.0,DFO_3625_From_20100310_to_20100324,Heavy Rain Snowmelt Dam B,1,17.653671264648438,11.325230598449707,5.0,3.3510856797530004,41,0,0.0,0.0,True,0.255
cell-062-014,0,0,1.0,DFO_3625_From_20100310_to_20100324,Heavy Rain Snowmelt Dam B,1,13.230728149414062,5.926445007324219,6.0,4.1191662394371305,41,0,0.0,45.403790431213565,True,-0.03
cell-062-015,0,0,1.0,DFO_3625_From_20100310_to_20100324,Heavy Rain Snowmelt Dam B,1,12.5272216796875,6.3247833251953125,7.0,4.192738789837765,90,0,9.514985535293818,0.0,True,-0.076
cell-062-016,0,0,1.0,DFO_3625_From_20100310_to_20100324,Heavy Rain Snowmelt Dam B,1,15.226633071899414,6.044809341430664,1.0,2.8482178241864866,21,1,0.0,0.0,True,0.098
cell-062-017,0,0,1.0,DFO_3625_From_20100310_to_20100324,Heavy Rain Snowmelt Dam B,1,11.865593910217285,12.646236419677734,11.0,3.935744109692658,22,28,0.0,0.0,True,-0.118
cell-062-018,0,0,1.0,DFO_3625_From_20100310_to_20100324,Heavy Rain Snowmelt Dam B,1,20.278310775756836,9.810802459716797,17.0,4.589055361605244,22,42,2.7890568738803267,0.0,True,0.424
cell-062-019,0,0,1.0,DFO_3625_From_20100310_to_20100324,Heavy Rain Snowmelt Dam B,1,21.22858428955078,8.961615562438965,2.0,2.8842041822504534,23,61,76.31848152206736,0.0,False,0.485
cell-062-020,0,0,1.0,DFO_3625_From_20100310_to_20100324,Heavy Rain Snowmelt Dam B,1,15.835199356079102,5.132572174072266,8.0,4.50160462013778,22,45,70.76545683367505,0.0,False,0.137
cell-062-021,0,0,1.0,DFO_3625_From_20100310_to_20100324,Heavy Rain Snowmelt Dam B,1,13.340009689331055,3.3437490463256836,7.0,4.761447245751369,23,65,41.979257311973974,0.0,False,-0.023
cell-062-022,0,0,1.0,DFO_3625_From_20100310_to_20100324,Heavy Rain Snowmelt Dam B,1,13.058208465576172,4.684642314910889,10.0,4.7844586831380775,23,59,36.647831500466054,0.0,True,-0.041
cell-062-023,0,0,1.0,DFO_3625_From_20100310_to_20100324,Heavy Rain Snowmelt Dam B,1,10.954289436340332,4.71456241607666,2.0,3.479474139615827,22,43,6.391754431014179,0.0,True,-0.177
cell-062-024,0,0,1.0,DFO_3625_From_20100310_to_20100324,Heavy Rain Snowmelt Dam B,1,7.052371978759766,1.6046468019485474,7.0,5.349250385178431,21,15,0.0,0.0,True,-0.428
cell-062-025,0,0,1.0,DFO_3625_From_20100310_to_20100324,Heavy Rain Snowmelt Dam B,1,11.036824226379395,3.3964178562164307,6.0,4.614525112810773,21,16,40.43110207977151,0.0,True,-0.172
cell-062-026,0,0,1.0,DFO_3625_From_20100310_to_20100324,Heavy Rain Snowmelt Dam B,1,14.433247566223145,4.751187324523926,1.0,3.0670730716869894,22,48,140.4252929823837,0.0,False,0.047
cell-062-027,0,0,1.0,DFO_3625_From_20100310_to_20100324,Heavy Rain Snowmelt Dam B,1,18.173585891723633,9.265108108520508,2.0,2.8523188391675722,21,1,240.41948388499586,0.0,False,0.288
cell-062-028,0,0,1.0,DFO_3625_From_20100310_to_20100324,Heavy Rain Snowmelt Dam B,1,16.45114517211914,4.605788707733154,3.0,3.7880395306513286,21,5,334.9760386900538,0.0,False,0.177
cell-063-011,0,0,1.0,DFO_3625_From_20100310_to_20100324,Heavy Rain Snowmelt Dam B,1,49.964027404785156,2.8165082931518555,2.0,3.9254970607204984,41,0,196.0536752647864,0.0,False,2.335
cell-063-012,0,0,1.0,DFO_3625_From_20100310_to_20100324,Heavy Rain Snowmelt Dam B,1,37.87644577026367,6.656006336212158,4.0,3.6754134526040594,41,0,98.86914024915441,0.0,False,1.557
cell-063-013,0,0,1.0,DFO_3625_From_20100310_to_20100324,Heavy Rain Snowmelt Dam B,1,16.750961303710938,11.131182670593262,15.0,4.348797676850604,41,0,16.62180127146778,0.0,True,0.196
cell-063-014,0,0,1.0,DFO_3625_From_20100310_to_20100324,Heavy Rain Snowmelt Dam B,1,12.282206535339355,6.263377666473389,2.0,3.2209270454638945,90,0,0.0,41.2417557414225,True,-0.091
cell-063-015,0,0,1.0,DFO_3625_From_20100310_to_20100324,Heavy Rain Snowmelt Dam B,1,12.655667304992676,11.004375457763672,7.0,3.666826601173196,31,0,0.0,0.0,True,-0.067
cell-063-016,0,0,1.0,DFO_3625_From_20100310_to_20100324,Heavy Rain Snowmelt Dam B,1,16.18016242980957,13.981562614440918,9.0,3.653565459700954,41,0,0.0,1.2559410066467391,True,0.16
cell-063-017,0,0,1.0,DFO_3625_From_20100310_to_20100324,Heavy Rain Snowmelt Dam B,1,15.49294376373291,6.04029655456543,17.0,5.046129805027351,41,0,0.0,30.4573015235186,True,0.115
cell-063-018,0,0,1.0,DFO_3625_From_20100310_to_20100324,Heavy Rain Snowmelt Dam B,1,11.506930351257324,3.7965471744537354,1.0,3.265451433313706,22,28,0.0,0.0,True,-0.141
cell-063-019,0,0,1.0,DFO_3625_From_20100310_to_20100324,Heavy Rain Snowmelt Dam B,1,12.237966537475586,2.994180202484131,12.0,5.340648074299286,21,13,0.0,0.0,True,-0.094
cell-063-020,0,0,1.0,DFO_3625_From_20100310_to_20100324,Heavy Rain Snowmelt Dam B,1,9.986708641052246,4.821346759796143,11.0,4.845676529938769,21,2,0.0,0.0,True,-0.239
cell-063-021,0,0,1.0,DFO_3625_From_20100310_to_20100324,Heavy Rain Snowmelt Dam B,1,7.968604564666748,1.2730059623718262,1222.0,10.544174123555091,21,2,0.0,0.0,True,-0.369
cell-063-022,0,0,1.0,DFO_3625_From_20100310_to_20100324,Heavy Rain Snowmelt Dam B,1,9.487456321716309,4.127641677856445,4.0,4.108453761866462,21,14,0.0,0.0,True,-0.271
cell-063-023,0,0,1.0,DFO_3625_From_20100310_to_20100324,Heavy Rain Snowmelt Dam B,1,8.426409721374512,2.6573801040649414,5.0,4.666809531815275,21,7,0.0,5.359006103128195,True,-0.34
cell-063-024,0,0,1.0,DFO_3625_From_20100310_to_20100324,Heavy Rain Snowmelt Dam B,1,11.051837921142578,7.72121000289917,5.0,3.718773367095078,22,44,0.0,0.0,True,-0.171
cell-063-025,0,0,1.0,DFO_3625_From_20100310_to_20100324,Heavy Rain Snowmelt Dam B,1,9.422758102416992,0.5561256408691406,1.0,4.61995247596726,21,10,60.25307780886273,0.0,True,-0.275
cell-063-026,0,0,1.0,DFO_3625_From_20100310_to_20100324,Heavy Rain Snowmelt Dam B,1,12.221006393432617,2.1686697006225586,2.0,4.137909636989748,22,40,155.24653303627258,0.0,True,-0.095
cell-063-027,0,0,1.0,DFO_3625_From_20100310_to_20100324,Heavy Rain Snowmelt Dam B,1,23.513343811035156,12.4794921875,4.0,3.0733947282065417,22,21,249.5809565484093,0.0,False,0.632
cell-063-028,0,0,1.0,DFO_3625_From_20100310_to_20100324,Heavy Rain Snowmelt Dam B,1,19.8646240234375,1.1213194131851196,1.0,4.2140334007229034,22,46,347.0612264595824,0.0,False,0.397
cell-064-011,0,0,1.0,DFO_3625_From_20100310_to_20100324,Heavy Rain Snowmelt Dam B,1,50.5759162902832,1.5440967082977295,5.0,5.089784082479082,41,0,135.90242553927777,0.0,False,2.375
cell-064-012,0,0,1.0,DFO_3625_From_20100310_to_20100324,Heavy Rain Snowmelt Dam B,1,31.105009078979492,14.902063369750977,8.0,3.484151616430609,41,0,97.01594317820854,0.0,False,1.121
cell-064-013,0,0,1.0,DFO_3625_From_20100310_to_20100324,Heavy Rain Snowmelt Dam B,1,14.944862365722656,5.39328670501709,149.0,7.270068754692915,90,0,0.0,0.0,True,0.08
cell-064-014,0,0,1.0,DFO_3625_From_20100310_to_20100324,Heavy Rain Snowmelt Dam B,1,10.774398803710938,1.338486671447754,4.0,5.009678263182796,90,0,0.0,3.7032653326236704,True,-0.188
cell-064-015,0,0,1.0,DFO_3625_From_20100310_to_20100324,Heavy Rain Snowmelt Dam B,1,15.635964393615723,2.8898556232452393,2.0,3.904049685115199,21,8,20.13979455632199,0.0,True,0.125
cell-064-016,0,0,1.0,DFO_3625_From_20100310_to_20100324,Heavy Rain Snowmelt Dam B,1,25.847095489501953,9.169637680053711,3.0,3.1499277795623253,41,0,66.36446575820446,1.9545355412410572,False,0.782
cell-064-017,0,0,1.0,DFO_3625_From_20100310_to_20100324,Heavy Rain Snowmelt Dam B,1,24.47480583190918,6.263632774353027,3.0,3.508571540363754,41,0,34.91429262836453,14.585117508308032,False,0.694
cell-064-018,0,0,1.0,DFO_3625_From_20100310_to_20100324,Heavy Rain Snowmelt Dam B,1,17.82217025756836,13.606208801269531,3.0,2.7644611304430597,21,10,12.389474851079285,0.0,True,0.265
cell-064-019,0,0,1.0,DFO_3625_From_20100310_to_20100324,Heavy Rain Snowmelt Dam B,1,11.649458885192871,3.1727118492126465,1.0,3.4199072365293084,21,6,0.0,0.0,True,-0.132
cell-064-020,0,0,1.0,DFO_3625_From_20100310_to_20100324,Heavy Rain Snowmelt Dam B,1,11.535784721374512,3.2635867595672607,1.0,3.395881265263221,21,11,0.0,0.0,True,-0.139
cell-064-021,0,0,1.0,DFO_3625_From_20100310_to_20100324,Heavy Rain Snowmelt Dam B,1,10.069344520568848,0.8597482442855835,9.0,5.991202082699187,21,5,25.461280524004874,0.0,True,-0.234
cell-064-022,0,0,1.0,DFO_3625_From_20100310_to_20100324,Heavy Rain Snowmelt Dam B,1,18.180686950683594,3.0946109294891357,1.0,3.4410240075657956,41,0,57.77014250368915,0.0,False,0.289
cell-064-023,0,0,1.0,DFO_3625_From_20100310_to_20100324,Heavy Rain Snowmelt Dam B,1,13.51583480834961,4.143043041229248,1.0,3.188879829456482,43,0,63.24979837613273,0.0,True,-0.012
cell-064-024,0,0,1.0,DFO_3625_From_20100310_to_20100324,Heavy Rain Snowmelt Dam B,1,12.598968505859375,2.505077838897705,26.0,6.219253451513515,21,18,81.00233557755334,0.0,False,-0.071
cell-064-025,0,0,1.0,DFO_3625_From_20100310_to_20100324,Heavy Rain Snowmelt Dam B,1,17.236347198486328,2.8695287704467773,1.0,3.504482666318939,43,0,121.91153968624748,0.0,False,0.228
cell-064-026,0,0,1.0,DFO_3625_From_20100310_to_20100324,Heavy Rain Snowmelt Dam B,1,15.132394790649414,7.661649703979492,4.0,3.5437489955612325,22,25,192.58669151765247,0.0,True,0.092
cell-064-027,0,0,1.0,DFO_3625_From_20100310_to_20100324,Heavy Rain Snowmelt Dam B,1,24.219074249267578,8.099004745483398,2.0,2.98049329254824,22,41,281.6324626010989,0.0,True,0.677
cell-064-028,0,0,1.0,DFO_3625_From_20100310_to_20100324,Heavy Rain Snowmelt Dam B,1,23.564647674560547,15.771397590637207,5.0,3.0212814313767575,23,66,376.22340999970123,0.0,False,0.635
cell-065-012,0,0,1.0,DFO_3625_From_20100310_to_20100324,Heavy Rain Snowmelt Dam B,1,29.496667861938477,12.148917198181152,1.0,2.1835823897101947,41,0,94.8676457221693,0.0,False,1.017
cell-065-013,0,0,1.0,DFO_3625_From_20100310_to_20100324,Heavy Rain Snowmelt Dam B,1,14.695229530334473,3.322958469390869,13.0,5.3263982615795165,41,0,19.672063621324043,0.0,True,0.064
cell-065-014,0,0,1.0,DFO_3625_From_20100310_to_20100324,Heavy Rain Snowmelt Dam B,1,12.455280303955078,4.3370819091796875,11.0,4.940162055381984,23,72,0.0,0.0,True,-0.08
cell-065-015,0,0,1.0,DFO_3625_From_20100310_to_20100324,Heavy Rain Snowmelt Dam B,1,16.744041442871094,0.3100731074810028,1.0,4.865765821713292,24,81,65.03683122992516,0.0,False,0.196
cell-065-016,0,0,1.0,DFO_3625_From_20100310_to_20100324,Heavy Rain Snowmelt Dam B,1,20.115760803222656,4.929388046264648,4.0,3.9502759036505797,43,0,153.91954880609663,0.0,False,0.413
cell-065-017,0,0,1.0,DFO_3625_From_20100310_to_20100324,Heavy Rain Snowmelt Dam B,1,23.093441009521484,3.3326613903045654,12.0,5.2497968718092105,41,0,122.6357397897378,5.005178142222576,False,0.605
cell-065-018,0,0,1.0,DFO_3625_From_20100310_to_20100324,Heavy Rain Snowmelt Dam B,1,18.611385345458984,3.755202054977417,22.0,5.717335070187628,21,5,103.88872432450687,0.0,False,0.316
cell-065-019,0,0,1.0,DFO_3625_From_20100310_to_20100324,Heavy Rain Snowmelt Dam B,1,26.556365966796875,1.8207217454910278,1.0,3.868286363562914,21,4,54.54121942538768,0.0,False,0.828
cell-065-020,0,0,1.0,DFO_3625_From_20100310_to_20100324,Heavy Rain Snowmelt Dam B,1,23.260744094848633,5.6150898933410645,2.0,3.321307631204471,21,4,54.59128993946099,0.0,False,0.616
cell-065-021,0,0,1.0,DFO_3625_From_20100310_to_20100324,Heavy Rain Snowmelt Dam B,1,10.363940238952637,0.37870121002197266,471.0,10.254748612196188,22,20,108.84378972144265,0.0,True,-0.215
cell-065-022,0,0,1.0,DFO_3625_From_20100310_to_20100324,Heavy Rain Snowmelt Dam B,1,18.410419464111328,8.125589370727539,3.0,3.2650717530327156,41,0,150.49243498499183,21.443182554240245,False,0.303
cell-065-023,0,0,1.0,DFO_3625_From_20100310_to_20100324,Heavy Rain Snowmelt Dam B,1,24.517553329467773,0.433202862739563,1.0,4.73522426791106,21,1,163.1474282527315,0.0,False,0.697
cell-065-024,0,0,1.0,DFO_3625_From_20100310_to_20100324,Heavy Rain Snowmelt Dam B,1,24.163097381591797,8.828109741210938,1.0,2.493076382603977,21,7,172.37799161077376,0.0,False,0.674
cell-065-025,0,0,1.0,DFO_3625_From_20100310_to_20100324,Heavy Rain Snowmelt Dam B,1,14.185351371765137,1.5330406427383423,13.0,5.942320873110548,41,0,214.37645253303614,0.0,False,0.031
cell-065-026,0,0,1.0,DFO_3625_From_20100310_to_20100324,Heavy Rain Snowmelt Dam B,1,18.18805694580078,6.927771091461182,2.0,3.1273216922957907,41,0,261.12156870257394,3.013058161160638,True,0.289
cell-065-027,0,0,1.0,DFO_3625_From_20100310_to_20100324,Heavy Rain Snowmelt Dam B,1,22.81101417541504,7.025106906890869,3.0,3.4019772622896096,41,0,332.2825362289402,36.87271293159574,True,0.587
cell-066-013,0,0,1.0,DFO_3625_From_20100310_to_20100324,Heavy Rain Snowmelt Dam B,1,12.423192024230957,11.974851608276367,8.0,3.7018617662272435,90,0,0.0,0.0,True,-0.082
cell-066-014,0,0,1.0,DFO_3625_From_20100310_to_20100324,Heavy Rain Snowmelt Dam B,1,14.795733451843262,1.4048748016357422,1.0,4.05923021061919,23,64,0.0,0.0,True,0.071
cell-066-015,0,0,1.0,DFO_3625_From_20100310_to_20100324,Heavy Rain Snowmelt Dam B,1,15.669543266296387,2.851149320602417,1.0,3.509845609473151,24,88,69.0510151422177,0.0,False,0.127
cell-066-016,0,0,1.0,DFO_3625_From_20100310_to_20100324,Heavy Rain Snowmelt Dam B,1,27.552845001220703,2.721583843231201,8.0,5.052562827431631,24,91,166.87269600233648,0.0,False,0.892
cell-066-017,0,0,1.0,DFO_3625_From_20100310_to_20100324,Heavy Rain Snowmelt Dam B,1,33.137046813964844,2.9888875484466553,2.0,3.8757987377357703,43,0,219.46843903125858,21.91147672466468,False,1.252
cell-066-018,0,0,1.0,DFO_3625_From_20100310_to_20100324,Heavy Rain Snowmelt Dam B,1,31.89462661743164,9.884007453918457,2.0,2.7901264602804163,21,3,179.54010356566437,0.0,False,1.172
cell-066-019,0,0,1.0,DFO_3625_From_20100310_to_20100324,Heavy Rain Snowmelt Dam B,1,25.388172149658203,1.3310109376907349,38.0,7.067722397420531,21,3,154.54121942538768,0.0,False,0.753
cell-066-020,0,0,1.0,DFO_3625_From_20100310_to_20100324,Heavy Rain Snowmelt Dam B,1,29.21499252319336,3.989326238632202,1.0,3.22213603520093,21,2,154.55889758383964,0.0,False,0.999
cell-066-021,0,0,1.0,DFO_3625_From_20100310_to_20100324,Heavy Rain Snowmelt Dam B,1,14.67905330657959,7.921792984008789,6.0,3.8487185184503625,21,2,185.35363648637434,0.0,False,0.063
cell-066-022,0,0,1.0,DFO_3625_From_20100310_to_20100324,Heavy Rain Snowmelt Dam B,1,22.250022888183594,4.17090368270874,5.0,4.281579878957277,41,0,245.3505655097327,19.800661834771745,False,0.551
cell-066-023,0,0,1.0,DFO_3625_From_20100310_to_20100324,Heavy Rain Snowmelt Dam B,1,21.115219116210938,5.605630397796631,2.0,3.322847814740763,21,2,263.03855506592134,36.63423565199027,False,0.478
cell-066-024,0,0,1.0,DFO_3625_From_20100310_to_20100324,Heavy Rain Snowmelt Dam B,1,27.252599716186523,12.841497421264648,3.0,2.8219629708756493,41,0,269.91128770820285,0.0,False,0.873
cell-066-025,0,0,1.0,DFO_3625_From_20100310_to_20100324,Heavy Rain Snowmelt Dam B,1,24.188138961791992,7.3379998207092285,1.0,2.668033252853877,43,0,303.9117123889868,0.0,False,0.675
cell-066-026,0,0,1.0,DFO_3625_From_20100310_to_20100324,Heavy Rain Snowmelt Dam B,1,19.431129455566406,9.315391540527344,2.0,2.8471276768718132,90,0,345.36837367319936,90.74448024248704,False,0.369
cell-067-014,0,0,1.0,DFO_3625_From_20100310_to_20100324,Heavy Rain Snowmelt Dam B,1,14.30113697052002,0.34838247299194336,1.0,4.8232954145434155,23,57,6.880424835020676,0.0,True,0.039
cell-067-015,0,0,1.0,DFO_3625_From_20100310_to_20100324,Heavy Rain Snowmelt Dam B,1,19.773334503173828,22.71529769897461,14.0,3.5552282434636666,23,56,106.88042483502068,0.0,False,0.391
cell-067-016,0,0,1.0,DFO_3625_From_20100310_to_20100324,Heavy Rain Snowmelt Dam B,1,31.1333065032959,10.3590669631958,9.0,3.9487079335083677,41,0,193.37115419705415,0.0,False,1.123
cell-067-017,0,0,1.0,DFO_3625_From_20100310_to_20100324,Heavy Rain Snowmelt Dam B,1,39.39939498901367,2.4250166416168213,1.0,3.6429540889465146,23,57,287.39358079944304,0.0,False,1.655
cell-067-018,0,0,1.0,DFO_3625_From_20100310_to_20100324,Heavy Rain Snowmelt Dam B,1,36.01121520996094,2.460871696472168,2.0,4.036514573299294,22,21,271.4340261186235,0.0,False,1.437
cell-067-019,0,0,1.0,DFO_3625_From_20100310_to_20100324,Heavy Rain Snowmelt Dam B,1,30.964706420898438,11.00135326385498,4.0,3.1970906986662904,22,22,254.54121942538768,0.0,False,1.112
cell-067-020,0,0,1.0,DFO_3625_From_20100310_to_20100324,Heavy Rain Snowmelt Dam B,1,25.74927520751953,8.822356224060059,2.0,2.8991637431027586,22,21,254.55195286504753,0.0,False,0.776
cell-067-021,0,0,1.0,DFO_3625_From_20100310_to_20100324,Heavy Rain Snowmelt Dam B,1,17.975696563720703,10.420491218566895,4.0,3.249829705481847,21,2,274.3432420232008,0.0,False,0.275
cell-067-022,0,0,1.0,DFO_3625_From_20100310_to_20100324,Heavy Rain Snowmelt Dam B,1,24.545860290527344,13.51353645324707,2.0,2.483592992178235,21,2,324.26164343147747,69.37378046053766,False,0.698
cell-067-023,0,0,1.0,DFO_3625_From_20100310_to_20100324,Heavy Rain Snowmelt Dam B,1,26.242023468017578,1.9182435274124146,38.0,6.798735873571032,43,0,362.8912940244128,17.094475589459762,False,0.808
cell-067-024,0,0,1.0,DFO_3625_From_20100310_to_20100324,Heavy Rain Snowmelt Dam B,1,35.55360794067383,5.475667476654053,3.0,3.631927999081037,22,26,368.7682666293787,0.0,False,1.407
cell-068-017,0,0,1.0,DFO_3625_From_20100310_to_20100324,Heavy Rain Snowmelt Dam B,1,39.72706604003906,2.8474667072296143,2.0,3.9163888365534287,21,9,302.28973971051164,0.0,False,1.676
cell-068-018,0,0,1.0,DFO_3625_From_20100310_to_20100324,Heavy Rain Snowmelt Dam B,1,35.169349670410156,7.427273750305176,2.0,3.062146947453,21,18,367.58413442445413,0.0,False,1.383
cell-068-019,0,0,1.0,DFO_3625_From_20100310_to_20100324,Heavy Rain Snowmelt Dam B,1,29.77330780029297,7.932934761047363,7.0,3.9809217203781952,22,23,354.5412194253877,0.0,False,1.035
cell-068-020,0,0,1.0,DFO_3625_From_20100310_to_20100324,Heavy Rain Snowmelt Dam B,1,25.16036033630371,5.968099594116211,2.0,3.265431723852627,21,16,354.5489255271928,0.0,False,0.738
cell-068-021,0,0,1.0,DFO_3625_From_20100310_to_20100324,Heavy Rain Snowmelt Dam B,1,19.998451232910156,8.066854476928711,2.0,2.984258945007369,21,1,369.0155258642623,27.357254521100167,False,0.406
cell-015-021,1,0,1.0,DFO_3629_From_20100327_to_20100331,Heavy Rain,2,-1.3154746294021606,2.6461849212646484,6.0,4.824437215589947,11,0,0.0,13.507570363598182,True,-0.967
cell-015-022,1,0,1.0,DFO_3629_From_20100327_to_20100331,Heavy Rain,2,2.4246315956115723,0.27058255672454834,1.0,4.911519324639224,22,42,13.0944428587177,0.0,True,-0.726
cell-016-021,1,0,1.0,DFO_3629_From_20100327_to_20100331,Heavy Rain,2,-1.506100058555603,0.056115489453077316,9.0,6.814319580705883,11,0,0.0,42.909956693067215,True,-0.979
cell-016-022,1,0,1.0,DFO_3629_From_20100327_to_20100331,Heavy Rain,2,3.0379738807678223,2.585913896560669,1.0,3.5906030690513457,23,66,0.0,0.0,True,-0.687
cell-017-021,1,0,1.0,DFO_3629_From_20100327_to_20100331,Heavy Rain,2,-1.506100058555603,0.0,1.0,5.298317388899779,11,0,17.174589651728688,43.12751683146614,True,-0.979
cell-017-022,1,0,1.0,DFO_3629_From_20100327_to_20100331,Heavy Rain,2,2.0331759452819824,6.997210502624512,2.0,3.118011904977972,23,61,0.0,1.1845499744042738,True,-0.751
cell-020-012,0,0,1.0,DFO_3629_From_20100327_to_20100331,Heavy Rain,2,3.303015947341919,2.2935822010040283,1.0,3.6878408462768157,21,15,0.0,0.0,True,-0.67
cell-020-013,0,0,1.0,DFO_3629_From_20100327_to_20100331,Heavy Rain,2,2.7254083156585693,1.606561541557312,2.0,4.367541687181025,22,32,0.0,0.0,True,-0.707
cell-020-014,0,0,1.0,DFO_3629_From_20100327_to_20100331,Heavy Rain,2,2.4200222492218018,3.662853956222534,1.0,3.2966200013528106,23,71,0.0,0.0,True,-0.726
cell-020-015,0,0,1.0,DFO_3629_From_20100327_to_20100331,Heavy Rain,2,1.231942057609558,3.9653420448303223,11.0,5.019184511076517,22,23,0.0,12.730955071747301,True,-0.803
cell-020-016,0,0,1.0,DFO_3629_From_20100327_to_20100331,Heavy Rain,2,7.959383010864258,2.504103899002075,1.0,3.6168806927865704,21,18,49.63048222594476,0.0,True,-0.37
cell-020-017,0,0,1.0,DFO_3629_From_20100327_to_20100331,Heavy Rain,2,4.393118858337402,8.327424049377441,4.0,3.464948477914738,43,0,0.0,0.0,True,-0.599
cell-020-018,0,0,1.0,DFO_3629_From_20100327_to_20100331,Heavy Rain,2,-0.7709132432937622,5.67645788192749,68.0,6.446866383509407,90,0,0.0,20.32612253818661,True,-0.932
cell-020-019,0,0,1.0,DFO_3629_From_20100327_to_20100331,Heavy Rain,2,-1.49407958984375,0.635934054851532,9.0,6.161086420981936,11,0,0.0,24.38575840712172,True,-0.978
cell-020-020,0,0,1.0,DFO_3629_From_20100327_to_20100331,Heavy Rain,2,-1.158492922782898,4.670155048370361,9.0,4.691920832068691,21,1,0.0,0.0,True,-0.957
cell-020-023,0,0,1.0,DFO_3629_From_20100327_to_20100331,Heavy Rain,2,-1.5055558681488037,0.03181035816669464,2.0,5.649749352921885,11,0,0.0,49.549470837881124,True,-0.979
cell-020-024,0,0,1.0,DFO_3629_From_20100327_to_20100331,Heavy Rain,2,-1.5041297674179077,0.02457244321703911,304.0,10.283489124487133,11,0,0.0,56.152019339883104,True,-0.979
cell-020-025,0,0,1.0,DFO_3629_From_20100327_to_20100331,Heavy Rain,2,3.9232821464538574,2.3382744789123535,1.0,3.6723515455444087,23,55,0.0,0.0,True,-0.63
cell-020-026,0,0,1.0,DFO_3629_From_20100327_to_20100331,Heavy Rain,2,3.5681443214416504,2.8317549228668213,16.0,5.655602168782619,22,26,55.574835119795075,0.0,True,-0.652
cell-020-027,0,0,1.0,DFO_3629_From_20100327_to_20100331,Heavy Rain,2,5.506412029266357,2.3923592567443848,1.0,3.6539212136097845,22,45,116.5363759184202,0.0,True,-0.528
cell-020-028,0,0,1.0,DFO_3629_From_20100327_to_20100331,Heavy Rain,2,5.93847131729126,2.8362536430358887,3.0,4.20736030655006,22,25,89.87681477576821,0.0,False,-0.5
cell-021-012,0,0,1.0,DFO_3629_From_20100327_to_20100331,Heavy Rain,2,2.42425537109375,1.1805039644241333,2.0,4.585151972064011,22,25,68.9492057831958,0.0,True,-0.726
cell-021-013,0,0,1.0,DFO_3629_From_20100327_to_20100331,Heavy Rain,2,1.7559634447097778,0.10478727519512177,52.0,8.407502814646568,21,9,67.57604024442863,0.0,True,-0.769
cell-021-014,0,0,1.0,DFO_3629_From_20100327_to_20100331,Heavy Rain,2,2.0393946170806885,0.5387565493583679,3.0,5.328603736729086,21,10,0.0,0.0,True,-0.751
cell-021-015,0,0,1.0,DFO_3629_From_20100327_to_20100331,Heavy Rain,2,-0.609997570514679,1.4047890901565552,40.0,7.079698474499365,21,19,0.0,34.2440593453357,True,-0.922
cell-021-016,0,0,1.0,DFO_3629_From_20100327_to_20100331,Heavy Rain,2,1.7463964223861694,2.083076238632202,1.0,3.764194497475658,22,42,0.0,0.0,True,-0.77
cell-021-017,0,0,1.0,DFO_3629_From_20100327_to_20100331,Heavy Rain,2,5.33026647567749,3.8074944019317627,3.0,3.956088493094547,21,3,8.661237151310582,0.0,True,-0.539
cell-021-018,0,0,1.0,DFO_3629_From_20100327_to_20100331,Heavy Rain,2,6.615693092346191,5.451276779174805,2.0,3.3483122903390523,21,5,19.456156568601727,0.0,True,-0.456
cell-021-019,0,0,1.0,DFO_3629_From_20100327_to_20100331,Heavy Rain,2,0.9878237247467041,5.913671016693115,21.0,5.266280625318442,21,17,0.0,0.0,True,-0.819
cell-021-020,0,0,1.0,DFO_3629_From_20100327_to_20100331,Heavy Rain,2,-1.5004668235778809,0.2833292782306671,4.0,5.812811756818531,11,0,0.0,16.03098308621503,True,-0.979
cell-021-023,0,0,1.0,DFO_3629_From_20100327_to_20100331,Heavy Rain,2,2.277263641357422,3.8126626014709473,3.0,3.954905685145992,22,35,0.0,5.165436314418912,True,-0.736
cell-021-024,0,0,1.0,DFO_3629_From_20100327_to_20100331,Heavy Rain,2,-1.398983359336853,1.4032524824142456,14.0,6.074954166360105,11,0,0.0,35.51690190755493,True,-0.972
cell-021-025,0,0,1.0,DFO_3629_From_20100327_to_20100331,Heavy Rain,2,3.8256173133850098,1.4299014806747437,11.0,5.8384095920212875,21,7,11.096390557527345,0.0,True,-0.636
cell-021-026,0,0,1.0,DFO_3629_From_20100327_to_20100331,Heavy Rain,2,7.152413845062256,1.243044376373291,1.0,4.144629255645517,21,3,81.9652804111386,0.0,False,-0.422
cell-021-027,0,0,1.0,DFO_3629_From_20100327_to_20100331,Heavy Rain,2,7.491910457611084,2.7361066341400146,1.0,3.5440798118885914,21,5,174.86474745895248,0.0,False,-0.4
cell-022-012,0,0,1.0,DFO_3629_From_20100327_to_20100331,Heavy Rain,2,2.5432467460632324,0.6808344125747681,4.0,5.431466613157553,21,17,94.51346928418336,0.0,True,-0.718
cell-022-013,0,0,1.0,DFO_3629_From_20100327_to_20100331,Heavy Rain,2,2.6519086360931396,1.3418396711349487,1.0,4.091634126373274,21,10,80.84285598577165,0.0,True,-0.711
cell-022-014,0,0,1.0,DFO_3629_From_20100327_to_20100331,Heavy Rain,2,3.3019306659698486,2.5403006076812744,3.0,4.298316437595928,22,44,4.537787618581917,0.0,True,-0.67
cell-022-015,0,0,1.0,DFO_3629_From_20100327_to_20100331,Heavy Rain,2,-0.23754189908504486,2.6655240058898926,2.0,3.971140462464256,23,59,0.0,4.813314335187897,True,-0.898
cell-022-016,0,0,1.0,DFO_3629_From_20100327_to_20100331,Heavy Rain,2,0.13279622793197632,2.0751705169677734,4.0,4.683469101545252,21,6,0.0,18.303440659043428,True,-0.874
cell-022-017,0,0,1.0,DFO_3629_From_20100327_to_20100331,Heavy Rain,2,2.136303186416626,1.621271014213562,2.0,4.360811361881644,21,5,7.212120651151054,0.0,True,-0.745
cell-022-018,0,0,1.0,DFO_3629_From_20100327_to_20100331,Heavy Rain,2,3.3017008304595947,4.349478244781494,3.0,3.8390180436408583,22,20,36.658141342923045,0.0,True,-0.67
cell-022-019,0,0,1.0,DFO_3629_From_20100327_to_20100331,Heavy Rain,2,4.8192033767700195,1.8864545822143555,1.0,3.8411745361604988,21,9,0.0,0.0,True,-0.572
cell-022-020,0,0,1.0,DFO_3629_From_20100327_to_20100331,Heavy Rain,2,-0.7601028680801392,7.948057651519775,3.0,3.285974421045502,95,0,0.0,0.0,True,-0.931
cell-022-023,0,0,1.0,DFO_3629_From_20100327_to_20100331,Heavy Rain,2,3.155679225921631,1.7653746604919434,2.0,4.297162220318961,22,30,0.0,0.0,True,-0.679
cell-022-024,0,0,1.0,DFO_3629_From_20100327_to_20100331,Heavy Rain,2,0.18923473358154297,6.949127197265625,39.0,5.714716777638397,23,67,0.0,0.0,True,-0.87
cell-022-025,0,0,1.0,DFO_3629_From_20100327_to_20100331,Heavy Rain,2,4.81739616394043,1.8728715181350708,8.0,5.3507943691346,21,18,24.40919671869923,0.0,True,-0.572
cell-022-026,0,0,1.0,DFO_3629_From_20100327_to_20100331,Heavy Rain,2,7.423330307006836,0.39194729924201965,1.0,4.777093373021122,21,10,123.1021603199015,0.0,False,-0.404
cell-022-027,0,0,1.0,DFO_3629_From_20100327_to_20100331,Heavy Rain,2,8.26363468170166,1.0205987691879272,1.0,4.2753380263594245,22,49,176.94557259016435,0.0,False,-0.35
cell-023-011,0,0,1.0,DFO_3629_From_20100327_to_20100331,Heavy Rain,2,2.5611236095428467,0.2370835840702057,2.0,5.357507545970421,21,17,0.0,0.0,True,-0.717
cell-023-012,0,0,1.0,DFO_3629_From_20100327_to_20100331,Heavy Rain,2,2.753382444381714,2.2350525856018066,2.0,4.1139591009096055,23,66,0.0,0.0,True,-0.705
cell-023-013,0,0,1.0,DFO_3629_From_20100327_to_20100331,Heavy Rain,2,3.1250669956207275,0.10235966742038727,1.0,5.133946387233991,23,53,0.0,0.0,True,-0.681
cell-023-014,0,0,1.0,DFO_3629_From_20100327_to_20100331,Heavy Rain,2,3.336134910583496,1.5739513635635376,1.0,3.9771604941724186,23,56,0.0,0.0,True,-0.667
cell-023-015,0,0,1.0,DFO_3629_From_20100327_to_20100331,Heavy Rain,2,1.366405725479126,1.8372031450271606,2.0,4.266884416247988,22,21,0.0,8.098521310981464,True,-0.794
cell-023-016,0,0,1.0,DFO_3629_From_20100327_to_20100331,Heavy Rain,2,2.436037540435791,3.7743611335754395,2.0,3.6760226474410023,21,5,1.3014974926910945,0.0,True,-0.725
cell-023-017,0,0,1.0,DFO_3629_From_20100327_to_20100331,Heavy Rain,2,0.2993077039718628,0.3730752766132355,1.0,4.796846261343273,21,7,4.131182726723491,0.0,True,-0.863
cell-023-018,0,0,1.0,DFO_3629_From_20100327_to_20100331,Heavy Rain,2,-0.693986713886261,1.6094108819961548,6.0,5.213532193671511,22,21,0.0,0.0,True,-0.927
cell-023-019,0,0,1.0,DFO_3629_From_20100327_to_20100331,Heavy Rain,2,0.9289434552192688,8.143366813659668,1.0,2.5698543797839393,22,21,0.0,0.0,True,-0.822
cell-023-020,0,0,1.0,DFO_3629_From_20100327_to_20100331,Heavy Rain,2,3.0421218872070312,12.648481369018555,5.0,3.242421276947237,23,58,0.0,0.0,True,-0.686
cell-023-021,0,0,1.0,DFO_3629_From_20100327_to_20100331,Heavy Rain,2,1.2839359045028687,14.444988250732422,2.0,2.4168986298429838,11,0,0.0,0.0,True,-0.8
cell-023-022,0,0,1.0,DFO_3629_From_20100327_to_20100331,Heavy Rain,2,-0.9279927015304565,0.3339427709579468,21.0,7.236987765045779,22,21,0.0,15.39825070725213,True,-0.942
cell-023-023,0,0,1.0,DFO_3629_From_20100327_to_20100331,Heavy Rain,2,2.4022796154022217,1.1946550607681274,5.0,5.27025855631805,21,8,0.8437509598443284,0.0,True,-0.728
cell-023-024,0,0,1.0,DFO_3629_From_20100327_to_20100331,Heavy Rain,2,5.6515021324157715,2.831907272338867,1.0,3.515491150241432,22,28,28.652887460775673,0.0,True,-0.518
cell-023-025,0,0,1.0,DFO_3629_From_20100327_to_20100331,Heavy Rain,2,6.55301570892334,2.1350748538970947,6.0,4.997549560946758,21,8,61.06324990797488,26.820872808931703,False,-0.46
cell-023-026,0,0,1.0,DFO_3629_From_20100327_to_20100331,Heavy Rain,2,8.786304473876953,1.0376619100570679,1.0,4.264684730936786,21,19,152.83735315268487,0.0,False,-0.316
cell-023-027,0,0,1.0,DFO_3629_From_20100327_to_20100331,Heavy Rain,2,7.8912529945373535,0.5239405632019043,10.0,6.353622355243095,21,17,202.67181462517067,0.0,False,-0.374
cell-023-028,0,0,1.0,DFO_3629_From_20100327_to_20100331,Heavy Rain,2,7.946514129638672,1.0374845266342163,1.0,4.264794855477017,23,63,111.34085423317703,0.0,False,-0.371
cell-023-029,0,0,1.0,DFO_3629_From_20100327_to_20100331,Heavy Rain,2,6.331888198852539,0.8150839805603027,1.0,4.413440557056057,22,36,11.494394873051355,0.0,True,-0.475
cell-024-011,0,0,1.0,DFO_3629_From_20100327_to_20100331,Heavy Rain,2,2.755897283554077,0.9330951571464539,7.0,5.7181214261385565,23,71,0.0,0.0,True,-0.705
cell-024-012,0,0,1.0,DFO_3629_From_20100327_to_20100331,Heavy Rain,2,3.8186423778533936,1.2309359312057495,2.0,4.556786795546127,24,100,0.0,0.0,True,-0.636
cell-024-013,0,0,1.0,DFO_3629_From_20100327_to_20100331,Heavy Rain,2,3.6114790439605713,0.7548604607582092,2.0,4.863269134455517,21,7,3.135693345918153,0.0,True,-0.65
cell-024-014,0,0,1.0,DFO_3629_From_20100327_to_20100331,Heavy Rain,2,3.2940728664398193,0.17602591216564178,1.0,5.0304114777688875,21,6,0.0,1.4037990888824208,True,-0.67
cell-024-015,0,0,1.0,DFO_3629_From_20100327_to_20100331,Heavy Rain,2,3.5126307010650635,3.157095432281494,3.0,4.117241493768961,21,13,37.05574862398057,0.0,True,-0.656
cell-024-016,0,0,1.0,DFO_3629_From_20100327_to_20100331,Heavy Rain,2,4.015291213989258,3.5680158138275146,2.0,3.72479348179798,21,1,0.0,0.0,True,-0.624
cell-024-017,0,0,1.0,DFO_3629_From_20100327_to_20100331,Heavy Rain,2,1.5505563020706177,5.054360866546631,1.0,3.011406655379243,21,15,0.0,0.0,True,-0.782
cell-024-018,0,0,1.0,DFO_3629_From_20100327_to_20100331,Heavy Rain,2,1.5454107522964478,6.751767158508301,8.0,4.249914551248849,21,12,0.5769958337768912,0.0,True,-0.783
cell-024-019,0,0,1.0,DFO_3629_From_20100327_to_20100331,Heavy Rain,2,0.8114205598831177,2.887873411178589,1.0,3.4991583150517216,23,52,0.0,0.0,True,-0.83
cell-024-020,0,0,1.0,DFO_3629_From_20100327_to_20100331,Heavy Rain,2,5.992790222167969,8.594172477722168,8.0,4.022757474959819,22,34,24.66119675221853,0.0,True,-0.496
cell-024-021,0,0,1.0,DFO_3629_From_20100327_to_20100331,Heavy Rain,2,4.935135364532471,7.254492282867432,5.0,3.777377369900543,23,74,10.912096494831433,0.0,True,-0.564
cell-024-022,0,0,1.0,DFO_3629_From_20100327_to_20100331,Heavy Rain,2,4.548548698425293,2.415193796157837,2.0,4.0517052769517345,22,31,0.0,0.0,True,-0.589
cell-024-023,0,0,1.0,DFO_3629_From_20100327_to_20100331,Heavy Rain,2,2.3279170989990234,0.27719154953956604,3.0,5.596862022651896,21,14,0.8530544864500467,36.10454703986743,True,-0.732
cell-024-024,0,0,1.0,DFO_3629_From_20100327_to_20100331,Heavy Rain,2,6.023879051208496,5.416502475738525,10.0,4.653420974044908,22,32,100.84382923077504,0.0,True,-0.494
cell-024-025,0,0,1.0,DFO_3629_From_20100327_to_20100331,Heavy Rain,2,7.877121925354004,2.0453615188598633,12.0,5.650311810028076,22,36,145.6377761001843,0.0,False,-0.375
cell-024-026,0,0,1.0,DFO_3629_From_20100327_to_20100331,Heavy Rain,2,7.98309326171875,0.9763802886009216,29.0,7.011535563205977,22,22,202.16170773899518,0.0,False,-0.368
cell-024-027,0,0,1.0,DFO_3629_From_20100327_to_20100331,Heavy Rain,2,6.951130390167236,1.2271175384521484,5.0,5.25205375690604,23,52,232.51609955042787,0.0,False,-0.435
cell-024-028,0,0,1.0,DFO_3629_From_20100327_to_20100331,Heavy Rain,2,6.5228800773620605,0.26133114099502563,2.0,5.328012575871592,22,47,144.90518112957486,0.0,False,-0.462
cell-024-029,0,0,1.0,DFO_3629_From_20100327_to_20100331,Heavy Rain,2,6.944671154022217,1.9602872133255005,2.0,4.2170362253017135,23,54,60.97195845448792,0.0,False,-0.435
cell-025-010,0,0,1.0,DFO_3629_From_20100327_to_20100331,Heavy Rain,2,6.708659648895264,2.5268726348876953,7.0,4.995792378341969,23,75,76.29136808256328,0.0,False,-0.45
cell-025-011,0,0,1.0,DFO_3629_From_20100327_to_20100331,Heavy Rain,2,5.199642181396484,3.87392258644104,3.0,3.940989533418746,23,77,58.41637281887233,0.0,True,-0.547
cell-025-012,0,0,1.0,DFO_3629_From_20100327_to_20100331,Heavy Rain,2,3.575166702270508,0.04095130041241646,1.0,5.22928257152287,24,86,64.10406421837423,0.0,True,-0.652
cell-025-013,0,0,1.0,DFO_3629_From_20100327_to_20100331,Heavy Rain,2,3.465374231338501,0.4419086277484894,1.0,4.72660851232325,24,80,30.468718205345795,0.0,True,-0.659
cell-025-014,0,0,1.0,DFO_3629_From_20100327_to_20100331,Heavy Rain,2,1.0304780006408691,4.9845380783081055,11.0,4.81571900733245,22,25,0.0,0.0,True,-0.816
cell-025-015,0,0,1.0,DFO_3629_From_20100327_to_20100331,Heavy Rain,2,5.684743404388428,3.7870125770568848,2.0,3.6731077854821508,21,6,26.258345252019353,0.0,True,-0.516
cell-025-016,0,0,1.0,DFO_3629_From_20100327_to_20100331,Heavy Rain,2,4.875091075897217,2.055117607116699,1.0,3.7747868366156156,21,1,24.6657319976673,0.0,True,-0.568
cell-025-017,0,0,1.0,DFO_3629_From_20100327_to_20100331,Heavy Rain,2,5.592707633972168,4.897648811340332,8.0,4.543877532801204,21,10,23.929711682721972,0.0,True,-0.522
cell-025-018,0,0,1.0,DFO_3629_From_20100327_to_20100331,Heavy Rain,2,1.3394213914871216,6.578855991363525,9.0,4.379390104449864,22,25,39.090158202767455,0.0,True,-0.796
cell-025-019,0,0,1.0,DFO_3629_From_20100327_to_20100331,Heavy Rain,2,0.23480983078479767,0.523627519607544,1.0,4.649159760743305,21,4,0.0,0.0,True,-0.867
cell-025-020,0,0,1.0,DFO_3629_From_20100327_to_20100331,Heavy Rain,2,0.037291593849658966,0.04931407421827316,4.0,6.132043093522518,21,12,18.5726633007871,0.0,True,-0.88
cell-025-021,0,0,1.0,DFO_3629_From_20100327_to_20100331,Heavy Rain,2,5.233949661254883,0.5379226803779602,1.0,4.6362069507280665,22,26,100.67838767349791,0.0,True,-0.545
cell-025-022,0,0,1.0,DFO_3629_From_20100327_to_20100331,Heavy Rain,2,3.3757848739624023,1.8116639852523804,3.0,4.5652275080452265,22,41,73.93462718743831,0.0,True,-0.665
cell-025-023,0,0,1.0,DFO_3629_From_20100327_to_20100331,Heavy Rain,2,3.5141706466674805,1.7185680866241455,1.0,3.9119312035879488,22,20,80.197014941947,0.0,True,-0.656
cell-025-024,0,0,1.0,DFO_3629_From_20100327_to_20100331,Heavy Rain,2,7.022148609161377,3.2663700580596924,1.0,3.3951543916272695,22,33,136.9532637909457,0.0,True,-0.43
cell-025-025,0,0,1.0,DFO_3629_From_20100327_to_20100331,Heavy Rain,2,7.394805908203125,1.641291618347168,2.0,4.351723002446186,21,16,224.41781525146084,0.0,False,-0.406
cell-025-026,0,0,1.0,DFO_3629_From_20100327_to_20100331,Heavy Rain,2,6.571305274963379,0.3571659028530121,4.0,5.7300975895250525,21,6,279.96331122698075,0.0,False,-0.459
cell-025-027,0,0,1.0,DFO_3629_From_20100327_to_20100331,Heavy Rain,2,6.369251728057861,0.4762108623981476,2.0,5.0988307326252045,21,15,283.3875302726848,0.0,False,-0.472
cell-025-028,0,0,1.0,DFO_3629_From_20100327_to_20100331,Heavy Rain,2,6.584524631500244,1.61849844455719,2.0,4.3620765836240425,22,41,202.18661409962468,0.0,False,-0.458
cell-025-029,0,0,1.0,DFO_3629_From_20100327_to_20100331,Heavy Rain,2,7.262601852416992,0.7951023578643799,2.0,4.83340813422984,21,14,118.84393294232854,0.0,False,-0.415
cell-026-010,0,0,1.0,DFO_3629_From_20100327_to_20100331,Heavy Rain,2,5.564984321594238,7.0411553382873535,3.0,3.3998451814536987,23,63,166.8862820924757,0.0,True,-0.524
cell-026-011,0,0,1.0,DFO_3629_From_20100327_to_20100331,Heavy Rain,2,3.6533257961273193,0.6496039628982544,2.0,4.945868053719743,24,94,158.41637281887233,0.0,True,-0.647
cell-026-012,0,0,1.0,DFO_3629_From_20100327_to_20100331,Heavy Rain,2,4.016288757324219,5.690500736236572,3.0,3.596794208782587,22,25,134.91873805560158,0.0,True,-0.624
cell-026-013,0,0,1.0,DFO_3629_From_20100327_to_20100331,Heavy Rain,2,3.1765811443328857,1.1878818273544312,14.0,6.190389742561962,23,55,43.16802784353415,0.0,True,-0.678
cell-026-014,0,0,1.0,DFO_3629_From_20100327_to_20100331,Heavy Rain,2,0.4611724317073822,1.5288878679275513,2.0,4.40385072700085,21,13,0.0,0.0,True,-0.853
cell-026-015,0,0,1.0,DFO_3629_From_20100327_to_20100331,Heavy Rain,2,1.4634690284729004,1.4263652563095093,9.0,5.6578560420671185,21,9,0.0,0.0,True,-0.788
cell-026-016,0,0,1.0,DFO_3629_From_20100327_to_20100331,Heavy Rain,2,3.622257947921753,5.3331475257873535,1.0,2.962774050064645,21,9,53.1378495260841,0.0,True,-0.649
cell-026-017,0,0,1.0,DFO_3629_From_20100327_to_20100331,Heavy Rain,2,1.519469141960144,4.0369181632995605,5.0,4.310334590257373,21,12,123.92971168272197,0.0,True,-0.784
cell-026-018,0,0,1.0,DFO_3629_From_20100327_to_20100331,Heavy Rain,2,4.34844970703125,11.912625312805176,1.0,2.2029062430700805,21,4,87.74036018497522,0.0,True,-0.602
cell-026-019,0,0,1.0,DFO_3629_From_20100327_to_20100331,Heavy Rain,2,1.5663235187530518,3.625063896179199,1.0,3.3056073755312325,22,21,70.38238598406315,0.0,True,-0.781
cell-026-020,0,0,1.0,DFO_3629_From_20100327_to_20100331,Heavy Rain,2,5.952729225158691,12.664657592773438,1.0,2.1425447327195837,21,11,78.32075801816175,0.0,True,-0.499
cell-026-021,0,0,1.0,DFO_3629_From_20100327_to_20100331,Heavy Rain,2,0.5511313676834106,0.7029620409011841,3.0,5.190826322601876,21,15,140.88532558312352,0.0,True,-0.847
cell-026-022,0,0,1.0,DFO_3629_From_20100327_to_20100331,Heavy Rain,2,4.202761173248291,0.5736098885536194,1.0,4.604584577942267,21,13,173.9346271874383,0.0,True,-0.612
cell-026-023,0,0,1.0,DFO_3629_From_20100327_to_20100331,Heavy Rain,2,3.135219097137451,1.7961130142211914,5.0,4.9772401909913935,22,21,176.79327913164943,0.0,True,-0.68
cell-026-024,0,0,1.0,DFO_3629_From_20100327_to_20100331,Heavy Rain,2,6.751336574554443,0.24084120988845825,6.0,6.200177277023053,21,11,212.13749569070373,0.0,False,-0.448
cell-026-025,0,0,1.0,DFO_3629_From_20100327_to_20100331,Heavy Rain,2,6.219959735870361,0.21648044884204865,1.0,4.977806553081645,21,10,277.5874400254734,0.0,False,-0.482
cell-026-026,0,0,1.0,DFO_3629_From_20100327_to_20100331,Heavy Rain,2,8.533995628356934,5.407604217529297,2.0,3.355634009303955,21,1,359.3149824901103,0.0,False,-0.333
cell-026-027,0,0,1.0,DFO_3629_From_20100327_to_20100331,Heavy Rain,2,5.816425323486328,3.042587995529175,19.0,5.757924860208303,21,3,294.3280159855494,0.0,False,-0.508
cell-026-028,0,0,1.0,DFO_3629_From_20100327_to_20100331,Heavy Rain,2,6.160212516784668,1.6772212982177734,2.0,4.335616492691011,21,4,194.32801598554943,0.0,False,-0.486
cell-026-029,0,0,1.0,DFO_3629_From_20100327_to_20100331,Heavy Rain,2,6.040158748626709,2.483996629714966,5.0,4.722057991913949,23,68,94.32801598554943,0.0,False,-0.493
cell-027-009,0,0,1.0,DFO_3629_From_20100327_to_20100331,Heavy Rain,2,11.990910530090332,9.247023582458496,1.0,2.4487269620466487,22,46,298.77531150505956,0.0,False,-0.11
cell-027-010,0,0,1.0,DFO_3629_From_20100327_to_20100331,Heavy Rain,2,4.605469703674316,2.57346510887146,7.0,4.980852076181905,24,81,264.3514506436263,0.0,True,-0.586
cell-027-011,0,0,1.0,DFO_3629_From_20100327_to_20100331,Heavy Rain,2,4.151660442352295,0.9855838418006897,221.0,9.007091460015024,24,93,258.41637281887233,0.0,True,-0.615
cell-027-012,0,0,1.0,DFO_3629_From_20100327_to_20100331,Heavy Rain,2,10.507584571838379,4.564668655395508,10.0,4.807648329332301,22,41,177.33197465836767,0.0,True,-0.206
cell-027-013,0,0,1.0,DFO_3629_From_20100327_to_20100331,Heavy Rain,2,0.6894486546516418,0.5241553783416748,2.0,5.0541436372161375,21,5,92.14325316095378,0.0,True,-0.838
cell-027-014,0,0,1.0,DFO_3629_From_20100327_to_20100331,Heavy Rain,2,0.4212023615837097,0.20406927168369293,1.0,4.993653124809904,21,7,13.7475085046608,0.0,True,-0.855
cell-027-015,0,0,1.0,DFO_3629_From_20100327_to_20100331,Heavy Rain,2,1.0098984241485596,1.2155495882034302,1.0,4.15989079021313,21,10,0.0,0.0,True,-0.817
cell-027-016,0,0,1.0,DFO_3629_From_20100327_to_20100331,Heavy Rain,2,1.2902982234954834,0.8681641221046448,10.0,6.080654276333199,21,8,0.0,0.0,True,-0.799
cell-027-017,0,0,1.0,DFO_3629_From_20100327_to_20100331,Heavy Rain,2,0.9333869218826294,1.698701024055481,14.0,5.935547667051585,21,6,72.04309188892398,0.0,True,-0.822
cell-027-018,0,0,1.0,DFO_3629_From_20100327_to_20100331,Heavy Rain,2,5.2523956298828125,3.0079503059387207,3.0,4.158132704068343,21,11,131.14045325905914,0.0,True,-0.544
cell-027-019,0,0,1.0,DFO_3629_From_20100327_to_20100331,Heavy Rain,2,0.5031130909919739,2.868302345275879,1.0,3.504839740458996,21,18,115.36458752956243,0.0,True,-0.85
cell-027-020,0,0,1.0,DFO_3629_From_20100327_to_20100331,Heavy Rain,2,5.064991474151611,7.508659839630127,4.0,3.562731328279716,22,26,119.48670060889648,0.0,True,-0.556
cell-027-021,0,0,1.0,DFO_3629_From_20100327_to_20100331,Heavy Rain,2,4.749478816986084,3.5452497005462646,5.0,4.423468711366705,21,1,132.02790434225327,0.0,True,-0.576
cell-027-022,0,0,1.0,DFO_3629_From_20100327_to_20100331,Heavy Rain,2,4.557679653167725,0.7149219512939453,1.0,4.4883481175838424,22,20,177.60998758039818,0.0,True,-0.589
cell-027-023,0,0,1.0,DFO_3629_From_20100327_to_20100331,Heavy Rain,2,7.174514293670654,0.3459901809692383,1.0,4.8258952943183555,21,8,255.94665774161345,0.0,False,-0.42
cell-027-024,0,0,1.0,DFO_3629_From_20100327_to_20100331,Heavy Rain,2,6.340491771697998,1.6729182004928589,4.0,4.848357550348896,21,17,302.07356337960846,0.0,False,-0.474
cell-027-025,0,0,1.0,DFO_3629_From_20100327_to_20100331,Heavy Rain,2,6.118669509887695,2.270667552947998,8.0,5.1999535839673845,21,7,351.1422894993236,0.0,False,-0.488
cell-027-026,0,0,1.0,DFO_3629_From_20100327_to_20100331,Heavy Rain,2,9.634721755981445,1.3272573947906494,1.0,4.099281997226274,21,2,389.0826539838321,0.0,False,-0.262
cell-027-027,0,0,1.0,DFO_3629_From_20100327_to_20100331,Heavy Rain,2,4.854504108428955,0.20071183145046234,14.0,7.012886413709937,21,14,295.6293706406671,0.0,False,-0.57
cell-027-028,0,0,1.0,DFO_3629_From_20100327_to_20100331,Heavy Rain,2,7.249205589294434,6.095335483551025,2.0,3.246017259373467,21,5,196.2934578336401,0.0,False,-0.415
cell-027-029,0,0,1.0,DFO_3629_From_20100327_to_20100331,Heavy Rain,2,4.417531967163086,1.4879021644592285,1.0,4.018088513330541,22,29,97.52992223124663,0.0,True,-0.598
cell-028-009,0,0,1.0,DFO_3629_From_20100327_to_20100331,Heavy Rain,2,13.160747528076172,4.3802571296691895,1.0,3.139611956795424,23,57,388.96959401948834,0.0,False,-0.035
cell-028-010,0,0,1.0,DFO_3629_From_20100327_to_20100331,Heavy Rain,2,4.502608299255371,2.488079071044922,6.0,4.874872173126272,23,70,363.1973950403965,0.0,False,-0.592
cell-028-011,0,0,1.0,DFO_3629_From_20100327_to_20100331,Heavy Rain,2,7.1362152099609375,6.403446674346924,3.0,3.48815426117171,23,77,314.1270885894774,0.0,False,-0.423
cell-028-012,0,0,1.0,DFO_3629_From_20100327_to_20100331,Heavy Rain,2,11.510743141174316,10.476712226867676,2.0,2.733785212464514,23,70,214.18135425876386,0.0,False,-0.141
cell-028-013,0,0,1.0,DFO_3629_From_20100327_to_20100331,Heavy Rain,2,6.530858039855957,14.587444305419922,3.0,2.694715113408003,21,4,114.3305612622226,0.0,True,-0.462
cell-028-014,0,0,1.0,DFO_3629_From_20100327_to_20100331,Heavy Rain,2,0.4592665135860443,0.7530015110969543,38.0,7.429619698155042,21,4,16.410422448906246,0.0,True,-0.853
cell-028-015,0,0,1.0,DFO_3629_From_20100327_to_20100331,Heavy Rain,2,0.5834531784057617,0.4420948922634125,5.0,5.8250373180418,21,7,7.066253741093894,0.0,True,-0.845
cell-028-016,0,0,1.0,DFO_3629_From_20100327_to_20100331,Heavy Rain,2,0.9523552656173706,2.3239150047302246,5.0,4.775914564863173,21,7,0.0,0.0,True,-0.821
cell-028-017,0,0,1.0,DFO_3629_From_20100327_to_20100331,Heavy Rain,2,3.8917598724365234,8.79691219329834,4.0,3.4127457789977576,21,12,6.0839581416816255,0.0,True,-0.632
cell-028-018,0,0,1.0,DFO_3629_From_20100327_to_20100331,Heavy Rain,2,5.512720584869385,4.652564525604248,1.0,3.0858592708814196,21,9,61.284411275764576,0.0,True,-0.527
cell-028-019,0,0,1.0,DFO_3629_From_20100327_to_20100331,Heavy Rain,2,0.3129432499408722,0.5130571126937866,3.0,5.351993696665075,21,7,15.364587529562412,0.0,True,-0.862
cell-028-020,0,0,1.0,DFO_3629_From_20100327_to_20100331,Heavy Rain,2,0.18425188958644867,0.08977601677179337,1.0,5.152755879223787,21,6,29.72929769568145,0.0,True,-0.87
cell-028-021,0,0,1.0,DFO_3629_From_20100327_to_20100331,Heavy Rain,2,6.8516058921813965,2.5648038387298584,2.0,4.002783223007451,22,40,36.883541262610485,0.0,True,-0.441
cell-028-022,0,0,1.0,DFO_3629_From_20100327_to_20100331,Heavy Rain,2,7.083876132965088,1.0281176567077637,4.0,5.186920414914734,21,7,122.52530658516675,0.0,False,-0.426
cell-028-023,0,0,1.0,DFO_3629_From_20100327_to_20100331,Heavy Rain,2,6.999573707580566,1.0751692056655884,80.0,7.942960031112202,21,9,220.16199901439913,0.0,False,-0.432
cell-028-024,0,0,1.0,DFO_3629_From_20100327_to_20100331,Heavy Rain,2,9.4295654296875,0.6896383762359619,1.0,4.508177765479509,21,8,289.06603034163805,0.0,False,-0.275
cell-028-025,0,0,1.0,DFO_3629_From_20100327_to_20100331,Heavy Rain,2,6.486140727996826,0.8291215300559998,1.0,4.403376502978024,21,17,285.34747336898,0.0,False,-0.465
cell-028-026,0,0,1.0,DFO_3629_From_20100327_to_20100331,Heavy Rain,2,6.448667049407959,4.06213903427124,4.0,4.122537554459539,21,12,290.371859788972,0.0,False,-0.467
cell-028-027,0,0,1.0,DFO_3629_From_20100327_to_20100331,Heavy Rain,2,4.437345027923584,0.47740665078163147,54.0,8.006412413023073,24,80,308.7079640032181,0.0,False,-0.597
cell-028-028,0,0,1.0,DFO_3629_From_20100327_to_20100331,Heavy Rain,2,4.331405162811279,1.2496460676193237,2.0,4.546464354697556,22,26,215.18328028611796,0.0,True,-0.603
cell-028-029,0,0,1.0,DFO_3629_From_20100327_to_20100331,Heavy Rain,2,3.797606945037842,1.1976467370986938,3.0,4.863101735501751,23,55,116.55229429202154,0.0,True,-0.638
cell-029-008,0,0,1.0,DFO_3629_From_20100327_to_20100331,Heavy Rain,2,11.365418434143066,4.80877685546875,3.0,3.7494088285189084,22,33,522.2193032491058,0.0,False,-0.15
cell-029-009,0,0,1.0,DFO_3629_From_20100327_to_20100331,Heavy Rain,2,7.344628810882568,6.787115097045898,8.0,4.245053499913273,21,7,483.04037448066987,0.0,False,-0.409
cell-029-010,0,0,1.0,DFO_3629_From_20100327_to_20100331,Heavy Rain,2,4.635424613952637,0.508513331413269,3.0,5.35618672026245,23,69,415.6170510805677,0.0,False,-0.584
cell-029-011,0,0,1.0,DFO_3629_From_20100327_to_20100331,Heavy Rain,2,8.928596496582031,6.992781162261963,17.0,4.910362722680785,23,60,315.61705108056776,0.0,False,-0.307
cell-029-012,0,0,1.0,DFO_3629_From_20100327_to_20100331,Heavy Rain,2,12.41387939453125,4.869731903076172,5.0,4.143554740483417,24,93,215.61705108056776,0.0,False,-0.083
cell-029-013,0,0,1.0,DFO_3629_From_20100327_to_20100331,Heavy Rain,2,17.787437438964844,1.7420331239700317,1.0,3.9017363874266775,23,54,115.61705108056776,0.0,False,0.263
cell-029-014,0,0,1.0,DFO_3629_From_20100327_to_20100331,Heavy Rain,2,8.95361328125,6.166006565093994,2.0,3.2353905761483275,23,59,15.617051080567762,0.0,True,-0.306
cell-029-015,0,0,1.0,DFO_3629_From_20100327_to_20100331,Heavy Rain,2,1.086492657661438,0.8007087707519531,160.0,8.812109886523203,22,45,0.0,0.0,True,-0.812
cell-029-016,0,0,1.0,DFO_3629_From_20100327_to_20100331,Heavy Rain,2,2.816333293914795,1.9887497425079346,1.0,3.800388135637567,22,21,0.0,0.0,True,-0.701
cell-029-017,0,0,1.0,DFO_3629_From_20100327_to_20100331,Heavy Rain,2,0.6418760418891907,0.2170030176639557,1.0,4.977144762719346,21,6,0.0,0.0,True,-0.841
cell-029-018,0,0,1.0,DFO_3629_From_20100327_to_20100331,Heavy Rain,2,2.1598644256591797,1.9428915977478027,1.0,3.818467626885511,21,6,54.91037889127619,2.7089181000429723,True,-0.743
cell-029-019,0,0,1.0,DFO_3629_From_20100327_to_20100331,Heavy Rain,2,3.6186227798461914,11.222949981689453,2.0,2.6668044596672926,22,34,0.0,0.0,True,-0.649
cell-029-020,0,0,1.0,DFO_3629_From_20100327_to_20100331,Heavy Rain,2,-0.02185271494090557,0.3043321967124939,6.0,6.125051512268302,22,34,0.0,0.0,True,-0.884
cell-029-021,0,0,1.0,DFO_3629_From_20100327_to_20100331,Heavy Rain,2,6.057257652282715,3.8900489807128906,23.0,5.729117264759313,22,37,16.480143057648093,0.0,True,-0.492
cell-029-022,0,0,1.0,DFO_3629_From_20100327_to_20100331,Heavy Rain,2,7.483036518096924,0.8331155180931091,3.0,5.093678650318813,21,16,116.48014305764809,0.0,False,-0.4
cell-029-023,0,0,1.0,DFO_3629_From_20100327_to_20100331,Heavy Rain,2,8.184603691101074,2.782790184020996,8.0,5.034124363470325,21,11,216.4801430576481,0.0,False,-0.355
cell-029-024,0,0,1.0,DFO_3629_From_20100327_to_20100331,Heavy Rain,2,8.605386734008789,1.3994638919830322,20.0,6.413346274549122,21,11,191.02270865966906,0.0,False,-0.328
cell-029-025,0,0,1.0,DFO_3629_From_20100327_to_20100331,Heavy Rain,2,5.920309066772461,1.4543476104736328,2.0,4.4399776204420425,21,15,185.34747336898,0.0,False,-0.501
cell-029-026,0,0,1.0,DFO_3629_From_20100327_to_20100331,Heavy Rain,2,3.769897222518921,2.3612682819366455,12.0,5.536276842697738,21,5,192.9930627859728,0.0,True,-0.64
cell-029-027,0,0,1.0,DFO_3629_From_20100327_to_20100331,Heavy Rain,2,4.398542881011963,0.8568829298019409,6.0,5.636529395789029,22,48,209.08182836532592,0.0,True,-0.599
cell-029-028,0,0,1.0,DFO_3629_From_20100327_to_20100331,Heavy Rain,2,4.387545108795166,0.5653284192085266,1.0,4.611834183603707,23,65,219.56856560233922,0.0,True,-0.6
cell-029-029,0,0,1.0,DFO_3629_From_20100327_to_20100331,Heavy Rain,2,4.338742256164551,1.3506096601486206,2.0,4.4925277351673705,22,37,150.1374417154655,0.0,True,-0.603
cell-030-008,0,0,1.0,DFO_3629_From_20100327_to_20100331,Heavy Rain,2,8.707225799560547,3.017810821533203,2.0,3.867695257578357,21,17,459.3952323357919,0.0,False,-0.322
cell-030-009,0,0,1.0,DFO_3629_From_20100327_to_20100331,Heavy Rain,2,7.872915744781494,7.6907429695129395,3.0,3.317034590996554,22,31,477.28707624148177,0.0,False,-0.375
cell-030-010,0,0,1.0,DFO_3629_From_20100327_to_20100331,Heavy Rain,2,13.047213554382324,10.223783493041992,2.0,2.757466469608849,21,10,416.01128127699087,0.0,False,-0.042
cell-030-011,0,0,1.0,DFO_3629_From_20100327_to_20100331,Heavy Rain,2,11.174397468566895,1.2215203046798706,6.0,5.409319767863065,23,79,316.13600860011195,0.0,False,-0.163
cell-030-012,0,0,1.0,DFO_3629_From_20100327_to_20100331,Heavy Rain,2,10.7508544921875,1.6203432083129883,2.0,4.361234611100474,23,50,216.37598230278823,0.0,False,-0.19
cell-030-013,0,0,1.0,DFO_3629_From_20100327_to_20100331,Heavy Rain,2,9.221407890319824,1.324434757232666,3.0,4.793916393871404,24,94,117.02630260493993,0.0,False,-0.288
cell-030-014,0,0,1.0,DFO_3629_From_20100327_to_20100331,Heavy Rain,2,10.866326332092285,11.648330688476562,2.0,2.630396056362171,23,54,21.364989383413135,0.0,False,-0.183
cell-030-015,0,0,1.0,DFO_3629_From_20100327_to_20100331,Heavy Rain,2,6.8986077308654785,4.959784507751465,3.0,3.72159439892183,23,56,4.904303529299796,0.0,True,-0.438
cell-030-016,0,0,1.0,DFO_3629_From_20100327_to_20100331,Heavy Rain,2,3.6488475799560547,7.231503486633301,38.0,5.652153544387543,22,22,32.88986560555091,0.0,True,-0.647
cell-030-017,0,0,1.0,DFO_3629_From_20100327_to_20100331,Heavy Rain,2,1.7252082824707031,1.1483843326568604,14.0,6.213083528791128,21,13,57.917999585159116,0.0,True,-0.771
cell-030-018,0,0,1.0,DFO_3629_From_20100327_to_20100331,Heavy Rain,2,2.7439751625061035,1.6904046535491943,17.0,6.121530508649683,22,20,79.81005191033272,0.0,True,-0.706
cell-030-019,0,0,1.0,DFO_3629_From_20100327_to_20100331,Heavy Rain,2,5.313359260559082,7.467130184173584,2.0,3.0571191045016004,22,40,29.817250879595296,0.0,True,-0.54
cell-030-020,0,0,1.0,DFO_3629_From_20100327_to_20100331,Heavy Rain,2,4.021484851837158,3.932922124862671,23.0,5.719525162576417,21,9,4.458331402391195,0.0,True,-0.623
cell-030-021,0,0,1.0,DFO_3629_From_20100327_to_20100331,Heavy Rain,2,9.026261329650879,1.789085030555725,5.0,4.980213337414367,22,23,29.455069040530436,0.0,False,-0.301
cell-030-022,0,0,1.0,DFO_3629_From_20100327_to_20100331,Heavy Rain,2,7.031579494476318,1.0974047183990479,4.0,5.144543859399047,22,21,124.1139115950072,0.0,False,-0.429
cell-030-023,0,0,1.0,DFO_3629_From_20100327_to_20100331,Heavy Rain,2,9.841764450073242,0.8277562856674194,1.0,4.404350850975903,22,22,150.82197726827854,0.0,False,-0.248
cell-030-024,0,0,1.0,DFO_3629_From_20100327_to_20100331,Heavy Rain,2,8.109180450439453,1.5283175706863403,1.0,3.998657154820974,21,15,97.05761458989606,0.0,False,-0.36
cell-030-025,0,0,1.0,DFO_3629_From_20100327_to_20100331,Heavy Rain,2,5.418310165405273,1.1006633043289185,1.0,4.226303624726195,22,27,85.34747336897999,0.0,True,-0.533
cell-031-008,0,0,1.0,DFO_3629_From_20100327_to_20100331,Heavy Rain,2,8.947277069091797,0.5037381649017334,5.0,5.766077373164704,22,42,361.41772817185955,0.0,False,-0.306
cell-031-009,0,0,1.0,DFO_3629_From_20100327_to_20100331,Heavy Rain,2,14.42638111114502,3.822507858276367,3.0,3.9526561834310145,22,31,381.21484991194774,0.0,False,0.047
cell-031-010,0,0,1.0,DFO_3629_From_20100327_to_20100331,Heavy Rain,2,14.794073104858398,4.079648017883301,2.0,3.6079280876936046,22,39,423.06857066701156,0.0,False,0.07
cell-031-011,0,0,1.0,DFO_3629_From_20100327_to_20100331,Heavy Rain,2,14.498861312866211,5.017256259918213,2.0,3.4235231979091387,23,53,336.644285036412,0.0,False,0.051
cell-031-012,0,0,1.0,DFO_3629_From_20100327_to_20100331,Heavy Rain,2,9.505526542663574,0.5208784937858582,121.0,8.762543847608471,23,50,244.7003712341735,0.0,False,-0.27
cell-031-013,0,0,1.0,DFO_3629_From_20100327_to_20100331,Heavy Rain,2,8.846062660217285,2.0288634300231934,7.0,5.171130810265711,24,91,162.0283363639554,0.0,False,-0.313
cell-031-014,0,0,1.0,DFO_3629_From_20100327_to_20100331,Heavy Rain,2,8.448824882507324,1.6110624074935913,3.0,4.6531595462765525,24,81,108.18716155221378,0.0,False,-0.338
cell-031-015,0,0,1.0,DFO_3629_From_20100327_to_20100331,Heavy Rain,2,10.149459838867188,2.080101490020752,3.0,4.458463286491637,23,56,104.9043035292998,0.0,False,-0.229
cell-031-016,0,0,1.0,DFO_3629_From_20100327_to_20100331,Heavy Rain,2,11.44326400756836,6.1590576171875,1.0,2.830965502707419,23,55,120.09127653138718,0.0,False,-0.145
cell-031-017,0,0,1.0,DFO_3629_From_20100327_to_20100331,Heavy Rain,2,4.8459086418151855,7.613889694213867,1.0,2.6333469993705756,21,12,157.91799958515912,0.0,True,-0.57
cell-031-018,0,0,1.0,DFO_3629_From_20100327_to_20100331,Heavy Rain,2,12.425352096557617,3.0023155212402344,3.0,4.159710618932995,21,6,162.0753004933898,0.0,False,-0.082
cell-031-019,0,0,1.0,DFO_3629_From_20100327_to_20100331,Heavy Rain,2,7.702696323394775,0.6850154399871826,107.0,8.500830424106057,22,45,112.98559441825581,0.0,False,-0.386
cell-031-020,0,0,1.0,DFO_3629_From_20100327_to_20100331,Heavy Rain,2,10.299116134643555,1.2161412239074707,12.0,6.031362061562449,21,8,104.4583314023912,0.0,False,-0.219
cell-031-021,0,0,1.0,DFO_3629_From_20100327_to_20100331,Heavy Rain,2,7.618805408477783,3.2534189224243164,31.0,6.171129948697764,21,4,115.90279649912304,0.0,False,-0.392
cell-031-022,0,0,1.0,DFO_3629_From_20100327_to_20100331,Heavy Rain,2,7.958293914794922,2.754065990447998,3.0,4.2318052413003215,22,26,169.9222667729183,0.0,False,-0.37
cell-031-023,0,0,1.0,DFO_3629_From_20100327_to_20100331,Heavy Rain,2,9.2440767288208,2.079922914505005,3.0,4.458530684146755,22,28,105.73230428347728,0.0,False,-0.287
cell-031-024,0,0,1.0,DFO_3629_From_20100327_to_20100331,Heavy Rain,2,6.499700546264648,1.6971287727355957,1.0,3.9213374963746377,22,22,9.542999962571148,0.0,True,-0.464
cell-031-025,0,0,1.0,DFO_3629_From_20100327_to_20100331,Heavy Rain,2,3.2164862155914307,2.283766984939575,170.0,8.139791137550823,22,32,0.0,0.0,True,-0.675
cell-032-007,0,0,1.0,DFO_3629_From_20100327_to_20100331,Heavy Rain,2,13.455775260925293,1.284690499305725,3.0,4.815094136025182,24,88,251.98978430951126,0.0,False,-0.016
cell-032-008,0,0,1.0,DFO_3629_From_20100327_to_20100331,Heavy Rain,2,14.119776725769043,11.227117538452148,2.0,2.6664418299135475,22,36,263.0291176786257,0.0,False,0.027
cell-032-009,0,0,1.0,DFO_3629_From_20100327_to_20100331,Heavy Rain,2,15.429713249206543,4.486673355102539,1.0,3.1182652571163705,22,41,287.8308017562325,0.0,False,0.111
cell-032-010,0,0,1.0,DFO_3629_From_20100327_to_20100331,Heavy Rain,2,11.758319854736328,3.045423746109009,9.0,5.063992029619379,22,44,338.5175967589445,0.0,False,-0.125
cell-032-011,0,0,1.0,DFO_3629_From_20100327_to_20100331,Heavy Rain,2,10.63077163696289,1.1545372009277344,2.0,4.6000764513438686,22,36,381.90179055275013,0.0,False,-0.198
cell-032-012,0,0,1.0,DFO_3629_From_20100327_to_20100331,Heavy Rain,2,9.851164817810059,1.145305871963501,3.0,4.893118239800659,24,84,303.3549988923009,0.0,False,-0.248
cell-032-013,0,0,1.0,DFO_3629_From_20100327_to_20100331,Heavy Rain,2,9.488676071166992,1.6974799633026123,5.0,5.019794972785199,23,58,240.29430929037852,0.0,False,-0.271
cell-032-014,0,0,1.0,DFO_3629_From_20100327_to_20100331,Heavy Rain,2,10.437271118164062,0.7849407196044922,2.0,4.8408648249842825,24,88,206.6042657608617,0.0,False,-0.21
cell-032-015,0,0,1.0,DFO_3629_From_20100327_to_20100331,Heavy Rain,2,12.24633502960205,2.8354837894439697,1.0,3.5144393876910187,24,92,204.9043035292998,0.0,False,-0.094
cell-032-016,0,0,1.0,DFO_3629_From_20100327_to_20100331,Heavy Rain,2,11.986513137817383,3.0559616088867188,2.0,3.8571052629841636,22,21,217.70513270361334,0.0,False,-0.11
cell-032-017,0,0,1.0,DFO_3629_From_20100327_to_20100331,Heavy Rain,2,11.211663246154785,5.5450615882873535,2.0,3.3327645135079647,21,5,251.85098403193382,0.0,False,-0.16
cell-032-018,0,0,1.0,DFO_3629_From_20100327_to_20100331,Heavy Rain,2,11.889457702636719,2.7277727127075195,2.0,3.9520707669806168,21,16,237.50674822544542,0.0,False,-0.117
cell-032-019,0,0,1.0,DFO_3629_From_20100327_to_20100331,Heavy Rain,2,16.163084030151367,3.2924845218658447,1.0,3.3883596624423604,22,24,209.30941400294665,0.0,False,0.159
cell-032-020,0,0,1.0,DFO_3629_From_20100327_to_20100331,Heavy Rain,2,11.353809356689453,4.031476020812988,5.0,4.311519997856404,21,12,203.67791680830558,0.0,False,-0.151
cell-032-021,0,0,1.0,DFO_3629_From_20100327_to_20100331,Heavy Rain,2,7.786248207092285,1.0923622846603394,1.0,4.231277341502363,22,33,129.00249885383423,0.0,False,-0.381
cell-032-022,0,0,1.0,DFO_3629_From_20100327_to_20100331,Heavy Rain,2,6.492459774017334,3.325462579727173,1.0,3.3798439909645377,22,24,105.51654873602092,0.0,False,-0.464
cell-032-023,0,0,1.0,DFO_3629_From_20100327_to_20100331,Heavy Rain,2,5.247987747192383,2.9383485317230225,6.0,4.737414926914138,22,43,65.78661854776297,0.0,True,-0.544
cell-032-024,0,0,1.0,DFO_3629_From_20100327_to_20100331,Heavy Rain,2,3.4379563331604004,0.8378122448921204,5.0,5.495808401068432,23,50,5.441256604040973,0.0,True,-0.661
cell-032-025,0,0,1.0,DFO_3629_From_20100327_to_20100331,Heavy Rain,2,2.086081027984619,1.6590240001678467,10.0,5.643024561513385,23,75,0.0,0.0,True,-0.748
cell-033-007,0,0,1.0,DFO_3629_From_20100327_to_20100331,Heavy Rain,2,14.742402076721191,2.8356308937072754,1.0,3.5143962088010587,22,27,152.10602627974004,0.0,False,0.067
cell-033-008,0,0,1.0,DFO_3629_From_20100327_to_20100331,Heavy Rain,2,14.462967872619629,1.5635600090026855,1.0,3.9820151553606022,22,32,163.42008870712047,0.0,False,0.049
cell-033-009,0,0,1.0,DFO_3629_From_20100327_to_20100331,Heavy Rain,2,14.210553169250488,1.2555763721466064,23.0,6.622656139049297,23,63,200.50449072085394,0.0,False,0.033
cell-033-010,0,0,1.0,DFO_3629_From_20100327_to_20100331,Heavy Rain,2,13.566732406616211,1.5555528402328491,15.0,6.065213602671257,22,27,259.74557877519476,0.0,False,-0.009
cell-033-011,0,0,1.0,DFO_3629_From_20100327_to_20100331,Heavy Rain,2,12.027995109558105,1.7522048950195312,15.0,5.976790713653152,23,69,329.41828151645376,0.0,False,-0.108
cell-033-012,0,0,1.0,DFO_3629_From_20100327_to_20100331,Heavy Rain,2,16.50157356262207,10.32489013671875,1.0,2.3424720801616132,23,60,378.9171427280309,0.0,False,0.18
cell-033-013,0,0,1.0,DFO_3629_From_20100327_to_20100331,Heavy Rain,2,12.125089645385742,0.5091243386268616,1.0,4.6624746532680295,21,9,330.0848090438752,17.520770671777427,False,-0.101
cell-033-014,0,0,1.0,DFO_3629_From_20100327_to_20100331,Heavy Rain,2,11.514649391174316,3.3762288093566895,2.0,3.7723391602808483,24,85,306.04931520335856,0.0,False,-0.141
cell-033-015,0,0,1.0,DFO_3629_From_20100327_to_20100331,Heavy Rain,2,11.460760116577148,0.8157881498336792,1.0,4.412933331658363,22,23,304.9043035292998,0.0,False,-0.144
cell-033-016,0,0,1.0,DFO_3629_From_20100327_to_20100331,Heavy Rain,2,8.099336624145508,7.976897239685059,48.0,5.788076150698568,23,62,285.5424103599965,0.0,False,-0.361
cell-033-017,0,0,1.0,DFO_3629_From_20100327_to_20100331,Heavy Rain,2,5.08671236038208,1.8104523420333862,5.0,4.9712012027474595,23,62,204.39050004262177,0.0,False,-0.555
cell-033-018,0,0,1.0,DFO_3629_From_20100327_to_20100331,Heavy Rain,2,5.7355804443359375,4.5393548011779785,4.0,4.024152258897711,22,39,144.36168010968672,0.0,True,-0.513
cell-033-023,0,0,1.0,DFO_3629_From_20100327_to_20100331,Heavy Rain,2,2.388028621673584,0.9055169820785522,9.0,5.959750004700809,24,98,14.008651549798108,0.0,True,-0.728
cell-033-024,0,0,1.0,DFO_3629_From_20100327_to_20100331,Heavy Rain,2,-0.14541485905647278,9.407691955566406,3.0,3.125346399865846,24,92,0.0,0.0,True,-0.892
cell-033-030,1,0,1.0,DFO_3629_From_20100327_to_20100331,Heavy Rain,2,-1.506100058555603,0.0,1.0,5.298317388899779,11,0,0.0,99.44109383326918,True,-0.979
cell-033-031,1,0,1.0,DFO_3629_From_20100327_to_20100331,Heavy Rain,2,-1.506100058555603,0.0,1.0,5.298317388899779,11,0,0.0,79.52061193322476,True,-0.979
cell-033-032,0,0,1.0,DFO_3629_From_20100327_to_20100331,Heavy Rain,2,-1.506100058555603,0.0031962008215487003,2.0,5.698219562776384,22,42,0.0,65.29158675204962,True,-0.979
cell-033-033,0,0,1.0,DFO_3629_From_20100327_to_20100331,Heavy Rain,2,-1.506100058555603,0.0,1.0,5.298317388899779,11,0,23.405025082401515,81.24223723056109,True,-0.979
cell-034-006,0,0,1.0,DFO_3629_From_20100327_to_20100331,Heavy Rain,2,16.93571662902832,6.5506134033203125,2.0,3.179410517481951,21,8,49.928541828878224,0.0,True,0.208
cell-034-007,0,0,1.0,DFO_3629_From_20100327_to_20100331,Heavy Rain,2,9.386054039001465,1.096667766571045,2.0,4.634159658991544,23,63,52.106026279740036,0.0,True,-0.278
cell-034-008,0,0,1.0,DFO_3629_From_20100327_to_20100331,Heavy Rain,2,12.144007682800293,2.5601789951324463,1.0,3.5987953380270437,23,77,65.02256561602218,0.0,True,-0.1
cell-034-009,0,0,1.0,DFO_3629_From_20100327_to_20100331,Heavy Rain,2,13.538166046142578,1.5471030473709106,1.0,3.9897519821208016,23,59,118.34216551499547,0.0,False,-0.01
cell-034-010,0,0,1.0,DFO_3629_From_20100327_to_20100331,Heavy Rain,2,17.351303100585938,2.3797688484191895,1.0,3.6581814333753035,23,58,188.55073175570453,0.0,False,0.235
cell-034-011,0,0,1.0,DFO_3629_From_20100327_to_20100331,Heavy Rain,2,14.131503105163574,5.513950824737549,3.0,3.6255780043371293,21,11,274.1332316028102,0.0,False,0.028
cell-034-012,0,0,1.0,DFO_3629_From_20100327_to_20100331,Heavy Rain,2,21.44769859313965,0.6724327206611633,2.0,4.927365315986197,23,57,353.0968242373749,0.0,False,0.499
cell-034-013,0,0,1.0,DFO_3629_From_20100327_to_20100331,Heavy Rain,2,18.399097442626953,3.3362843990325928,3.0,4.070212399037682,23,76,401.97672753018475,0.0,False,0.303
cell-034-014,0,0,1.0,DFO_3629_From_20100327_to_20100331,Heavy Rain,2,18.075654983520508,2.988731861114502,3.0,4.1635246428116055,23,54,405.7672288915218,0.0,False,0.282
cell-034-015,0,0,1.0,DFO_3629_From_20100327_to_20100331,Heavy Rain,2,12.448629379272461,0.17746247351169586,1.0,5.0284952760012205,23,58,342.66227347931425,0.0,False,-0.081
cell-034-016,0,0,1.0,DFO_3629_From_20100327_to_20100331,Heavy Rain,2,13.96246337890625,11.942950248718262,2.0,2.605872283053848,23,75,247.4633117793331,0.0,False,0.017
cell-034-017,0,0,1.0,DFO_3629_From_20100327_to_20100331,Heavy Rain,2,4.023270130157471,0.7399901747703552,33.0,7.302281245186466,23,59,153.40259964665606,0.0,False,-0.623
cell-034-018,0,0,1.0,DFO_3629_From_20100327_to_20100331,Heavy Rain,2,7.8981547355651855,4.829680442810059,1.0,3.052365645221436,22,21,63.367076500499714,0.0,True,-0.374
cell-034-023,0,0,1.0,DFO_3629_From_20100327_to_20100331,Heavy Rain,2,1.532979965209961,5.616024971008301,2.0,3.3211555588887367,24,97,0.0,0.0,True,-0.784
cell-034-024,0,0,1.0,DFO_3629_From_20100327_to_20100331,Heavy Rain,2,-1.5061379671096802,0.01668924279510975,1.0,5.269605321970182,24,94,0.0,0.0,True,-0.979
cell-034-030,1,0,1.0,DFO_3629_From_20100327_to_20100331,Heavy Rain,2,1.427356481552124,5.525167465209961,1.0,2.930577778220795,23,53,0.0,22.219101938952413,True,-0.79
cell-034-031,1,0,1.0,DFO_3629_From_20100327_to_20100331,Heavy Rain,2,0.7371306419372559,5.559532165527344,4.0,3.8412122264116766,22,45,0.0,20.973677644506097,True,-0.835
cell-034-032,0,0,1.0,DFO_3629_From_20100327_to_20100331,Heavy Rain,2,4.223788261413574,2.8182966709136963,1.0,3.5195036026091313,23,75,0.0,0.0,True,-0.61
cell-034-033,0,0,1.0,DFO_3629_From_20100327_to_20100331,Heavy Rain,2,-0.5447983741760254,5.100198268890381,2.0,3.4087145007252673,23,50,0.0,20.318139207637458,True,-0.917
cell-035-006,0,0,1.0,DFO_3629_From_20100327_to_20100331,Heavy Rain,2,12.696331977844238,13.149723052978516,3.0,2.798430552590958,21,11,0.0,0.0,True,-0.065
cell-035-007,0,0,1.0,DFO_3629_From_20100327_to_20100331,Heavy Rain,2,8.993581771850586,0.3409860134124756,28.0,7.505504587026115,22,49,0.0,0.0,True,-0.303
cell-035-008,0,0,1.0,DFO_3629_From_20100327_to_20100331,Heavy Rain,2,9.928102493286133,4.801209926605225,4.0,3.9739664520653877,24,82,0.0,0.0,True,-0.243
cell-035-009,0,0,1.0,DFO_3629_From_20100327_to_20100331,Heavy Rain,2,12.285320281982422,2.2859208583831787,10.0,5.3952683771384145,22,22,50.856196220025026,0.0,False,-0.091
cell-035-010,0,0,1.0,DFO_3629_From_20100327_to_20100331,Heavy Rain,2,13.731172561645508,8.64607048034668,5.0,3.6115582715150967,22,23,148.942951888829,11.978711472982171,False,0.002
cell-035-011,0,0,1.0,DFO_3629_From_20100327_to_20100331,Heavy Rain,2,11.646890640258789,2.0776467323303223,13.0,5.712152847914384,22,21,229.0793408162115,0.0,False,-0.132
cell-035-012,0,0,1.0,DFO_3629_From_20100327_to_20100331,Heavy Rain,2,13.7213134765625,4.879220962524414,4.0,3.9594823871343694,22,44,263.41083230980985,0.0,False,0.001
cell-035-013,0,0,1.0,DFO_3629_From_20100327_to_20100331,Heavy Rain,2,14.063814163208008,1.8939158916473389,22.0,6.280489838607081,24,85,326.0263620744548,0.0,False,0.023
cell-035-014,0,0,1.0,DFO_3629_From_20100327_to_20100331,Heavy Rain,2,17.791393280029297,3.029097557067871,1.0,3.459085445423071,24,82,403.98157254615,0.0,False,0.263
cell-035-015,0,0,1.0,DFO_3629_From_20100327_to_20100331,Heavy Rain,2,15.709956169128418,3.456273078918457,6.0,4.59952011338774,24,80,326.4714655259999,0.0,False,0.129
cell-035-016,0,0,1.0,DFO_3629_From_20100327_to_20100331,Heavy Rain,2,12.19758129119873,5.075423240661621,124.0,7.142816871162492,22,33,226.51319970171684,0.0,False,-0.097
cell-035-017,0,0,1.0,DFO_3629_From_20100327_to_20100331,Heavy Rain,2,7.487771511077881,3.0835113525390625,3.0,4.137208655008674,23,78,126.62085718998098,0.0,False,-0.4
cell-035-018,0,0,1.0,DFO_3629_From_20100327_to_20100331,Heavy Rain,2,4.964069366455078,6.186382293701172,1.0,2.8268819401878336,23,78,27.48026092484668,0.0,True,-0.563
cell-035-023,0,0,1.0,DFO_3629_From_20100327_to_20100331,Heavy Rain,2,-1.5046354532241821,0.7769150733947754,4.0,5.357619169312274,23,60,0.0,0.0,True,-0.979
cell-035-024,0,0,1.0,DFO_3629_From_20100327_to_20100331,Heavy Rain,2,0.010207812301814556,7.498911380767822,50.0,5.886340416346488,21,18,0.0,0.0,True,-0.882
cell-035-028,0,0,1.0,DFO_3629_From_20100327_to_20100331,Heavy Rain,2,-1.2232221364974976,4.242382526397705,13.0,5.1138653655489374,23,61,0.0,0.0,True,-0.961
cell-035-029,0,0,1.0,DFO_3629_From_20100327_to_20100331,Heavy Rain,2,5.408326625823975,2.969331741333008,1.0,3.475849929749573,22,24,0.0,0.0,True,-0.534
cell-035-030,0,0,1.0,DFO_3629_From_20100327_to_20100331,Heavy Rain,2,0.09618062525987625,5.353004455566406,1.0,2.9593970676084114,22,43,0.0,7.334394115256146,True,-0.876
cell-035-031,0,0,1.0,DFO_3629_From_20100327_to_20100331,Heavy Rain,2,3.566540479660034,1.7926712036132812,1.0,3.8800829260661485,22,32,0.0,0.0,True,-0.653
cell-035-032,0,0,1.0,DFO_3629_From_20100327_to_20100331,Heavy Rain,2,2.491729259490967,0.2514413595199585,1.0,4.934472680502614,24,92,20.936292391499457,0.0,True,-0.722
cell-035-033,0,0,1.0,DFO_3629_From_20100327_to_20100331,Heavy Rain,2,2.622178077697754,0.9666725397109985,15.0,6.389213758520824,21,5,0.992552055977285,0.0,True,-0.713
cell-036-005,0,0,1.0,DFO_3629_From_20100327_to_20100331,Heavy Rain,2,16.113107681274414,0.40857750177383423,472.0,10.225952672116293,22,24,0.0,0.0,True,0.155
cell-036-006,0,0,1.0,DFO_3629_From_20100327_to_20100331,Heavy Rain,2,17.534130096435547,0.5701122283935547,1.0,4.607640050047881,22,20,0.0,0.0,True,0.247
cell-036-007,0,0,1.0,DFO_3629_From_20100327_to_20100331,Heavy Rain,2,13.359889030456543,5.60671329498291,3.0,3.6103534036818252,21,13,21.945672210417715,0.0,True,-0.022
cell-036-008,0,0,1.0,DFO_3629_From_20100327_to_20100331,Heavy Rain,2,7.990588188171387,2.3359792232513428,48.0,6.871814395501027,23,50,0.0,0.0,True,-0.368
cell-036-009,0,0,1.0,DFO_3629_From_20100327_to_20100331,Heavy Rain,2,12.970257759094238,5.333683967590332,5.0,4.061294932471146,21,14,32.35243781067884,0.0,True,-0.047
cell-036-010,0,0,1.0,DFO_3629_From_20100327_to_20100331,Heavy Rain,2,13.809197425842285,2.4712071418762207,4.0,4.543934669962667,22,49,118.26218653173092,0.0,False,0.007
cell-036-011,0,0,1.0,DFO_3629_From_20100327_to_20100331,Heavy Rain,2,11.058820724487305,5.482671737670898,2.0,3.3430811636169246,22,24,131.09250047358583,0.0,False,-0.17
cell-036-012,0,0,1.0,DFO_3629_From_20100327_to_20100331,Heavy Rain,2,13.413689613342285,1.33744215965271,1.0,4.093934328005031,23,65,184.64334775391683,0.0,False,-0.018
cell-036-013,0,0,1.0,DFO_3629_From_20100327_to_20100331,Heavy Rain,2,11.409775733947754,0.6358343362808228,6.0,5.804493932754425,23,63,266.4602935882392,0.0,False,-0.148
cell-036-014,0,0,1.0,DFO_3629_From_20100327_to_20100331,Heavy Rain,2,11.486433982849121,0.6730624437332153,101.0,8.453220304387605,23,60,357.6436917498859,0.0,False,-0.143
cell-036-015,0,0,1.0,DFO_3629_From_20100327_to_20100331,Heavy Rain,2,12.589229583740234,6.731800556182861,7.0,4.134887500658256,23,51,326.3769408179214,0.0,False,-0.072
cell-036-016,0,0,1.0,DFO_3629_From_20100327_to_20100331,Heavy Rain,2,16.4204044342041,2.601677179336548,1.0,3.5856180164817664,21,14,226.37694081792142,0.0,False,0.175
cell-036-017,0,0,1.0,DFO_3629_From_20100327_to_20100331,Heavy Rain,2,12.061812400817871,1.1196882724761963,1.0,4.21499689307318,22,34,126.37694081792141,0.0,False,-0.106
cell-036-018,0,0,1.0,DFO_3629_From_20100327_to_20100331,Heavy Rain,2,3.4643895626068115,1.004613995552063,8.0,5.789499445599019,23,72,26.376940817921422,0.0,True,-0.659
cell-036-023,0,0,1.0,DFO_3629_From_20100327_to_20100331,Heavy Rain,2,2.6097447872161865,0.4124203026294708,3.0,5.449243972703275,23,78,0.0,0.0,True,-0.714
cell-036-028,0,0,1.0,DFO_3629_From_20100327_to_20100331,Heavy Rain,2,3.1467032432556152,3.769228219985962,3.0,3.96488983790666,21,17,0.0,0.0,True,-0.68
cell-036-029,0,0,1.0,DFO_3629_From_20100327_to_20100331,Heavy Rain,2,8.199686050415039,0.43686196208000183,1.0,4.731593920717304,22,28,42.02719448647205,0.0,False,-0.354
cell-036-030,0,0,1.0,DFO_3629_From_20100327_to_20100331,Heavy Rain,2,7.809282302856445,9.275732040405273,2.0,2.851219915696498,22,32,0.0,0.0,True,-0.379
cell-036-031,0,0,1.0,DFO_3629_From_20100327_to_20100331,Heavy Rain,2,2.1657114028930664,2.784445285797119,4.0,4.445843802483255,21,5,0.0,0.0,True,-0.743
cell-036-032,0,0,1.0,DFO_3629_From_20100327_to_20100331,Heavy Rain,2,3.790818452835083,1.7213988304138184,1.0,3.9106958428584604,90,0,35.09484798579307,0.0,True,-0.638
cell-036-033,0,0,1.0,DFO_3629_From_20100327_to_20100331,Heavy Rain,2,4.864990711212158,1.0136204957962036,1.0,4.279727841582891,90,0,50.92146524375483,4.974340951885097,True,-0.569
cell-037-005,0,0,1.0,DFO_3629_From_20100327_to_20100331,Heavy Rain,2,17.72174644470215,0.38167640566825867,1.0,4.78779527334224,22,38,0.0,0.0,True,0.259
cell-037-006,0,0,1.0,DFO_3629_From_20100327_to_20100331,Heavy Rain,2,23.25922203063965,4.316202163696289,10.0,4.85742934464884,22,38,68.29365491600403,0.0,True,0.616
cell-037-007,0,0,1.0,DFO_3629_From_20100327_to_20100331,Heavy Rain,2,18.73936653137207,13.41688060760498,1.0,2.085278639978859,21,16,64.63646849838527,0.0,False,0.325
cell-037-008,0,0,1.0,DFO_3629_From_20100327_to_20100331,Heavy Rain,2,12.90027141571045,5.5486016273498535,1.0,2.9267172095172245,21,18,0.0,0.0,True,-0.052
cell-037-009,0,0,1.0,DFO_3629_From_20100327_to_20100331,Heavy Rain,2,9.611294746398926,5.626497745513916,5.0,4.012600572078352,23,62,0.0,0.0,True,-0.263
cell-037-010,0,0,1.0,DFO_3629_From_20100327_to_20100331,Heavy Rain,2,9.362439155578613,3.2213470935821533,4.0,4.323268354974959,22,40,23.66548899899078,0.0,True,-0.279
cell-037-011,0,0,1.0,DFO_3629_From_20100327_to_20100331,Heavy Rain,2,13.399924278259277,8.771586418151855,4.0,3.4154964777464203,21,14,43.51026283584378,0.0,False,-0.019
cell-037-012,0,0,1.0,DFO_3629_From_20100327_to_20100331,Heavy Rain,2,11.50304126739502,0.15155728161334991,1.0,5.0636263916355935,23,58,136.90737640860888,0.0,False,-0.142
cell-037-013,0,0,1.0,DFO_3629_From_20100327_to_20100331,Heavy Rain,2,14.894342422485352,4.650448322296143,1.0,3.0862661202270676,24,82,233.81109415406976,0.0,False,0.077
cell-037-014,0,0,1.0,DFO_3629_From_20100327_to_20100331,Heavy Rain,2,11.344754219055176,4.5015482902526855,3.0,3.8084640172195265,23,73,330.7148118995307,0.0,False,-0.152
cell-037-015,0,0,1.0,DFO_3629_From_20100327_to_20100331,Heavy Rain,2,12.584752082824707,2.684067726135254,4.0,4.476247358407393,23,70,339.1349284067534,0.0,False,-0.072
cell-037-016,0,0,1.0,DFO_3629_From_20100327_to_20100331,Heavy Rain,2,16.15814971923828,4.035343170166016,1.0,3.2120652332513755,23,56,244.36284724021584,0.0,False,0.158
cell-037-017,0,0,1.0,DFO_3629_From_20100327_to_20100331,Heavy Rain,2,11.878195762634277,12.007853507995605,6.0,3.4478405906558907,22,44,153.43456594683576,0.0,False,-0.117
cell-037-018,0,0,1.0,DFO_3629_From_20100327_to_20100331,Heavy Rain,2,7.119324207305908,5.2648491859436035,166.0,7.399321935095623,22,48,79.28087721297645,0.0,True,-0.424
cell-037-023,0,0,1.0,DFO_3629_From_20100327_to_20100331,Heavy Rain,2,2.5266270637512207,0.20231322944164276,16.0,7.135981875033622,23,64,77.59207161736752,0.0,True,-0.72
cell-037-028,0,0,1.0,DFO_3629_From_20100327_to_20100331,Heavy Rain,2,5.20316219329834,3.3337349891662598,4.0,4.294009855417092,21,12,41.9309380674056,0.0,True,-0.547
cell-037-029,0,0,1.0,DFO_3629_From_20100327_to_20100331,Heavy Rain,2,8.17083740234375,1.0816718339920044,1.0,4.23771928171604,22,42,88.57031511450181,0.0,False,-0.356
cell-037-030,0,0,1.0,DFO_3629_From_20100327_to_20100331,Heavy Rain,2,10.617703437805176,2.456947088241577,1.0,3.6323455872941666,22,44,2.599665117429148,0.0,True,-0.199
cell-037-031,0,0,1.0,DFO_3629_From_20100327_to_20100331,Heavy Rain,2,1.0648205280303955,2.939894914627075,1.0,3.484210698161161,95,0,0.0,0.0,True,-0.814
cell-037-032,0,0,1.0,DFO_3629_From_20100327_to_20100331,Heavy Rain,2,1.7837985754013062,2.331516981124878,7.0,5.060972756358851,95,0,0.0,0.0,True,-0.767
cell-037-033,0,0,1.0,DFO_3629_From_20100327_to_20100331,Heavy Rain,2,2.5983808040618896,1.697247862815857,5.0,5.019897238304927,41,0,63.65498723254741,25.40482420590706,True,-0.715
cell-038-005,0,0,1.0,DFO_3629_From_20100327_to_20100331,Heavy Rain,2,19.598163604736328,1.9643537998199463,2.0,4.215430715119096,22,46,36.80326360913757,0.0,True,0.38
cell-038-006,0,0,1.0,DFO_3629_From_20100327_to_20100331,Heavy Rain,2,27.910539627075195,2.9884753227233887,2.0,3.875914790594924,22,42,105.95048635327367,0.0,False,0.915
cell-038-007,0,0,1.0,DFO_3629_From_20100327_to_20100331,Heavy Rain,2,25.189844131469727,2.3043670654296875,1.0,3.684081098440576,22,26,95.22362644350964,0.0,False,0.74
cell-038-008,0,0,1.0,DFO_3629_From_20100327_to_20100331,Heavy Rain,2,14.599455833435059,5.134250164031982,1.0,2.9972314701272498,22,44,10.555031612811336,0.0,False,0.058
cell-038-011,0,0,1.0,DFO_3629_From_20100327_to_20100331,Heavy Rain,2,16.835773468017578,4.702214241027832,1.0,3.0763582126014217,22,48,15.784295493544608,0.0,False,0.202
cell-038-012,0,0,1.0,DFO_3629_From_20100327_to_20100331,Heavy Rain,2,14.439983367919922,5.491031169891357,1.0,2.9362276960558256,23,70,115.78416967343702,0.0,False,0.048
cell-038-013,0,0,1.0,DFO_3629_From_20100327_to_20100331,Heavy Rain,2,13.17702579498291,4.432979106903076,4.0,4.045270652083639,23,52,215.7841604699172,0.0,False,-0.034
cell-038-014,0,0,1.0,DFO_3629_From_20100327_to_20100331,Heavy Rain,2,11.853475570678711,4.631763935089111,6.0,4.342629190371824,23,52,315.7841570953912,0.0,False,-0.119
cell-038-015,0,0,1.0,DFO_3629_From_20100327_to_20100331,Heavy Rain,2,14.278318405151367,2.1445486545562744,23.0,6.22619746587773,22,39,376.74244241877284,0.0,False,0.037
cell-038-016,0,0,1.0,DFO_3629_From_20100327_to_20100331,Heavy Rain,2,18.023395538330078,2.742412805557251,1.0,3.5421726511263896,22,43,292.726886893214,0.0,False,0.278
cell-038-017,0,0,1.0,DFO_3629_From_20100327_to_20100331,Heavy Rain,2,20.003366470336914,3.12746262550354,1.0,3.432087710904505,21,19,220.63976947607316,0.0,False,0.406
cell-038-018,0,0,1.0,DFO_3629_From_20100327_to_20100331,Heavy Rain,2,17.44823455810547,16.241212844848633,3.0,2.585919886664991,21,10,152.0617263371831,0.0,False,0.241
cell-038-019,0,0,1.0,DFO_3629_From_20100327_to_20100331,Heavy Rain,2,15.1921968460083,0.24143260717391968,1.0,4.946687795150209,22,44,93.1222607115109,0.0,False,0.096
cell-038-020,0,0,1.0,DFO_3629_From_20100327_to_20100331,Heavy Rain,2,10.868393898010254,7.213999271392822,1.0,2.6840093537744383,23,55,67.18311697264375,0.0,True,-0.182
cell-038-021,0,0,1.0,DFO_3629_From_20100327_to_20100331,Heavy Rain,2,3.2713327407836914,2.1003825664520264,7.0,5.143987724888303,21,13,67.10008372366428,0.0,True,-0.672
cell-038-022,0,0,1.0,DFO_3629_From_20100327_to_20100331,Heavy Rain,2,3.011512279510498,0.30682623386383057,3.0,5.562596823214569,21,10,95.134147520504,0.0,True,-0.688
cell-038-028,0,0,1.0,DFO_3629_From_20100327_to_20100331,Heavy Rain,2,6.423166751861572,3.2678306102752686,5.0,4.493385507896886,21,10,33.699861377477646,0.0,True,-0.469
cell-038-029,0,0,1.0,DFO_3629_From_20100327_to_20100331,Heavy Rain,2,9.653325080871582,1.5804907083511353,10.0,5.678865598769104,21,12,133.69986137747765,0.0,False,-0.261
cell-038-030,0,0,1.0,DFO_3629_From_20100327_to_20100331,Heavy Rain,2,11.615779876708984,1.8574128150939941,2.0,4.258527747242033,22,28,47.69861124931062,0.0,False,-0.134
cell-038-031,0,0,1.0,DFO_3629_From_20100327_to_20100331,Heavy Rain,2,6.655737400054932,10.750567436218262,3.0,2.9964014701467288,21,11,0.0,0.0,True,-0.454
cell-038-032,0,0,1.0,DFO_3629_From_20100327_to_20100331,Heavy Rain,2,0.12724600732326508,2.8126072883605957,11.0,5.312945098087851,90,0,0.0,0.0,True,-0.874
cell-038-033,0,0,1.0,DFO_3629_From_20100327_to_20100331,Heavy Rain,2,5.94517707824707,3.0123636722564697,2.0,3.8692164777959377,90,0,29.877901411802753,0.0,True,-0.499
cell-038-034,0,0,1.0,DFO_3629_From_20100327_to_20100331,Heavy Rain,2,4.015347957611084,6.215656757354736,3.0,3.5156722115657684,90,0,26.569829613510855,0.0,True,-0.624
cell-038-035,0,0,1.0,DFO_3629_From_20100327_to_20100331,Heavy Rain,2,0.6257087588310242,10.799163818359375,2.0,2.7043317434375953,23,56,0.0,0.0,True,-0.842
cell-038-040,0,0,1.0,DFO_3629_From_20100327_to_20100331,Heavy Rain,2,-1.4225029945373535,1.9910138845443726,5.0,4.898116391332905,21,1,0.0,0.0,True,-0.974
cell-038-041,0,0,1.0,DFO_3629_From_20100327_to_20100331,Heavy Rain,2,2.6113765239715576,4.376225471496582,1.0,3.140429539472306,21,19,4.452677602414042,0.0,True,-0.714
cell-038-042,0,0,1.0,DFO_3629_From_20100327_to_20100331,Heavy Rain,2,5.690258979797363,3.264124631881714,2.0,3.801205869212442,23,53,0.0,0.0,True,-0.516
cell-038-043,0,0,1.0,DFO_3629_From_20100327_to_20100331,Heavy Rain,2,2.956101179122925,1.7262721061706543,4.0,4.8248633945994,22,29,0.0,0.0,True,-0.692
cell-039-004,0,0,1.0,DFO_3629_From_20100327_to_20100331,Heavy Rain,2,24.904306411743164,4.075708389282227,2.0,3.6087781888839214,21,5,93.54983263579197,0.0,False,0.722
cell-039-005,0,0,1.0,DFO_3629_From_20100327_to_20100331,Heavy Rain,2,24.415569305419922,6.026278972625732,2.0,3.256508684860511,21,2,124.67809951130774,0.0,False,0.69
cell-039-006,0,0,1.0,DFO_3629_From_20100327_to_20100331,Heavy Rain,2,25.833890914916992,6.323934078216553,3.0,3.4997158561546122,21,18,177.52315130905504,0.0,False,0.781
cell-039-007,0,0,1.0,DFO_3629_From_20100327_to_20100331,Heavy Rain,2,30.433082580566406,4.954908847808838,4.0,3.9456242698045427,22,27,151.88596220403153,0.0,False,1.078
cell-039-008,0,0,1.0,DFO_3629_From_20100327_to_20100331,Heavy Rain,2,21.399658203125,7.049201011657715,7.0,4.091925069386278,21,5,103.87640234424852,0.0,False,0.496
cell-039-011,0,0,1.0,DFO_3629_From_20100327_to_20100331,Heavy Rain,2,11.829062461853027,3.728837728500366,1.0,3.281116606172504,23,66,7.075472761246011,0.0,True,-0.121
cell-039-012,0,0,1.0,DFO_3629_From_20100327_to_20100331,Heavy Rain,2,9.456897735595703,1.6422654390335083,7.0,5.332112203856761,24,94,105.83290553112886,0.0,False,-0.273
cell-039-013,0,0,1.0,DFO_3629_From_20100327_to_20100331,Heavy Rain,2,9.262654304504395,2.6385436058044434,3.0,4.267201737775391,24,92,205.77115856031216,0.0,False,-0.286
cell-039-014,0,0,1.0,DFO_3629_From_20100327_to_20100331,Heavy Rain,2,12.322365760803223,3.936453342437744,1.0,3.2338325179626035,22,42,305.7497923095704,0.0,False,-0.089
cell-039-015,0,0,1.0,DFO_3629_From_20100327_to_20100331,Heavy Rain,2,19.361482620239258,8.373980522155762,1.0,2.543363523922618,22,24,405.7389570887145,0.0,False,0.365
cell-039-016,0,0,1.0,DFO_3629_From_20100327_to_20100331,Heavy Rain,2,18.781225204467773,2.1044082641601562,1.0,3.7561871434873226,23,57,361.9986617391699,0.0,False,0.327
cell-039-017,0,0,1.0,DFO_3629_From_20100327_to_20100331,Heavy Rain,2,20.966251373291016,2.9372267723083496,3.0,4.178119183578702,23,55,293.4206186002798,0.0,False,0.468
cell-039-018,0,0,1.0,DFO_3629_From_20100327_to_20100331,Heavy Rain,2,23.339200973510742,0.45596063137054443,1.0,4.7128565798748845,22,49,230.56384061027936,0.0,False,0.621
cell-039-019,0,0,1.0,DFO_3629_From_20100327_to_20100331,Heavy Rain,2,17.705963134765625,5.697906017303467,11.0,4.694216765997519,23,60,184.0384476862453,0.0,False,0.258
cell-039-020,0,0,1.0,DFO_3629_From_20100327_to_20100331,Heavy Rain,2,14.563255310058594,1.1643580198287964,3.0,4.882087775004643,23,75,167.1386176341767,0.0,False,0.056
cell-039-021,0,0,1.0,DFO_3629_From_20100327_to_20100331,Heavy Rain,2,10.680400848388672,12.1295747756958,1.0,2.185151494320374,24,92,167.10008372366428,0.0,True,-0.194
cell-039-022,0,0,1.0,DFO_3629_From_20100327_to_20100331,Heavy Rain,2,5.160622596740723,2.034986972808838,1.0,3.782483417261289,24,92,78.461367291527,0.0,True,-0.55
cell-039-028,0,0,1.0,DFO_3629_From_20100327_to_20100331,Heavy Rain,2,5.890738010406494,4.072807312011719,5.0,4.30255192797822,21,11,17.888045271742158,0.0,True,-0.503
cell-039-029,0,0,1.0,DFO_3629_From_20100327_to_20100331,Heavy Rain,2,10.785308837890625,5.8159356117248535,2.0,3.2891435936298548,21,18,117.88804527174214,0.0,False,-0.188
cell-039-030,0,0,1.0,DFO_3629_From_20100327_to_20100331,Heavy Rain,2,11.418730735778809,0.6932891011238098,15.0,6.58473159767623,23,64,114.25250547864233,0.0,False,-0.147
cell-039-031,0,0,1.0,DFO_3629_From_20100327_to_20100331,Heavy Rain,2,11.992003440856934,1.3520809412002563,1.0,4.086297601529733,22,28,36.87715284304288,0.0,True,-0.11
cell-039-032,0,0,1.0,DFO_3629_From_20100327_to_20100331,Heavy Rain,2,1.341121792793274,6.356058597564697,7.0,4.188176288007567,95,0,0.0,5.035487322651071,True,-0.796
cell-039-033,0,0,1.0,DFO_3629_From_20100327_to_20100331,Heavy Rain,2,1.4828686714172363,0.9050223231315613,5.0,5.449259207660065,95,0,0.0,0.0,True,-0.787
cell-039-034,0,0,1.0,DFO_3629_From_20100327_to_20100331,Heavy Rain,2,1.6489135026931763,0.7845891714096069,22.0,6.878005741298922,22,26,53.9215615166153,0.0,True,-0.776
cell-039-035,0,0,1.0,DFO_3629_From_20100327_to_20100331,Heavy Rain,2,2.744575023651123,2.233863592147827,1.0,3.708918060197728,23,59,0.0,0.0,True,-0.706
cell-039-040,0,0,1.0,DFO_3629_From_20100327_to_20100331,Heavy Rain,2,6.571700572967529,6.193911075592041,3.0,3.518906886516793,21,8,0.0,0.0,True,-0.459
cell-039-041,0,0,1.0,DFO_3629_From_20100327_to_20100331,Heavy Rain,2,1.352022409439087,1.7313189506530762,32.0,6.709738976039778,21,11,7.159529240006623,0.0,True,-0.795
cell-039-042,0,0,1.0,DFO_3629_From_20100327_to_20100331,Heavy Rain,2,1.9865763187408447,0.4397820234298706,1.0,4.728706289163588,21,19,88.68225239031017,6.146826047450304,True,-0.754
cell-039-043,0,0,1.0,DFO_3629_From_20100327_to_20100331,Heavy Rain,2,4.562817096710205,10.171452522277832,3.0,3.0501141011977264,22,23,89.34339407601661,0.0,True,-0.588
cell-040-004,0,0,1.0,DFO_3629_From_20100327_to_20100331,Heavy Rain,2,31.705886840820312,6.172942638397217,2.0,3.2343535137265342,21,15,95.21543400432667,0.0,False,1.16
cell-040-005,0,0,1.0,DFO_3629_From_20100327_to_20100331,Heavy Rain,2,30.37891960144043,2.563581705093384,1.0,3.5977083001075676,22,33,194.36034935086602,0.0,False,1.074
cell-040-006,0,0,1.0,DFO_3629_From_20100327_to_20100331,Heavy Rain,2,32.89904022216797,8.28444766998291,4.0,3.4698594978187045,21,16,258.1203351216427,0.0,False,1.236
cell-040-007,0,0,1.0,DFO_3629_From_20100327_to_20100331,Heavy Rain,2,37.633689880371094,0.378730833530426,1.0,4.790885744278593,21,2,233.98796781259787,0.0,False,1.541
cell-040-008,0,0,1.0,DFO_3629_From_20100327_to_20100331,Heavy Rain,2,24.866567611694336,7.464091777801514,1.0,2.6520364514723047,21,11,182.93769091540133,0.0,False,0.719
cell-040-009,0,0,1.0,DFO_3629_From_20100327_to_20100331,Heavy Rain,2,17.580097198486328,0.24743658304214478,1.0,4.939342396983317,23,52,87.54732903396099,0.0,False,0.25
cell-040-010,0,0,1.0,DFO_3629_From_20100327_to_20100331,Heavy Rain,2,9.398520469665527,0.9481298923492432,9.0,5.931329476371154,24,84,0.0,0.0,True,-0.277
cell-040-011,0,0,1.0,DFO_3629_From_20100327_to_20100331,Heavy Rain,2,8.29472827911377,0.2262817770242691,1.0,4.965467244809004,24,100,2.4139279960774007,0.0,True,-0.348
cell-040-012,0,0,1.0,DFO_3629_From_20100327_to_20100331,Heavy Rain,2,9.482941627502441,0.6807911992073059,1.0,4.515210354246065,24,99,99.62823413557915,0.0,True,-0.272
cell-040-013,0,0,1.0,DFO_3629_From_20100327_to_20100331,Heavy Rain,2,8.991272926330566,1.915987491607666,1.0,3.829228040983019,24,98,191.04871949448005,0.0,True,-0.303
cell-040-014,0,0,1.0,DFO_3629_From_20100327_to_20100331,Heavy Rain,2,9.29162311553955,3.804431915283203,2.0,3.669107914434591,24,80,272.3410360070589,0.0,True,-0.284
cell-040-015,0,0,1.0,DFO_3629_From_20100327_to_20100331,Heavy Rain,2,13.788900375366211,3.9579193592071533,12.0,5.100869650653091,23,56,343.73920156596074,0.0,False,0.006
cell-040-016,0,0,1.0,DFO_3629_From_20100327_to_20100331,Heavy Rain,2,16.015853881835938,0.6835498809814453,1.0,4.513012167423371,22,41,330.54092531837523,0.0,False,0.149
cell-040-017,0,0,1.0,DFO_3629_From_20100327_to_20100331,Heavy Rain,2,18.511022567749023,4.147013187408447,3.0,3.8811824028198876,23,63,330.56097658649304,0.0,False,0.31
cell-040-018,0,0,1.0,DFO_3629_From_20100327_to_20100331,Heavy Rain,2,21.36456298828125,4.671459197998047,2.0,3.487698109761025,22,38,316.4185204457906,0.0,False,0.494
cell-040-019,0,0,1.0,DFO_3629_From_20100327_to_20100331,Heavy Rain,2,24.650720596313477,2.2121942043304443,1.0,3.7166768670331543,22,46,279.3347521690522,0.0,False,0.705
cell-040-020,0,0,1.0,DFO_3629_From_20100327_to_20100331,Heavy Rain,2,17.75441551208496,6.806715965270996,5.0,3.8369027061187935,21,9,243.5840138791401,0.0,False,0.261
cell-040-021,0,0,1.0,DFO_3629_From_20100327_to_20100331,Heavy Rain,2,13.044918060302734,4.148004531860352,1.0,3.18782438501725,23,63,145.3649911749682,0.0,False,-0.042
cell-040-022,0,0,1.0,DFO_3629_From_20100327_to_20100331,Heavy Rain,2,6.506223678588867,0.6656383872032166,17.0,6.724595943200381,24,90,49.435824755520954,0.0,True,-0.463
cell-040-023,0,0,1.0,DFO_3629_From_20100327_to_20100331,Heavy Rain,2,2.955951690673828,0.9916843771934509,5.0,5.392266014544397,23,55,0.0,0.0,True,-0.692
cell-040-024,0,0,1.0,DFO_3629_From_20100327_to_20100331,Heavy Rain,2,-1.5061999559402466,0.0,1.0,5.298317388899779,11,0,0.0,8.784442354456045,True,-0.979
cell-040-025,0,0,1.0,DFO_3629_From_20100327_to_20100331,Heavy Rain,2,-1.5061999559402466,0.0,1.0,5.298317388899779,11,0,0.0,72.73974417381305,True,-0.979
cell-040-028,0,0,1.0,DFO_3629_From_20100327_to_20100331,Heavy Rain,2,3.122657060623169,0.814824640750885,5.0,5.5122396900252015,22,29,0.0,0.0,True,-0.681
cell-040-029,0,0,1.0,DFO_3629_From_20100327_to_20100331,Heavy Rain,2,8.362332344055176,3.0340538024902344,3.0,4.150854939990833,21,14,83.66661225930403,0.0,False,-0.344
cell-040-030,0,0,1.0,DFO_3629_From_20100327_to_20100331,Heavy Rain,2,9.15947437286377,2.1023480892181396,1.0,3.7569575956654,21,17,133.86771504157613,0.0,False,-0.292
cell-040-031,0,0,1.0,DFO_3629_From_20100327_to_20100331,Heavy Rain,2,9.657889366149902,2.178257465362549,1.0,3.728949834715796,22,25,52.84475052465099,0.0,False,-0.26
cell-040-032,0,0,1.0,DFO_3629_From_20100327_to_20100331,Heavy Rain,2,7.454061031341553,9.554718017578125,2.0,2.8227624443453774,21,5,0.0,0.0,True,-0.402
cell-040-033,0,0,1.0,DFO_3629_From_20100327_to_20100331,Heavy Rain,2,1.3293403387069702,0.02081345207989216,1.0,5.26263530338085,95,0,0.0,39.274810494773085,True,-0.797
cell-040-034,0,0,1.0,DFO_3629_From_20100327_to_20100331,Heavy Rain,2,1.4788703918457031,0.030999142676591873,1.0,5.2456265602561025,95,0,51.63893773278687,13.728273157482782,True,-0.787
cell-040-035,0,0,1.0,DFO_3629_From_20100327_to_20100331,Heavy Rain,2,2.2960636615753174,0.6149121522903442,1.0,4.569192591642798,21,17,0.0,0.0,True,-0.734
cell-040-036,0,0,1.0,DFO_3629_From_20100327_to_20100331,Heavy Rain,2,-1.5061999559402466,0.002128006424754858,1.0,5.294610154681627,95,0,0.0,12.257398867048323,True,-0.979
cell-040-037,0,0,1.0,DFO_3629_From_20100327_to_20100331,Heavy Rain,2,-1.5061999559402466,0.0,1.0,5.298317388899779,95,0,0.0,33.359353546770436,True,-0.979
cell-040-038,0,0,1.0,DFO_3629_From_20100327_to_20100331,Heavy Rain,2,-0.6147876381874084,11.763876914978027,3.0,2.908394760850335,11,0,0.0,9.841008344548754,True,-0.922
cell-040-039,0,0,1.0,DFO_3629_From_20100327_to_20100331,Heavy Rain,2,7.4634881019592285,7.929422378540039,2.0,3.0005109121760074,21,5,5.881394213911728,0.0,True,-0.402
cell-040-040,0,0,1.0,DFO_3629_From_20100327_to_20100331,Heavy Rain,2,5.881996154785156,2.287888765335083,2.0,4.095296364777736,21,6,63.00061181672224,0.0,False,-0.503
cell-040-041,0,0,1.0,DFO_3629_From_20100327_to_20100331,Heavy Rain,2,7.59813928604126,1.245413064956665,2.0,4.5487904832271635,21,7,105.70029863195498,0.0,True,-0.393
cell-040-042,0,0,1.0,DFO_3629_From_20100327_to_20100331,Heavy Rain,2,7.0530314445495605,3.234229326248169,7.0,4.7898748767793915,21,12,148.53648929258856,0.0,True,-0.428
cell-040-043,0,0,1.0,DFO_3629_From_20100327_to_20100331,Heavy Rain,2,5.866211891174316,1.5992704629898071,526.0,9.539482798164277,21,13,188.9938955180416,0.0,True,-0.505
cell-041-005,0,0,1.0,DFO_3629_From_20100327_to_20100331,Heavy Rain,2,36.807456970214844,3.486417531967163,1.0,3.3392840336020413,21,8,211.44918625445743,0.0,False,1.488
cell-041-006,0,0,1.0,DFO_3629_From_20100327_to_20100331,Heavy Rain,2,34.505027770996094,7.1215715408325195,1.0,2.6960800767091473,21,14,309.7297818694119,0.0,False,1.34
cell-041-007,0,0,1.0,DFO_3629_From_20100327_to_20100331,Heavy Rain,2,38.85831069946289,5.007431507110596,1.0,3.0198266028529956,21,3,296.62798102095604,0.0,False,1.62
cell-041-008,0,0,1.0,DFO_3629_From_20100327_to_20100331,Heavy Rain,2,23.053529739379883,9.428775787353516,8.0,3.934126792410801,22,30,196.9473446819449,0.0,False,0.602
cell-041-009,0,0,1.0,DFO_3629_From_20100327_to_20100331,Heavy Rain,2,17.43594741821289,1.7623902559280396,393.0,9.176178909475306,22,34,97.26670834293373,0.0,False,0.241
cell-041-010,0,0,1.0,DFO_3629_From_20100327_to_20100331,Heavy Rain,2,15.673439979553223,8.08936595916748,7.0,3.9624499891281975,23,73,0.0,0.0,True,0.127
cell-041-011,0,0,1.0,DFO_3629_From_20100327_to_20100331,Heavy Rain,2,7.851840972900391,1.7716939449310303,1.0,3.8889963208421485,23,59,0.0,0.0,True,-0.377
cell-041-012,0,0,1.0,DFO_3629_From_20100327_to_20100331,Heavy Rain,2,7.96673583984375,0.27787575125694275,1.0,4.902910376442545,24,88,51.99485072640283,0.0,True,-0.369
cell-041-013,0,0,1.0,DFO_3629_From_20100327_to_20100331,Heavy Rain,2,9.487946510314941,0.6046262979507446,1.0,4.5778900930808675,24,95,133.31042093263244,0.0,True,-0.271
cell-041-014,0,0,1.0,DFO_3629_From_20100327_to_20100331,Heavy Rain,2,7.40366268157959,2.634042263031006,5.0,4.674071628129747,24,96,218.20423169613457,0.0,True,-0.405
cell-041-015,0,0,1.0,DFO_3629_From_20100327_to_20100331,Heavy Rain,2,10.34368896484375,1.3571220636367798,1.0,4.083681223686904,22,25,246.2963724220337,4.759195623220876,True,-0.216
cell-041-016,0,0,1.0,DFO_3629_From_20100327_to_20100331,Heavy Rain,2,16.029630661010742,3.597743034362793,1.0,3.3121552739443008,21,16,230.54092531837523,0.0,False,0.15
cell-041-017,0,0,1.0,DFO_3629_From_20100327_to_20100331,Heavy Rain,2,13.114792823791504,2.7691264152526855,7.0,4.920428304729474,23,74,230.56967315356317,0.0,False,-0.038
cell-041-018,0,0,1.0,DFO_3629_From_20100327_to_20100331,Heavy Rain,2,18.135698318481445,6.913295269012451,5.0,3.8224204289405947,23,73,252.76579693335023,0.0,False,0.286
cell-041-019,0,0,1.0,DFO_3629_From_20100327_to_20100331,Heavy Rain,2,23.378597259521484,1.8897655010223389,4.0,4.756118756548302,23,62,307.60156374856473,0.0,False,0.623
cell-041-020,0,0,1.0,DFO_3629_From_20100327_to_20100331,Heavy Rain,2,23.98820686340332,3.332674026489258,2.0,3.783456527157386,22,41,237.72338360059075,0.0,False,0.663
cell-041-021,0,0,1.0,DFO_3629_From_20100327_to_20100331,Heavy Rain,2,15.2018404006958,8.673641204833984,1.0,2.5099123982080065,22,48,137.72338360059075,0.0,False,0.097
cell-041-022,0,0,1.0,DFO_3629_From_20100327_to_20100331,Heavy Rain,2,9.009639739990234,2.798372507095337,2.0,3.9308713856663764,24,95,37.72338360059075,0.0,False,-0.302
cell-041-023,0,0,1.0,DFO_3629_From_20100327_to_20100331,Heavy Rain,2,3.2231252193450928,12.150428771972656,1.0,2.1834598936045184,24,83,0.0,0.0,True,-0.675
cell-041-024,0,0,1.0,DFO_3629_From_20100327_to_20100331,Heavy Rain,2,2.360691547393799,0.2439485639333725,2.0,5.349068287615541,24,100,0.0,0.0,True,-0.73
cell-041-025,0,0,1.0,DFO_3629_From_20100327_to_20100331,Heavy Rain,2,-1.5019055604934692,0.828069806098938,21.0,6.802022309082762,24,92,0.0,0.9676051386632025,True,-0.979
cell-041-028,0,0,1.0,DFO_3629_From_20100327_to_20100331,Heavy Rain,2,2.170377731323242,6.129256725311279,3.0,3.5285849238054636,22,22,0.0,0.0,True,-0.743
cell-041-029,0,0,1.0,DFO_3629_From_20100327_to_20100331,Heavy Rain,2,3.895216226577759,2.478769540786743,14.0,5.640062337838899,21,19,4.836084506957652,0.0,True,-0.631
cell-041-030,0,0,1.0,DFO_3629_From_20100327_to_20100331,Heavy Rain,2,4.707437038421631,4.47324275970459,3.0,3.8140818375623176,21,13,45.66352138854563,0.0,True,-0.579
cell-041-031,0,0,1.0,DFO_3629_From_20100327_to_20100331,Heavy Rain,2,10.87969970703125,3.8512284755706787,1.0,3.2529753148968616,21,14,69.78897108401101,0.0,False,-0.182
cell-041-032,0,0,1.0,DFO_3629_From_20100327_to_20100331,Heavy Rain,2,9.673766136169434,7.547695636749268,5.0,3.740176525560847,22,30,8.031812649694345,0.0,True,-0.259
cell-041-033,0,0,1.0,DFO_3629_From_20100327_to_20100331,Heavy Rain,2,0.9856346249580383,4.1098527908325195,11.0,4.987727933666028,22,43,0.0,0.0,True,-0.819
cell-041-034,0,0,1.0,DFO_3629_From_20100327_to_20100331,Heavy Rain,2,1.3914240598678589,0.06674683839082718,1.0,5.188122867181616,95,0,17.66322188288967,50.53446295117838,True,-0.793
cell-041-035,0,0,1.0,DFO_3629_From_20100327_to_20100331,Heavy Rain,2,1.8734184503555298,2.01655912399292,5.0,4.888193395298182,22,22,28.37904362658952,0.0,True,-0.762
cell-041-036,0,0,1.0,DFO_3629_From_20100327_to_20100331,Heavy Rain,2,5.8356523513793945,3.257704973220825,2.0,3.8028842051007423,21,18,0.5087324939668179,0.0,True,-0.506
cell-041-037,0,0,1.0,DFO_3629_From_20100327_to_20100331,Heavy Rain,2,1.8528369665145874,4.466372489929199,2.0,3.5277680900143906,95,0,0.0,27.442020870435275,True,-0.763
cell-041-038,0,0,1.0,DFO_3629_From_20100327_to_20100331,Heavy Rain,2,-1.5061999559402466,1.9993844034615904e-05,171.0,9.752629761165807,11,0,0.0,3.762306271470152,True,-0.979
cell-041-039,0,0,1.0,DFO_3629_From_20100327_to_20100331,Heavy Rain,2,4.815420150756836,9.150477409362793,4.0,3.375074925590422,21,2,3.804327597725205,0.0,True,-0.572
cell-041-040,0,0,1.0,DFO_3629_From_20100327_to_20100331,Heavy Rain,2,7.6601243019104,3.163097620010376,43.0,6.513525427457594,21,19,102.81219005491582,0.0,False,-0.389
cell-041-041,0,0,1.0,DFO_3629_From_20100327_to_20100331,Heavy Rain,2,10.237716674804688,1.4721919298171997,7.0,5.412039013070222,21,3,194.41726546123235,0.0,False,-0.223
cell-041-042,0,0,1.0,DFO_3629_From_20100327_to_20100331,Heavy Rain,2,13.745943069458008,7.284910202026367,2.0,3.080308225095047,21,17,230.61739510130892,0.0,False,0.003
cell-041-043,0,0,1.0,DFO_3629_From_20100327_to_20100331,Heavy Rain,2,9.018193244934082,0.8577660322189331,21.0,6.781044132433096,22,37,285.45523702311095,0.0,False,-0.302
cell-042-005,0,0,1.0,DFO_3629_From_20100327_to_20100331,Heavy Rain,2,39.553348541259766,6.22020149230957,2.0,3.2273153041251113,22,28,250.33459979875732,0.0,False,1.665
cell-042-006,0,0,1.0,DFO_3629_From_20100327_to_20100331,Heavy Rain,2,38.39051055908203,1.817413568496704,1.0,3.8696703436062974,21,5,337.96355646683014,0.0,False,1.59
cell-042-007,0,0,1.0,DFO_3629_From_20100327_to_20100331,Heavy Rain,2,37.18220138549805,2.3400228023529053,1.0,3.6717505001586717,21,14,310.0500284065433,0.0,False,1.512
cell-042-008,0,0,1.0,DFO_3629_From_20100327_to_20100331,Heavy Rain,2,26.144033432006836,10.241045951843262,10.0,4.055116456036117,21,6,215.23498229816164,0.0,False,0.801
cell-042-009,0,0,1.0,DFO_3629_From_20100327_to_20100331,Heavy Rain,2,20.066421508789062,8.46544361114502,5.0,3.6316522368051354,23,54,123.73797386398309,0.0,False,0.41
cell-042-010,0,0,1.0,DFO_3629_From_20100327_to_20100331,Heavy Rain,2,14.028690338134766,4.9925689697265625,16.0,5.162573989526591,22,49,32.31748850508217,0.0,False,0.021
cell-042-011,0,0,1.0,DFO_3629_From_20100327_to_20100331,Heavy Rain,2,9.732396125793457,7.178389072418213,2.0,3.0941083535796627,24,81,0.0,0.0,True,-0.256
cell-042-012,0,0,1.0,DFO_3629_From_20100327_to_20100331,Heavy Rain,2,7.811563968658447,0.866645097732544,23.0,6.861867582668679,23,77,0.0,0.0,True,-0.379
cell-042-013,0,0,1.0,DFO_3629_From_20100327_to_20100331,Heavy Rain,2,9.088822364807129,0.5020383596420288,4.0,5.585335822444922,24,88,81.90880043511015,0.0,True,-0.297
cell-042-014,0,0,1.0,DFO_3629_From_20100327_to_20100331,Heavy Rain,2,8.496447563171387,1.6462469100952148,3.0,4.63716828585255,24,94,168.92153274578573,0.0,True,-0.335
cell-042-015,0,0,1.0,DFO_3629_From_20100327_to_20100331,Heavy Rain,2,6.801938056945801,0.22705884277820587,13.0,6.910405575808546,23,79,150.65073640518082,0.0,True,-0.444
cell-042-016,0,0,1.0,DFO_3629_From_20100327_to_20100331,Heavy Rain,2,9.769001007080078,8.450597763061523,1.0,2.534708631719862,23,64,130.54092531837523,0.0,True,-0.253
cell-042-017,0,0,1.0,DFO_3629_From_20100327_to_20100331,Heavy Rain,2,11.291297912597656,6.852087020874023,2.0,3.137565524918555,22,39,130.59168853516638,0.0,False,-0.155
cell-042-018,0,0,1.0,DFO_3629_From_20100327_to_20100331,Heavy Rain,2,15.911458015441895,2.8648974895477295,1.0,3.505831441555562,22,32,166.68042187274602,0.0,False,0.142
cell-042-019,0,0,1.0,DFO_3629_From_20100327_to_20100331,Heavy Rain,2,17.190696716308594,3.6959915161132812,3.0,3.981951431192341,23,64,241.54878079091222,0.0,False,0.225
cell-042-020,0,0,1.0,DFO_3629_From_20100327_to_20100331,Heavy Rain,2,18.333593368530273,2.6231138706207275,26.0,6.1815677141111465,23,75,215.53473609315859,0.0,False,0.298
cell-042-021,0,0,1.0,DFO_3629_From_20100327_to_20100331,Heavy Rain,2,18.644929885864258,1.762985110282898,11.0,5.684479837337841,23,78,137.82153676613234,0.0,False,0.318
cell-042-022,0,0,1.0,DFO_3629_From_20100327_to_20100331,Heavy Rain,2,13.816086769104004,12.241291046142578,2.0,2.5815843735894504,24,88,37.82153676613234,0.0,False,0.007
cell-042-023,0,0,1.0,DFO_3629_From_20100327_to_20100331,Heavy Rain,2,4.275761604309082,9.203327178955078,2.0,2.858732025602783,24,91,0.0,0.0,True,-0.607
cell-042-024,0,0,1.0,DFO_3629_From_20100327_to_20100331,Heavy Rain,2,8.637815475463867,1.779502511024475,1.0,3.8856691759991984,23,75,0.0,0.0,True,-0.326
cell-042-025,0,0,1.0,DFO_3629_From_20100327_to_20100331,Heavy Rain,2,10.579551696777344,5.727640628814697,2.0,3.3031590074781367,23,77,15.196447080932558,0.0,True,-0.201
cell-042-028,0,0,1.0,DFO_3629_From_20100327_to_20100331,Heavy Rain,2,0.7094077467918396,10.152052879333496,2.0,2.7642787748964146,22,43,0.0,0.0,True,-0.837
cell-042-029,0,0,1.0,DFO_3629_From_20100327_to_20100331,Heavy Rain,2,0.2733106315135956,7.255863189697266,1.0,2.6785880790851015,23,63,0.0,0.0,True,-0.865
cell-042-030,0,0,1.0,DFO_3629_From_20100327_to_20100331,Heavy Rain,2,1.4767543077468872,0.7280003428459167,394.0,9.763981561442755,23,66,0.0,0.0,True,-0.787
cell-042-031,0,0,1.0,DFO_3629_From_20100327_to_20100331,Heavy Rain,2,10.380205154418945,7.878307819366455,1.0,2.6011554584991217,21,9,17.60751524814213,0.0,True,-0.214
cell-042-032,0,0,1.0,DFO_3629_From_20100327_to_20100331,Heavy Rain,2,8.17780590057373,2.308828353881836,1.0,3.682530063465629,21,18,65.4229977053282,0.0,False,-0.356
cell-042-033,0,0,1.0,DFO_3629_From_20100327_to_20100331,Heavy Rain,2,8.225397109985352,4.340049743652344,2.0,3.5532609219514613,22,26,0.0,0.0,True,-0.353
cell-042-034,0,0,1.0,DFO_3629_From_20100327_to_20100331,Heavy Rain,2,1.034332513809204,1.242342233657837,3.0,4.838163276425706,90,0,0.0,35.648530193319544,True,-0.816
cell-042-035,0,0,1.0,DFO_3629_From_20100327_to_20100331,Heavy Rain,2,1.9445363283157349,1.165095567703247,2.0,4.593981111255518,95,0,15.978150856629977,0.0,True,-0.757
cell-042-036,0,0,1.0,DFO_3629_From_20100327_to_20100331,Heavy Rain,2,3.0619287490844727,3.448239803314209,4.0,4.265048824247382,21,12,100.33311167551908,0.0,True,-0.685
cell-042-037,0,0,1.0,DFO_3629_From_20100327_to_20100331,Heavy Rain,2,3.7798755168914795,1.2829570770263672,1.0,4.122880844096241,22,34,21.004305137321353,0.0,True,-0.639
cell-042-038,0,0,1.0,DFO_3629_From_20100327_to_20100331,Heavy Rain,2,3.7532427310943604,7.250173568725586,1.0,2.6793232066533905,22,34,0.0,0.0,True,-0.641
cell-042-039,0,0,1.0,DFO_3629_From_20100327_to_20100331,Heavy Rain,2,3.00762939453125,0.5811646580696106,1.0,4.598016662709154,22,41,0.0,0.0,True,-0.689
cell-042-040,0,0,1.0,DFO_3629_From_20100327_to_20100331,Heavy Rain,2,11.094635963439941,2.3181443214416504,1.0,3.6792986612496987,21,18,86.13863342767581,0.0,True,-0.168
cell-042-041,0,0,1.0,DFO_3629_From_20100327_to_20100331,Heavy Rain,2,8.581253051757812,7.08546257019043,6.0,3.9535972505815917,22,21,186.1386334276758,0.0,False,-0.33
cell-042-042,0,0,1.0,DFO_3629_From_20100327_to_20100331,Heavy Rain,2,14.886906623840332,1.154604196548462,1.0,4.194572488952757,22,20,286.1386334276758,0.0,False,0.076
cell-043-006,0,0,1.0,DFO_3629_From_20100327_to_20100331,Heavy Rain,2,36.781944274902344,5.88212251663208,6.0,4.126059869308662,21,3,356.43454015930183,0.0,False,1.486
cell-043-007,0,0,1.0,DFO_3629_From_20100327_to_20100331,Heavy Rain,2,36.936927795410156,5.161924839019775,22.0,5.434713725249368,21,11,347.10418186354525,0.0,False,1.496
cell-043-008,0,0,1.0,DFO_3629_From_20100327_to_20100331,Heavy Rain,2,37.590694427490234,2.240729570388794,3.0,4.39961937189763,21,19,255.6836965046444,0.0,False,1.538
cell-043-009,0,0,1.0,DFO_3629_From_20100327_to_20100331,Heavy Rain,2,32.91288757324219,5.332316875457764,1.0,2.9629155732428702,22,21,168.35133455425327,0.0,False,1.237
cell-043-010,0,0,1.0,DFO_3629_From_20100327_to_20100331,Heavy Rain,2,25.80005645751953,8.90574836730957,1.0,2.484715039213526,21,5,87.82221950110421,0.0,False,0.779
cell-043-011,0,0,1.0,DFO_3629_From_20100327_to_20100331,Heavy Rain,2,9.940305709838867,10.145597457885742,2.0,2.764894037803133,22,28,4.610008977851006,0.0,True,-0.242
cell-043-012,0,0,1.0,DFO_3629_From_20100327_to_20100331,Heavy Rain,2,6.500315189361572,7.089078426361084,6.0,3.9531202571309856,22,47,0.0,0.0,True,-0.464
cell-043-013,0,0,1.0,DFO_3629_From_20100327_to_20100331,Heavy Rain,2,9.192782402038574,0.7226309180259705,2.0,4.887844494519511,24,96,32.626101484761286,0.0,True,-0.29
cell-043-014,0,0,1.0,DFO_3629_From_20100327_to_20100331,Heavy Rain,2,7.919968128204346,0.7010255455970764,1.0,4.499198205624103,24,90,119.69635297914678,0.0,True,-0.372
cell-043-015,0,0,1.0,DFO_3629_From_20100327_to_20100331,Heavy Rain,2,6.615478515625,0.31542614102363586,1.0,4.859721826167748,24,87,67.25018462862168,0.0,True,-0.456
cell-043-016,0,0,1.0,DFO_3629_From_20100327_to_20100331,Heavy Rain,2,6.302356719970703,0.08542955666780472,33.0,7.992549276166366,24,100,30.54092531837523,0.0,True,-0.476
cell-043-017,0,0,1.0,DFO_3629_From_20100327_to_20100331,Heavy Rain,2,8.052669525146484,1.3254657983779907,11.0,5.891985219085242,23,77,30.75717884967438,0.0,True,-0.364
cell-043-018,0,0,1.0,DFO_3629_From_20100327_to_20100331,Heavy Rain,2,11.259025573730469,5.379269123077393,8.0,4.459024893642782,23,67,101.98519456176854,0.0,False,-0.157
cell-043-019,0,0,1.0,DFO_3629_From_20100327_to_20100331,Heavy Rain,2,11.40506649017334,2.5344059467315674,123.0,7.734201605605428,23,60,183.19070641040818,0.0,False,-0.148
cell-043-020,0,0,1.0,DFO_3629_From_20100327_to_20100331,Heavy Rain,2,13.351412773132324,1.307407259941101,1.0,4.109787494870838,24,97,133.9066682828866,0.0,False,-0.022
cell-043-021,0,0,1.0,DFO_3629_From_20100327_to_20100331,Heavy Rain,2,17.1129207611084,9.450326919555664,1.0,2.427856384489732,24,98,85.51267554507602,0.0,False,0.22
cell-043-022,0,0,1.0,DFO_3629_From_20100327_to_20100331,Heavy Rain,2,12.705291748046875,3.2390329837799072,2.0,3.8077817684516297,24,81,52.94244852508714,0.0,False,-0.064
cell-043-023,0,0,1.0,DFO_3629_From_20100327_to_20100331,Heavy Rain,2,4.835352897644043,3.238755464553833,10.0,5.107137703524764,24,93,0.0,0.0,True,-0.571
cell-043-024,0,0,1.0,DFO_3629_From_20100327_to_20100331,Heavy Rain,2,7.914524555206299,2.7504587173461914,10.0,5.244492826657334,23,72,0.0,0.0,True,-0.373
cell-043-025,0,0,1.0,DFO_3629_From_20100327_to_20100331,Heavy Rain,2,13.248835563659668,2.1940150260925293,6.0,4.97599561021597,22,45,86.08957275858735,0.0,False,-0.029
cell-043-026,0,0,1.0,DFO_3629_From_20100327_to_20100331,Heavy Rain,2,15.577618598937988,2.5574095249176025,3.0,4.292828183724386,23,65,116.67951659555924,0.0,False,0.121
cell-043-027,0,0,1.0,DFO_3629_From_20100327_to_20100331,Heavy Rain,2,10.98947525024414,7.4122633934021,8.0,4.162659230901319,23,74,64.28632182176284,0.0,True,-0.175
cell-043-028,0,0,1.0,DFO_3629_From_20100327_to_20100331,Heavy Rain,2,4.863283634185791,4.436945915222168,5.0,4.226796773687188,21,16,37.93190603516996,0.0,True,-0.569
cell-043-029,0,0,1.0,DFO_3629_From_20100327_to_20100331,Heavy Rain,2,3.7213921546936035,2.373411178588867,5.0,4.758951945526431,22,35,0.0,0.0,True,-0.643
cell-043-030,0,0,1.0,DFO_3629_From_20100327_to_20100331,Heavy Rain,2,-0.5772934556007385,0.49036502838134766,1.0,4.679964198725419,23,53,0.0,20.981093400751135,True,-0.919
cell-043-031,0,0,1.0,DFO_3629_From_20100327_to_20100331,Heavy Rain,2,2.342453718185425,0.7554988861083984,53.0,7.753160228071154,21,18,1.4319185639004435,0.0,True,-0.731
cell-043-032,0,0,1.0,DFO_3629_From_20100327_to_20100331,Heavy Rain,2,6.869292259216309,1.997286319732666,13.0,5.742968545338501,22,22,68.13293774720024,0.0,True,-0.44
cell-043-033,0,0,1.0,DFO_3629_From_20100327_to_20100331,Heavy Rain,2,12.83419132232666,2.4414420127868652,1.0,3.6374829596092724,21,15,58.7597724613534,0.0,False,-0.056
cell-043-034,0,0,1.0,DFO_3629_From_20100327_to_20100331,Heavy Rain,2,5.812751770019531,12.974942207336426,3.0,2.8117138198090434,90,0,0.0,0.0,True,-0.508
cell-043-035,0,0,1.0,DFO_3629_From_20100327_to_20100331,Heavy Rain,2,2.0563457012176514,1.2877497673034668,14.0,6.135203859402541,95,0,0.0,20.948888773648203,True,-0.75
cell-043-036,0,0,1.0,DFO_3629_From_20100327_to_20100331,Heavy Rain,2,8.347087860107422,2.175693988800049,1.0,3.7298830643350303,23,57,63.30297387029379,0.0,True,-0.345
cell-043-037,0,0,1.0,DFO_3629_From_20100327_to_20100331,Heavy Rain,2,7.649415016174316,0.7629073262214661,42.0,7.519814231128947,23,55,73.92168944559901,0.0,True,-0.39
cell-043-038,0,0,1.0,DFO_3629_From_20100327_to_20100331,Heavy Rain,2,9.739516258239746,7.208866596221924,2.0,3.09014109110244,21,18,27.216293833218515,0.0,True,-0.255
cell-043-039,0,0,1.0,DFO_3629_From_20100327_to_20100331,Heavy Rain,2,2.173328161239624,3.8439366817474365,12.0,5.126432349375843,21,9,27.649558083993995,0.0,True,-0.742
cell-043-040,0,0,1.0,DFO_3629_From_20100327_to_20100331,Heavy Rain,2,4.620701789855957,5.619151592254639,2.0,3.3206470996320285,21,12,96.66703182817977,0.0,True,-0.585
cell-043-041,0,0,1.0,DFO_3629_From_20100327_to_20100331,Heavy Rain,2,10.441134452819824,3.3038008213043213,5.0,4.484041717595832,21,8,191.23870353044512,0.0,False,-0.21
cell-043-042,0,0,1.0,DFO_3629_From_20100327_to_20100331,Heavy Rain,2,11.799019813537598,3.04367995262146,9.0,5.064474998035606,21,8,289.48224196579076,0.0,False,-0.122
cell-044-006,0,0,1.0,DFO_3629_From_20100327_to_20100331,Heavy Rain,2,33.292301177978516,9.163719177246094,2.0,2.862864212492446,21,2,356.9621253717435,0.0,False,1.262
cell-044-007,0,0,1.0,DFO_3629_From_20100327_to_20100331,Heavy Rain,2,35.286624908447266,6.778034687042236,4.0,3.658513391569195,21,5,390.498529753778,0.0,False,1.39
cell-044-008,0,0,1.0,DFO_3629_From_20100327_to_20100331,Heavy Rain,2,36.54646301269531,7.634793758392334,3.0,3.3239126461533948,21,10,308.1684047817603,0.0,False,1.471
cell-044-009,0,0,1.0,DFO_3629_From_20100327_to_20100331,Heavy Rain,2,27.276771545410156,10.512497901916504,4.0,3.241301985635263,21,3,227.12678998160135,0.0,False,0.874
cell-044-010,0,0,1.0,DFO_3629_From_20100327_to_20100331,Heavy Rain,2,26.612934112548828,8.343483924865723,1.0,2.546828377533491,21,1,141.39936313658984,0.0,False,0.832
cell-044-011,0,0,1.0,DFO_3629_From_20100327_to_20100331,Heavy Rain,2,8.537151336669922,3.515643835067749,9.0,4.941528897106432,21,16,54.386630825914274,0.0,False,-0.333
cell-044-012,0,0,1.0,DFO_3629_From_20100327_to_20100331,Heavy Rain,2,11.96763801574707,10.479376792907715,1.0,2.3280733603365764,23,71,0.0,0.0,True,-0.112
cell-044-013,0,0,1.0,DFO_3629_From_20100327_to_20100331,Heavy Rain,2,7.826606273651123,0.7815725803375244,5.0,5.536495795017946,24,86,0.0,0.0,True,-0.378
cell-044-014,0,0,1.0,DFO_3629_From_20100327_to_20100331,Heavy Rain,2,8.430037498474121,1.7927316427230835,3.0,4.573204488845188,24,88,74.72012063115383,0.0,True,-0.339
cell-044-015,0,0,1.0,DFO_3629_From_20100327_to_20100331,Heavy Rain,2,6.808951377868652,1.3136659860610962,1.0,4.10646333558911,24,100,0.0,0.0,True,-0.444
cell-044-016,0,0,1.0,DFO_3629_From_20100327_to_20100331,Heavy Rain,2,6.140077114105225,2.259647846221924,4.0,4.616054060191013,23,78,0.0,0.0,True,-0.487
cell-044-017,0,0,1.0,DFO_3629_From_20100327_to_20100331,Heavy Rain,2,6.2049946784973145,0.3736882209777832,1.0,4.796198608666801,24,85,0.0,0.0,True,-0.483
cell-044-018,0,0,1.0,DFO_3629_From_20100327_to_20100331,Heavy Rain,2,8.441503524780273,4.8861236572265625,1.0,3.041919930741318,24,85,43.62712018126449,0.0,True,-0.339
cell-044-019,0,0,1.0,DFO_3629_From_20100327_to_20100331,Heavy Rain,2,7.2310261726379395,1.406646966934204,16.0,6.198400321926585,23,62,124.82723076062913,0.0,False,-0.417
cell-044-020,0,0,1.0,DFO_3629_From_20100327_to_20100331,Heavy Rain,2,9.94946575164795,4.968699932098389,4.0,3.94311929573782,24,89,78.2926761076667,0.0,False,-0.242
cell-044-021,0,0,1.0,DFO_3629_From_20100327_to_20100331,Heavy Rain,2,8.186561584472656,9.35970687866211,8.0,3.9411857867408453,24,97,0.0,0.0,True,-0.355
cell-044-022,0,0,1.0,DFO_3629_From_20100327_to_20100331,Heavy Rain,2,6.97079610824585,4.186136245727539,3.0,3.8728967695265473,22,20,0.0,0.0,True,-0.433
cell-044-023,0,0,1.0,DFO_3629_From_20100327_to_20100331,Heavy Rain,2,4.879123687744141,14.634709358215332,7.0,3.384607659526172,21,11,0.0,0.0,True,-0.568
cell-044-024,0,0,1.0,DFO_3629_From_20100327_to_20100331,Heavy Rain,2,10.910820007324219,2.7053213119506836,1.0,3.553441882570032,23,76,25.072785572419026,0.0,False,-0.18
cell-044-025,0,0,1.0,DFO_3629_From_20100327_to_20100331,Heavy Rain,2,16.190629959106445,1.104509949684143,1.0,4.224007268416866,23,76,112.11403830389169,0.0,False,0.16
cell-044-026,0,0,1.0,DFO_3629_From_20100327_to_20100331,Heavy Rain,2,19.251474380493164,4.211909294128418,1.0,3.1743281873154476,23,58,203.61989919390302,0.0,False,0.357
cell-044-027,0,0,1.0,DFO_3629_From_20100327_to_20100331,Heavy Rain,2,15.867420196533203,6.252345561981201,6.0,4.069853481819469,23,76,149.8695345538819,0.0,False,0.14
cell-044-028,0,0,1.0,DFO_3629_From_20100327_to_20100331,Heavy Rain,2,12.916553497314453,2.577826738357544,1.0,3.5931702791475812,23,68,117.91542709996031,0.0,False,-0.05
cell-044-029,0,0,1.0,DFO_3629_From_20100327_to_20100331,Heavy Rain,2,17.420740127563477,2.6988768577575684,1.0,3.5554127942287583,21,10,25.776422045991303,0.0,True,0.24
cell-044-030,0,0,1.0,DFO_3629_From_20100327_to_20100331,Heavy Rain,2,0.26619088649749756,7.257481098175049,59.0,6.0795764844439315,21,16,0.0,41.560510985409074,True,-0.865
cell-044-031,0,0,1.0,DFO_3629_From_20100327_to_20100331,Heavy Rain,2,1.0182701349258423,0.6130940318107605,129.0,8.745111747639056,22,22,0.0,0.0,True,-0.817
cell-044-032,0,0,1.0,DFO_3629_From_20100327_to_20100331,Heavy Rain,2,3.7561545372009277,0.6268438100814819,16.0,6.699263200523404,22,21,4.4026654745392495,0.0,True,-0.64
cell-044-033,0,0,1.0,DFO_3629_From_20100327_to_20100331,Heavy Rain,2,9.964348793029785,8.063425064086914,3.0,3.2723434558462996,22,29,88.87361694920526,0.0,False,-0.241
cell-044-034,0,0,1.0,DFO_3629_From_20100327_to_20100331,Heavy Rain,2,8.582474708557129,7.9290337562561035,3.0,3.288239300753924,21,4,0.0,0.0,True,-0.33
cell-044-035,0,0,1.0,DFO_3629_From_20100327_to_20100331,Heavy Rain,2,2.5678670406341553,1.0937743186950684,1.0,4.230429541957571,11,0,0.0,28.232498834840953,True,-0.717
cell-044-036,0,0,1.0,DFO_3629_From_20100327_to_20100331,Heavy Rain,2,5.03981351852417,9.096049308776855,4.0,3.38078713641576,21,2,0.0,0.0,True,-0.558
cell-044-037,0,0,1.0,DFO_3629_From_20100327_to_20100331,Heavy Rain,2,9.500150680541992,2.044318199157715,1.0,3.7789085354738137,22,33,86.50486965867148,0.0,False,-0.27
cell-044-038,0,0,1.0,DFO_3629_From_20100327_to_20100331,Heavy Rain,2,9.274430274963379,2.3565964698791504,5.0,4.764682309790214,22,29,127.21629383321851,0.0,False,-0.285
cell-044-039,0,0,1.0,DFO_3629_From_20100327_to_20100331,Heavy Rain,2,9.93830680847168,2.2226293087005615,1.0,3.7129329515620464,21,2,127.50503794673531,0.0,True,-0.242
cell-044-040,0,0,1.0,DFO_3629_From_20100327_to_20100331,Heavy Rain,2,4.057006359100342,1.6917650699615479,214.0,8.601195432601473,21,12,163.38008944948638,0.0,True,-0.621
cell-044-041,0,0,1.0,DFO_3629_From_20100327_to_20100331,Heavy Rain,2,13.861563682556152,0.5384353399276733,1.0,4.635745546013399,21,17,235.25817806526445,0.0,False,0.01
cell-044-042,0,0,1.0,DFO_3629_From_20100327_to_20100331,Heavy Rain,2,11.51529598236084,1.4560033082962036,1.0,4.033695755236973,21,16,320.2719735351859,0.0,False,-0.141
cell-045-007,0,0,1.0,DFO_3629_From_20100327_to_20100331,Heavy Rain,2,28.190385818481445,1.0176421403884888,1.0,4.277195585657291,21,1,447.9854750092675,0.0,False,0.933
cell-045-008,0,0,1.0,DFO_3629_From_20100327_to_20100331,Heavy Rain,2,26.422569274902344,5.405401229858398,27.0,5.589596971520265,21,12,364.70752670828983,0.0,False,0.819
cell-045-009,0,0,1.0,DFO_3629_From_20100327_to_20100331,Heavy Rain,2,17.132802963256836,4.400041580200195,5.0,4.234221391698754,22,22,277.69479439761426,0.0,False,0.221
cell-045-010,0,0,1.0,DFO_3629_From_20100327_to_20100331,Heavy Rain,2,14.759079933166504,9.553289413452148,3.0,3.1105884209762773,21,18,190.68206208693874,0.0,False,0.068
cell-045-011,0,0,1.0,DFO_3629_From_20100327_to_20100331,Heavy Rain,2,8.626030921936035,2.5385937690734863,8.0,5.109795946541442,21,16,103.66932977626314,0.0,False,-0.327
cell-045-012,0,0,1.0,DFO_3629_From_20100327_to_20100331,Heavy Rain,2,7.640783309936523,8.678903579711914,6.0,3.762097274158012,21,2,11.862960113182806,0.0,True,-0.39
cell-045-013,0,0,1.0,DFO_3629_From_20100327_to_20100331,Heavy Rain,2,6.691668510437012,2.811584949493408,28.0,6.195636864734815,21,19,0.0,0.0,True,-0.451
cell-045-014,0,0,1.0,DFO_3629_From_20100327_to_20100331,Heavy Rain,2,6.908303737640381,1.703839659690857,5.0,5.016995946664869,24,100,0.0,0.0,True,-0.437
cell-045-017,0,0,1.0,DFO_3629_From_20100327_to_20100331,Heavy Rain,2,8.065858840942383,1.2225432395935059,1.0,4.155986681550697,23,62,0.0,0.0,True,-0.363
cell-045-018,0,0,1.0,DFO_3629_From_20100327_to_20100331,Heavy Rain,2,6.820612907409668,3.82181453704834,5.0,4.358279502005504,24,96,0.0,0.0,True,-0.443
cell-045-019,0,0,1.0,DFO_3629_From_20100327_to_20100331,Heavy Rain,2,8.857253074645996,1.9616507291793823,1.0,3.811032349348779,24,94,66.4523935840592,0.0,False,-0.312
cell-045-020,0,0,1.0,DFO_3629_From_20100327_to_20100331,Heavy Rain,2,9.6239595413208,1.610781192779541,4.0,4.876431986167352,24,91,73.27790342317894,0.0,False,-0.263
cell-045-021,0,0,1.0,DFO_3629_From_20100327_to_20100331,Heavy Rain,2,7.320824146270752,3.5169529914855957,34.0,6.193970788883553,24,88,0.0,0.0,True,-0.411
cell-045-022,0,0,1.0,DFO_3629_From_20100327_to_20100331,Heavy Rain,2,11.693699836730957,5.183732032775879,5.0,4.0871618933247715,22,28,0.0,0.0,True,-0.129
cell-045-023,0,0,1.0,DFO_3629_From_20100327_to_20100331,Heavy Rain,2,15.944209098815918,3.884596109390259,2.0,3.6509022117531984,23,75,25.674720290568185,0.0,False,0.144
cell-045-024,0,0,1.0,DFO_3629_From_20100327_to_20100331,Heavy Rain,2,17.481279373168945,0.5244245529174805,1.0,4.648433234851385,21,12,74.10296065073649,0.0,False,0.243
cell-045-025,0,0,1.0,DFO_3629_From_20100327_to_20100331,Heavy Rain,2,18.304340362548828,0.7017168998718262,4.0,5.414946353179937,22,34,160.0463116759378,0.0,False,0.296
cell-045-026,0,0,1.0,DFO_3629_From_20100327_to_20100331,Heavy Rain,2,20.59429931640625,1.1388922929763794,1.0,4.203711780874659,22,44,248.47260061077742,0.0,False,0.444
cell-045-027,0,0,1.0,DFO_3629_From_20100327_to_20100331,Heavy Rain,2,18.37480354309082,0.44118359684944153,17.0,6.924547784838327,24,89,245.2721373831914,0.0,False,0.301
cell-045-028,0,0,1.0,DFO_3629_From_20100327_to_20100331,Heavy Rain,2,19.005578994750977,2.3599352836608887,2.0,4.070394748119864,24,96,151.101561671643,0.0,False,0.342
cell-045-029,0,0,1.0,DFO_3629_From_20100327_to_20100331,Heavy Rain,2,20.156293869018555,1.6136306524276733,1.0,3.958836524051484,21,6,58.7637748872532,0.0,False,0.416
cell-045-030,0,0,1.0,DFO_3629_From_20100327_to_20100331,Heavy Rain,2,14.285186767578125,14.315354347229004,8.0,3.524562730373235,22,26,0.0,0.0,True,0.038
cell-045-031,0,0,1.0,DFO_3629_From_20100327_to_20100331,Heavy Rain,2,-0.829451858997345,4.814876079559326,85.0,6.8163234522182785,21,19,0.0,20.54114784059814,True,-0.936
cell-045-032,0,0,1.0,DFO_3629_From_20100327_to_20100331,Heavy Rain,2,3.0710341930389404,3.431901216506958,1.0,3.3528399727192357,22,34,0.0,0.0,True,-0.685
cell-045-033,0,0,1.0,DFO_3629_From_20100327_to_20100331,Heavy Rain,2,8.932144165039062,1.7507961988449097,1.0,3.897955625628036,22,35,47.072620228447654,0.0,True,-0.307
cell-045-034,0,0,1.0,DFO_3629_From_20100327_to_20100331,Heavy Rain,2,6.275890350341797,11.457869529724121,3.0,2.934229647152515,21,3,0.0,8.337534485077876,True,-0.478
cell-045-035,0,0,1.0,DFO_3629_From_20100327_to_20100331,Heavy Rain,2,2.181375503540039,0.14073505997657776,8.0,6.582753732240431,95,0,0.0,19.95977528294828,True,-0.742
cell-045-036,0,0,1.0,DFO_3629_From_20100327_to_20100331,Heavy Rain,2,3.2760393619537354,2.5008084774017334,27.0,6.257010994893557,22,35,0.0,0.0,True,-0.671
cell-045-037,0,0,1.0,DFO_3629_From_20100327_to_20100331,Heavy Rain,2,7.2044453620910645,5.201109886169434,2.0,3.3909831822246788,21,3,80.32482434879057,0.0,False,-0.418
cell-045-038,0,0,1.0,DFO_3629_From_20100327_to_20100331,Heavy Rain,2,6.973516464233398,2.4906654357910156,12.0,5.493065660378058,21,13,180.32482434879057,0.0,False,-0.433
cell-045-039,0,0,1.0,DFO_3629_From_20100327_to_20100331,Heavy Rain,2,11.081514358520508,1.6893056631088257,1.0,3.9247918909515986,22,23,227.38837610891687,0.0,False,-0.169
cell-045-040,0,0,1.0,DFO_3629_From_20100327_to_20100331,Heavy Rain,2,5.430453300476074,0.2296931892633438,8.0,6.4652853416257,21,9,249.41417976983647,0.0,False,-0.533
cell-045-041,0,0,1.0,DFO_3629_From_20100327_to_20100331,Heavy Rain,2,9.141213417053223,5.812559604644775,2.0,3.2896759324593603,22,30,304.33798513298365,0.0,False,-0.294
cell-045-042,0,0,1.0,DFO_3629_From_20100327_to_20100331,Heavy Rain,2,7.048190116882324,1.1312896013259888,9.0,5.817602193295408,22,43,375.96317060412315,0.0,False,-0.428
cell-046-007,0,0,1.0,DFO_3629_From_20100327_to_20100331,Heavy Rain,2,28.606651306152344,5.849719524383545,5.0,3.9769786076267803,21,5,501.00295796931425,0.0,False,0.96
cell-046-008,0,0,1.0,DFO_3629_From_20100327_to_20100331,Heavy Rain,2,18.136762619018555,4.053455352783203,10.0,4.912876878071671,21,2,413.9902256586386,0.0,False,0.286
cell-046-009,0,0,1.0,DFO_3629_From_20100327_to_20100331,Heavy Rain,2,15.903624534606934,8.703670501708984,10.0,4.211366321885605,21,5,326.9774933479631,0.0,False,0.142
cell-046-010,0,0,1.0,DFO_3629_From_20100327_to_20100331,Heavy Rain,2,15.332651138305664,14.123270034790039,4.0,2.950321367425628,22,41,235.04494273629336,0.0,False,0.105
cell-046-011,0,0,1.0,DFO_3629_From_20100327_to_20100331,Heavy Rain,2,18.973196029663086,19.0275821685791,3.0,2.4223088883340207,21,5,144.793732028047,0.0,False,0.34
cell-046-012,0,0,1.0,DFO_3629_From_20100327_to_20100331,Heavy Rain,2,17.658111572265625,9.69521713256836,2.0,2.8087150217445167,21,2,59.74280383481521,6.731243428749615,False,0.255
cell-046-013,0,0,1.0,DFO_3629_From_20100327_to_20100331,Heavy Rain,2,15.475650787353516,1.2025476694107056,1.0,4.167189538446624,23,61,8.309137373231351,0.0,True,0.114
cell-046-014,0,0,1.0,DFO_3629_From_20100327_to_20100331,Heavy Rain,2,9.602944374084473,1.9005838632583618,198.0,8.435598909691567,23,57,6.583499978296459,0.0,True,-0.264
cell-046-017,0,0,1.0,DFO_3629_From_20100327_to_20100331,Heavy Rain,2,7.284039497375488,1.7445601224899292,2.0,4.306109768733968,23,60,14.741069112200712,0.0,True,-0.413
cell-046-018,0,0,1.0,DFO_3629_From_20100327_to_20100331,Heavy Rain,2,6.6492133140563965,2.5762014389038086,2.0,3.9991522494209555,23,78,0.0,0.0,True,-0.454
cell-046-019,0,0,1.0,DFO_3629_From_20100327_to_20100331,Heavy Rain,2,11.625333786010742,6.904379367828369,2.0,3.13047697612821,23,72,5.444646850076815,0.0,True,-0.134
cell-046-020,0,0,1.0,DFO_3629_From_20100327_to_20100331,Heavy Rain,2,14.226360321044922,4.2653326988220215,1.0,3.163181850918224,24,80,77.5691157548379,0.0,False,0.034
cell-046-021,0,0,1.0,DFO_3629_From_20100327_to_20100331,Heavy Rain,2,6.512487411499023,6.327977180480957,9.0,4.415415458899776,22,44,0.0,0.0,True,-0.463
cell-046-022,0,0,1.0,DFO_3629_From_20100327_to_20100331,Heavy Rain,2,10.853116989135742,10.80872917175293,8.0,3.8020824530449007,21,3,0.0,12.616181776631054,True,-0.183
cell-046-023,0,0,1.0,DFO_3629_From_20100327_to_20100331,Heavy Rain,2,16.229095458984375,4.584104537963867,7.0,4.485401681960618,22,33,98.5668620467186,0.0,False,0.163
cell-046-024,0,0,1.0,DFO_3629_From_20100327_to_20100331,Heavy Rain,2,19.39617347717285,1.6942451000213623,3.0,4.615756604735805,22,23,151.88495221875658,0.0,False,0.367
cell-046-025,0,0,1.0,DFO_3629_From_20100327_to_20100331,Heavy Rain,2,18.887784957885742,0.5500652194023132,3.0,5.31848204956207,22,28,215.18540600554675,0.0,False,0.334
cell-046-026,0,0,1.0,DFO_3629_From_20100327_to_20100331,Heavy Rain,2,19.431827545166016,1.3460843563079834,5.0,5.1880311150783855,22,43,295.97409228412886,0.0,False,0.369
cell-046-027,0,0,1.0,DFO_3629_From_20100327_to_20100331,Heavy Rain,2,18.46307373046875,0.545861542224884,21.0,7.026980750883866,22,32,281.9528271896963,0.0,False,0.307
cell-046-028,0,0,1.0,DFO_3629_From_20100327_to_20100331,Heavy Rain,2,19.753192901611328,1.1115694046020508,1.0,4.219806410032478,22,32,199.45459975772286,0.0,False,0.39
cell-046-029,0,0,1.0,DFO_3629_From_20100327_to_20100331,Heavy Rain,2,20.54410743713379,2.798872709274292,4.0,4.441548463605896,22,45,133.9898961431295,0.0,False,0.441
cell-046-030,0,0,1.0,DFO_3629_From_20100327_to_20100331,Heavy Rain,2,20.327800750732422,2.7322041988372803,4.0,4.461552445404667,24,98,50.43338651192372,0.0,False,0.427
cell-046-031,0,0,1.0,DFO_3629_From_20100327_to_20100331,Heavy Rain,2,17.139131546020508,1.602187156677246,6.0,5.216849850074267,21,9,2.620528713830369,0.0,True,0.221
cell-046-032,0,0,1.0,DFO_3629_From_20100327_to_20100331,Heavy Rain,2,3.682339668273926,13.971901893615723,4.0,2.961109876809776,23,78,0.0,0.0,True,-0.645
cell-046-033,0,0,1.0,DFO_3629_From_20100327_to_20100331,Heavy Rain,2,3.3470163345336914,8.52070140838623,1.0,2.526851820285233,22,39,0.0,0.0,True,-0.667
cell-046-034,0,0,1.0,DFO_3629_From_20100327_to_20100331,Heavy Rain,2,8.060858726501465,2.8008358478546143,12.0,5.396476820229087,22,33,8.471669891241122,0.0,True,-0.363
cell-046-035,0,0,1.0,DFO_3629_From_20100327_to_20100331,Heavy Rain,2,3.459103584289551,7.773641109466553,5.0,3.7123916355629714,22,31,0.0,0.0,True,-0.66
cell-046-036,0,0,1.0,DFO_3629_From_20100327_to_20100331,Heavy Rain,2,4.838898658752441,0.923856258392334,1.0,4.337981770828984,81,0,15.558671343958952,0.0,True,-0.571
cell-046-037,0,0,1.0,DFO_3629_From_20100327_to_20100331,Heavy Rain,2,5.1025004386901855,3.186673402786255,3.0,4.109325778171839,21,2,91.39940399507672,0.0,False,-0.554
cell-046-038,0,0,1.0,DFO_3629_From_20100327_to_20100331,Heavy Rain,2,6.258811950683594,0.6946473717689514,3.0,5.197365100071962,21,8,185.5230872975473,0.0,False,-0.479
cell-046-039,0,0,1.0,DFO_3629_From_20100327_to_20100331,Heavy Rain,2,9.503425598144531,3.1611289978027344,4.0,4.339301963781003,21,16,283.69663514072823,0.0,False,-0.27
cell-046-040,0,0,1.0,DFO_3629_From_20100327_to_20100331,Heavy Rain,2,8.45907211303711,3.257948637008667,6.0,4.650118382609066,21,8,343.10612427060875,0.0,False,-0.338
cell-046-041,0,0,1.0,DFO_3629_From_20100327_to_20100331,Heavy Rain,2,6.5152716636657715,1.6260473728179932,6.0,5.20593354879189,21,10,384.8843834667007,0.0,False,-0.463
cell-046-042,0,0,1.0,DFO_3629_From_20100327_to_20100331,Heavy Rain,2,7.352694034576416,0.5563544034957886,2.0,5.025214955459903,22,42,445.5896820630906,0.0,False,-0.409
cell-047-007,0,0,1.0,DFO_3629_From_20100327_to_20100331,Heavy Rain,2,37.477622985839844,23.050256729125977,4.0,2.4406745902288898,21,15,540.1332094942253,0.0,False,1.531
cell-047-008,0,0,1.0,DFO_3629_From_20100327_to_20100331,Heavy Rain,2,33.707462310791016,14.346402168273926,3.0,2.7114579957493814,41,0,458.22710833674057,0.0,False,1.288
cell-047-009,0,0,1.0,DFO_3629_From_20100327_to_20100331,Heavy Rain,2,35.14269256591797,4.436183929443359,1.0,3.1283371751580464,41,0,368.28899799956343,0.0,False,1.381
cell-047-010,0,0,1.0,DFO_3629_From_20100327_to_20100331,Heavy Rain,2,31.981172561645508,10.211657524108887,3.0,3.0462971006770627,21,2,280.53628883764935,0.0,False,1.177
cell-047-011,0,0,1.0,DFO_3629_From_20100327_to_20100331,Heavy Rain,2,23.31393051147461,4.283959865570068,3.0,3.852471306151457,21,9,201.1514716218724,0.0,False,0.619
cell-047-012,0,0,1.0,DFO_3629_From_20100327_to_20100331,Heavy Rain,2,24.984994888305664,12.506989479064941,5.0,3.2535420886680955,41,0,139.88107366061885,0.0,False,0.727
cell-047-013,0,0,1.0,DFO_3629_From_20100327_to_20100331,Heavy Rain,2,27.138689041137695,7.834493637084961,1.0,2.6064214159057473,22,32,108.30913737323135,0.0,False,0.865
cell-047-014,0,0,1.0,DFO_3629_From_20100327_to_20100331,Heavy Rain,2,13.06590747833252,3.221114158630371,1.0,3.407039111385985,23,50,106.58349997829646,0.0,False,-0.041
cell-047-017,0,0,1.0,DFO_3629_From_20100327_to_20100331,Heavy Rain,2,7.326752662658691,0.5328555107116699,15.0,6.720220723125811,23,67,73.18474099442842,0.0,True,-0.41
cell-047-018,0,0,1.0,DFO_3629_From_20100327_to_20100331,Heavy Rain,2,6.821916580200195,1.2318589687347412,2.0,4.5562749935430675,23,78,0.0,0.0,True,-0.443
cell-047-019,0,0,1.0,DFO_3629_From_20100327_to_20100331,Heavy Rain,2,6.477595329284668,7.0695576667785645,10.0,4.40768351913099,21,16,0.0,0.0,True,-0.465
cell-047-020,0,0,1.0,DFO_3629_From_20100327_to_20100331,Heavy Rain,2,12.443950653076172,0.6620454788208008,1.0,4.5302767213868504,23,67,25.117961957119405,0.0,False,-0.081
cell-047-021,0,0,1.0,DFO_3629_From_20100327_to_20100331,Heavy Rain,2,5.7001471519470215,1.2637999057769775,7.0,5.519554989921126,22,40,0.0,0.0,True,-0.515
cell-047-022,0,0,1.0,DFO_3629_From_20100327_to_20100331,Heavy Rain,2,11.712728500366211,6.488567352294922,3.0,3.475919716208156,22,47,6.959042313043027,0.0,True,-0.128
cell-047-023,0,0,1.0,DFO_3629_From_20100327_to_20100331,Heavy Rain,2,15.767084121704102,2.534339427947998,6.0,4.859851609020897,22,37,106.95904231304303,0.0,False,0.133
cell-047-024,0,0,1.0,DFO_3629_From_20100327_to_20100331,Heavy Rain,2,17.519739151000977,1.7841182947158813,8.0,5.387784990901404,22,48,205.70527730589444,0.0,False,0.246
cell-047-025,0,0,1.0,DFO_3629_From_20100327_to_20100331,Heavy Rain,2,17.97463607788086,1.2063144445419312,4.0,5.081360324082254,22,41,289.7378218030327,0.0,False,0.275
cell-047-026,0,0,1.0,DFO_3629_From_20100327_to_20100331,Heavy Rain,2,20.145654678344727,0.7162615656852722,1.0,4.487308303117931,21,11,356.53649061258704,0.0,False,0.415
cell-047-027,0,0,1.0,DFO_3629_From_20100327_to_20100331,Heavy Rain,2,19.56304168701172,0.8092740178108215,1.0,4.417635803846823,23,73,340.7507791480851,0.0,False,0.378
cell-047-028,0,0,1.0,DFO_3629_From_20100327_to_20100331,Heavy Rain,2,18.522302627563477,3.3146324157714844,6.0,4.635395669103821,24,80,272.4849633545425,0.0,False,0.311
cell-047-029,0,0,1.0,DFO_3629_From_20100327_to_20100331,Heavy Rain,2,18.27571678161621,2.5417916774749756,3.0,4.297837029821807,22,40,191.3576362097134,0.0,False,0.295
cell-047-030,0,0,1.0,DFO_3629_From_20100327_to_20100331,Heavy Rain,2,18.703916549682617,1.3943678140640259,1.0,4.064559228964539,23,69,132.5690974400385,0.0,False,0.322
cell-047-031,0,0,1.0,DFO_3629_From_20100327_to_20100331,Heavy Rain,2,15.127327919006348,2.840254068374634,44.0,6.6265536487754355,24,84,70.4518498690989,0.0,False,0.092
cell-047-032,0,0,1.0,DFO_3629_From_20100327_to_20100331,Heavy Rain,2,14.149271011352539,10.856870651245117,19.0,4.59626440593885,22,41,28.54888968433532,0.0,False,0.029
cell-047-033,0,0,1.0,DFO_3629_From_20100327_to_20100331,Heavy Rain,2,8.481268882751465,2.8963472843170166,2.0,3.902173412088646,24,96,0.0,0.0,True,-0.336
cell-047-034,0,0,1.0,DFO_3629_From_20100327_to_20100331,Heavy Rain,2,6.551375865936279,0.3205094635486603,202.0,9.474074794450406,23,74,0.0,0.0,True,-0.46
cell-047-035,0,0,1.0,DFO_3629_From_20100327_to_20100331,Heavy Rain,2,8.207307815551758,0.7996330857276917,1.0,4.424636183482662,24,92,47.44847307516246,0.0,False,-0.354
cell-047-036,0,0,1.0,DFO_3629_From_20100327_to_20100331,Heavy Rain,2,6.444681644439697,3.7243640422821045,15.0,5.361601758243696,71,0,106.4358576087955,16.79933594392944,False,-0.467
cell-047-037,0,0,1.0,DFO_3629_From_20100327_to_20100331,Heavy Rain,2,8.207755088806152,4.747005462646484,1.0,3.06786257415536,21,4,152.40463424555776,0.0,False,-0.354
cell-047-038,0,0,1.0,DFO_3629_From_20100327_to_20100331,Heavy Rain,2,7.993227958679199,3.18017315864563,2.0,3.823377976710255,22,22,228.17590743844258,0.0,False,-0.368
cell-047-039,0,0,1.0,DFO_3629_From_20100327_to_20100331,Heavy Rain,2,8.459685325622559,1.9003218412399292,14.0,5.850450226680526,21,12,314.96927905189494,0.0,False,-0.337
cell-047-040,0,0,1.0,DFO_3629_From_20100327_to_20100331,Heavy Rain,2,13.891077995300293,1.3883469104766846,1.0,4.0676256375748485,21,13,406.5348836400495,0.0,False,0.012
cell-047-041,0,0,1.0,DFO_3629_From_20100327_to_20100331,Heavy Rain,2,10.100346565246582,3.3264944553375244,45.0,6.515072952944292,21,2,472.91687227067763,0.0,False,-0.232
cell-047-042,0,0,1.0,DFO_3629_From_20100327_to_20100331,Heavy Rain,2,9.613653182983398,1.88395094871521,1.0,3.8421938183189566,22,24,523.511742182374,0.0,False,-0.263
cell-048-008,0,0,1.0,DFO_3629_From_20100327_to_20100331,Heavy Rain,2,45.04389953613281,2.3425023555755615,1.0,3.670898637019038,43,0,440.9175124678743,0.0,False,2.018
cell-048-009,0,0,1.0,DFO_3629_From_20100327_to_20100331,Heavy Rain,2,33.81993865966797,2.7280662059783936,2.0,3.9519817175240535,41,0,358.9740542670539,0.0,False,1.296
cell-048-010,0,0,1.0,DFO_3629_From_20100327_to_20100331,Heavy Rain,2,30.721866607666016,5.862798690795898,2.0,3.2817821406377834,21,9,288.6147888040307,0.0,False,1.096
cell-048-011,0,0,1.0,DFO_3629_From_20100327_to_20100331,Heavy Rain,2,26.506006240844727,10.458988189697266,3.0,3.0231097443559385,21,9,240.2802967283517,0.0,False,0.825
cell-048-012,0,0,1.0,DFO_3629_From_20100327_to_20100331,Heavy Rain,2,35.81126022338867,1.3250946998596191,1.0,4.1004212637307225,21,4,225.93873251695186,0.0,False,1.424
cell-048-013,0,0,1.0,DFO_3629_From_20100327_to_20100331,Heavy Rain,2,35.86220932006836,6.45741081237793,2.0,3.192698955922673,22,21,208.30913737323135,0.0,False,1.427
cell-048-014,0,0,1.0,DFO_3629_From_20100327_to_20100331,Heavy Rain,2,19.110868453979492,26.4761962890625,3.0,2.0634442657198244,22,23,206.58349997829646,0.0,False,0.348
cell-048-015,0,0,1.0,DFO_3629_From_20100327_to_20100331,Heavy Rain,2,15.257837295532227,6.35720157623291,1.0,2.8017155490905723,22,32,207.13435568892936,0.0,False,0.1
cell-048-016,0,0,1.0,DFO_3629_From_20100327_to_20100331,Heavy Rain,2,7.709973335266113,1.2126353979110718,2.0,4.566987149429813,24,95,213.5938077414205,0.0,True,-0.386
cell-048-017,0,0,1.0,DFO_3629_From_20100327_to_20100331,Heavy Rain,2,6.445019721984863,0.420695036649704,33.0,7.580947267474815,23,79,131.7519199463843,0.0,True,-0.467
cell-048-018,0,0,1.0,DFO_3629_From_20100327_to_20100331,Heavy Rain,2,6.216856002807617,0.6722872257232666,9.0,6.131455009997711,24,80,40.737237070018914,0.0,True,-0.482
cell-048-019,0,0,1.0,DFO_3629_From_20100327_to_20100331,Heavy Rain,2,5.8725104331970215,0.09942793101072311,1.0,5.138297131885966,21,11,0.0,0.0,True,-0.504
cell-048-020,0,0,1.0,DFO_3629_From_20100327_to_20100331,Heavy Rain,2,5.721654415130615,6.714951038360596,5.0,3.849536964754155,22,35,0.0,0.0,True,-0.514
cell-048-021,0,0,1.0,DFO_3629_From_20100327_to_20100331,Heavy Rain,2,11.237719535827637,8.335563659667969,1.0,2.5477301240574817,23,60,0.0,0.0,True,-0.159
cell-048-022,0,0,1.0,DFO_3629_From_20100327_to_20100331,Heavy Rain,2,13.063495635986328,4.375790119171143,4.0,4.056808619583235,24,80,32.11534467865507,0.0,False,-0.041
cell-048-023,0,0,1.0,DFO_3629_From_20100327_to_20100331,Heavy Rain,2,16.67630958557129,0.8890430927276611,52.0,7.638664124009403,21,19,124.32739953788308,0.0,False,0.192
cell-048-024,0,0,1.0,DFO_3629_From_20100327_to_20100331,Heavy Rain,2,16.55447769165039,0.08172275871038437,52.0,8.442126722029903,22,38,219.34792169872756,0.0,False,0.184
cell-048-025,0,0,1.0,DFO_3629_From_20100327_to_20100331,Heavy Rain,2,16.91504669189453,0.48497530817985535,67.0,8.211406654662243,23,61,316.1344864889348,0.0,False,0.207
cell-048-026,0,0,1.0,DFO_3629_From_20100327_to_20100331,Heavy Rain,2,18.79610824584961,1.5277265310287476,5.0,5.097550907263045,22,49,413.9236910473126,0.0,False,0.328
cell-048-027,0,0,1.0,DFO_3629_From_20100327_to_20100331,Heavy Rain,2,19.696712493896484,1.592875599861145,2.0,4.3738445534321615,22,38,410.9632653442656,0.0,False,0.386
cell-048-028,0,0,1.0,DFO_3629_From_20100327_to_20100331,Heavy Rain,2,18.772907257080078,1.6711905002593994,1.0,3.932836854209996,22,25,332.70401770414037,0.0,False,0.327
cell-048-029,0,0,1.0,DFO_3629_From_20100327_to_20100331,Heavy Rain,2,16.854293823242188,3.1624860763549805,1.0,3.422647039870954,23,56,268.84806694574263,0.0,False,0.203
cell-048-030,0,0,1.0,DFO_3629_From_20100327_to_20100331,Heavy Rain,2,16.64203643798828,1.5080502033233643,9.0,5.617792314945646,23,67,211.8432127969021,0.0,False,0.189
cell-048-031,0,0,1.0,DFO_3629_From_20100327_to_20100331,Heavy Rain,2,17.664222717285156,3.889291763305664,2.0,3.6498459575697777,23,60,158.8653120727292,0.0,False,0.255
cell-048-032,0,0,1.0,DFO_3629_From_20100327_to_20100331,Heavy Rain,2,19.442428588867188,7.153180122375488,4.0,3.6082269476408007,23,64,120.89186207021426,0.0,False,0.37
cell-048-033,0,0,1.0,DFO_3629_From_20100327_to_20100331,Heavy Rain,2,16.991987228393555,7.237814426422119,2.0,3.0863870081514655,23,71,52.496678491646605,0.0,False,0.212
cell-048-034,0,0,1.0,DFO_3629_From_20100327_to_20100331,Heavy Rain,2,7.046690940856934,3.908702850341797,56.0,6.589929964162345,21,4,0.0,0.0,True,-0.428
cell-048-035,0,0,1.0,DFO_3629_From_20100327_to_20100331,Heavy Rain,2,12.676823616027832,5.783718585968018,2.0,3.294235320660339,22,36,8.758768088554167,0.0,False,-0.066
cell-048-036,0,0,1.0,DFO_3629_From_20100327_to_20100331,Heavy Rain,2,9.941718101501465,1.874096393585205,16.0,5.986282128945852,23,54,99.10618574179547,0.0,False,-0.242
cell-048-037,0,0,1.0,DFO_3629_From_20100327_to_20100331,Heavy Rain,2,10.943979263305664,1.2431381940841675,24.0,6.67030619154313,23,62,177.03243165711353,0.0,False,-0.178
cell-048-038,0,0,1.0,DFO_3629_From_20100327_to_20100331,Heavy Rain,2,16.17572593688965,0.9854315519332886,1.0,4.297658971728377,23,51,245.8732426290388,0.0,False,0.159
cell-048-039,0,0,1.0,DFO_3629_From_20100327_to_20100331,Heavy Rain,2,13.97380542755127,6.1483378410339355,2.0,3.2380371218930213,21,16,324.9324461193572,0.0,False,0.018
cell-048-040,0,0,1.0,DFO_3629_From_20100327_to_20100331,Heavy Rain,2,11.851761817932129,0.611530065536499,1.0,4.572044078395617,21,9,412.0756526613764,0.0,False,-0.119
cell-048-041,0,0,1.0,DFO_3629_From_20100327_to_20100331,Heavy Rain,2,12.065204620361328,2.437103748321533,18.0,5.890216881708526,21,7,504.01546850418157,0.0,False,-0.105
cell-048-042,0,0,1.0,DFO_3629_From_20100327_to_20100331,Heavy Rain,2,10.97127628326416,1.4729509353637695,2.0,4.430838554775315,21,8,598.5456051686288,0.0,False,-0.176
cell-049-008,0,0,1.0,DFO_3629_From_20100327_to_20100331,Heavy Rain,2,43.294944763183594,2.688528299331665,1.0,3.558585866028344,21,3,341.05585470515206,0.0,False,1.906
cell-049-009,0,0,1.0,DFO_3629_From_20100327_to_20100331,Heavy Rain,2,35.56194305419922,11.341697692871094,6.0,3.50381569165016,21,1,304.00915649700545,0.0,False,1.408
cell-049-010,0,0,1.0,DFO_3629_From_20100327_to_20100331,Heavy Rain,2,30.77473258972168,3.9976210594177246,2.0,3.62577836674803,21,2,218.70658001325629,0.0,False,1.1
cell-049-011,0,0,1.0,DFO_3629_From_20100327_to_20100331,Heavy Rain,2,31.29453468322754,3.2697389125823975,7.0,4.780569565238281,21,3,149.22698422391431,0.0,False,1.133
cell-049-012,0,0,1.0,DFO_3629_From_20100327_to_20100331,Heavy Rain,2,33.61726379394531,7.080652713775635,1.0,2.7014692581672075,22,24,125.93873251695187,0.0,False,1.283
cell-049-013,0,0,1.0,DFO_3629_From_20100327_to_20100331,Heavy Rain,2,37.00575256347656,7.446798801422119,1.0,2.6542156422557523,21,8,126.66827109542446,0.0,False,1.501
cell-049-014,0,0,1.0,DFO_3629_From_20100327_to_20100331,Heavy Rain,2,30.829437255859375,4.752429962158203,1.0,3.066838574342491,22,39,162.05210902822353,0.0,False,1.103
cell-049-015,0,0,1.0,DFO_3629_From_20100327_to_20100331,Heavy Rain,2,13.740153312683105,2.379856586456299,1.0,3.6581516654280106,24,85,235.25624337536323,0.0,False,0.003
cell-049-016,0,0,1.0,DFO_3629_From_20100327_to_20100331,Heavy Rain,2,7.9593706130981445,3.072164297103882,4.0,4.363466678177501,23,72,264.1103931563058,0.0,True,-0.37
cell-049-017,0,0,1.0,DFO_3629_From_20100327_to_20100331,Heavy Rain,2,6.469271659851074,0.17998670041561127,1.0,5.025137161327259,23,76,176.3407992227003,0.0,True,-0.466
cell-049-018,0,0,1.0,DFO_3629_From_20100327_to_20100331,Heavy Rain,2,6.3978986740112305,0.28496813774108887,1.0,4.894608931274197,23,71,76.3407992227003,0.0,True,-0.47
cell-049-019,0,0,1.0,DFO_3629_From_20100327_to_20100331,Heavy Rain,2,6.585819244384766,1.2080498933792114,1.0,4.164094282335049,23,59,0.0,0.0,True,-0.458
cell-049-020,0,0,1.0,DFO_3629_From_20100327_to_20100331,Heavy Rain,2,8.131218910217285,3.2382800579071045,2.0,3.8079798225096213,22,24,0.0,0.0,True,-0.359
cell-049-021,0,0,1.0,DFO_3629_From_20100327_to_20100331,Heavy Rain,2,10.149727821350098,2.154254674911499,6.0,4.990484749653954,23,78,47.087901348248124,0.0,False,-0.229
cell-049-022,0,0,1.0,DFO_3629_From_20100327_to_20100331,Heavy Rain,2,17.000391006469727,8.602834701538086,1.0,2.517720800542678,23,65,81.30959303985487,0.0,False,0.213
cell-049-023,0,0,1.0,DFO_3629_From_20100327_to_20100331,Heavy Rain,2,17.845401763916016,0.5635886788368225,12.0,6.485166110896271,24,83,163.08325577495356,0.0,False,0.267
cell-049-024,0,0,1.0,DFO_3629_From_20100327_to_20100331,Heavy Rain,2,18.973073959350586,0.19855332374572754,1.0,5.000777308822437,22,38,254.45678352136457,0.0,False,0.34
cell-049-025,0,0,1.0,DFO_3629_From_20100327_to_20100331,Heavy Rain,2,17.9123592376709,1.7925418615341187,3.0,4.573284772113467,22,22,346.72738173930037,0.0,False,0.271
cell-049-026,0,0,1.0,DFO_3629_From_20100327_to_20100331,Heavy Rain,2,19.052438735961914,0.48370712995529175,4.0,5.602536396865819,22,41,440.5200718753212,0.0,False,0.345
cell-049-027,0,0,1.0,DFO_3629_From_20100327_to_20100331,Heavy Rain,2,19.46033477783203,1.7816087007522583,4.0,4.801064276432801,21,9,474.0951189974274,0.0,False,0.371
cell-049-028,0,0,1.0,DFO_3629_From_20100327_to_20100331,Heavy Rain,2,18.897533416748047,5.79049015045166,2.0,3.2931629884587545,22,38,408.126622252507,0.0,False,0.335
cell-049-029,0,0,1.0,DFO_3629_From_20100327_to_20100331,Heavy Rain,2,14.645184516906738,0.6507777571678162,69.0,8.09479126104242,22,43,353.2585886659361,0.0,False,0.061
cell-049-030,0,0,1.0,DFO_3629_From_20100327_to_20100331,Heavy Rain,2,16.18846321105957,1.0547932386398315,1.0,4.254101577542194,22,20,291.87389553244066,0.0,False,0.16
cell-049-031,0,0,1.0,DFO_3629_From_20100327_to_20100331,Heavy Rain,2,13.66865348815918,3.4211649894714355,19.0,5.658116419966701,22,46,251.71584365466327,0.0,False,-0.002
cell-049-032,0,0,1.0,DFO_3629_From_20100327_to_20100331,Heavy Rain,2,14.814657211303711,1.4483613967895508,96.0,7.919035031270918,23,66,159.3536317424983,0.0,False,0.072
cell-049-033,0,0,1.0,DFO_3629_From_20100327_to_20100331,Heavy Rain,2,17.5290470123291,2.413055658340454,2.0,4.052422061115697,23,66,68.23913182478357,0.0,False,0.247
cell-049-034,0,0,1.0,DFO_3629_From_20100327_to_20100331,Heavy Rain,2,11.135602951049805,4.425348281860352,8.0,4.634589298772628,22,23,0.0,0.0,True,-0.165
cell-049-035,0,0,1.0,DFO_3629_From_20100327_to_20100331,Heavy Rain,2,11.33240795135498,3.30269455909729,13.0,5.331625645737272,23,51,0.0,0.0,True,-0.152
cell-049-036,0,0,1.0,DFO_3629_From_20100327_to_20100331,Heavy Rain,2,15.002633094787598,3.63810396194458,3.0,3.9956442339854465,21,19,37.81347657135752,0.0,False,0.084
cell-049-037,0,0,1.0,DFO_3629_From_20100327_to_20100331,Heavy Rain,2,12.160536766052246,1.7611151933670044,1.0,3.893521661627492,22,30,104.54128508277721,0.0,True,-0.099
cell-049-038,0,0,1.0,DFO_3629_From_20100327_to_20100331,Heavy Rain,2,9.138789176940918,3.76004958152771,20.0,5.625240542826133,21,1,188.51717318837933,0.0,True,-0.294
cell-049-039,0,0,1.0,DFO_3629_From_20100327_to_20100331,Heavy Rain,2,15.582582473754883,3.852644920349121,2.0,3.65811929740357,21,2,282.42516453412526,0.0,True,0.121
cell-049-040,0,0,1.0,DFO_3629_From_20100327_to_20100331,Heavy Rain,2,16.355382919311523,3.5972461700439453,8.0,4.816351989182253,21,15,379.459118400544,0.0,False,0.171
cell-049-041,0,0,1.0,DFO_3629_From_20100327_to_20100331,Heavy Rain,2,17.538291931152344,5.321264266967773,3.0,3.6579475043116716,21,15,471.88613013944905,0.0,False,0.247
cell-049-042,0,0,1.0,DFO_3629_From_20100327_to_20100331,Heavy Rain,2,15.780630111694336,2.9796535968780518,35.0,6.3633063320207475,21,14,560.7336314948834,0.0,False,0.134
cell-050-009,0,0,1.0,DFO_3629_From_20100327_to_20100331,Heavy Rain,2,35.0236701965332,7.220114231109619,4.0,3.5995063420251405,21,6,228.2750636814703,13.528955524670891,False,1.373
cell-050-010,0,0,1.0,DFO_3629_From_20100327_to_20100331,Heavy Rain,2,34.138816833496094,8.083900451660156,2.0,2.9822607441648725,23,50,165.86874872797435,0.0,False,1.316
cell-050-011,0,0,1.0,DFO_3629_From_20100327_to_20100331,Heavy Rain,2,37.39181137084961,7.109721660614014,2.0,3.10310300361622,41,0,82.47887393305037,0.0,False,1.526
cell-050-012,0,0,1.0,DFO_3629_From_20100327_to_20100331,Heavy Rain,2,28.27854347229004,7.023593425750732,4.0,3.625322156494461,41,0,25.938732516951855,0.0,False,0.939
cell-050-015,0,0,1.0,DFO_3629_From_20100327_to_20100331,Heavy Rain,2,12.30805778503418,17.505416870117188,34.0,4.678039827154845,23,71,196.16481990140778,0.0,False,-0.09
cell-050-016,0,0,1.0,DFO_3629_From_20100327_to_20100331,Heavy Rain,2,7.933509826660156,3.0476818084716797,7.0,4.840223300520135,24,93,284.52187140610675,0.0,True,-0.371
cell-050-017,0,0,1.0,DFO_3629_From_20100327_to_20100331,Heavy Rain,2,6.214860916137695,0.4825906753540039,4.0,5.603593591683646,24,88,187.82919073944896,0.0,True,-0.482
cell-050-018,0,0,1.0,DFO_3629_From_20100327_to_20100331,Heavy Rain,2,7.061514854431152,0.9605475664138794,3.0,5.006906486140848,24,83,90.61243741086447,0.0,True,-0.428
cell-050-019,0,0,1.0,DFO_3629_From_20100327_to_20100331,Heavy Rain,2,7.40000581741333,0.40198180079460144,1.0,4.766747225547296,24,89,0.0,0.0,True,-0.406
cell-050-020,0,0,1.0,DFO_3629_From_20100327_to_20100331,Heavy Rain,2,7.471037864685059,2.1451728343963623,2.0,4.146525901997775,23,65,0.0,0.0,True,-0.401
cell-050-021,0,0,1.0,DFO_3629_From_20100327_to_20100331,Heavy Rain,2,10.818474769592285,6.727901458740234,3.0,3.442279317880515,22,20,50.1556471648629,0.0,True,-0.186
cell-050-022,0,0,1.0,DFO_3629_From_20100327_to_20100331,Heavy Rain,2,19.507259368896484,2.9566094875335693,3.0,4.172602023317435,23,64,131.75842943408972,0.0,False,0.374
cell-050-023,0,0,1.0,DFO_3629_From_20100327_to_20100331,Heavy Rain,2,19.091659545898438,0.40207287669181824,1.0,4.766653747481243,23,78,215.20030098486444,0.0,False,0.347
cell-050-024,0,0,1.0,DFO_3629_From_20100327_to_20100331,Heavy Rain,2,18.526958465576172,0.7053231000900269,6.0,5.74859310449546,24,96,300.02634694652284,0.0,False,0.311
cell-050-025,0,0,1.0,DFO_3629_From_20100327_to_20100331,Heavy Rain,2,19.092945098876953,2.3584015369415283,2.0,4.070918340950659,22,23,386.5122203804222,0.0,False,0.347
cell-050-026,0,0,1.0,DFO_3629_From_20100327_to_20100331,Heavy Rain,2,18.787010192871094,1.3497132062911987,3.0,4.7806761191709874,22,38,477.0897642560051,0.0,False,0.328
cell-050-027,0,0,1.0,DFO_3629_From_20100327_to_20100331,Heavy Rain,2,19.23843002319336,0.2913512885570526,1.0,4.887196117859303,22,46,548.307904604656,0.0,False,0.357
cell-050-028,0,0,1.0,DFO_3629_From_20100327_to_20100331,Heavy Rain,2,17.149560928344727,1.523457646369934,1.0,4.000973892553834,23,57,491.36008839884755,0.0,False,0.222
cell-050-029,0,0,1.0,DFO_3629_From_20100327_to_20100331,Heavy Rain,2,13.59804916381836,4.173173427581787,2.0,3.587952489661689,22,37,430.23767216669626,0.0,False,-0.007
cell-050-030,0,0,1.0,DFO_3629_From_20100327_to_20100331,Heavy Rain,2,15.130925178527832,3.5418097972869873,1.0,3.3256943448933733,23,54,381.18323787848965,0.0,False,0.092
cell-050-031,0,0,1.0,DFO_3629_From_20100327_to_20100331,Heavy Rain,2,13.827173233032227,1.191321611404419,2.0,4.57899960739685,23,75,290.8068041105471,0.0,False,0.008
cell-050-032,0,0,1.0,DFO_3629_From_20100327_to_20100331,Heavy Rain,2,14.925464630126953,2.842966079711914,2.0,3.917707743310171,21,9,208.07848066995584,0.0,False,0.079
cell-050-033,0,0,1.0,DFO_3629_From_20100327_to_20100331,Heavy Rain,2,18.683685302734375,1.9332126379013062,7.0,5.208619823592574,23,62,124.3246909785964,0.0,False,0.321
cell-050-034,0,0,1.0,DFO_3629_From_20100327_to_20100331,Heavy Rain,2,16.630470275878906,9.528007507324219,2.0,2.8254542547055608,22,21,34.14612921246459,0.0,False,0.189
cell-050-035,0,0,1.0,DFO_3629_From_20100327_to_20100331,Heavy Rain,2,12.610179901123047,6.6367716789245605,2.0,3.1672771753240867,23,52,0.0,0.0,True,-0.07
cell-050-036,0,0,1.0,DFO_3629_From_20100327_to_20100331,Heavy Rain,2,12.34410572052002,9.827826499938965,3.0,3.0833064008440956,22,22,0.0,0.0,True,-0.087
cell-050-037,0,0,1.0,DFO_3629_From_20100327_to_20100331,Heavy Rain,2,10.335770606994629,0.8589454889297485,12.0,6.254126864311493,23,59,69.0824530283904,0.0,True,-0.217
cell-050-038,0,0,1.0,DFO_3629_From_20100327_to_20100331,Heavy Rain,2,8.825362205505371,0.0496758408844471,29.0,7.923221335349999,90,0,162.66781186557455,21.377744839992374,True,-0.314
cell-050-039,0,0,1.0,DFO_3629_From_20100327_to_20100331,Heavy Rain,2,12.05597972869873,8.783514976501465,2.0,2.9033743993262897,90,0,248.90966672055202,0.0,True,-0.106
cell-050-040,0,0,1.0,DFO_3629_From_20100327_to_20100331,Heavy Rain,2,17.013309478759766,3.702294111251831,1.0,3.28732455529976,22,20,337.130994155303,0.0,False,0.213
cell-050-041,0,0,1.0,DFO_3629_From_20100327_to_20100331,Heavy Rain,2,20.04681396484375,2.4463047981262207,9.0,5.245306847502988,21,10,424.08348192485107,0.0,False,0.409
cell-051-009,0,0,1.0,DFO_3629_From_20100327_to_20100331,Heavy Rain,2,39.374053955078125,8.179195404052734,2.0,2.9711595403583693,41,0,140.44578386098146,26.839127334882505,False,1.653
cell-051-010,0,0,1.0,DFO_3629_From_20100327_to_20100331,Heavy Rain,2,31.845041275024414,2.961787223815918,8.0,4.982063588904639,22,34,87.48516284232986,0.0,False,1.168
cell-051-011,0,0,1.0,DFO_3629_From_20100327_to_20100331,Heavy Rain,2,37.43782043457031,9.648760795593262,1.0,2.4078742114590095,21,3,43.96394178457558,0.0,False,1.529
cell-051-012,0,0,1.0,DFO_3629_From_20100327_to_20100331,Heavy Rain,2,32.14809799194336,12.073674201965332,5.0,3.288311274680826,21,2,0.0,0.0,False,1.188
cell-051-015,0,0,1.0,DFO_3629_From_20100327_to_20100331,Heavy Rain,2,16.182157516479492,10.97390079498291,1.0,2.2832353192586847,22,47,192.53761983301956,0.0,False,0.16
cell-051-016,0,0,1.0,DFO_3629_From_20100327_to_20100331,Heavy Rain,2,8.538857460021973,0.4848024249076843,1.0,4.685209563257647,24,86,292.53761983301956,0.0,True,-0.332
cell-051-017,0,0,1.0,DFO_3629_From_20100327_to_20100331,Heavy Rain,2,6.557669162750244,1.2622582912445068,8.0,5.638177993595125,23,72,220.10398525609867,0.0,True,-0.46
cell-051-018,0,0,1.0,DFO_3629_From_20100327_to_20100331,Heavy Rain,2,7.890425205230713,0.566917359828949,1.0,4.610439145720347,22,36,123.57049300121618,0.0,True,-0.374
cell-051-019,0,0,1.0,DFO_3629_From_20100327_to_20100331,Heavy Rain,2,7.877192974090576,0.8958033919334412,1.0,4.356905114734849,24,94,28.528008772588795,0.0,True,-0.375
cell-051-020,0,0,1.0,DFO_3629_From_20100327_to_20100331,Heavy Rain,2,6.075580596923828,1.0188841819763184,3.0,4.969562067757306,22,41,0.0,0.0,True,-0.491
cell-051-021,0,0,1.0,DFO_3629_From_20100327_to_20100331,Heavy Rain,2,9.47739315032959,1.3011826276779175,90.0,7.930817074579524,23,69,0.0,0.0,True,-0.272
cell-051-022,0,0,1.0,DFO_3629_From_20100327_to_20100331,Heavy Rain,2,19.52778434753418,3.2633779048919678,2.0,3.8014009574471337,23,54,82.6080005652373,0.0,False,0.375
cell-051-023,0,0,1.0,DFO_3629_From_20100327_to_20100331,Heavy Rain,2,19.504112243652344,3.3568501472473145,5.0,4.470417650873448,22,37,175.21102901648584,0.0,False,0.374
cell-051-024,0,0,1.0,DFO_3629_From_20100327_to_20100331,Heavy Rain,2,20.426610946655273,0.6411429047584534,1.0,4.547348442043524,23,61,271.8845222176434,0.0,False,0.433
cell-051-025,0,0,1.0,DFO_3629_From_20100327_to_20100331,Heavy Rain,2,20.395618438720703,1.5287483930587769,2.0,4.403917131744488,23,77,369.5524284602862,0.0,False,0.431
cell-051-026,0,0,1.0,DFO_3629_From_20100327_to_20100331,Heavy Rain,2,20.410676956176758,1.6866581439971924,1.0,3.925963672715228,22,47,468.02653070996166,0.0,False,0.432
cell-051-027,0,0,1.0,DFO_3629_From_20100327_to_20100331,Heavy Rain,2,16.524553298950195,0.831325888633728,15.0,6.481246848830081,22,44,566.6899091210998,0.0,False,0.182
cell-051-028,0,0,1.0,DFO_3629_From_20100327_to_20100331,Heavy Rain,2,13.668743133544922,4.506871223449707,5.0,4.212876190104509,21,17,570.1039714030705,0.0,False,-0.002
cell-051-029,0,0,1.0,DFO_3629_From_20100327_to_20100331,Heavy Rain,2,12.91411018371582,0.5152283906936646,1.0,4.656849154439351,21,4,514.2719885498292,0.0,False,-0.051
cell-051-030,0,0,1.0,DFO_3629_From_20100327_to_20100331,Heavy Rain,2,14.099321365356445,1.9883496761322021,1.0,3.800544575447669,22,28,428.65325693905146,0.0,False,0.026
cell-051-031,0,0,1.0,DFO_3629_From_20100327_to_20100331,Heavy Rain,2,17.064146041870117,2.893853187561035,1.0,3.497428735818073,22,21,347.75556769898816,0.0,False,0.217
cell-051-032,0,0,1.0,DFO_3629_From_20100327_to_20100331,Heavy Rain,2,16.01022720336914,3.714905023574829,5.0,4.382982712972586,21,9,257.207877552375,2.726966730118801,False,0.149
cell-051-033,0,0,1.0,DFO_3629_From_20100327_to_20100331,Heavy Rain,2,18.503416061401367,1.1538374423980713,7.0,5.581310953696216,22,21,172.8656784914345,0.0,False,0.309
cell-051-034,0,0,1.0,DFO_3629_From_20100327_to_20100331,Heavy Rain,2,20.370044708251953,3.7927069664001465,2.0,3.671798400571525,22,39,101.95024726726756,0.0,False,0.43
cell-051-035,0,0,1.0,DFO_3629_From_20100327_to_20100331,Heavy Rain,2,17.04879379272461,8.978150367736816,8.0,3.9810542084033838,21,2,29.57389088823594,0.0,False,0.216
cell-051-036,0,0,1.0,DFO_3629_From_20100327_to_20100331,Heavy Rain,2,8.917236328125,3.6147873401641846,22.0,5.750412385821872,21,2,0.0,0.0,True,-0.308
cell-051-037,0,0,1.0,DFO_3629_From_20100327_to_20100331,Heavy Rain,2,10.575796127319336,0.33581289649009705,3.0,5.530179625797135,23,54,29.967482513080693,0.0,True,-0.201
cell-051-038,0,0,1.0,DFO_3629_From_20100327_to_20100331,Heavy Rain,2,8.646855354309082,0.984321653842926,2.0,4.703836776623828,90,0,113.52835681572247,0.0,True,-0.325
cell-051-039,0,0,1.0,DFO_3629_From_20100327_to_20100331,Heavy Rain,2,9.05108642578125,3.3661274909973145,4.0,4.285732357218507,90,0,202.90898882780627,17.335096587927296,True,-0.299
cell-051-040,0,0,1.0,DFO_3629_From_20100327_to_20100331,Heavy Rain,2,14.72806453704834,3.3791403770446777,3.0,4.059282544689043,22,40,285.1289514654384,0.0,True,0.066
cell-051-041,0,0,1.0,DFO_3629_From_20100327_to_20100331,Heavy Rain,2,13.99347972869873,3.10764479637146,6.0,4.690232095053437,22,43,371.00286728307026,0.0,False,0.019
cell-052-010,0,0,1.0,DFO_3629_From_20100327_to_20100331,Heavy Rain,2,36.602481842041016,6.939520835876465,4.0,3.6365661591783365,41,0,53.26784318918363,0.0,False,1.475
cell-052-011,0,0,1.0,DFO_3629_From_20100327_to_20100331,Heavy Rain,2,34.12577819824219,18.38580894470215,3.0,2.458126531045463,21,13,0.0,20.287697117966797,False,1.315
cell-052-012,0,0,1.0,DFO_3629_From_20100327_to_20100331,Heavy Rain,2,28.516483306884766,3.5167312622070312,5.0,4.4304366232878545,21,3,0.0,0.0,False,0.954
cell-052-015,0,0,1.0,DFO_3629_From_20100327_to_20100331,Heavy Rain,2,19.45728302001953,9.478667259216309,10.0,4.1297274711787155,21,3,201.8319597789691,0.0,False,0.371
cell-052-016,0,0,1.0,DFO_3629_From_20100327_to_20100331,Heavy Rain,2,8.405844688415527,3.972808837890625,2.0,3.6312405645738917,21,8,274.11464627925307,0.0,True,-0.341
cell-052-017,0,0,1.0,DFO_3629_From_20100327_to_20100331,Heavy Rain,2,6.23943567276001,0.5389482975006104,45.0,7.770778378065001,24,82,252.01131491663764,0.0,True,-0.48
cell-052-018,0,0,1.0,DFO_3629_From_20100327_to_20100331,Heavy Rain,2,8.946805953979492,0.8989611864089966,1.0,4.354757054431246,24,82,163.40396543671685,0.0,True,-0.306
cell-052-019,0,0,1.0,DFO_3629_From_20100327_to_20100331,Heavy Rain,2,9.011768341064453,0.46092489361763,1.0,4.708043277375035,24,92,80.6950357469016,0.0,True,-0.302
cell-052-020,0,0,1.0,DFO_3629_From_20100327_to_20100331,Heavy Rain,2,6.703496932983398,1.1514582633972168,18.0,6.447687555291205,23,54,0.0,0.0,True,-0.451
cell-052-021,0,0,1.0,DFO_3629_From_20100327_to_20100331,Heavy Rain,2,9.176020622253418,8.382112503051758,31.0,5.315030182892538,22,29,0.0,0.0,True,-0.291
cell-052-022,0,0,1.0,DFO_3629_From_20100327_to_20100331,Heavy Rain,2,17.824941635131836,3.925830841064453,4.0,4.152489438984367,21,8,58.93295011733311,0.0,False,0.266
cell-052-023,0,0,1.0,DFO_3629_From_20100327_to_20100331,Heavy Rain,2,19.933605194091797,0.7723408341407776,8.0,5.948800797207259,22,46,158.78900167706058,0.0,False,0.401
cell-052-024,0,0,1.0,DFO_3629_From_20100327_to_20100331,Heavy Rain,2,19.202621459960938,11.426165580749512,2.0,2.6492594785827555,22,35,258.7536561680156,0.0,False,0.354
cell-052-025,0,0,1.0,DFO_3629_From_20100327_to_20100331,Heavy Rain,2,19.251922607421875,1.3729426860809326,1.0,4.0755142155906565,22,45,358.73801318933806,0.0,False,0.358
cell-052-026,0,0,1.0,DFO_3629_From_20100327_to_20100331,Heavy Rain,2,17.462657928466797,4.806171417236328,2.0,3.4622133603272562,22,41,458.7291898645123,0.0,False,0.242
cell-052-027,0,0,1.0,DFO_3629_From_20100327_to_20100331,Heavy Rain,2,13.875865936279297,4.127950191497803,5.0,4.290709398385932,22,40,558.7235247960031,0.0,False,0.011
cell-052-028,0,0,1.0,DFO_3629_From_20100327_to_20100331,Heavy Rain,2,15.327817916870117,2.114122152328491,1.0,3.752561783406523,23,51,608.5549723255051,0.0,False,0.105
cell-052-029,0,0,1.0,DFO_3629_From_20100327_to_20100331,Heavy Rain,2,14.15895938873291,2.3507707118988037,12.0,5.539865234866287,22,37,568.2167070804792,0.0,False,0.03
cell-052-030,0,0,1.0,DFO_3629_From_20100327_to_20100331,Heavy Rain,2,17.291521072387695,4.754635810852051,12.0,4.938224535891261,22,25,480.7659263937677,0.0,False,0.231
cell-052-031,0,0,1.0,DFO_3629_From_20100327_to_20100331,Heavy Rain,2,19.38864517211914,3.666316509246826,16.0,5.4358666117257775,22,33,394.7011709956239,0.0,False,0.366
cell-052-032,0,0,1.0,DFO_3629_From_20100327_to_20100331,Heavy Rain,2,24.473417282104492,10.111626625061035,2.0,2.768137276715945,21,15,313.15122157113393,0.0,False,0.694
cell-052-033,0,0,1.0,DFO_3629_From_20100327_to_20100331,Heavy Rain,2,20.849592208862305,3.9580893516540527,2.0,3.634494853972282,22,33,243.11086383049863,0.0,False,0.46
cell-052-034,0,0,1.0,DFO_3629_From_20100327_to_20100331,Heavy Rain,2,22.551252365112305,1.7526618242263794,1.0,3.89715251614044,22,45,152.14977435348396,0.0,False,0.57
cell-052-035,0,0,1.0,DFO_3629_From_20100327_to_20100331,Heavy Rain,2,19.774810791015625,3.464329481124878,4.0,4.261045221292307,23,65,54.59726468275899,0.0,False,0.391
cell-052-036,0,0,1.0,DFO_3629_From_20100327_to_20100331,Heavy Rain,2,13.28453254699707,2.876843214035034,14.0,5.51725939380713,23,70,0.0,0.0,True,-0.027
cell-052-037,0,0,1.0,DFO_3629_From_20100327_to_20100331,Heavy Rain,2,10.615689277648926,0.7758058309555054,2.0,4.847615768060886,23,76,0.0,0.0,True,-0.199
cell-052-038,0,0,1.0,DFO_3629_From_20100327_to_20100331,Heavy Rain,2,9.550189971923828,2.6261048316955566,12.0,5.4497432813622515,90,0,63.626014765473755,0.0,True,-0.267
cell-052-039,0,0,1.0,DFO_3629_From_20100327_to_20100331,Heavy Rain,2,8.718565940856934,0.06711773574352264,1.0,5.187543218729543,90,0,149.090326763589,52.66274474078629,True,-0.321
cell-052-040,0,0,1.0,DFO_3629_From_20100327_to_20100331,Heavy Rain,2,9.00156021118164,0.6863542795181274,8.0,6.014859843044582,90,0,232.36052956166648,38.47158493174506,True,-0.303
cell-052-041,0,0,1.0,DFO_3629_From_20100327_to_20100331,Heavy Rain,2,12.547680854797363,2.5924296379089355,1.0,3.5885395326300147,41,0,315.630732359744,23.210522915553433,True,-0.074
cell-053-010,0,0,1.0,DFO_3629_From_20100327_to_20100331,Heavy Rain,2,41.83840560913086,5.960208892822266,3.0,3.5543300054230533,41,0,1.9247125192040795,0.0,False,1.812
cell-053-011,0,0,1.0,DFO_3629_From_20100327_to_20100331,Heavy Rain,2,37.33814239501953,20.92790412902832,3.0,2.3217143787867562,21,1,0.0,17.57905181763101,False,1.522
cell-053-012,0,0,1.0,DFO_3629_From_20100327_to_20100331,Heavy Rain,2,38.720787048339844,16.32748794555664,2.0,2.292828436582152,41,0,1.598652029397663,0.0,False,1.611
cell-053-013,0,0,1.0,DFO_3629_From_20100327_to_20100331,Heavy Rain,2,40.40181350708008,12.128150939941406,2.0,2.5907322162854087,41,0,69.90506907940662,0.0,False,1.72
cell-053-014,0,0,1.0,DFO_3629_From_20100327_to_20100331,Heavy Rain,2,36.560211181640625,4.239882469177246,3.0,3.861623671673864,21,5,145.60035836961313,0.0,False,1.472
cell-053-015,0,0,1.0,DFO_3629_From_20100327_to_20100331,Heavy Rain,2,22.888813018798828,11.1867036819458,15.0,4.343940321851342,21,5,188.00728021823974,0.0,False,0.592
cell-053-016,0,0,1.0,DFO_3629_From_20100327_to_20100331,Heavy Rain,2,10.071799278259277,2.794281482696533,2.0,3.932087785959463,23,60,174.11464627925307,0.0,True,-0.234
cell-053-017,0,0,1.0,DFO_3629_From_20100327_to_20100331,Heavy Rain,2,10.355839729309082,7.931694030761719,1.0,2.5947751371987193,21,18,175.96512978575475,0.0,True,-0.215
cell-053-018,0,0,1.0,DFO_3629_From_20100327_to_20100331,Heavy Rain,2,8.696734428405762,1.7637853622436523,3.0,4.585524672807436,23,53,189.18772681345328,0.0,True,-0.322
cell-053-019,0,0,1.0,DFO_3629_From_20100327_to_20100331,Heavy Rain,2,9.536837577819824,0.3457462191581726,1.0,4.82616092832423,24,95,91.60522843539032,0.0,True,-0.268
cell-053-020,0,0,1.0,DFO_3629_From_20100327_to_20100331,Heavy Rain,2,7.853172779083252,2.3467330932617188,2.0,4.074911921475165,23,51,0.0,0.0,True,-0.377
cell-053-021,0,0,1.0,DFO_3629_From_20100327_to_20100331,Heavy Rain,2,7.348466396331787,5.4153733253479,1.0,2.948862543442306,23,52,0.0,0.0,True,-0.409
cell-053-022,0,0,1.0,DFO_3629_From_20100327_to_20100331,Heavy Rain,2,13.81900405883789,3.9651923179626465,4.0,4.143748744355508,22,45,58.6975376335904,0.0,False,0.008
cell-053-023,0,0,1.0,DFO_3629_From_20100327_to_20100331,Heavy Rain,2,19.703899383544922,1.3515493869781494,1.0,4.0865739102947805,21,12,158.6975376335904,0.0,False,0.387
cell-053-024,0,0,1.0,DFO_3629_From_20100327_to_20100331,Heavy Rain,2,19.911148071289062,0.8087085485458374,1.0,4.4180450058549585,23,73,258.6975376335904,0.0,False,0.4
cell-053-025,0,0,1.0,DFO_3629_From_20100327_to_20100331,Heavy Rain,2,15.855450630187988,3.1929931640625,5.0,4.51310763666069,22,41,358.6975376335904,0.0,False,0.139
cell-053-026,0,0,1.0,DFO_3629_From_20100327_to_20100331,Heavy Rain,2,15.644848823547363,4.921647071838379,1.0,3.0354003957969753,23,54,424.7871106098374,0.0,False,0.125
cell-053-027,0,0,1.0,DFO_3629_From_20100327_to_20100331,Heavy Rain,2,16.899675369262695,0.4376538097858429,4.0,5.647100791800488,22,49,473.0931535691329,0.0,False,0.206
cell-053-028,0,0,1.0,DFO_3629_From_20100327_to_20100331,Heavy Rain,2,18.69058609008789,1.670231819152832,1.0,3.9332643796853035,23,68,522.782946051784,0.0,False,0.321
cell-053-029,0,0,1.0,DFO_3629_From_20100327_to_20100331,Heavy Rain,2,17.428348541259766,3.703312635421753,17.0,5.484310207431295,23,51,584.1560709991468,0.0,False,0.24
cell-053-030,0,0,1.0,DFO_3629_From_20100327_to_20100331,Heavy Rain,2,24.644479751586914,3.813737154006958,2.0,3.6669777915192747,22,32,533.37993204871,0.0,False,0.705
cell-053-031,0,0,1.0,DFO_3629_From_20100327_to_20100331,Heavy Rain,2,23.02434730529785,3.4932122230529785,2.0,3.7430722824006715,23,51,454.1418636755291,0.0,False,0.6
cell-053-032,0,0,1.0,DFO_3629_From_20100327_to_20100331,Heavy Rain,2,21.099567413330078,2.9765453338623047,2.0,3.879276701672339,23,64,369.7300347644509,0.0,False,0.476
cell-053-033,0,0,1.0,DFO_3629_From_20100327_to_20100331,Heavy Rain,2,22.829965591430664,3.3515875339508057,4.0,4.289439409339805,22,30,274.67337448272355,0.0,False,0.588
cell-053-034,0,0,1.0,DFO_3629_From_20100327_to_20100331,Heavy Rain,2,18.856470108032227,3.147862434387207,3.0,4.119725337618543,22,32,184.9070758314318,0.0,False,0.332
cell-053-035,0,0,1.0,DFO_3629_From_20100327_to_20100331,Heavy Rain,2,18.440101623535156,3.1955904960632324,1.0,3.413804392725416,23,56,110.07428052385805,0.0,False,0.305
cell-053-036,0,0,1.0,DFO_3629_From_20100327_to_20100331,Heavy Rain,2,12.303022384643555,6.610225200653076,5.0,3.8641475360567963,23,55,20.36041981213068,0.0,True,-0.09
cell-053-037,0,0,1.0,DFO_3629_From_20100327_to_20100331,Heavy Rain,2,9.186637878417969,1.6963132619857788,3.0,4.614844212051281,21,12,0.0,0.0,True,-0.291
cell-053-038,0,0,1.0,DFO_3629_From_20100327_to_20100331,Heavy Rain,2,9.664698600769043,1.4248847961425781,4.0,4.965449926265296,22,27,10.447989042185238,0.0,True,-0.26
cell-053-039,0,0,1.0,DFO_3629_From_20100327_to_20100331,Heavy Rain,2,8.762261390686035,0.17584283649921417,2.0,5.436121054926375,90,0,93.71819184026275,33.959628522070034,True,-0.318
cell-053-040,0,0,1.0,DFO_3629_From_20100327_to_20100331,Heavy Rain,2,9.115355491638184,0.36087971925735474,1.0,4.809821901749687,90,0,176.98839463834022,88.6617712249135,True,-0.295
cell-053-041,0,0,1.0,DFO_3629_From_20100327_to_20100331,Heavy Rain,2,12.768202781677246,4.3429999351501465,1.0,3.147193223832748,21,1,257.1920649092577,70.06396669203612,True,-0.06
cell-054-010,0,0,1.0,DFO_3629_From_20100327_to_20100331,Heavy Rain,2,42.812164306640625,8.567407608032227,4.0,3.4379403406073625,21,3,0.0,0.0,False,1.875
cell-054-011,0,0,1.0,DFO_3629_From_20100327_to_20100331,Heavy Rain,2,40.094425201416016,5.826162338256836,2.0,3.287532581055143,41,0,0.0,0.0,False,1.7
cell-054-012,0,0,1.0,DFO_3629_From_20100327_to_20100331,Heavy Rain,2,40.42918395996094,8.578872680664062,2.0,2.9258416558833322,41,0,89.1833163942855,0.0,False,1.721
cell-054-013,0,0,1.0,DFO_3629_From_20100327_to_20100331,Heavy Rain,2,37.567054748535156,2.829505443572998,1.0,3.51619803907776,41,0,138.70854191982738,0.0,False,1.537
cell-054-014,0,0,1.0,DFO_3629_From_20100327_to_20100331,Heavy Rain,2,28.74904441833496,17.132036209106445,3.0,2.5312051905753234,41,0,179.47102661209794,0.0,False,0.969
cell-054-015,0,0,1.0,DFO_3629_From_20100327_to_20100331,Heavy Rain,2,23.59833526611328,1.936007022857666,1.0,3.821210040535614,22,21,99.19004030052581,0.0,False,0.637
cell-054-016,0,0,1.0,DFO_3629_From_20100327_to_20100331,Heavy Rain,2,13.374902725219727,10.407197952270508,34.0,5.196977567439541,21,3,74.11464627925307,0.0,False,-0.021
cell-054-017,0,0,1.0,DFO_3629_From_20100327_to_20100331,Heavy Rain,2,11.845608711242676,2.171924114227295,1.0,3.7312568711411003,22,48,78.36324166767795,0.0,False,-0.119
cell-054-018,0,0,1.0,DFO_3629_From_20100327_to_20100331,Heavy Rain,2,11.638970375061035,4.741573810577393,1.0,3.068889066511028,22,44,145.02085828347015,0.0,False,-0.133
cell-054-019,0,0,1.0,DFO_3629_From_20100327_to_20100331,Heavy Rain,2,9.192831039428711,0.38953113555908203,10.0,6.484348759855224,24,88,85.06433107110206,0.0,False,-0.29
cell-054-020,0,0,1.0,DFO_3629_From_20100327_to_20100331,Heavy Rain,2,8.64889144897461,0.9491400122642517,1.0,4.321227533729157,23,72,0.0,0.0,True,-0.325
cell-054-021,0,0,1.0,DFO_3629_From_20100327_to_20100331,Heavy Rain,2,6.961308479309082,1.549587368965149,3.0,4.6817273605610765,23,71,0.0,0.0,True,-0.434
cell-054-022,0,0,1.0,DFO_3629_From_20100327_to_20100331,Heavy Rain,2,10.727791786193848,5.570832252502441,2.0,3.3285334119086736,23,78,66.68171423955864,0.0,True,-0.191
cell-054-023,0,0,1.0,DFO_3629_From_20100327_to_20100331,Heavy Rain,2,16.38361930847168,3.0880613327026367,75.0,7.080401387326454,24,83,152.22353176031976,0.0,False,0.173
cell-054-024,0,0,1.0,DFO_3629_From_20100327_to_20100331,Heavy Rain,2,17.967864990234375,0.7791420221328735,18.0,6.690971660022432,22,40,219.20276027969206,0.0,False,0.275
cell-054-025,0,0,1.0,DFO_3629_From_20100327_to_20100331,Heavy Rain,2,16.12354278564453,1.0915729999542236,2.0,4.637216623700523,22,31,286.7915823700493,0.0,False,0.156
cell-054-026,0,0,1.0,DFO_3629_From_20100327_to_20100331,Heavy Rain,2,16.175601959228516,1.2078807353973389,1.0,4.1641893137329316,22,43,337.5324635207354,0.0,False,0.159
cell-054-027,0,0,1.0,DFO_3629_From_20100327_to_20100331,Heavy Rain,2,14.737558364868164,1.0185962915420532,3.0,4.9697429536683355,22,27,385.13446537604386,0.0,False,0.067
cell-054-028,0,0,1.0,DFO_3629_From_20100327_to_20100331,Heavy Rain,2,19.064210891723633,2.6652474403381348,10.0,5.270509080392042,23,69,443.01790372745523,0.0,False,0.345
cell-054-029,0,0,1.0,DFO_3629_From_20100327_to_20100331,Heavy Rain,2,22.988595962524414,2.945784330368042,1.0,3.4825324580165455,23,68,514.0050287941223,0.0,False,0.598
cell-054-030,0,0,1.0,DFO_3629_From_20100327_to_20100331,Heavy Rain,2,25.34893226623535,0.738556444644928,2.0,4.87562570411819,23,58,590.7432846628316,0.0,False,0.75
cell-054-031,0,0,1.0,DFO_3629_From_20100327_to_20100331,Heavy Rain,2,28.434009552001953,4.095954418182373,1.0,3.198951640410834,22,46,497.71758298962635,0.0,False,0.949
cell-054-032,0,0,1.0,DFO_3629_From_20100327_to_20100331,Heavy Rain,2,22.620031356811523,1.8871182203292847,1.0,3.8409043948655905,22,48,408.0048485739355,0.0,False,0.574
cell-054-033,0,0,1.0,DFO_3629_From_20100327_to_20100331,Heavy Rain,2,16.11678695678711,3.9862232208251953,9.0,4.8322567334631445,23,54,324.36572029523154,0.0,False,0.156
cell-054-034,0,0,1.0,DFO_3629_From_20100327_to_20100331,Heavy Rain,2,15.231184005737305,2.181636333465576,2.0,4.133186190170913,23,65,243.96305715171115,0.0,False,0.099
cell-054-035,0,0,1.0,DFO_3629_From_20100327_to_20100331,Heavy Rain,2,13.521551132202148,0.7364212274551392,266.0,9.365891621643826,21,3,157.54847833157103,0.0,True,-0.012
cell-054-036,0,0,1.0,DFO_3629_From_20100327_to_20100331,Heavy Rain,2,20.737213134765625,4.16033411026001,1.0,3.1852064856993074,23,61,72.82221375589226,0.0,True,0.453
cell-054-037,0,0,1.0,DFO_3629_From_20100327_to_20100331,Heavy Rain,2,10.69743537902832,1.7130533456802368,6.0,5.167105255502819,23,52,0.0,0.0,True,-0.193
cell-054-038,0,0,1.0,DFO_3629_From_20100327_to_20100331,Heavy Rain,2,9.598363876342773,1.3107962608337402,2.0,4.513451310766779,21,11,0.0,0.0,True,-0.264
cell-054-039,0,0,1.0,DFO_3629_From_20100327_to_20100331,Heavy Rain,2,9.6595458984375,1.014082670211792,9.0,5.888874422479845,23,50,37.48543652482237,0.0,True,-0.26
cell-054-040,0,0,1.0,DFO_3629_From_20100327_to_20100331,Heavy Rain,2,10.199690818786621,0.44254717230796814,5.0,5.8245917365987445,21,6,117.05184487121957,4.648165591039601,True,-0.225
cell-054-041,0,0,1.0,DFO_3629_From_20100327_to_20100331,Heavy Rain,2,10.394790649414062,0.02724965661764145,12.0,7.123656235452843,22,22,198.7384659188336,30.666835275042445,True,-0.213
cell-055-011,0,0,1.0,DFO_3629_From_20100327_to_20100331,Heavy Rain,2,43.19086837768555,4.055138111114502,4.0,4.124054538633453,21,14,53.48622350011482,0.0,False,1.899
cell-055-012,0,0,1.0,DFO_3629_From_20100327_to_20100331,Heavy Rain,2,35.25177764892578,17.3620662689209,3.0,2.5174689786199074,41,0,112.14601234795005,0.0,False,1.388
cell-055-013,0,0,1.0,DFO_3629_From_20100327_to_20100331,Heavy Rain,2,31.50444793701172,8.166217803955078,2.0,2.972664343074807,41,0,112.08199097774923,0.0,False,1.147
cell-055-014,0,0,1.0,DFO_3629_From_20100327_to_20100331,Heavy Rain,2,34.470394134521484,3.6800413131713867,1.0,3.2925586105785047,41,0,141.89650559102253,19.155720417387784,False,1.338
cell-055-015,0,0,1.0,DFO_3629_From_20100327_to_20100331,Heavy Rain,2,25.925189971923828,5.778289318084717,1.0,2.889630729558424,41,0,57.91529660932083,13.022441871464252,False,0.787
cell-055-016,0,0,1.0,DFO_3629_From_20100327_to_20100331,Heavy Rain,2,17.013492584228516,7.083568096160889,1.0,2.7010844063173747,41,0,0.0,0.0,False,0.213
cell-055-017,0,0,1.0,DFO_3629_From_20100327_to_20100331,Heavy Rain,2,17.509706497192383,7.691638469696045,5.0,3.7223899812346595,22,35,11.599109229772589,0.0,False,0.245
cell-055-018,0,0,1.0,DFO_3629_From_20100327_to_20100331,Heavy Rain,2,15.002874374389648,1.2601679563522339,10.0,5.839988760789546,24,91,103.14057229647094,0.0,False,0.084
cell-055-019,0,0,1.0,DFO_3629_From_20100327_to_20100331,Heavy Rain,2,9.380796432495117,0.7135668396949768,1.0,4.489400959277684,23,66,96.46172160437321,0.0,False,-0.278
cell-055-020,0,0,1.0,DFO_3629_From_20100327_to_20100331,Heavy Rain,2,9.030811309814453,4.580240726470947,2.0,3.5053252981046983,21,9,10.553616746910315,0.0,True,-0.301
cell-055-021,0,0,1.0,DFO_3629_From_20100327_to_20100331,Heavy Rain,2,7.309135913848877,14.224678039550781,4.0,2.9431503229555642,22,31,0.0,0.0,True,-0.412
cell-055-022,0,0,1.0,DFO_3629_From_20100327_to_20100331,Heavy Rain,2,8.66639518737793,2.8784666061401367,1.0,3.501884985171524,23,52,15.833999659824444,0.0,True,-0.324
cell-055-023,0,0,1.0,DFO_3629_From_20100327_to_20100331,Heavy Rain,2,13.529073715209961,2.6916491985321045,1.0,3.557627894767305,23,51,78.46051404537403,0.0,False,-0.011
cell-055-024,0,0,1.0,DFO_3629_From_20100327_to_20100331,Heavy Rain,2,17.401582717895508,2.5488362312316895,1.0,3.6024274468031683,23,50,147.61174295945418,0.0,False,0.238
cell-055-025,0,0,1.0,DFO_3629_From_20100327_to_20100331,Heavy Rain,2,12.450567245483398,2.494225025177002,27.0,6.259158035048928,22,24,201.42470433673952,0.0,False,-0.08
cell-055-026,0,0,1.0,DFO_3629_From_20100327_to_20100331,Heavy Rain,2,13.172595977783203,1.266588568687439,2.0,4.537208005802108,23,64,249.58951764511852,0.0,False,-0.034
cell-055-027,0,0,1.0,DFO_3629_From_20100327_to_20100331,Heavy Rain,2,17.51515769958496,6.435240745544434,4.0,3.706710926895811,22,46,302.1446851443483,0.0,False,0.246
cell-055-028,0,0,1.0,DFO_3629_From_20100327_to_20100331,Heavy Rain,2,19.893054962158203,0.6391940116882324,1.0,4.548955136172449,22,47,373.1323054407847,0.0,False,0.399
cell-055-029,0,0,1.0,DFO_3629_From_20100327_to_20100331,Heavy Rain,2,23.338417053222656,2.6710550785064697,1.0,3.5639661892700634,22,29,455.1527479496666,0.0,False,0.621
cell-055-030,0,0,1.0,DFO_3629_From_20100327_to_20100331,Heavy Rain,2,24.731800079345703,2.121954917907715,4.0,4.665938953399941,23,55,543.2313784831565,0.0,False,0.71
cell-055-031,0,0,1.0,DFO_3629_From_20100327_to_20100331,Heavy Rain,2,24.814424514770508,7.270724773406982,5.0,3.775282593578068,23,73,545.4268514383515,0.0,False,0.716
cell-055-032,0,0,1.0,DFO_3629_From_20100327_to_20100331,Heavy Rain,2,21.262983322143555,3.932241678237915,1.0,3.2347699948887216,23,61,465.0114130994614,0.0,False,0.487
cell-055-033,0,0,1.0,DFO_3629_From_20100327_to_20100331,Heavy Rain,2,15.928202629089355,0.6201744675636292,221.0,9.27430206292379,21,17,379.4500715826291,0.0,False,0.143
cell-055-034,0,0,1.0,DFO_3629_From_20100327_to_20100331,Heavy Rain,2,14.925220489501953,1.3727551698684692,1.0,4.075610733318844,23,54,295.7302045409144,0.0,False,0.079
cell-055-035,0,0,1.0,DFO_3629_From_20100327_to_20100331,Heavy Rain,2,15.919458389282227,0.5100833177566528,34.0,7.523789682169514,23,57,211.46455147729597,0.0,True,0.143
cell-055-036,0,0,1.0,DFO_3629_From_20100327_to_20100331,Heavy Rain,2,20.982282638549805,3.4019057750701904,6.0,4.613140024568715,23,66,128.19434867921848,0.0,True,0.469
cell-055-037,0,0,1.0,DFO_3629_From_20100327_to_20100331,Heavy Rain,2,13.36806583404541,7.661881446838379,16.0,4.767495970541679,23,78,44.924145881140994,0.0,True,-0.021
cell-055-038,0,0,1.0,DFO_3629_From_20100327_to_20100331,Heavy Rain,2,10.164134979248047,0.9567720890045166,4.0,5.23251562839249,23,59,0.0,0.0,True,-0.228
cell-055-039,0,0,1.0,DFO_3629_From_20100327_to_20100331,Heavy Rain,2,10.752603530883789,0.927135169506073,2.0,4.741258224719827,22,30,0.0,0.0,True,-0.19
cell-055-040,0,0,1.0,DFO_3629_From_20100327_to_20100331,Heavy Rain,2,10.375313758850098,0.28091487288475037,1.0,4.899344699189638,21,8,59.484575594629256,0.0,True,-0.214
cell-055-041,0,0,1.0,DFO_3629_From_20100327_to_20100331,Heavy Rain,2,10.500360488891602,0.7399595379829407,3.0,5.162238328466677,21,6,141.4728172779583,22.257419286994264,True,-0.206
cell-056-011,0,0,1.0,DFO_3629_From_20100327_to_20100331,Heavy Rain,2,45.306121826171875,1.0299583673477173,1.0,4.269480335878264,41,0,55.78473831457086,0.0,False,2.035
cell-056-012,0,0,1.0,DFO_3629_From_20100327_to_20100331,Heavy Rain,2,36.567039489746094,12.449283599853516,4.0,3.0757882135462142,41,0,12.662143973147593,0.0,False,1.473
cell-056-013,0,0,1.0,DFO_3629_From_20100327_to_20100331,Heavy Rain,2,28.209115982055664,2.9325945377349854,6.0,4.739058034119919,41,0,12.081990977749228,0.0,False,0.934
cell-056-014,0,0,1.0,DFO_3629_From_20100327_to_20100331,Heavy Rain,2,30.64311408996582,0.7094318270683289,1.0,4.492620658304941,41,0,83.77356227476959,0.0,False,1.091
cell-056-015,0,0,1.0,DFO_3629_From_20100327_to_20100331,Heavy Rain,2,19.885297775268555,5.5265326499938965,1.0,2.9303524692523566,41,0,51.40045189089142,0.0,False,0.398
cell-056-016,0,0,1.0,DFO_3629_From_20100327_to_20100331,Heavy Rain,2,14.7280855178833,4.715762138366699,1.0,3.073781118696981,41,0,0.0,0.0,False,0.066
cell-056-017,0,0,1.0,DFO_3629_From_20100327_to_20100331,Heavy Rain,2,23.4960880279541,1.696885108947754,1.0,3.921444948479,23,56,0.0,0.0,False,0.631
cell-056-018,0,0,1.0,DFO_3629_From_20100327_to_20100331,Heavy Rain,2,26.55883026123047,3.1845171451568604,1.0,3.4167535917169394,21,3,97.41003170143813,0.0,False,0.828
cell-056-019,0,0,1.0,DFO_3629_From_20100327_to_20100331,Heavy Rain,2,16.961687088012695,3.846714973449707,2.0,3.6594643198023893,22,29,151.9009752415414,0.0,False,0.21
cell-056-020,0,0,1.0,DFO_3629_From_20100327_to_20100331,Heavy Rain,2,14.891351699829102,11.095671653747559,2.0,2.677939339123337,24,100,71.26015230125695,0.0,False,0.077
cell-056-021,0,0,1.0,DFO_3629_From_20100327_to_20100331,Heavy Rain,2,12.737728118896484,1.5037914514541626,47.0,7.188457848296463,23,78,0.0,0.0,True,-0.062
cell-056-022,0,0,1.0,DFO_3629_From_20100327_to_20100331,Heavy Rain,2,6.463128566741943,4.236178874969482,5.0,4.267861541576475,21,1,0.0,0.0,True,-0.466
cell-056-023,0,0,1.0,DFO_3629_From_20100327_to_20100331,Heavy Rain,2,10.174999237060547,1.8276219367980957,54.0,7.1795915544242375,21,14,8.43190354885902,0.0,True,-0.227
cell-056-024,0,0,1.0,DFO_3629_From_20100327_to_20100331,Heavy Rain,2,14.362481117248535,3.020759105682373,2.0,3.866872841750359,22,23,65.31694515274376,0.0,False,0.043
cell-056-025,0,0,1.0,DFO_3629_From_20100327_to_20100331,Heavy Rain,2,10.017349243164062,1.7782834768295288,209.0,8.540148158553981,22,34,114.1290323140001,0.0,False,-0.237
cell-056-026,0,0,1.0,DFO_3629_From_20100327_to_20100331,Heavy Rain,2,20.363420486450195,3.687448263168335,1.0,3.290813415118805,23,51,162.22810637767395,0.0,False,0.429
cell-056-027,0,0,1.0,DFO_3629_From_20100327_to_20100331,Heavy Rain,2,14.328154563903809,0.6867116689682007,69.0,8.06584682567768,21,18,232.92544966461602,0.0,False,0.04
cell-056-028,0,0,1.0,DFO_3629_From_20100327_to_20100331,Heavy Rain,2,16.63726043701172,3.1428446769714355,3.0,4.121077642733651,23,51,319.67260080282335,0.0,False,0.189
cell-056-029,0,0,1.0,DFO_3629_From_20100327_to_20100331,Heavy Rain,2,23.38595199584961,6.330662727355957,1.0,2.8055851739892437,22,37,411.6570817000519,0.0,False,0.624
cell-056-030,0,0,1.0,DFO_3629_From_20100327_to_20100331,Heavy Rain,2,25.17220687866211,6.842926502227783,2.0,3.1388122924656106,22,46,506.03482403120427,0.0,False,0.739
cell-056-031,0,0,1.0,DFO_3629_From_20100327_to_20100331,Heavy Rain,2,21.705076217651367,0.10597318410873413,1.0,5.128609771769233,24,86,602.2299671643555,0.0,False,0.515
cell-056-032,0,0,1.0,DFO_3629_From_20100327_to_20100331,Heavy Rain,2,28.51740837097168,4.47659158706665,1.0,3.1202684530183604,22,45,518.0059454909484,0.0,False,0.954
cell-056-033,0,0,1.0,DFO_3629_From_20100327_to_20100331,Heavy Rain,2,20.26716423034668,1.2138125896453857,1.0,4.160862783391568,22,44,433.37709199677727,0.0,False,0.423
cell-056-034,0,0,1.0,DFO_3629_From_20100327_to_20100331,Heavy Rain,2,15.470778465270996,1.0691173076629639,18.0,6.4966295981658835,22,28,350.1068891986997,0.0,False,0.114
cell-056-035,0,0,1.0,DFO_3629_From_20100327_to_20100331,Heavy Rain,2,16.76117706298828,1.3830069303512573,3.0,4.763500538994571,22,32,266.83668640062217,0.0,True,0.197
cell-056-036,0,0,1.0,DFO_3629_From_20100327_to_20100331,Heavy Rain,2,19.136600494384766,6.907313346862793,7.0,4.110909938672593,21,17,183.56648360254474,0.0,True,0.35
cell-056-037,0,0,1.0,DFO_3629_From_20100327_to_20100331,Heavy Rain,2,21.016984939575195,2.0054845809936523,3.0,4.4870181266006774,23,71,102.65478351321576,0.0,False,0.471
cell-056-038,0,0,1.0,DFO_3629_From_20100327_to_20100331,Heavy Rain,2,13.796960830688477,4.432923793792725,5.0,4.2276032752323935,23,56,22.474786499835258,0.0,True,0.006
cell-056-039,0,0,1.0,DFO_3629_From_20100327_to_20100331,Heavy Rain,2,10.232257843017578,2.5468738079071045,2.0,4.008522257019892,23,51,0.0,0.0,True,-0.223
cell-056-040,0,0,1.0,DFO_3629_From_20100327_to_20100331,Heavy Rain,2,9.976510047912598,0.6141705513000488,1.0,4.569817092692478,21,10,3.013686607141513,22.646353864274886,True,-0.24
cell-057-012,0,0,1.0,DFO_3629_From_20100327_to_20100331,Heavy Rain,2,27.135540008544922,3.5518078804016113,159.0,7.705287468151267,41,0,0.0,0.0,False,0.865
cell-057-013,0,0,1.0,DFO_3629_From_20100327_to_20100331,Heavy Rain,2,29.8736515045166,8.871034622192383,1.0,2.488445343054378,41,0,0.0,0.0,False,1.042
cell-057-014,0,0,1.0,DFO_3629_From_20100327_to_20100331,Heavy Rain,2,25.10158348083496,4.8131890296936035,2.0,3.460903172168025,41,0,64.40218330406144,0.0,False,0.734
cell-057-015,0,0,1.0,DFO_3629_From_20100327_to_20100331,Heavy Rain,2,20.45599365234375,4.114033222198486,2.0,3.60053794241315,41,0,55.80627320753462,1.034348637205224,False,0.435
cell-057-016,0,0,1.0,DFO_3629_From_20100327_to_20100331,Heavy Rain,2,16.779342651367188,4.6896491050720215,2.0,3.484219481790241,21,1,0.0,0.0,False,0.198
cell-057-017,0,0,1.0,DFO_3629_From_20100327_to_20100331,Heavy Rain,2,22.52529525756836,1.6176161766052246,4.0,4.873305047456872,21,1,8.527445205437791,0.0,False,0.568
cell-057-018,0,0,1.0,DFO_3629_From_20100327_to_20100331,Heavy Rain,2,30.120725631713867,3.5489351749420166,1.0,3.323959405198149,22,30,102.73723829378841,0.0,False,1.057
cell-057-019,0,0,1.0,DFO_3629_From_20100327_to_20100331,Heavy Rain,2,29.35266876220703,25.276456832885742,2.0,1.8280185593647813,22,39,202.26488831027754,0.0,False,1.008
cell-057-020,0,0,1.0,DFO_3629_From_20100327_to_20100331,Heavy Rain,2,14.36758804321289,2.7600514888763428,25.0,6.101806936502521,23,72,123.31883929483607,0.0,False,0.043
cell-057-021,0,0,1.0,DFO_3629_From_20100327_to_20100331,Heavy Rain,2,15.33610725402832,1.9404933452606201,1.0,3.819422074489997,23,58,62.28173218894398,0.0,False,0.105
cell-057-022,0,0,1.0,DFO_3629_From_20100327_to_20100331,Heavy Rain,2,12.823648452758789,1.8119033575057983,3.0,4.565127110221001,24,93,0.0,0.0,True,-0.056
cell-057-023,0,0,1.0,DFO_3629_From_20100327_to_20100331,Heavy Rain,2,8.82779312133789,14.637567520141602,2.0,2.403581998839847,23,67,0.0,0.0,True,-0.314
cell-057-024,0,0,1.0,DFO_3629_From_20100327_to_20100331,Heavy Rain,2,9.602490425109863,1.4829562902450562,6.0,5.273255458610046,22,42,0.0,0.0,True,-0.264
cell-057-025,0,0,1.0,DFO_3629_From_20100327_to_20100331,Heavy Rain,2,9.7029447555542,2.9028186798095703,25.0,6.059790547783371,21,7,26.08588172110409,0.0,True,-0.257
cell-057-026,0,0,1.0,DFO_3629_From_20100327_to_20100331,Heavy Rain,2,22.205272674560547,8.861424446105957,2.0,2.894945503343295,21,17,96.29861674484371,0.0,False,0.548
cell-057-027,0,0,1.0,DFO_3629_From_20100327_to_20100331,Heavy Rain,2,19.77199363708496,5.129926681518555,4.0,3.914284337932724,22,24,189.96216181097736,0.0,False,0.391
cell-057-028,0,0,1.0,DFO_3629_From_20100327_to_20100331,Heavy Rain,2,16.884967803955078,1.4210408926010132,157.0,8.420533820662994,22,27,287.56792786816237,0.0,False,0.205
cell-057-029,0,0,1.0,DFO_3629_From_20100327_to_20100331,Heavy Rain,2,23.143630981445312,9.453210830688477,2.0,2.83302841291135,23,69,386.4000561036156,0.0,False,0.608
cell-057-030,0,0,1.0,DFO_3629_From_20100327_to_20100331,Heavy Rain,2,24.785091400146484,6.768363952636719,4.0,3.6598425590009884,21,19,485.7105038758849,0.0,False,0.714
cell-057-031,0,0,1.0,DFO_3629_From_20100327_to_20100331,Heavy Rain,2,24.4622745513916,2.6063077449798584,26.0,6.186847924111776,23,79,585.2558276462138,0.0,False,0.693
cell-057-032,0,0,1.0,DFO_3629_From_20100327_to_20100331,Heavy Rain,2,27.62617301940918,0.9718867540359497,2.0,4.711855617774408,24,97,572.019429718181,0.0,False,0.897
cell-057-033,0,0,1.0,DFO_3629_From_20100327_to_20100331,Heavy Rain,2,20.408594131469727,6.929108142852783,4.0,3.637967278876648,23,66,488.7492269201034,0.0,False,0.432
cell-057-034,0,0,1.0,DFO_3629_From_20100327_to_20100331,Heavy Rain,2,16.924402236938477,1.0628231763839722,11.0,6.04093874456087,23,57,405.4790241220259,0.0,False,0.208
cell-057-035,0,0,1.0,DFO_3629_From_20100327_to_20100331,Heavy Rain,2,16.495790481567383,1.54855215549469,3.0,4.682215511643772,22,37,322.4583635334151,0.0,False,0.18
cell-057-036,0,0,1.0,DFO_3629_From_20100327_to_20100331,Heavy Rain,2,16.952102661132812,1.7496767044067383,9.0,5.507875768655225,23,62,242.79500355125387,0.0,False,0.209
cell-057-037,0,0,1.0,DFO_3629_From_20100327_to_20100331,Heavy Rain,2,19.21544647216797,0.6921324729919434,8.0,6.0102814617942615,23,59,161.72867682403958,0.0,False,0.355
cell-057-038,0,0,1.0,DFO_3629_From_20100327_to_20100331,Heavy Rain,2,19.859148025512695,2.302727222442627,2.0,4.0901170213444855,23,58,79.76931472957506,0.0,False,0.397
cell-057-039,0,0,1.0,DFO_3629_From_20100327_to_20100331,Heavy Rain,2,13.246186256408691,2.8999509811401367,2.0,3.9011332260886635,21,13,0.0,0.0,True,-0.029
cell-058-011,0,0,1.0,DFO_3629_From_20100327_to_20100331,Heavy Rain,2,30.93377685546875,6.068069934844971,10.0,4.549429751151314,41,0,0.0,0.0,False,1.11
cell-058-012,0,0,1.0,DFO_3629_From_20100327_to_20100331,Heavy Rain,2,32.351600646972656,10.128911972045898,4.0,3.277311371660098,41,0,0.0,0.0,False,1.201
cell-058-013,0,0,1.0,DFO_3629_From_20100327_to_20100331,Heavy Rain,2,23.96052360534668,1.6591991186141968,1.0,3.9381979768083073,41,0,0.0,0.0,False,0.661
cell-058-014,0,0,1.0,DFO_3629_From_20100327_to_20100331,Heavy Rain,2,28.129959106445312,5.473358631134033,2.0,3.3446302112042066,41,0,45.73907155255128,27.6778130351967,False,0.929
cell-058-015,0,0,1.0,DFO_3629_From_20100327_to_20100331,Heavy Rain,2,27.013545989990234,8.60035228729248,1.0,2.517995696928108,41,0,120.04291635931308,20.702605474973097,False,0.857
cell-058-016,0,0,1.0,DFO_3629_From_20100327_to_20100331,Heavy Rain,2,24.85753059387207,10.976883888244629,1.0,2.2829704466124703,41,0,92.71800762694329,0.0,False,0.718
cell-058-017,0,0,1.0,DFO_3629_From_20100327_to_20100331,Heavy Rain,2,24.99155616760254,3.8269124031066895,2.0,3.6639693654014724,22,32,95.71213517405822,0.0,False,0.727
cell-058-018,0,0,1.0,DFO_3629_From_20100327_to_20100331,Heavy Rain,2,35.1442756652832,6.298072814941406,3.0,3.503504433347186,23,75,148.05164981447288,0.0,False,1.381
cell-058-019,0,0,1.0,DFO_3629_From_20100327_to_20100331,Heavy Rain,2,36.43273162841797,0.5259508490562439,1.0,4.647043139328652,22,40,231.75072764774657,0.0,False,1.464
cell-058-020,0,0,1.0,DFO_3629_From_20100327_to_20100331,Heavy Rain,2,26.81682014465332,17.476722717285156,8.0,3.32160964344067,23,56,196.73870719497413,0.0,False,0.845
cell-058-021,0,0,1.0,DFO_3629_From_20100327_to_20100331,Heavy Rain,2,28.856521606445312,3.0138535499572754,2.0,3.8688000402223977,22,42,131.12022841731937,0.0,False,0.976
cell-058-022,0,0,1.0,DFO_3629_From_20100327_to_20100331,Heavy Rain,2,23.480316162109375,11.221421241760254,5.0,3.3600847732844157,22,33,73.6976762559084,0.0,False,0.63
cell-058-023,0,0,1.0,DFO_3629_From_20100327_to_20100331,Heavy Rain,2,15.99437427520752,14.878520965576172,11.0,3.773428270797071,21,18,21.937701936358287,0.0,False,0.148
cell-058-024,0,0,1.0,DFO_3629_From_20100327_to_20100331,Heavy Rain,2,10.088238716125488,1.651354193687439,2.0,4.347186009164185,23,69,0.0,0.0,True,-0.233
cell-058-025,0,0,1.0,DFO_3629_From_20100327_to_20100331,Heavy Rain,2,7.160393714904785,1.7152421474456787,5.0,5.0119969985606145,21,5,0.0,0.0,True,-0.421
cell-058-026,0,0,1.0,DFO_3629_From_20100327_to_20100331,Heavy Rain,2,12.830293655395508,5.097606658935547,7.0,4.390003200268567,22,44,83.04845109244343,0.0,False,-0.056
cell-058-027,0,0,1.0,DFO_3629_From_20100327_to_20100331,Heavy Rain,2,23.866214752197266,5.394267559051514,2.0,3.3578804238067437,22,48,183.04845109244343,0.0,False,0.655
cell-058-028,0,0,1.0,DFO_3629_From_20100327_to_20100331,Heavy Rain,2,21.43916130065918,4.579373836517334,2.0,3.5054943149102,21,11,283.04845109244343,0.0,False,0.498
cell-058-029,0,0,1.0,DFO_3629_From_20100327_to_20100331,Heavy Rain,2,22.733266830444336,24.19707679748535,2.0,1.8765409993445903,22,25,383.04845109244343,0.0,False,0.582
cell-058-030,0,0,1.0,DFO_3629_From_20100327_to_20100331,Heavy Rain,2,27.512985229492188,3.0118508338928223,3.0,4.157041803939066,24,84,483.04845109244343,0.0,False,0.89
cell-058-031,0,0,1.0,DFO_3629_From_20100327_to_20100331,Heavy Rain,2,24.875064849853516,5.351922512054443,2.0,3.3650459059223996,22,28,583.0484510924434,0.0,False,0.72
cell-058-032,0,0,1.0,DFO_3629_From_20100327_to_20100331,Heavy Rain,2,26.72660255432129,2.417769193649292,3.0,4.338524832938789,23,75,627.3915646415071,0.0,False,0.839
cell-058-033,0,0,1.0,DFO_3629_From_20100327_to_20100331,Heavy Rain,2,21.067062377929688,4.350497722625732,66.0,6.657208369434357,24,84,544.1213618434297,0.0,False,0.474
cell-058-034,0,0,1.0,DFO_3629_From_20100327_to_20100331,Heavy Rain,2,18.48413848876953,2.279942512512207,3.0,4.385763128910386,22,36,462.5016319356892,0.0,False,0.308
cell-058-035,0,0,1.0,DFO_3629_From_20100327_to_20100331,Heavy Rain,2,16.44060707092285,1.5729342699050903,9.0,5.587072460987286,23,63,382.93522358929204,0.0,True,0.176
cell-058-036,0,0,1.0,DFO_3629_From_20100327_to_20100331,Heavy Rain,2,18.29523468017578,1.530381441116333,2.0,4.40313994452917,23,53,300.9825671482439,0.0,False,0.296
cell-059-011,0,0,1.0,DFO_3629_From_20100327_to_20100331,Heavy Rain,2,38.402034759521484,7.2316107749938965,1.0,2.6817252541304444,41,0,0.0,0.0,False,1.591
cell-059-012,0,0,1.0,DFO_3629_From_20100327_to_20100331,Heavy Rain,2,36.80365753173828,3.4174232482910156,2.0,3.7619360244502915,41,0,32.717896770131695,0.0,False,1.488
cell-059-013,0,0,1.0,DFO_3629_From_20100327_to_20100331,Heavy Rain,2,23.197656631469727,8.057622909545898,7.0,3.9661719190286564,41,0,0.0,0.0,False,0.612
cell-059-014,0,0,1.0,DFO_3629_From_20100327_to_20100331,Heavy Rain,2,29.183568954467773,7.1779255867004395,2.0,3.094168860529266,41,0,29.52399784862064,25.10142221939424,False,0.997
cell-059-015,0,0,1.0,DFO_3629_From_20100327_to_20100331,Heavy Rain,2,28.98515510559082,2.571894407272339,1.0,3.595057658174399,41,0,129.52399784862064,0.0,False,0.984
cell-059-016,0,0,1.0,DFO_3629_From_20100327_to_20100331,Heavy Rain,2,27.37996482849121,2.3790903091430664,1.0,3.6584116591269047,41,0,192.7180076269433,0.0,False,0.881
cell-059-017,0,0,1.0,DFO_3629_From_20100327_to_20100331,Heavy Rain,2,26.392568588256836,4.355389595031738,4.0,4.060956499283256,22,45,194.17624557336012,0.0,False,0.817
cell-059-018,0,0,1.0,DFO_3629_From_20100327_to_20100331,Heavy Rain,2,33.07982635498047,3.271106004714966,3.0,4.087065955500101,22,35,226.94821323000937,0.0,False,1.248
cell-059-019,0,0,1.0,DFO_3629_From_20100327_to_20100331,Heavy Rain,2,31.86713218688965,1.8897651433944702,107.0,7.82881224452953,23,50,289.33117048991284,0.0,False,1.17
cell-059-020,0,0,1.0,DFO_3629_From_20100327_to_20100331,Heavy Rain,2,29.574485778808594,11.648078918457031,4.0,3.141242913583733,22,35,272.1814159831838,0.0,False,1.022
cell-059-021,0,0,1.0,DFO_3629_From_20100327_to_20100331,Heavy Rain,2,27.20948600769043,3.047342538833618,2.0,3.859488064360822,24,92,212.87751566650357,0.0,False,0.87
cell-059-022,0,0,1.0,DFO_3629_From_20100327_to_20100331,Heavy Rain,2,28.52863311767578,2.0154755115509033,1.0,3.7900001131819026,22,46,158.04546112035408,0.0,False,0.955
cell-059-023,0,0,1.0,DFO_3629_From_20100327_to_20100331,Heavy Rain,2,24.360546112060547,5.1120829582214355,2.0,3.4066100836928075,21,10,93.15077618390531,0.0,False,0.686
cell-059-024,0,0,1.0,DFO_3629_From_20100327_to_20100331,Heavy Rain,2,17.519506454467773,10.752387046813965,7.0,3.6893841198531336,21,3,0.0,0.0,True,0.246
cell-059-025,0,0,1.0,DFO_3629_From_20100327_to_20100331,Heavy Rain,2,8.749957084655762,5.420575141906738,9.0,4.557426733125058,22,48,0.0,0.0,True,-0.319
cell-059-026,0,0,1.0,DFO_3629_From_20100327_to_20100331,Heavy Rain,2,12.91596508026123,7.812133312225342,3.0,3.3022662187282394,21,11,89.61847069773602,0.0,True,-0.051
cell-059-027,0,0,1.0,DFO_3629_From_20100327_to_20100331,Heavy Rain,2,21.702999114990234,3.925006866455078,1.0,3.2363825576944127,22,48,187.29351038072926,0.0,False,0.515
cell-059-028,0,0,1.0,DFO_3629_From_20100327_to_20100331,Heavy Rain,2,28.49396324157715,5.6567535400390625,1.0,2.909086691350642,21,18,286.5569670603096,0.0,False,0.953
cell-059-029,0,0,1.0,DFO_3629_From_20100327_to_20100331,Heavy Rain,2,24.397199630737305,3.274766683578491,3.0,4.086111812402074,22,37,386.0529975915827,0.0,False,0.689
cell-059-030,0,0,1.0,DFO_3629_From_20100327_to_20100331,Heavy Rain,2,23.48509407043457,9.174331665039062,1.0,2.456290362081077,22,46,485.5490281228557,0.0,False,0.63
cell-059-031,0,0,1.0,DFO_3629_From_20100327_to_20100331,Heavy Rain,2,24.98822021484375,9.903783798217773,2.0,2.788197983625256,21,4,585.1220678088708,0.0,False,0.727
cell-059-032,0,0,1.0,DFO_3629_From_20100327_to_20100331,Heavy Rain,2,20.195556640625,3.839280366897583,2.0,3.6611533393829077,22,49,682.8895053663944,0.0,False,0.418
cell-059-033,0,0,1.0,DFO_3629_From_20100327_to_20100331,Heavy Rain,2,17.328041076660156,0.7610854506492615,61.0,7.887113420260934,23,68,602.6418519737274,0.0,False,0.234
cell-059-034,0,0,1.0,DFO_3629_From_20100327_to_20100331,Heavy Rain,2,17.577993392944336,0.49047303199768066,1.0,4.6798626343937615,24,86,522.1958195669127,0.0,False,0.25
cell-060-011,0,0,1.0,DFO_3629_From_20100327_to_20100331,Heavy Rain,2,42.604366302490234,6.999082088470459,2.0,3.1177620401517467,41,0,6.416784058746446,0.0,False,1.861
cell-060-012,0,0,1.0,DFO_3629_From_20100327_to_20100331,Heavy Rain,2,28.253570556640625,2.374828338623047,38.0,6.630272570518541,41,0,8.45649155776482,0.0,False,0.937
cell-060-013,0,0,1.0,DFO_3629_From_20100327_to_20100331,Heavy Rain,2,17.749706268310547,5.211024761199951,58.0,6.368182707298774,41,0,0.0,0.0,False,0.261
cell-060-014,0,0,1.0,DFO_3629_From_20100327_to_20100331,Heavy Rain,2,28.054231643676758,4.84697151184082,2.0,3.4546193483164895,41,0,45.40539018280189,0.0,False,0.924
cell-060-015,0,0,1.0,DFO_3629_From_20100327_to_20100331,Heavy Rain,2,29.594209671020508,0.39023327827453613,1.0,4.7788713413776955,41,0,135.94439661477412,0.0,False,1.024
cell-060-016,0,0,1.0,DFO_3629_From_20100327_to_20100331,Heavy Rain,2,23.76459312438965,2.8498058319091797,77.0,7.173800524038617,21,17,173.66918726453605,0.0,False,0.648
cell-060-017,0,0,1.0,DFO_3629_From_20100327_to_20100331,Heavy Rain,2,26.61067771911621,3.130906105041504,56.0,6.781059624915881,22,26,170.66034235991538,0.0,False,0.831
cell-060-018,0,0,1.0,DFO_3629_From_20100327_to_20100331,Heavy Rain,2,32.57627868652344,2.7229270935058594,2.0,3.9535421998401703,22,22,180.0864453456924,0.0,False,1.216
cell-060-019,0,0,1.0,DFO_3629_From_20100327_to_20100331,Heavy Rain,2,35.935306549072266,3.04707670211792,3.0,4.147243659908609,23,52,216.1016292612756,0.0,False,1.432
cell-060-020,0,0,1.0,DFO_3629_From_20100327_to_20100331,Heavy Rain,2,26.374309539794922,5.438899993896484,11.0,4.736676252774512,23,76,252.05398000866518,0.0,False,0.816
cell-060-021,0,0,1.0,DFO_3629_From_20100327_to_20100331,Heavy Rain,2,25.77941131591797,5.378252029418945,4.0,3.8714101974053063,22,37,241.6501302783581,0.0,False,0.778
cell-060-022,0,0,1.0,DFO_3629_From_20100327_to_20100331,Heavy Rain,2,28.39080047607422,4.131691932678223,2.0,3.596763631148656,22,44,163.82359839262674,0.0,False,0.946
cell-060-023,0,0,1.0,DFO_3629_From_20100327_to_20100331,Heavy Rain,2,22.174055099487305,0.7281204462051392,1.0,4.478150696837739,23,52,68.75021916004329,0.0,False,0.546
cell-060-024,0,0,1.0,DFO_3629_From_20100327_to_20100331,Heavy Rain,2,8.142800331115723,8.516178131103516,52.0,5.804501651977773,21,4,0.0,0.0,True,-0.358
cell-060-025,0,0,1.0,DFO_3629_From_20100327_to_20100331,Heavy Rain,2,14.731163024902344,9.363629341125488,2.0,2.842171359720732,22,47,2.434874602873207,0.0,True,0.066
cell-060-026,0,0,1.0,DFO_3629_From_20100327_to_20100331,Heavy Rain,2,13.345022201538086,7.832847595214844,2.0,3.012084826929332,22,49,97.83688066073493,0.0,False,-0.023
cell-060-027,0,0,1.0,DFO_3629_From_20100327_to_20100331,Heavy Rain,2,26.39614486694336,6.796322822570801,1.0,2.739713564588436,21,3,195.93069783790816,0.0,False,0.818
cell-060-028,0,0,1.0,DFO_3629_From_20100327_to_20100331,Heavy Rain,2,25.267885208129883,4.881993293762207,3.0,3.735827859184465,21,2,294.92614265948885,0.0,False,0.745
cell-060-029,0,0,1.0,DFO_3629_From_20100327_to_20100331,Heavy Rain,2,25.280935287475586,17.130308151245117,2.0,2.243626880726039,21,5,394.4287272661066,0.0,False,0.746
cell-060-030,0,0,1.0,DFO_3629_From_20100327_to_20100331,Heavy Rain,2,19.80251693725586,3.1165781021118164,2.0,3.8405048398573602,22,41,494.1321808600571,0.0,False,0.393
cell-060-031,0,0,1.0,DFO_3629_From_20100327_to_20100331,Heavy Rain,2,19.101152420043945,2.8832736015319824,8.0,5.004568063054813,21,9,593.935352904903,0.0,False,0.348
cell-060-032,0,0,1.0,DFO_3629_From_20100327_to_20100331,Heavy Rain,2,17.636133193969727,0.5375764966011047,14.0,6.651421664775524,22,49,693.7952109225223,0.0,False,0.253
cell-061-011,0,0,1.0,DFO_3629_From_20100327_to_20100331,Heavy Rain,2,42.7806282043457,6.060725688934326,2.0,3.25126191146057,41,0,66.7225647376198,0.0,False,1.873
cell-061-012,0,0,1.0,DFO_3629_From_20100327_to_20100331,Heavy Rain,2,25.128620147705078,7.612142086029053,14.0,4.648466183650452,41,0,9.78005334384038,0.0,False,0.736
cell-061-013,0,0,1.0,DFO_3629_From_20100327_to_20100331,Heavy Rain,2,15.21789264678955,3.7158262729644775,4.0,4.200445701366561,41,0,0.0,0.0,True,0.098
cell-061-014,0,0,1.0,DFO_3629_From_20100327_to_20100331,Heavy Rain,2,26.839885711669922,5.864401340484619,3.0,3.569213453744597,41,0,21.918759997384385,0.0,False,0.846
cell-061-015,0,0,1.0,DFO_3629_From_20100327_to_20100331,Heavy Rain,2,25.51047134399414,4.703312397003174,7.0,4.462443503505219,22,42,102.98684113762152,0.0,False,0.761
cell-061-016,0,0,1.0,DFO_3629_From_20100327_to_20100331,Heavy Rain,2,23.345247268676758,11.713096618652344,4.0,3.1357834147760717,21,2,74.50698912743938,0.0,False,0.621
cell-061-017,0,0,1.0,DFO_3629_From_20100327_to_20100331,Heavy Rain,2,22.987390518188477,3.85178804397583,24.0,5.778577153818069,22,23,70.66034235991538,0.0,False,0.598
cell-061-018,0,0,1.0,DFO_3629_From_20100327_to_20100331,Heavy Rain,2,27.198884963989258,3.334106922149658,31.0,6.150212439799075,22,34,82.07746242313709,0.0,False,0.869
cell-061-019,0,0,1.0,DFO_3629_From_20100327_to_20100331,Heavy Rain,2,28.7097225189209,8.206161499023438,1.0,2.562574290117833,21,17,134.00197247637925,0.0,False,0.967
cell-061-020,0,0,1.0,DFO_3629_From_20100327_to_20100331,Heavy Rain,2,19.470243453979492,8.519183158874512,6.0,3.7797842146162455,23,64,156.64457816400758,0.0,False,0.372
cell-061-021,0,0,1.0,DFO_3629_From_20100327_to_20100331,Heavy Rain,2,22.977563858032227,9.94612979888916,3.0,3.0717621426687063,21,18,141.79739131986662,0.0,False,0.597
cell-061-022,0,0,1.0,DFO_3629_From_20100327_to_20100331,Heavy Rain,2,22.911813735961914,3.7585456371307373,31.0,6.046802197012596,22,49,136.54546137706487,0.0,False,0.593
cell-061-023,0,0,1.0,DFO_3629_From_20100327_to_20100331,Heavy Rain,2,17.316396713256836,10.464936256408691,3.0,3.02255833557985,22,20,59.56308882284064,0.0,True,0.233
cell-061-024,0,0,1.0,DFO_3629_From_20100327_to_20100331,Heavy Rain,2,7.172116756439209,2.257528781890869,2.0,4.105977710544296,21,3,0.0,0.0,True,-0.42
cell-061-025,0,0,1.0,DFO_3629_From_20100327_to_20100331,Heavy Rain,2,14.31906509399414,3.268447160720825,2.0,3.800077327869668,22,38,20.01389441175661,0.0,True,0.04
cell-061-026,0,0,1.0,DFO_3629_From_20100327_to_20100331,Heavy Rain,2,20.11726951599121,8.325043678283691,2.0,2.9543942836422192,21,5,115.58655305842785,0.0,False,0.413
cell-061-027,0,0,1.0,DFO_3629_From_20100327_to_20100331,Heavy Rain,2,15.504761695861816,4.271665096282959,5.0,4.260481094122094,23,75,215.13061161621746,0.0,False,0.116
cell-061-028,0,0,1.0,DFO_3629_From_20100327_to_20100331,Heavy Rain,2,27.017080307006836,0.5310861468315125,1.0,4.64238066820255,22,21,314.9636627625587,0.0,False,0.858
cell-061-029,0,0,1.0,DFO_3629_From_20100327_to_20100331,Heavy Rain,2,24.06186294555664,11.32365608215332,4.0,3.168900049730018,22,36,412.85815199968994,0.0,False,0.667
cell-061-030,0,0,1.0,DFO_3629_From_20100327_to_20100331,Heavy Rain,2,19.45359230041504,0.5046186447143555,2.0,5.0721126015516855,22,42,509.83495453554264,0.0,False,0.37
cell-062-011,0,0,1.0,DFO_3629_From_20100327_to_20100331,Heavy Rain,2,35.93174362182617,4.6698126792907715,44.0,6.196063806097694,41,0,145.5368501300948,0.0,False,1.432
cell-062-012,0,0,1.0,DFO_3629_From_20100327_to_20100331,Heavy Rain,2,27.32781219482422,7.575313091278076,404.0,7.948867800842451,41,0,61.11200397226501,6.485109708737583,False,0.878
cell-062-013,0,0,1.0,DFO_3629_From_20100327_to_20100331,Heavy Rain,2,17.653671264648438,11.325230598449707,5.0,3.3510856797530004,41,0,0.0,0.0,True,0.255
cell-062-014,0,0,1.0,DFO_3629_From_20100327_to_20100331,Heavy Rain,2,13.230728149414062,5.926445007324219,6.0,4.1191662394371305,41,0,0.0,45.403790431213565,True,-0.03
cell-062-015,0,0,1.0,DFO_3629_From_20100327_to_20100331,Heavy Rain,2,12.5272216796875,6.3247833251953125,7.0,4.192738789837765,90,0,9.514985535293818,0.0,True,-0.076
cell-062-016,0,0,1.0,DFO_3629_From_20100327_to_20100331,Heavy Rain,2,15.226633071899414,6.044809341430664,1.0,2.8482178241864866,21,1,0.0,0.0,True,0.098
cell-062-017,0,0,1.0,DFO_3629_From_20100327_to_20100331,Heavy Rain,2,11.865593910217285,12.646236419677734,11.0,3.935744109692658,22,28,0.0,0.0,True,-0.118
cell-062-018,0,0,1.0,DFO_3629_From_20100327_to_20100331,Heavy Rain,2,20.278310775756836,9.810802459716797,17.0,4.589055361605244,22,42,2.7890568738803267,0.0,True,0.424
cell-062-019,0,0,1.0,DFO_3629_From_20100327_to_20100331,Heavy Rain,2,21.22858428955078,8.961615562438965,2.0,2.8842041822504534,23,61,76.31848152206736,0.0,False,0.485
cell-062-020,0,0,1.0,DFO_3629_From_20100327_to_20100331,Heavy Rain,2,15.835199356079102,5.132572174072266,8.0,4.50160462013778,22,45,70.76545683367505,0.0,False,0.137
cell-062-021,0,0,1.0,DFO_3629_From_20100327_to_20100331,Heavy Rain,2,13.340009689331055,3.3437490463256836,7.0,4.761447245751369,23,65,41.979257311973974,0.0,False,-0.023
cell-062-022,0,0,1.0,DFO_3629_From_20100327_to_20100331,Heavy Rain,2,13.058208465576172,4.684642314910889,10.0,4.7844586831380775,23,59,36.647831500466054,0.0,True,-0.041
cell-062-023,0,0,1.0,DFO_3629_From_20100327_to_20100331,Heavy Rain,2,10.954289436340332,4.71456241607666,2.0,3.479474139615827,22,43,6.391754431014179,0.0,True,-0.177
cell-062-024,0,0,1.0,DFO_3629_From_20100327_to_20100331,Heavy Rain,2,7.052371978759766,1.6046468019485474,7.0,5.349250385178431,21,15,0.0,0.0,True,-0.428
cell-062-025,0,0,1.0,DFO_3629_From_20100327_to_20100331,Heavy Rain,2,11.036824226379395,3.3964178562164307,6.0,4.614525112810773,21,16,40.43110207977151,0.0,True,-0.172
cell-062-026,0,0,1.0,DFO_3629_From_20100327_to_20100331,Heavy Rain,2,14.433247566223145,4.751187324523926,1.0,3.0670730716869894,22,48,140.4252929823837,0.0,False,0.047
cell-062-027,0,0,1.0,DFO_3629_From_20100327_to_20100331,Heavy Rain,2,18.173585891723633,9.265108108520508,2.0,2.8523188391675722,21,1,240.41948388499586,0.0,False,0.288
cell-062-028,0,0,1.0,DFO_3629_From_20100327_to_20100331,Heavy Rain,2,16.45114517211914,4.605788707733154,3.0,3.7880395306513286,21,5,334.9760386900538,0.0,False,0.177
cell-063-011,0,0,1.0,DFO_3629_From_20100327_to_20100331,Heavy Rain,2,49.964027404785156,2.8165082931518555,2.0,3.9254970607204984,41,0,196.0536752647864,0.0,False,2.335
cell-063-012,0,0,1.0,DFO_3629_From_20100327_to_20100331,Heavy Rain,2,37.87644577026367,6.656006336212158,4.0,3.6754134526040594,41,0,98.86914024915441,0.0,False,1.557
cell-063-013,0,0,1.0,DFO_3629_From_20100327_to_20100331,Heavy Rain,2,16.750961303710938,11.131182670593262,15.0,4.348797676850604,41,0,16.62180127146778,0.0,True,0.196
cell-063-014,0,0,1.0,DFO_3629_From_20100327_to_20100331,Heavy Rain,2,12.282206535339355,6.263377666473389,2.0,3.2209270454638945,90,0,0.0,41.2417557414225,True,-0.091
cell-063-015,0,0,1.0,DFO_3629_From_20100327_to_20100331,Heavy Rain,2,12.655667304992676,11.004375457763672,7.0,3.666826601173196,31,0,0.0,0.0,True,-0.067
cell-063-016,0,0,1.0,DFO_3629_From_20100327_to_20100331,Heavy Rain,2,16.18016242980957,13.981562614440918,9.0,3.653565459700954,41,0,0.0,1.2559410066467391,True,0.16
cell-063-017,0,0,1.0,DFO_3629_From_20100327_to_20100331,Heavy Rain,2,15.49294376373291,6.04029655456543,17.0,5.046129805027351,41,0,0.0,30.4573015235186,True,0.115
cell-063-018,0,0,1.0,DFO_3629_From_20100327_to_20100331,Heavy Rain,2,11.506930351257324,3.7965471744537354,1.0,3.265451433313706,22,28,0.0,0.0,True,-0.141
cell-063-019,0,0,1.0,DFO_3629_From_20100327_to_20100331,Heavy Rain,2,12.237966537475586,2.994180202484131,12.0,5.340648074299286,21,13,0.0,0.0,True,-0.094
cell-063-020,0,0,1.0,DFO_3629_From_20100327_to_20100331,Heavy Rain,2,9.986708641052246,4.821346759796143,11.0,4.845676529938769,21,2,0.0,0.0,True,-0.239
cell-063-021,0,0,1.0,DFO_3629_From_20100327_to_20100331,Heavy Rain,2,7.968604564666748,1.2730059623718262,1222.0,10.544174123555091,21,2,0.0,0.0,True,-0.369
cell-063-022,0,0,1.0,DFO_3629_From_20100327_to_20100331,Heavy Rain,2,9.487456321716309,4.127641677856445,4.0,4.108453761866462,21,14,0.0,0.0,True,-0.271
cell-063-023,0,0,1.0,DFO_3629_From_20100327_to_20100331,Heavy Rain,2,8.426409721374512,2.6573801040649414,5.0,4.666809531815275,21,7,0.0,5.359006103128195,True,-0.34
cell-063-024,0,0,1.0,DFO_3629_From_20100327_to_20100331,Heavy Rain,2,11.051837921142578,7.72121000289917,5.0,3.718773367095078,22,44,0.0,0.0,True,-0.171
cell-063-025,0,0,1.0,DFO_3629_From_20100327_to_20100331,Heavy Rain,2,9.422758102416992,0.5561256408691406,1.0,4.61995247596726,21,10,60.25307780886273,0.0,True,-0.275
cell-063-026,0,0,1.0,DFO_3629_From_20100327_to_20100331,Heavy Rain,2,12.221006393432617,2.1686697006225586,2.0,4.137909636989748,22,40,155.24653303627258,0.0,True,-0.095
cell-063-027,0,0,1.0,DFO_3629_From_20100327_to_20100331,Heavy Rain,2,23.513343811035156,12.4794921875,4.0,3.0733947282065417,22,21,249.5809565484093,0.0,False,0.632
cell-063-028,0,0,1.0,DFO_3629_From_20100327_to_20100331,Heavy Rain,2,19.8646240234375,1.1213194131851196,1.0,4.2140334007229034,22,46,347.0612264595824,0.0,False,0.397
cell-064-011,0,0,1.0,DFO_3629_From_20100327_to_20100331,Heavy Rain,2,50.5759162902832,1.5440967082977295,5.0,5.089784082479082,41,0,135.90242553927777,0.0,False,2.375
cell-064-012,0,0,1.0,DFO_3629_From_20100327_to_20100331,Heavy Rain,2,31.105009078979492,14.902063369750977,8.0,3.484151616430609,41,0,97.01594317820854,0.0,False,1.121
cell-064-013,0,0,1.0,DFO_3629_From_20100327_to_20100331,Heavy Rain,2,14.944862365722656,5.39328670501709,149.0,7.270068754692915,90,0,0.0,0.0,True,0.08
cell-064-014,0,0,1.0,DFO_3629_From_20100327_to_20100331,Heavy Rain,2,10.774398803710938,1.338486671447754,4.0,5.009678263182796,90,0,0.0,3.7032653326236704,True,-0.188
cell-064-015,0,0,1.0,DFO_3629_From_20100327_to_20100331,Heavy Rain,2,15.635964393615723,2.8898556232452393,2.0,3.904049685115199,21,8,20.13979455632199,0.0,True,0.125
cell-064-016,0,0,1.0,DFO_3629_From_20100327_to_20100331,Heavy Rain,2,25.847095489501953,9.169637680053711,3.0,3.1499277795623253,41,0,66.36446575820446,1.9545355412410572,False,0.782
cell-064-017,0,0,1.0,DFO_3629_From_20100327_to_20100331,Heavy Rain,2,24.47480583190918,6.263632774353027,3.0,3.508571540363754,41,0,34.91429262836453,14.585117508308032,False,0.694
cell-064-018,0,0,1.0,DFO_3629_From_20100327_to_20100331,Heavy Rain,2,17.82217025756836,13.606208801269531,3.0,2.7644611304430597,21,10,12.389474851079285,0.0,True,0.265
cell-064-019,0,0,1.0,DFO_3629_From_20100327_to_20100331,Heavy Rain,2,11.649458885192871,3.1727118492126465,1.0,3.4199072365293084,21,6,0.0,0.0,True,-0.132
cell-064-020,0,0,1.0,DFO_3629_From_20100327_to_20100331,Heavy Rain,2,11.535784721374512,3.2635867595672607,1.0,3.395881265263221,21,11,0.0,0.0,True,-0.139
cell-064-021,0,0,1.0,DFO_3629_From_20100327_to_20100331,Heavy Rain,2,10.069344520568848,0.8597482442855835,9.0,5.991202082699187,21,5,25.461280524004874,0.0,True,-0.234
cell-064-022,0,0,1.0,DFO_3629_From_20100327_to_20100331,Heavy Rain,2,18.180686950683594,3.0946109294891357,1.0,3.4410240075657956,41,0,57.77014250368915,0.0,False,0.289
cell-064-023,0,0,1.0,DFO_3629_From_20100327_to_20100331,Heavy Rain,2,13.51583480834961,4.143043041229248,1.0,3.188879829456482,43,0,63.24979837613273,0.0,True,-0.012
cell-064-024,0,0,1.0,DFO_3629_From_20100327_to_20100331,Heavy Rain,2,12.598968505859375,2.505077838897705,26.0,6.219253451513515,21,18,81.00233557755334,0.0,False,-0.071
cell-064-025,0,0,1.0,DFO_3629_From_20100327_to_20100331,Heavy Rain,2,17.236347198486328,2.8695287704467773,1.0,3.504482666318939,43,0,121.91153968624748,0.0,False,0.228
cell-064-026,0,0,1.0,DFO_3629_From_20100327_to_20100331,Heavy Rain,2,15.132394790649414,7.661649703979492,4.0,3.5437489955612325,22,25,192.58669151765247,0.0,True,0.092
cell-064-027,0,0,1.0,DFO_3629_From_20100327_to_20100331,Heavy Rain,2,24.219074249267578,8.099004745483398,2.0,2.98049329254824,22,41,281.6324626010989,0.0,True,0.677
cell-064-028,0,0,1.0,DFO_3629_From_20100327_to_20100331,Heavy Rain,2,23.564647674560547,15.771397590637207,5.0,3.0212814313767575,23,66,376.22340999970123,0.0,False,0.635
cell-065-012,0,0,1.0,DFO_3629_From_20100327_to_20100331,Heavy Rain,2,29.496667861938477,12.148917198181152,1.0,2.1835823897101947,41,0,94.8676457221693,0.0,False,1.017
cell-065-013,0,0,1.0,DFO_3629_From_20100327_to_20100331,Heavy Rain,2,14.695229530334473,3.322958469390869,13.0,5.3263982615795165,41,0,19.672063621324043,0.0,True,0.064
cell-065-014,0,0,1.0,DFO_3629_From_20100327_to_20100331,Heavy Rain,2,12.455280303955078,4.3370819091796875,11.0,4.940162055381984,23,72,0.0,0.0,True,-0.08
cell-065-015,0,0,1.0,DFO_3629_From_20100327_to_20100331,Heavy Rain,2,16.744041442871094,0.3100731074810028,1.0,4.865765821713292,24,81,65.03683122992516,0.0,False,0.196
cell-065-016,0,0,1.0,DFO_3629_From_20100327_to_20100331,Heavy Rain,2,20.115760803222656,4.929388046264648,4.0,3.9502759036505797,43,0,153.91954880609663,0.0,False,0.413
cell-065-017,0,0,1.0,DFO_3629_From_20100327_to_20100331,Heavy Rain,2,23.093441009521484,3.3326613903045654,12.0,5.2497968718092105,41,0,122.6357397897378,5.005178142222576,False,0.605
cell-065-018,0,0,1.0,DFO_3629_From_20100327_to_20100331,Heavy Rain,2,18.611385345458984,3.755202054977417,22.0,5.717335070187628,21,5,103.88872432450687,0.0,False,0.316
cell-065-019,0,0,1.0,DFO_3629_From_20100327_to_20100331,Heavy Rain,2,26.556365966796875,1.8207217454910278,1.0,3.868286363562914,21,4,54.54121942538768,0.0,False,0.828
cell-065-020,0,0,1.0,DFO_3629_From_20100327_to_20100331,Heavy Rain,2,23.260744094848633,5.6150898933410645,2.0,3.321307631204471,21,4,54.59128993946099,0.0,False,0.616
cell-065-021,0,0,1.0,DFO_3629_From_20100327_to_20100331,Heavy Rain,2,10.363940238952637,0.37870121002197266,471.0,10.254748612196188,22,20,108.84378972144265,0.0,True,-0.215
cell-065-022,0,0,1.0,DFO_3629_From_20100327_to_20100331,Heavy Rain,2,18.410419464111328,8.125589370727539,3.0,3.2650717530327156,41,0,150.49243498499183,21.443182554240245,False,0.303
cell-065-023,0,0,1.0,DFO_3629_From_20100327_to_20100331,Heavy Rain,2,24.517553329467773,0.433202862739563,1.0,4.73522426791106,21,1,163.1474282527315,0.0,False,0.697
cell-065-024,0,0,1.0,DFO_3629_From_20100327_to_20100331,Heavy Rain,2,24.163097381591797,8.828109741210938,1.0,2.493076382603977,21,7,172.37799161077376,0.0,False,0.674
cell-065-025,0,0,1.0,DFO_3629_From_20100327_to_20100331,Heavy Rain,2,14.185351371765137,1.5330406427383423,13.0,5.942320873110548,41,0,214.37645253303614,0.0,False,0.031
cell-065-026,0,0,1.0,DFO_3629_From_20100327_to_20100331,Heavy Rain,2,18.18805694580078,6.927771091461182,2.0,3.1273216922957907,41,0,261.12156870257394,3.013058161160638,True,0.289
cell-065-027,0,0,1.0,DFO_3629_From_20100327_to_20100331,Heavy Rain,2,22.81101417541504,7.025106906890869,3.0,3.4019772622896096,41,0,332.2825362289402,36.87271293159574,True,0.587
cell-066-013,0,0,1.0,DFO_3629_From_20100327_to_20100331,Heavy Rain,2,12.423192024230957,11.974851608276367,8.0,3.7018617662272435,90,0,0.0,0.0,True,-0.082
cell-066-014,0,0,1.0,DFO_3629_From_20100327_to_20100331,Heavy Rain,2,14.795733451843262,1.4048748016357422,1.0,4.05923021061919,23,64,0.0,0.0,True,0.071
cell-066-015,0,0,1.0,DFO_3629_From_20100327_to_20100331,Heavy Rain,2,15.669543266296387,2.851149320602417,1.0,3.509845609473151,24,88,69.0510151422177,0.0,False,0.127
cell-066-016,0,0,1.0,DFO_3629_From_20100327_to_20100331,Heavy Rain,2,27.552845001220703,2.721583843231201,8.0,5.052562827431631,24,91,166.87269600233648,0.0,False,0.892
cell-066-017,0,0,1.0,DFO_3629_From_20100327_to_20100331,Heavy Rain,2,33.137046813964844,2.9888875484466553,2.0,3.8757987377357703,43,0,219.46843903125858,21.91147672466468,False,1.252
cell-066-018,0,0,1.0,DFO_3629_From_20100327_to_20100331,Heavy Rain,2,31.89462661743164,9.884007453918457,2.0,2.7901264602804163,21,3,179.54010356566437,0.0,False,1.172
cell-066-019,0,0,1.0,DFO_3629_From_20100327_to_20100331,Heavy Rain,2,25.388172149658203,1.3310109376907349,38.0,7.067722397420531,21,3,154.54121942538768,0.0,False,0.753
cell-066-020,0,0,1.0,DFO_3629_From_20100327_to_20100331,Heavy Rain,2,29.21499252319336,3.989326238632202,1.0,3.22213603520093,21,2,154.55889758383964,0.0,False,0.999
cell-066-021,0,0,1.0,DFO_3629_From_20100327_to_20100331,Heavy Rain,2,14.67905330657959,7.921792984008789,6.0,3.8487185184503625,21,2,185.35363648637434,0.0,False,0.063
cell-066-022,0,0,1.0,DFO_3629_From_20100327_to_20100331,Heavy Rain,2,22.250022888183594,4.17090368270874,5.0,4.281579878957277,41,0,245.3505655097327,19.800661834771745,False,0.551
cell-066-023,0,0,1.0,DFO_3629_From_20100327_to_20100331,Heavy Rain,2,21.115219116210938,5.605630397796631,2.0,3.322847814740763,21,2,263.03855506592134,36.63423565199027,False,0.478
cell-066-024,0,0,1.0,DFO_3629_From_20100327_to_20100331,Heavy Rain,2,27.252599716186523,12.841497421264648,3.0,2.8219629708756493,41,0,269.91128770820285,0.0,False,0.873
cell-066-025,0,0,1.0,DFO_3629_From_20100327_to_20100331,Heavy Rain,2,24.188138961791992,7.3379998207092285,1.0,2.668033252853877,43,0,303.9117123889868,0.0,False,0.675
cell-066-026,0,0,1.0,DFO_3629_From_20100327_to_20100331,Heavy Rain,2,19.431129455566406,9.315391540527344,2.0,2.8471276768718132,90,0,345.36837367319936,90.74448024248704,False,0.369
cell-067-014,0,0,1.0,DFO_3629_From_20100327_to_20100331,Heavy Rain,2,14.30113697052002,0.34838247299194336,1.0,4.8232954145434155,23,57,6.880424835020676,0.0,True,0.039
cell-067-015,0,0,1.0,DFO_3629_From_20100327_to_20100331,Heavy Rain,2,19.773334503173828,22.71529769897461,14.0,3.5552282434636666,23,56,106.88042483502068,0.0,False,0.391
cell-067-016,0,0,1.0,DFO_3629_From_20100327_to_20100331,Heavy Rain,2,31.1333065032959,10.3590669631958,9.0,3.9487079335083677,41,0,193.37115419705415,0.0,False,1.123
cell-067-017,0,0,1.0,DFO_3629_From_20100327_to_20100331,Heavy Rain,2,39.39939498901367,2.4250166416168213,1.0,3.6429540889465146,23,57,287.39358079944304,0.0,False,1.655
cell-067-018,0,0,1.0,DFO_3629_From_20100327_to_20100331,Heavy Rain,2,36.01121520996094,2.460871696472168,2.0,4.036514573299294,22,21,271.4340261186235,0.0,False,1.437
cell-067-019,0,0,1.0,DFO_3629_From_20100327_to_20100331,Heavy Rain,2,30.964706420898438,11.00135326385498,4.0,3.1970906986662904,22,22,254.54121942538768,0.0,False,1.112
cell-067-020,0,0,1.0,DFO_3629_From_20100327_to_20100331,Heavy Rain,2,25.74927520751953,8.822356224060059,2.0,2.8991637431027586,22,21,254.55195286504753,0.0,False,0.776
cell-067-021,0,0,1.0,DFO_3629_From_20100327_to_20100331,Heavy Rain,2,17.975696563720703,10.420491218566895,4.0,3.249829705481847,21,2,274.3432420232008,0.0,False,0.275
cell-067-022,0,0,1.0,DFO_3629_From_20100327_to_20100331,Heavy Rain,2,24.545860290527344,13.51353645324707,2.0,2.483592992178235,21,2,324.26164343147747,69.37378046053766,False,0.698
cell-067-023,0,0,1.0,DFO_3629_From_20100327_to_20100331,Heavy Rain,2,26.242023468017578,1.9182435274124146,38.0,6.798735873571032,43,0,362.8912940244128,17.094475589459762,False,0.808
cell-067-024,0,0,1.0,DFO_3629_From_20100327_to_20100331,Heavy Rain,2,35.55360794067383,5.475667476654053,3.0,3.631927999081037,22,26,368.7682666293787,0.0,False,1.407
cell-068-017,0,0,1.0,DFO_3629_From_20100327_to_20100331,Heavy Rain,2,39.72706604003906,2.8474667072296143,2.0,3.9163888365534287,21,9,302.28973971051164,0.0,False,1.676
cell-068-018,0,0,1.0,DFO_3629_From_20100327_to_20100331,Heavy Rain,2,35.169349670410156,7.427273750305176,2.0,3.062146947453,21,18,367.58413442445413,0.0,False,1.383
cell-068-019,0,0,1.0,DFO_3629_From_20100327_to_20100331,Heavy Rain,2,29.77330780029297,7.932934761047363,7.0,3.9809217203781952,22,23,354.5412194253877,0.0,False,1.035
cell-068-020,0,0,1.0,DFO_3629_From_20100327_to_20100331,Heavy Rain,2,25.16036033630371,5.968099594116211,2.0,3.265431723852627,21,16,354.5489255271928,0.0,False,0.738
cell-068-021,0,0,1.0,DFO_3629_From_20100327_to_20100331,Heavy Rain,2,19.998451232910156,8.066854476928711,2.0,2.984258945007369,21,1,369.0155258642623,27.357254521100167,False,0.406
cell-015-021,1,0,1.0,DFO_3861_From_20110827_to_20110913,Tropical Storm Irene,2,-1.3154746294021606,2.6461849212646484,6.0,4.824437215589947,11,0,0.0,13.507570363598182,True,-0.967
cell-015-022,1,0,1.0,DFO_3861_From_20110827_to_20110913,Tropical Storm Irene,2,2.4246315956115723,0.27058255672454834,1.0,4.911519324639224,22,42,13.0944428587177,0.0,True,-0.726
cell-016-021,1,0,1.0,DFO_3861_From_20110827_to_20110913,Tropical Storm Irene,2,-1.506100058555603,0.056115489453077316,9.0,6.814319580705883,11,0,0.0,42.909956693067215,True,-0.979
cell-016-022,1,0,1.0,DFO_3861_From_20110827_to_20110913,Tropical Storm Irene,2,3.0379738807678223,2.585913896560669,1.0,3.5906030690513457,23,66,0.0,0.0,True,-0.687
cell-017-021,1,0,1.0,DFO_3861_From_20110827_to_20110913,Tropical Storm Irene,2,-1.506100058555603,0.0,1.0,5.298317388899779,11,0,17.174589651728688,43.12751683146614,True,-0.979
cell-017-022,1,0,1.0,DFO_3861_From_20110827_to_20110913,Tropical Storm Irene,2,2.0331759452819824,6.997210502624512,2.0,3.118011904977972,23,61,0.0,1.1845499744042738,True,-0.751
cell-020-012,0,0,1.0,DFO_3861_From_20110827_to_20110913,Tropical Storm Irene,2,3.303015947341919,2.2935822010040283,1.0,3.6878408462768157,21,15,0.0,0.0,True,-0.67
cell-020-013,0,0,1.0,DFO_3861_From_20110827_to_20110913,Tropical Storm Irene,2,2.7254083156585693,1.606561541557312,2.0,4.367541687181025,22,32,0.0,0.0,True,-0.707
cell-020-014,0,0,1.0,DFO_3861_From_20110827_to_20110913,Tropical Storm Irene,2,2.4200222492218018,3.662853956222534,1.0,3.2966200013528106,23,71,0.0,0.0,True,-0.726
cell-020-015,0,0,1.0,DFO_3861_From_20110827_to_20110913,Tropical Storm Irene,2,1.231942057609558,3.9653420448303223,11.0,5.019184511076517,22,23,0.0,12.730955071747301,True,-0.803
cell-020-016,0,0,1.0,DFO_3861_From_20110827_to_20110913,Tropical Storm Irene,2,7.959383010864258,2.504103899002075,1.0,3.6168806927865704,21,18,49.63048222594476,0.0,True,-0.37
cell-020-017,0,0,1.0,DFO_3861_From_20110827_to_20110913,Tropical Storm Irene,2,4.393118858337402,8.327424049377441,4.0,3.464948477914738,43,0,0.0,0.0,True,-0.599
cell-020-018,0,0,1.0,DFO_3861_From_20110827_to_20110913,Tropical Storm Irene,2,-0.7709132432937622,5.67645788192749,68.0,6.446866383509407,90,0,0.0,20.32612253818661,True,-0.932
cell-020-019,0,0,1.0,DFO_3861_From_20110827_to_20110913,Tropical Storm Irene,2,-1.49407958984375,0.635934054851532,9.0,6.161086420981936,11,0,0.0,24.38575840712172,True,-0.978
cell-020-020,0,0,1.0,DFO_3861_From_20110827_to_20110913,Tropical Storm Irene,2,-1.158492922782898,4.670155048370361,9.0,4.691920832068691,21,1,0.0,0.0,True,-0.957
cell-020-023,0,0,1.0,DFO_3861_From_20110827_to_20110913,Tropical Storm Irene,2,-1.5055558681488037,0.03181035816669464,2.0,5.649749352921885,11,0,0.0,49.549470837881124,True,-0.979
cell-020-024,0,0,1.0,DFO_3861_From_20110827_to_20110913,Tropical Storm Irene,2,-1.5041297674179077,0.02457244321703911,304.0,10.283489124487133,11,0,0.0,56.152019339883104,True,-0.979
cell-020-025,0,0,1.0,DFO_3861_From_20110827_to_20110913,Tropical Storm Irene,2,3.9232821464538574,2.3382744789123535,1.0,3.6723515455444087,23,55,0.0,0.0,True,-0.63
cell-020-026,0,0,1.0,DFO_3861_From_20110827_to_20110913,Tropical Storm Irene,2,3.5681443214416504,2.8317549228668213,16.0,5.655602168782619,22,26,55.574835119795075,0.0,True,-0.652
cell-020-027,0,0,1.0,DFO_3861_From_20110827_to_20110913,Tropical Storm Irene,2,5.506412029266357,2.3923592567443848,1.0,3.6539212136097845,22,45,116.5363759184202,0.0,True,-0.528
cell-020-028,0,0,1.0,DFO_3861_From_20110827_to_20110913,Tropical Storm Irene,2,5.93847131729126,2.8362536430358887,3.0,4.20736030655006,22,25,89.87681477576821,0.0,False,-0.5
cell-021-012,0,0,1.0,DFO_3861_From_20110827_to_20110913,Tropical Storm Irene,2,2.42425537109375,1.1805039644241333,2.0,4.585151972064011,22,25,68.9492057831958,0.0,True,-0.726
cell-021-013,0,0,1.0,DFO_3861_From_20110827_to_20110913,Tropical Storm Irene,2,1.7559634447097778,0.10478727519512177,52.0,8.407502814646568,21,9,67.57604024442863,0.0,True,-0.769
cell-021-014,0,0,1.0,DFO_3861_From_20110827_to_20110913,Tropical Storm Irene,2,2.0393946170806885,0.5387565493583679,3.0,5.328603736729086,21,10,0.0,0.0,True,-0.751
cell-021-015,0,0,1.0,DFO_3861_From_20110827_to_20110913,Tropical Storm Irene,2,-0.609997570514679,1.4047890901565552,40.0,7.079698474499365,21,19,0.0,34.2440593453357,True,-0.922
cell-021-016,0,0,1.0,DFO_3861_From_20110827_to_20110913,Tropical Storm Irene,2,1.7463964223861694,2.083076238632202,1.0,3.764194497475658,22,42,0.0,0.0,True,-0.77
cell-021-017,0,0,1.0,DFO_3861_From_20110827_to_20110913,Tropical Storm Irene,2,5.33026647567749,3.8074944019317627,3.0,3.956088493094547,21,3,8.661237151310582,0.0,True,-0.539
cell-021-018,0,0,1.0,DFO_3861_From_20110827_to_20110913,Tropical Storm Irene,2,6.615693092346191,5.451276779174805,2.0,3.3483122903390523,21,5,19.456156568601727,0.0,True,-0.456
cell-021-019,0,0,1.0,DFO_3861_From_20110827_to_20110913,Tropical Storm Irene,2,0.9878237247467041,5.913671016693115,21.0,5.266280625318442,21,17,0.0,0.0,True,-0.819
cell-021-020,0,0,1.0,DFO_3861_From_20110827_to_20110913,Tropical Storm Irene,2,-1.5004668235778809,0.2833292782306671,4.0,5.812811756818531,11,0,0.0,16.03098308621503,True,-0.979
cell-021-023,0,0,1.0,DFO_3861_From_20110827_to_20110913,Tropical Storm Irene,2,2.277263641357422,3.8126626014709473,3.0,3.954905685145992,22,35,0.0,5.165436314418912,True,-0.736
cell-021-024,0,0,1.0,DFO_3861_From_20110827_to_20110913,Tropical Storm Irene,2,-1.398983359336853,1.4032524824142456,14.0,6.074954166360105,11,0,0.0,35.51690190755493,True,-0.972
cell-021-025,0,0,1.0,DFO_3861_From_20110827_to_20110913,Tropical Storm Irene,2,3.8256173133850098,1.4299014806747437,11.0,5.8384095920212875,21,7,11.096390557527345,0.0,True,-0.636
cell-021-026,0,0,1.0,DFO_3861_From_20110827_to_20110913,Tropical Storm Irene,2,7.152413845062256,1.243044376373291,1.0,4.144629255645517,21,3,81.9652804111386,0.0,False,-0.422
cell-021-027,0,0,1.0,DFO_3861_From_20110827_to_20110913,Tropical Storm Irene,2,7.491910457611084,2.7361066341400146,1.0,3.5440798118885914,21,5,174.86474745895248,0.0,False,-0.4
cell-022-012,0,0,1.0,DFO_3861_From_20110827_to_20110913,Tropical Storm Irene,2,2.5432467460632324,0.6808344125747681,4.0,5.431466613157553,21,17,94.51346928418336,0.0,True,-0.718
cell-022-013,0,0,1.0,DFO_3861_From_20110827_to_20110913,Tropical Storm Irene,2,2.6519086360931396,1.3418396711349487,1.0,4.091634126373274,21,10,80.84285598577165,0.0,True,-0.711
cell-022-014,0,0,1.0,DFO_3861_From_20110827_to_20110913,Tropical Storm Irene,2,3.3019306659698486,2.5403006076812744,3.0,4.298316437595928,22,44,4.537787618581917,0.0,True,-0.67
cell-022-015,0,0,1.0,DFO_3861_From_20110827_to_20110913,Tropical Storm Irene,2,-0.23754189908504486,2.6655240058898926,2.0,3.971140462464256,23,59,0.0,4.813314335187897,True,-0.898
cell-022-016,0,0,1.0,DFO_3861_From_20110827_to_20110913,Tropical Storm Irene,2,0.13279622793197632,2.0751705169677734,4.0,4.683469101545252,21,6,0.0,18.303440659043428,True,-0.874
cell-022-017,0,0,1.0,DFO_3861_From_20110827_to_20110913,Tropical Storm Irene,2,2.136303186416626,1.621271014213562,2.0,4.360811361881644,21,5,7.212120651151054,0.0,True,-0.745
cell-022-018,0,0,1.0,DFO_3861_From_20110827_to_20110913,Tropical Storm Irene,2,3.3017008304595947,4.349478244781494,3.0,3.8390180436408583,22,20,36.658141342923045,0.0,True,-0.67
cell-022-019,0,0,1.0,DFO_3861_From_20110827_to_20110913,Tropical Storm Irene,2,4.8192033767700195,1.8864545822143555,1.0,3.8411745361604988,21,9,0.0,0.0,True,-0.572
cell-022-020,0,0,1.0,DFO_3861_From_20110827_to_20110913,Tropical Storm Irene,2,-0.7601028680801392,7.948057651519775,3.0,3.285974421045502,95,0,0.0,0.0,True,-0.931
cell-022-023,0,0,1.0,DFO_3861_From_20110827_to_20110913,Tropical Storm Irene,2,3.155679225921631,1.7653746604919434,2.0,4.297162220318961,22,30,0.0,0.0,True,-0.679
cell-022-024,0,0,1.0,DFO_3861_From_20110827_to_20110913,Tropical Storm Irene,2,0.18923473358154297,6.949127197265625,39.0,5.714716777638397,23,67,0.0,0.0,True,-0.87
cell-022-025,0,0,1.0,DFO_3861_From_20110827_to_20110913,Tropical Storm Irene,2,4.81739616394043,1.8728715181350708,8.0,5.3507943691346,21,18,24.40919671869923,0.0,True,-0.572
cell-022-026,0,0,1.0,DFO_3861_From_20110827_to_20110913,Tropical Storm Irene,2,7.423330307006836,0.39194729924201965,1.0,4.777093373021122,21,10,123.1021603199015,0.0,False,-0.404
cell-022-027,0,0,1.0,DFO_3861_From_20110827_to_20110913,Tropical Storm Irene,2,8.26363468170166,1.0205987691879272,1.0,4.2753380263594245,22,49,176.94557259016435,0.0,False,-0.35
cell-023-011,0,0,1.0,DFO_3861_From_20110827_to_20110913,Tropical Storm Irene,2,2.5611236095428467,0.2370835840702057,2.0,5.357507545970421,21,17,0.0,0.0,True,-0.717
cell-023-012,0,0,1.0,DFO_3861_From_20110827_to_20110913,Tropical Storm Irene,2,2.753382444381714,2.2350525856018066,2.0,4.1139591009096055,23,66,0.0,0.0,True,-0.705
cell-023-013,0,0,1.0,DFO_3861_From_20110827_to_20110913,Tropical Storm Irene,2,3.1250669956207275,0.10235966742038727,1.0,5.133946387233991,23,53,0.0,0.0,True,-0.681
cell-023-014,0,0,1.0,DFO_3861_From_20110827_to_20110913,Tropical Storm Irene,2,3.336134910583496,1.5739513635635376,1.0,3.9771604941724186,23,56,0.0,0.0,True,-0.667
cell-023-015,0,0,1.0,DFO_3861_From_20110827_to_20110913,Tropical Storm Irene,2,1.366405725479126,1.8372031450271606,2.0,4.266884416247988,22,21,0.0,8.098521310981464,True,-0.794
cell-023-016,0,0,1.0,DFO_3861_From_20110827_to_20110913,Tropical Storm Irene,2,2.436037540435791,3.7743611335754395,2.0,3.6760226474410023,21,5,1.3014974926910945,0.0,True,-0.725
cell-023-017,0,0,1.0,DFO_3861_From_20110827_to_20110913,Tropical Storm Irene,2,0.2993077039718628,0.3730752766132355,1.0,4.796846261343273,21,7,4.131182726723491,0.0,True,-0.863
cell-023-018,0,0,1.0,DFO_3861_From_20110827_to_20110913,Tropical Storm Irene,2,-0.693986713886261,1.6094108819961548,6.0,5.213532193671511,22,21,0.0,0.0,True,-0.927
cell-023-019,0,0,1.0,DFO_3861_From_20110827_to_20110913,Tropical Storm Irene,2,0.9289434552192688,8.143366813659668,1.0,2.5698543797839393,22,21,0.0,0.0,True,-0.822
cell-023-020,0,0,1.0,DFO_3861_From_20110827_to_20110913,Tropical Storm Irene,2,3.0421218872070312,12.648481369018555,5.0,3.242421276947237,23,58,0.0,0.0,True,-0.686
cell-023-021,0,0,1.0,DFO_3861_From_20110827_to_20110913,Tropical Storm Irene,2,1.2839359045028687,14.444988250732422,2.0,2.4168986298429838,11,0,0.0,0.0,True,-0.8
cell-023-022,0,0,1.0,DFO_3861_From_20110827_to_20110913,Tropical Storm Irene,2,-0.9279927015304565,0.3339427709579468,21.0,7.236987765045779,22,21,0.0,15.39825070725213,True,-0.942
cell-023-023,0,0,1.0,DFO_3861_From_20110827_to_20110913,Tropical Storm Irene,2,2.4022796154022217,1.1946550607681274,5.0,5.27025855631805,21,8,0.8437509598443284,0.0,True,-0.728
cell-023-024,0,0,1.0,DFO_3861_From_20110827_to_20110913,Tropical Storm Irene,2,5.6515021324157715,2.831907272338867,1.0,3.515491150241432,22,28,28.652887460775673,0.0,True,-0.518
cell-023-025,0,0,1.0,DFO_3861_From_20110827_to_20110913,Tropical Storm Irene,2,6.55301570892334,2.1350748538970947,6.0,4.997549560946758,21,8,61.06324990797488,26.820872808931703,False,-0.46
cell-023-026,0,0,1.0,DFO_3861_From_20110827_to_20110913,Tropical Storm Irene,2,8.786304473876953,1.0376619100570679,1.0,4.264684730936786,21,19,152.83735315268487,0.0,False,-0.316
cell-023-027,0,0,1.0,DFO_3861_From_20110827_to_20110913,Tropical Storm Irene,2,7.8912529945373535,0.5239405632019043,10.0,6.353622355243095,21,17,202.67181462517067,0.0,False,-0.374
cell-023-028,0,0,1.0,DFO_3861_From_20110827_to_20110913,Tropical Storm Irene,2,7.946514129638672,1.0374845266342163,1.0,4.264794855477017,23,63,111.34085423317703,0.0,False,-0.371
cell-023-029,0,0,1.0,DFO_3861_From_20110827_to_20110913,Tropical Storm Irene,2,6.331888198852539,0.8150839805603027,1.0,4.413440557056057,22,36,11.494394873051355,0.0,True,-0.475
cell-024-011,0,0,1.0,DFO_3861_From_20110827_to_20110913,Tropical Storm Irene,2,2.755897283554077,0.9330951571464539,7.0,5.7181214261385565,23,71,0.0,0.0,True,-0.705
cell-024-012,0,0,1.0,DFO_3861_From_20110827_to_20110913,Tropical Storm Irene,2,3.8186423778533936,1.2309359312057495,2.0,4.556786795546127,24,100,0.0,0.0,True,-0.636
cell-024-013,0,0,1.0,DFO_3861_From_20110827_to_20110913,Tropical Storm Irene,2,3.6114790439605713,0.7548604607582092,2.0,4.863269134455517,21,7,3.135693345918153,0.0,True,-0.65
cell-024-014,0,0,1.0,DFO_3861_From_20110827_to_20110913,Tropical Storm Irene,2,3.2940728664398193,0.17602591216564178,1.0,5.0304114777688875,21,6,0.0,1.4037990888824208,True,-0.67
cell-024-015,0,0,1.0,DFO_3861_From_20110827_to_20110913,Tropical Storm Irene,2,3.5126307010650635,3.157095432281494,3.0,4.117241493768961,21,13,37.05574862398057,0.0,True,-0.656
cell-024-016,0,0,1.0,DFO_3861_From_20110827_to_20110913,Tropical Storm Irene,2,4.015291213989258,3.5680158138275146,2.0,3.72479348179798,21,1,0.0,0.0,True,-0.624
cell-024-017,0,0,1.0,DFO_3861_From_20110827_to_20110913,Tropical Storm Irene,2,1.5505563020706177,5.054360866546631,1.0,3.011406655379243,21,15,0.0,0.0,True,-0.782
cell-024-018,0,0,1.0,DFO_3861_From_20110827_to_20110913,Tropical Storm Irene,2,1.5454107522964478,6.751767158508301,8.0,4.249914551248849,21,12,0.5769958337768912,0.0,True,-0.783
cell-024-019,0,0,1.0,DFO_3861_From_20110827_to_20110913,Tropical Storm Irene,2,0.8114205598831177,2.887873411178589,1.0,3.4991583150517216,23,52,0.0,0.0,True,-0.83
cell-024-020,0,0,1.0,DFO_3861_From_20110827_to_20110913,Tropical Storm Irene,2,5.992790222167969,8.594172477722168,8.0,4.022757474959819,22,34,24.66119675221853,0.0,True,-0.496
cell-024-021,0,0,1.0,DFO_3861_From_20110827_to_20110913,Tropical Storm Irene,2,4.935135364532471,7.254492282867432,5.0,3.777377369900543,23,74,10.912096494831433,0.0,True,-0.564
cell-024-022,0,0,1.0,DFO_3861_From_20110827_to_20110913,Tropical Storm Irene,2,4.548548698425293,2.415193796157837,2.0,4.0517052769517345,22,31,0.0,0.0,True,-0.589
cell-024-023,0,0,1.0,DFO_3861_From_20110827_to_20110913,Tropical Storm Irene,2,2.3279170989990234,0.27719154953956604,3.0,5.596862022651896,21,14,0.8530544864500467,36.10454703986743,True,-0.732
cell-024-024,0,0,1.0,DFO_3861_From_20110827_to_20110913,Tropical Storm Irene,2,6.023879051208496,5.416502475738525,10.0,4.653420974044908,22,32,100.84382923077504,0.0,True,-0.494
cell-024-025,0,0,1.0,DFO_3861_From_20110827_to_20110913,Tropical Storm Irene,2,7.877121925354004,2.0453615188598633,12.0,5.650311810028076,22,36,145.6377761001843,0.0,False,-0.375
cell-024-026,0,0,1.0,DFO_3861_From_20110827_to_20110913,Tropical Storm Irene,2,7.98309326171875,0.9763802886009216,29.0,7.011535563205977,22,22,202.16170773899518,0.0,False,-0.368
cell-024-027,0,0,1.0,DFO_3861_From_20110827_to_20110913,Tropical Storm Irene,2,6.951130390167236,1.2271175384521484,5.0,5.25205375690604,23,52,232.51609955042787,0.0,False,-0.435
cell-024-028,0,0,1.0,DFO_3861_From_20110827_to_20110913,Tropical Storm Irene,2,6.5228800773620605,0.26133114099502563,2.0,5.328012575871592,22,47,144.90518112957486,0.0,False,-0.462
cell-024-029,0,0,1.0,DFO_3861_From_20110827_to_20110913,Tropical Storm Irene,2,6.944671154022217,1.9602872133255005,2.0,4.2170362253017135,23,54,60.97195845448792,0.0,False,-0.435
cell-025-010,0,0,1.0,DFO_3861_From_20110827_to_20110913,Tropical Storm Irene,2,6.708659648895264,2.5268726348876953,7.0,4.995792378341969,23,75,76.29136808256328,0.0,False,-0.45
cell-025-011,0,0,1.0,DFO_3861_From_20110827_to_20110913,Tropical Storm Irene,2,5.199642181396484,3.87392258644104,3.0,3.940989533418746,23,77,58.41637281887233,0.0,True,-0.547
cell-025-012,0,0,1.0,DFO_3861_From_20110827_to_20110913,Tropical Storm Irene,2,3.575166702270508,0.04095130041241646,1.0,5.22928257152287,24,86,64.10406421837423,0.0,True,-0.652
cell-025-013,0,0,1.0,DFO_3861_From_20110827_to_20110913,Tropical Storm Irene,2,3.465374231338501,0.4419086277484894,1.0,4.72660851232325,24,80,30.468718205345795,0.0,True,-0.659
cell-025-014,0,0,1.0,DFO_3861_From_20110827_to_20110913,Tropical Storm Irene,2,1.0304780006408691,4.9845380783081055,11.0,4.81571900733245,22,25,0.0,0.0,True,-0.816
cell-025-015,0,0,1.0,DFO_3861_From_20110827_to_20110913,Tropical Storm Irene,2,5.684743404388428,3.7870125770568848,2.0,3.6731077854821508,21,6,26.258345252019353,0.0,True,-0.516
cell-025-016,0,0,1.0,DFO_3861_From_20110827_to_20110913,Tropical Storm Irene,2,4.875091075897217,2.055117607116699,1.0,3.7747868366156156,21,1,24.6657319976673,0.0,True,-0.568
cell-025-017,0,0,1.0,DFO_3861_From_20110827_to_20110913,Tropical Storm Irene,2,5.592707633972168,4.897648811340332,8.0,4.543877532801204,21,10,23.929711682721972,0.0,True,-0.522
cell-025-018,0,0,1.0,DFO_3861_From_20110827_to_20110913,Tropical Storm Irene,2,1.3394213914871216,6.578855991363525,9.0,4.379390104449864,22,25,39.090158202767455,0.0,True,-0.796
cell-025-019,0,0,1.0,DFO_3861_From_20110827_to_20110913,Tropical Storm Irene,2,0.23480983078479767,0.523627519607544,1.0,4.649159760743305,21,4,0.0,0.0,True,-0.867
cell-025-020,0,0,1.0,DFO_3861_From_20110827_to_20110913,Tropical Storm Irene,2,0.037291593849658966,0.04931407421827316,4.0,6.132043093522518,21,12,18.5726633007871,0.0,True,-0.88
cell-025-021,0,0,1.0,DFO_3861_From_20110827_to_20110913,Tropical Storm Irene,2,5.233949661254883,0.5379226803779602,1.0,4.6362069507280665,22,26,100.67838767349791,0.0,True,-0.545
cell-025-022,0,0,1.0,DFO_3861_From_20110827_to_20110913,Tropical Storm Irene,2,3.3757848739624023,1.8116639852523804,3.0,4.5652275080452265,22,41,73.93462718743831,0.0,True,-0.665
cell-025-023,0,0,1.0,DFO_3861_From_20110827_to_20110913,Tropical Storm Irene,2,3.5141706466674805,1.7185680866241455,1.0,3.9119312035879488,22,20,80.197014941947,0.0,True,-0.656
cell-025-024,0,0,1.0,DFO_3861_From_20110827_to_20110913,Tropical Storm Irene,2,7.022148609161377,3.2663700580596924,1.0,3.3951543916272695,22,33,136.9532637909457,0.0,True,-0.43
cell-025-025,0,0,1.0,DFO_3861_From_20110827_to_20110913,Tropical Storm Irene,2,7.394805908203125,1.641291618347168,2.0,4.351723002446186,21,16,224.41781525146084,0.0,False,-0.406
cell-025-026,0,0,1.0,DFO_3861_From_20110827_to_20110913,Tropical Storm Irene,2,6.571305274963379,0.3571659028530121,4.0,5.7300975895250525,21,6,279.96331122698075,0.0,False,-0.459
cell-025-027,0,0,1.0,DFO_3861_From_20110827_to_20110913,Tropical Storm Irene,2,6.369251728057861,0.4762108623981476,2.0,5.0988307326252045,21,15,283.3875302726848,0.0,False,-0.472
cell-025-028,0,0,1.0,DFO_3861_From_20110827_to_20110913,Tropical Storm Irene,2,6.584524631500244,1.61849844455719,2.0,4.3620765836240425,22,41,202.18661409962468,0.0,False,-0.458
cell-025-029,0,0,1.0,DFO_3861_From_20110827_to_20110913,Tropical Storm Irene,2,7.262601852416992,0.7951023578643799,2.0,4.83340813422984,21,14,118.84393294232854,0.0,False,-0.415
cell-026-010,0,0,1.0,DFO_3861_From_20110827_to_20110913,Tropical Storm Irene,2,5.564984321594238,7.0411553382873535,3.0,3.3998451814536987,23,63,166.8862820924757,0.0,True,-0.524
cell-026-011,0,0,1.0,DFO_3861_From_20110827_to_20110913,Tropical Storm Irene,2,3.6533257961273193,0.6496039628982544,2.0,4.945868053719743,24,94,158.41637281887233,0.0,True,-0.647
cell-026-012,0,0,1.0,DFO_3861_From_20110827_to_20110913,Tropical Storm Irene,2,4.016288757324219,5.690500736236572,3.0,3.596794208782587,22,25,134.91873805560158,0.0,True,-0.624
cell-026-013,0,0,1.0,DFO_3861_From_20110827_to_20110913,Tropical Storm Irene,2,3.1765811443328857,1.1878818273544312,14.0,6.190389742561962,23,55,43.16802784353415,0.0,True,-0.678
cell-026-014,0,0,1.0,DFO_3861_From_20110827_to_20110913,Tropical Storm Irene,2,0.4611724317073822,1.5288878679275513,2.0,4.40385072700085,21,13,0.0,0.0,True,-0.853
cell-026-015,0,0,1.0,DFO_3861_From_20110827_to_20110913,Tropical Storm Irene,2,1.4634690284729004,1.4263652563095093,9.0,5.6578560420671185,21,9,0.0,0.0,True,-0.788
cell-026-016,0,0,1.0,DFO_3861_From_20110827_to_20110913,Tropical Storm Irene,2,3.622257947921753,5.3331475257873535,1.0,2.962774050064645,21,9,53.1378495260841,0.0,True,-0.649
cell-026-017,0,0,1.0,DFO_3861_From_20110827_to_20110913,Tropical Storm Irene,2,1.519469141960144,4.0369181632995605,5.0,4.310334590257373,21,12,123.92971168272197,0.0,True,-0.784
cell-026-018,0,0,1.0,DFO_3861_From_20110827_to_20110913,Tropical Storm Irene,2,4.34844970703125,11.912625312805176,1.0,2.2029062430700805,21,4,87.74036018497522,0.0,True,-0.602
cell-026-019,0,0,1.0,DFO_3861_From_20110827_to_20110913,Tropical Storm Irene,2,1.5663235187530518,3.625063896179199,1.0,3.3056073755312325,22,21,70.38238598406315,0.0,True,-0.781
cell-026-020,0,0,1.0,DFO_3861_From_20110827_to_20110913,Tropical Storm Irene,2,5.952729225158691,12.664657592773438,1.0,2.1425447327195837,21,11,78.32075801816175,0.0,True,-0.499
cell-026-021,0,0,1.0,DFO_3861_From_20110827_to_20110913,Tropical Storm Irene,2,0.5511313676834106,0.7029620409011841,3.0,5.190826322601876,21,15,140.88532558312352,0.0,True,-0.847
cell-026-022,0,0,1.0,DFO_3861_From_20110827_to_20110913,Tropical Storm Irene,2,4.202761173248291,0.5736098885536194,1.0,4.604584577942267,21,13,173.9346271874383,0.0,True,-0.612
cell-026-023,0,0,1.0,DFO_3861_From_20110827_to_20110913,Tropical Storm Irene,2,3.135219097137451,1.7961130142211914,5.0,4.9772401909913935,22,21,176.79327913164943,0.0,True,-0.68
cell-026-024,0,0,1.0,DFO_3861_From_20110827_to_20110913,Tropical Storm Irene,2,6.751336574554443,0.24084120988845825,6.0,6.200177277023053,21,11,212.13749569070373,0.0,False,-0.448
cell-026-025,0,0,1.0,DFO_3861_From_20110827_to_20110913,Tropical Storm Irene,2,6.219959735870361,0.21648044884204865,1.0,4.977806553081645,21,10,277.5874400254734,0.0,False,-0.482
cell-026-026,0,0,1.0,DFO_3861_From_20110827_to_20110913,Tropical Storm Irene,2,8.533995628356934,5.407604217529297,2.0,3.355634009303955,21,1,359.3149824901103,0.0,False,-0.333
cell-026-027,0,0,1.0,DFO_3861_From_20110827_to_20110913,Tropical Storm Irene,2,5.816425323486328,3.042587995529175,19.0,5.757924860208303,21,3,294.3280159855494,0.0,False,-0.508
cell-026-028,0,0,1.0,DFO_3861_From_20110827_to_20110913,Tropical Storm Irene,2,6.160212516784668,1.6772212982177734,2.0,4.335616492691011,21,4,194.32801598554943,0.0,False,-0.486
cell-026-029,0,0,1.0,DFO_3861_From_20110827_to_20110913,Tropical Storm Irene,2,6.040158748626709,2.483996629714966,5.0,4.722057991913949,23,68,94.32801598554943,0.0,False,-0.493
cell-027-009,0,0,1.0,DFO_3861_From_20110827_to_20110913,Tropical Storm Irene,2,11.990910530090332,9.247023582458496,1.0,2.4487269620466487,22,46,298.77531150505956,0.0,False,-0.11
cell-027-010,0,0,1.0,DFO_3861_From_20110827_to_20110913,Tropical Storm Irene,2,4.605469703674316,2.57346510887146,7.0,4.980852076181905,24,81,264.3514506436263,0.0,True,-0.586
cell-027-011,0,0,1.0,DFO_3861_From_20110827_to_20110913,Tropical Storm Irene,2,4.151660442352295,0.9855838418006897,221.0,9.007091460015024,24,93,258.41637281887233,0.0,True,-0.615
cell-027-012,0,0,1.0,DFO_3861_From_20110827_to_20110913,Tropical Storm Irene,2,10.507584571838379,4.564668655395508,10.0,4.807648329332301,22,41,177.33197465836767,0.0,True,-0.206
cell-027-013,0,0,1.0,DFO_3861_From_20110827_to_20110913,Tropical Storm Irene,2,0.6894486546516418,0.5241553783416748,2.0,5.0541436372161375,21,5,92.14325316095378,0.0,True,-0.838
cell-027-014,0,0,1.0,DFO_3861_From_20110827_to_20110913,Tropical Storm Irene,2,0.4212023615837097,0.20406927168369293,1.0,4.993653124809904,21,7,13.7475085046608,0.0,True,-0.855
cell-027-015,0,0,1.0,DFO_3861_From_20110827_to_20110913,Tropical Storm Irene,2,1.0098984241485596,1.2155495882034302,1.0,4.15989079021313,21,10,0.0,0.0,True,-0.817
cell-027-016,0,0,1.0,DFO_3861_From_20110827_to_20110913,Tropical Storm Irene,2,1.2902982234954834,0.8681641221046448,10.0,6.080654276333199,21,8,0.0,0.0,True,-0.799
cell-027-017,0,0,1.0,DFO_3861_From_20110827_to_20110913,Tropical Storm Irene,2,0.9333869218826294,1.698701024055481,14.0,5.935547667051585,21,6,72.04309188892398,0.0,True,-0.822
cell-027-018,0,0,1.0,DFO_3861_From_20110827_to_20110913,Tropical Storm Irene,2,5.2523956298828125,3.0079503059387207,3.0,4.158132704068343,21,11,131.14045325905914,0.0,True,-0.544
cell-027-019,0,0,1.0,DFO_3861_From_20110827_to_20110913,Tropical Storm Irene,2,0.5031130909919739,2.868302345275879,1.0,3.504839740458996,21,18,115.36458752956243,0.0,True,-0.85
cell-027-020,0,0,1.0,DFO_3861_From_20110827_to_20110913,Tropical Storm Irene,2,5.064991474151611,7.508659839630127,4.0,3.562731328279716,22,26,119.48670060889648,0.0,True,-0.556
cell-027-021,0,0,1.0,DFO_3861_From_20110827_to_20110913,Tropical Storm Irene,2,4.749478816986084,3.5452497005462646,5.0,4.423468711366705,21,1,132.02790434225327,0.0,True,-0.576
cell-027-022,0,0,1.0,DFO_3861_From_20110827_to_20110913,Tropical Storm Irene,2,4.557679653167725,0.7149219512939453,1.0,4.4883481175838424,22,20,177.60998758039818,0.0,True,-0.589
cell-027-023,0,0,1.0,DFO_3861_From_20110827_to_20110913,Tropical Storm Irene,2,7.174514293670654,0.3459901809692383,1.0,4.8258952943183555,21,8,255.94665774161345,0.0,False,-0.42
cell-027-024,0,0,1.0,DFO_3861_From_20110827_to_20110913,Tropical Storm Irene,2,6.340491771697998,1.6729182004928589,4.0,4.848357550348896,21,17,302.07356337960846,0.0,False,-0.474
cell-027-025,0,0,1.0,DFO_3861_From_20110827_to_20110913,Tropical Storm Irene,2,6.118669509887695,2.270667552947998,8.0,5.1999535839673845,21,7,351.1422894993236,0.0,False,-0.488
cell-027-026,0,0,1.0,DFO_3861_From_20110827_to_20110913,Tropical Storm Irene,2,9.634721755981445,1.3272573947906494,1.0,4.099281997226274,21,2,389.0826539838321,0.0,False,-0.262
cell-027-027,0,0,1.0,DFO_3861_From_20110827_to_20110913,Tropical Storm Irene,2,4.854504108428955,0.20071183145046234,14.0,7.012886413709937,21,14,295.6293706406671,0.0,False,-0.57
cell-027-028,0,0,1.0,DFO_3861_From_20110827_to_20110913,Tropical Storm Irene,2,7.249205589294434,6.095335483551025,2.0,3.246017259373467,21,5,196.2934578336401,0.0,False,-0.415
cell-027-029,0,0,1.0,DFO_3861_From_20110827_to_20110913,Tropical Storm Irene,2,4.417531967163086,1.4879021644592285,1.0,4.018088513330541,22,29,97.52992223124663,0.0,True,-0.598
cell-028-009,0,0,1.0,DFO_3861_From_20110827_to_20110913,Tropical Storm Irene,2,13.160747528076172,4.3802571296691895,1.0,3.139611956795424,23,57,388.96959401948834,0.0,False,-0.035
cell-028-010,0,0,1.0,DFO_3861_From_20110827_to_20110913,Tropical Storm Irene,2,4.502608299255371,2.488079071044922,6.0,4.874872173126272,23,70,363.1973950403965,0.0,False,-0.592
cell-028-011,0,0,1.0,DFO_3861_From_20110827_to_20110913,Tropical Storm Irene,2,7.1362152099609375,6.403446674346924,3.0,3.48815426117171,23,77,314.1270885894774,0.0,False,-0.423
cell-028-012,0,0,1.0,DFO_3861_From_20110827_to_20110913,Tropical Storm Irene,2,11.510743141174316,10.476712226867676,2.0,2.733785212464514,23,70,214.18135425876386,0.0,False,-0.141
cell-028-013,0,0,1.0,DFO_3861_From_20110827_to_20110913,Tropical Storm Irene,2,6.530858039855957,14.587444305419922,3.0,2.694715113408003,21,4,114.3305612622226,0.0,True,-0.462
cell-028-014,0,0,1.0,DFO_3861_From_20110827_to_20110913,Tropical Storm Irene,2,0.4592665135860443,0.7530015110969543,38.0,7.429619698155042,21,4,16.410422448906246,0.0,True,-0.853
cell-028-015,0,0,1.0,DFO_3861_From_20110827_to_20110913,Tropical Storm Irene,2,0.5834531784057617,0.4420948922634125,5.0,5.8250373180418,21,7,7.066253741093894,0.0,True,-0.845
cell-028-016,0,0,1.0,DFO_3861_From_20110827_to_20110913,Tropical Storm Irene,2,0.9523552656173706,2.3239150047302246,5.0,4.775914564863173,21,7,0.0,0.0,True,-0.821
cell-028-017,0,0,1.0,DFO_3861_From_20110827_to_20110913,Tropical Storm Irene,2,3.8917598724365234,8.79691219329834,4.0,3.4127457789977576,21,12,6.0839581416816255,0.0,True,-0.632
cell-028-018,0,0,1.0,DFO_3861_From_20110827_to_20110913,Tropical Storm Irene,2,5.512720584869385,4.652564525604248,1.0,3.0858592708814196,21,9,61.284411275764576,0.0,True,-0.527
cell-028-019,0,0,1.0,DFO_3861_From_20110827_to_20110913,Tropical Storm Irene,2,0.3129432499408722,0.5130571126937866,3.0,5.351993696665075,21,7,15.364587529562412,0.0,True,-0.862
cell-028-020,0,0,1.0,DFO_3861_From_20110827_to_20110913,Tropical Storm Irene,2,0.18425188958644867,0.08977601677179337,1.0,5.152755879223787,21,6,29.72929769568145,0.0,True,-0.87
cell-028-021,0,0,1.0,DFO_3861_From_20110827_to_20110913,Tropical Storm Irene,2,6.8516058921813965,2.5648038387298584,2.0,4.002783223007451,22,40,36.883541262610485,0.0,True,-0.441
cell-028-022,0,0,1.0,DFO_3861_From_20110827_to_20110913,Tropical Storm Irene,2,7.083876132965088,1.0281176567077637,4.0,5.186920414914734,21,7,122.52530658516675,0.0,False,-0.426
cell-028-023,0,0,1.0,DFO_3861_From_20110827_to_20110913,Tropical Storm Irene,2,6.999573707580566,1.0751692056655884,80.0,7.942960031112202,21,9,220.16199901439913,0.0,False,-0.432
cell-028-024,0,0,1.0,DFO_3861_From_20110827_to_20110913,Tropical Storm Irene,2,9.4295654296875,0.6896383762359619,1.0,4.508177765479509,21,8,289.06603034163805,0.0,False,-0.275
cell-028-025,0,0,1.0,DFO_3861_From_20110827_to_20110913,Tropical Storm Irene,2,6.486140727996826,0.8291215300559998,1.0,4.403376502978024,21,17,285.34747336898,0.0,False,-0.465
cell-028-026,0,0,1.0,DFO_3861_From_20110827_to_20110913,Tropical Storm Irene,2,6.448667049407959,4.06213903427124,4.0,4.122537554459539,21,12,290.371859788972,0.0,False,-0.467
cell-028-027,0,0,1.0,DFO_3861_From_20110827_to_20110913,Tropical Storm Irene,2,4.437345027923584,0.47740665078163147,54.0,8.006412413023073,24,80,308.7079640032181,0.0,False,-0.597
cell-028-028,0,0,1.0,DFO_3861_From_20110827_to_20110913,Tropical Storm Irene,2,4.331405162811279,1.2496460676193237,2.0,4.546464354697556,22,26,215.18328028611796,0.0,True,-0.603
cell-028-029,0,0,1.0,DFO_3861_From_20110827_to_20110913,Tropical Storm Irene,2,3.797606945037842,1.1976467370986938,3.0,4.863101735501751,23,55,116.55229429202154,0.0,True,-0.638
cell-029-008,0,0,1.0,DFO_3861_From_20110827_to_20110913,Tropical Storm Irene,2,11.365418434143066,4.80877685546875,3.0,3.7494088285189084,22,33,522.2193032491058,0.0,False,-0.15
cell-029-009,0,0,1.0,DFO_3861_From_20110827_to_20110913,Tropical Storm Irene,2,7.344628810882568,6.787115097045898,8.0,4.245053499913273,21,7,483.04037448066987,0.0,False,-0.409
cell-029-010,0,0,1.0,DFO_3861_From_20110827_to_20110913,Tropical Storm Irene,2,4.635424613952637,0.508513331413269,3.0,5.35618672026245,23,69,415.6170510805677,0.0,False,-0.584
cell-029-011,0,0,1.0,DFO_3861_From_20110827_to_20110913,Tropical Storm Irene,2,8.928596496582031,6.992781162261963,17.0,4.910362722680785,23,60,315.61705108056776,0.0,False,-0.307
cell-029-012,0,0,1.0,DFO_3861_From_20110827_to_20110913,Tropical Storm Irene,2,12.41387939453125,4.869731903076172,5.0,4.143554740483417,24,93,215.61705108056776,0.0,False,-0.083
cell-029-013,0,0,1.0,DFO_3861_From_20110827_to_20110913,Tropical Storm Irene,2,17.787437438964844,1.7420331239700317,1.0,3.9017363874266775,23,54,115.61705108056776,0.0,False,0.263
cell-029-014,0,0,1.0,DFO_3861_From_20110827_to_20110913,Tropical Storm Irene,2,8.95361328125,6.166006565093994,2.0,3.2353905761483275,23,59,15.617051080567762,0.0,True,-0.306
cell-029-015,0,0,1.0,DFO_3861_From_20110827_to_20110913,Tropical Storm Irene,2,1.086492657661438,0.8007087707519531,160.0,8.812109886523203,22,45,0.0,0.0,True,-0.812
cell-029-016,0,0,1.0,DFO_3861_From_20110827_to_20110913,Tropical Storm Irene,2,2.816333293914795,1.9887497425079346,1.0,3.800388135637567,22,21,0.0,0.0,True,-0.701
cell-029-017,0,0,1.0,DFO_3861_From_20110827_to_20110913,Tropical Storm Irene,2,0.6418760418891907,0.2170030176639557,1.0,4.977144762719346,21,6,0.0,0.0,True,-0.841
cell-029-018,0,0,1.0,DFO_3861_From_20110827_to_20110913,Tropical Storm Irene,2,2.1598644256591797,1.9428915977478027,1.0,3.818467626885511,21,6,54.91037889127619,2.7089181000429723,True,-0.743
cell-029-019,0,0,1.0,DFO_3861_From_20110827_to_20110913,Tropical Storm Irene,2,3.6186227798461914,11.222949981689453,2.0,2.6668044596672926,22,34,0.0,0.0,True,-0.649
cell-029-020,0,0,1.0,DFO_3861_From_20110827_to_20110913,Tropical Storm Irene,2,-0.02185271494090557,0.3043321967124939,6.0,6.125051512268302,22,34,0.0,0.0,True,-0.884
cell-029-021,0,0,1.0,DFO_3861_From_20110827_to_20110913,Tropical Storm Irene,2,6.057257652282715,3.8900489807128906,23.0,5.729117264759313,22,37,16.480143057648093,0.0,True,-0.492
cell-029-022,0,0,1.0,DFO_3861_From_20110827_to_20110913,Tropical Storm Irene,2,7.483036518096924,0.8331155180931091,3.0,5.093678650318813,21,16,116.48014305764809,0.0,False,-0.4
cell-029-023,0,0,1.0,DFO_3861_From_20110827_to_20110913,Tropical Storm Irene,2,8.184603691101074,2.782790184020996,8.0,5.034124363470325,21,11,216.4801430576481,0.0,False,-0.355
cell-029-024,0,0,1.0,DFO_3861_From_20110827_to_20110913,Tropical Storm Irene,2,8.605386734008789,1.3994638919830322,20.0,6.413346274549122,21,11,191.02270865966906,0.0,False,-0.328
cell-029-025,0,0,1.0,DFO_3861_From_20110827_to_20110913,Tropical Storm Irene,2,5.920309066772461,1.4543476104736328,2.0,4.4399776204420425,21,15,185.34747336898,0.0,False,-0.501
cell-029-026,0,0,1.0,DFO_3861_From_20110827_to_20110913,Tropical Storm Irene,2,3.769897222518921,2.3612682819366455,12.0,5.536276842697738,21,5,192.9930627859728,0.0,True,-0.64
cell-029-027,0,0,1.0,DFO_3861_From_20110827_to_20110913,Tropical Storm Irene,2,4.398542881011963,0.8568829298019409,6.0,5.636529395789029,22,48,209.08182836532592,0.0,True,-0.599
cell-029-028,0,0,1.0,DFO_3861_From_20110827_to_20110913,Tropical Storm Irene,2,4.387545108795166,0.5653284192085266,1.0,4.611834183603707,23,65,219.56856560233922,0.0,True,-0.6
cell-029-029,0,0,1.0,DFO_3861_From_20110827_to_20110913,Tropical Storm Irene,2,4.338742256164551,1.3506096601486206,2.0,4.4925277351673705,22,37,150.1374417154655,0.0,True,-0.603
cell-030-008,0,0,1.0,DFO_3861_From_20110827_to_20110913,Tropical Storm Irene,2,8.707225799560547,3.017810821533203,2.0,3.867695257578357,21,17,459.3952323357919,0.0,False,-0.322
cell-030-009,0,0,1.0,DFO_3861_From_20110827_to_20110913,Tropical Storm Irene,2,7.872915744781494,7.6907429695129395,3.0,3.317034590996554,22,31,477.28707624148177,0.0,False,-0.375
cell-030-010,0,0,1.0,DFO_3861_From_20110827_to_20110913,Tropical Storm Irene,2,13.047213554382324,10.223783493041992,2.0,2.757466469608849,21,10,416.01128127699087,0.0,False,-0.042
cell-030-011,0,0,1.0,DFO_3861_From_20110827_to_20110913,Tropical Storm Irene,2,11.174397468566895,1.2215203046798706,6.0,5.409319767863065,23,79,316.13600860011195,0.0,False,-0.163
cell-030-012,0,0,1.0,DFO_3861_From_20110827_to_20110913,Tropical Storm Irene,2,10.7508544921875,1.6203432083129883,2.0,4.361234611100474,23,50,216.37598230278823,0.0,False,-0.19
cell-030-013,0,0,1.0,DFO_3861_From_20110827_to_20110913,Tropical Storm Irene,2,9.221407890319824,1.324434757232666,3.0,4.793916393871404,24,94,117.02630260493993,0.0,False,-0.288
cell-030-014,0,0,1.0,DFO_3861_From_20110827_to_20110913,Tropical Storm Irene,2,10.866326332092285,11.648330688476562,2.0,2.630396056362171,23,54,21.364989383413135,0.0,False,-0.183
cell-030-015,0,0,1.0,DFO_3861_From_20110827_to_20110913,Tropical Storm Irene,2,6.8986077308654785,4.959784507751465,3.0,3.72159439892183,23,56,4.904303529299796,0.0,True,-0.438
cell-030-016,0,0,1.0,DFO_3861_From_20110827_to_20110913,Tropical Storm Irene,2,3.6488475799560547,7.231503486633301,38.0,5.652153544387543,22,22,32.88986560555091,0.0,True,-0.647
cell-030-017,0,0,1.0,DFO_3861_From_20110827_to_20110913,Tropical Storm Irene,2,1.7252082824707031,1.1483843326568604,14.0,6.213083528791128,21,13,57.917999585159116,0.0,True,-0.771
cell-030-018,0,0,1.0,DFO_3861_From_20110827_to_20110913,Tropical Storm Irene,2,2.7439751625061035,1.6904046535491943,17.0,6.121530508649683,22,20,79.81005191033272,0.0,True,-0.706
cell-030-019,0,0,1.0,DFO_3861_From_20110827_to_20110913,Tropical Storm Irene,2,5.313359260559082,7.467130184173584,2.0,3.0571191045016004,22,40,29.817250879595296,0.0,True,-0.54
cell-030-020,0,0,1.0,DFO_3861_From_20110827_to_20110913,Tropical Storm Irene,2,4.021484851837158,3.932922124862671,23.0,5.719525162576417,21,9,4.458331402391195,0.0,True,-0.623
cell-030-021,0,0,1.0,DFO_3861_From_20110827_to_20110913,Tropical Storm Irene,2,9.026261329650879,1.789085030555725,5.0,4.980213337414367,22,23,29.455069040530436,0.0,False,-0.301
cell-030-022,0,0,1.0,DFO_3861_From_20110827_to_20110913,Tropical Storm Irene,2,7.031579494476318,1.0974047183990479,4.0,5.144543859399047,22,21,124.1139115950072,0.0,False,-0.429
cell-030-023,0,0,1.0,DFO_3861_From_20110827_to_20110913,Tropical Storm Irene,2,9.841764450073242,0.8277562856674194,1.0,4.404350850975903,22,22,150.82197726827854,0.0,False,-0.248
cell-030-024,0,0,1.0,DFO_3861_From_20110827_to_20110913,Tropical Storm Irene,2,8.109180450439453,1.5283175706863403,1.0,3.998657154820974,21,15,97.05761458989606,0.0,False,-0.36
cell-030-025,0,0,1.0,DFO_3861_From_20110827_to_20110913,Tropical Storm Irene,2,5.418310165405273,1.1006633043289185,1.0,4.226303624726195,22,27,85.34747336897999,0.0,True,-0.533
cell-031-008,0,0,1.0,DFO_3861_From_20110827_to_20110913,Tropical Storm Irene,2,8.947277069091797,0.5037381649017334,5.0,5.766077373164704,22,42,361.41772817185955,0.0,False,-0.306
cell-031-009,0,0,1.0,DFO_3861_From_20110827_to_20110913,Tropical Storm Irene,2,14.42638111114502,3.822507858276367,3.0,3.9526561834310145,22,31,381.21484991194774,0.0,False,0.047
cell-031-010,0,0,1.0,DFO_3861_From_20110827_to_20110913,Tropical Storm Irene,2,14.794073104858398,4.079648017883301,2.0,3.6079280876936046,22,39,423.06857066701156,0.0,False,0.07
cell-031-011,0,0,1.0,DFO_3861_From_20110827_to_20110913,Tropical Storm Irene,2,14.498861312866211,5.017256259918213,2.0,3.4235231979091387,23,53,336.644285036412,0.0,False,0.051
cell-031-012,0,0,1.0,DFO_3861_From_20110827_to_20110913,Tropical Storm Irene,2,9.505526542663574,0.5208784937858582,121.0,8.762543847608471,23,50,244.7003712341735,0.0,False,-0.27
cell-031-013,0,0,1.0,DFO_3861_From_20110827_to_20110913,Tropical Storm Irene,2,8.846062660217285,2.0288634300231934,7.0,5.171130810265711,24,91,162.0283363639554,0.0,False,-0.313
cell-031-014,0,0,1.0,DFO_3861_From_20110827_to_20110913,Tropical Storm Irene,2,8.448824882507324,1.6110624074935913,3.0,4.6531595462765525,24,81,108.18716155221378,0.0,False,-0.338
cell-031-015,0,0,1.0,DFO_3861_From_20110827_to_20110913,Tropical Storm Irene,2,10.149459838867188,2.080101490020752,3.0,4.458463286491637,23,56,104.9043035292998,0.0,False,-0.229
cell-031-016,0,0,1.0,DFO_3861_From_20110827_to_20110913,Tropical Storm Irene,2,11.44326400756836,6.1590576171875,1.0,2.830965502707419,23,55,120.09127653138718,0.0,False,-0.145
cell-031-017,0,0,1.0,DFO_3861_From_20110827_to_20110913,Tropical Storm Irene,2,4.8459086418151855,7.613889694213867,1.0,2.6333469993705756,21,12,157.91799958515912,0.0,True,-0.57
cell-031-018,0,0,1.0,DFO_3861_From_20110827_to_20110913,Tropical Storm Irene,2,12.425352096557617,3.0023155212402344,3.0,4.159710618932995,21,6,162.0753004933898,0.0,False,-0.082
cell-031-019,0,0,1.0,DFO_3861_From_20110827_to_20110913,Tropical Storm Irene,2,7.702696323394775,0.6850154399871826,107.0,8.500830424106057,22,45,112.98559441825581,0.0,False,-0.386
cell-031-020,0,0,1.0,DFO_3861_From_20110827_to_20110913,Tropical Storm Irene,2,10.299116134643555,1.2161412239074707,12.0,6.031362061562449,21,8,104.4583314023912,0.0,False,-0.219
cell-031-021,0,0,1.0,DFO_3861_From_20110827_to_20110913,Tropical Storm Irene,2,7.618805408477783,3.2534189224243164,31.0,6.171129948697764,21,4,115.90279649912304,0.0,False,-0.392
cell-031-022,0,0,1.0,DFO_3861_From_20110827_to_20110913,Tropical Storm Irene,2,7.958293914794922,2.754065990447998,3.0,4.2318052413003215,22,26,169.9222667729183,0.0,False,-0.37
cell-031-023,0,0,1.0,DFO_3861_From_20110827_to_20110913,Tropical Storm Irene,2,9.2440767288208,2.079922914505005,3.0,4.458530684146755,22,28,105.73230428347728,0.0,False,-0.287
cell-031-024,0,0,1.0,DFO_3861_From_20110827_to_20110913,Tropical Storm Irene,2,6.499700546264648,1.6971287727355957,1.0,3.9213374963746377,22,22,9.542999962571148,0.0,True,-0.464
cell-031-025,0,0,1.0,DFO_3861_From_20110827_to_20110913,Tropical Storm Irene,2,3.2164862155914307,2.283766984939575,170.0,8.139791137550823,22,32,0.0,0.0,True,-0.675
cell-032-007,0,0,1.0,DFO_3861_From_20110827_to_20110913,Tropical Storm Irene,2,13.455775260925293,1.284690499305725,3.0,4.815094136025182,24,88,251.98978430951126,0.0,False,-0.016
cell-032-008,0,0,1.0,DFO_3861_From_20110827_to_20110913,Tropical Storm Irene,2,14.119776725769043,11.227117538452148,2.0,2.6664418299135475,22,36,263.0291176786257,0.0,False,0.027
cell-032-009,0,0,1.0,DFO_3861_From_20110827_to_20110913,Tropical Storm Irene,2,15.429713249206543,4.486673355102539,1.0,3.1182652571163705,22,41,287.8308017562325,0.0,False,0.111
cell-032-010,0,0,1.0,DFO_3861_From_20110827_to_20110913,Tropical Storm Irene,2,11.758319854736328,3.045423746109009,9.0,5.063992029619379,22,44,338.5175967589445,0.0,False,-0.125
cell-032-011,0,0,1.0,DFO_3861_From_20110827_to_20110913,Tropical Storm Irene,2,10.63077163696289,1.1545372009277344,2.0,4.6000764513438686,22,36,381.90179055275013,0.0,False,-0.198
cell-032-012,0,0,1.0,DFO_3861_From_20110827_to_20110913,Tropical Storm Irene,2,9.851164817810059,1.145305871963501,3.0,4.893118239800659,24,84,303.3549988923009,0.0,False,-0.248
cell-032-013,0,0,1.0,DFO_3861_From_20110827_to_20110913,Tropical Storm Irene,2,9.488676071166992,1.6974799633026123,5.0,5.019794972785199,23,58,240.29430929037852,0.0,False,-0.271
cell-032-014,0,0,1.0,DFO_3861_From_20110827_to_20110913,Tropical Storm Irene,2,10.437271118164062,0.7849407196044922,2.0,4.8408648249842825,24,88,206.6042657608617,0.0,False,-0.21
cell-032-015,0,0,1.0,DFO_3861_From_20110827_to_20110913,Tropical Storm Irene,2,12.24633502960205,2.8354837894439697,1.0,3.5144393876910187,24,92,204.9043035292998,0.0,False,-0.094
cell-032-016,0,0,1.0,DFO_3861_From_20110827_to_20110913,Tropical Storm Irene,2,11.986513137817383,3.0559616088867188,2.0,3.8571052629841636,22,21,217.70513270361334,0.0,False,-0.11
cell-032-017,0,0,1.0,DFO_3861_From_20110827_to_20110913,Tropical Storm Irene,2,11.211663246154785,5.5450615882873535,2.0,3.3327645135079647,21,5,251.85098403193382,0.0,False,-0.16
cell-032-018,0,0,1.0,DFO_3861_From_20110827_to_20110913,Tropical Storm Irene,2,11.889457702636719,2.7277727127075195,2.0,3.9520707669806168,21,16,237.50674822544542,0.0,False,-0.117
cell-032-019,0,0,1.0,DFO_3861_From_20110827_to_20110913,Tropical Storm Irene,2,16.163084030151367,3.2924845218658447,1.0,3.3883596624423604,22,24,209.30941400294665,0.0,False,0.159
cell-032-020,0,0,1.0,DFO_3861_From_20110827_to_20110913,Tropical Storm Irene,2,11.353809356689453,4.031476020812988,5.0,4.311519997856404,21,12,203.67791680830558,0.0,False,-0.151
cell-032-021,0,0,1.0,DFO_3861_From_20110827_to_20110913,Tropical Storm Irene,2,7.786248207092285,1.0923622846603394,1.0,4.231277341502363,22,33,129.00249885383423,0.0,False,-0.381
cell-032-022,0,0,1.0,DFO_3861_From_20110827_to_20110913,Tropical Storm Irene,2,6.492459774017334,3.325462579727173,1.0,3.3798439909645377,22,24,105.51654873602092,0.0,False,-0.464
cell-032-023,0,0,1.0,DFO_3861_From_20110827_to_20110913,Tropical Storm Irene,2,5.247987747192383,2.9383485317230225,6.0,4.737414926914138,22,43,65.78661854776297,0.0,True,-0.544
cell-032-024,0,0,1.0,DFO_3861_From_20110827_to_20110913,Tropical Storm Irene,2,3.4379563331604004,0.8378122448921204,5.0,5.495808401068432,23,50,5.441256604040973,0.0,True,-0.661
cell-032-025,0,0,1.0,DFO_3861_From_20110827_to_20110913,Tropical Storm Irene,2,2.086081027984619,1.6590240001678467,10.0,5.643024561513385,23,75,0.0,0.0,True,-0.748
cell-033-007,0,0,1.0,DFO_3861_From_20110827_to_20110913,Tropical Storm Irene,2,14.742402076721191,2.8356308937072754,1.0,3.5143962088010587,22,27,152.10602627974004,0.0,False,0.067
cell-033-008,0,0,1.0,DFO_3861_From_20110827_to_20110913,Tropical Storm Irene,2,14.462967872619629,1.5635600090026855,1.0,3.9820151553606022,22,32,163.42008870712047,0.0,False,0.049
cell-033-009,0,0,1.0,DFO_3861_From_20110827_to_20110913,Tropical Storm Irene,2,14.210553169250488,1.2555763721466064,23.0,6.622656139049297,23,63,200.50449072085394,0.0,False,0.033
cell-033-010,0,0,1.0,DFO_3861_From_20110827_to_20110913,Tropical Storm Irene,2,13.566732406616211,1.5555528402328491,15.0,6.065213602671257,22,27,259.74557877519476,0.0,False,-0.009
cell-033-011,0,0,1.0,DFO_3861_From_20110827_to_20110913,Tropical Storm Irene,2,12.027995109558105,1.7522048950195312,15.0,5.976790713653152,23,69,329.41828151645376,0.0,False,-0.108
cell-033-012,0,0,1.0,DFO_3861_From_20110827_to_20110913,Tropical Storm Irene,2,16.50157356262207,10.32489013671875,1.0,2.3424720801616132,23,60,378.9171427280309,0.0,False,0.18
cell-033-013,0,0,1.0,DFO_3861_From_20110827_to_20110913,Tropical Storm Irene,2,12.125089645385742,0.5091243386268616,1.0,4.6624746532680295,21,9,330.0848090438752,17.520770671777427,False,-0.101
cell-033-014,0,0,1.0,DFO_3861_From_20110827_to_20110913,Tropical Storm Irene,2,11.514649391174316,3.3762288093566895,2.0,3.7723391602808483,24,85,306.04931520335856,0.0,False,-0.141
cell-033-015,0,0,1.0,DFO_3861_From_20110827_to_20110913,Tropical Storm Irene,2,11.460760116577148,0.8157881498336792,1.0,4.412933331658363,22,23,304.9043035292998,0.0,False,-0.144
cell-033-016,0,0,1.0,DFO_3861_From_20110827_to_20110913,Tropical Storm Irene,2,8.099336624145508,7.976897239685059,48.0,5.788076150698568,23,62,285.5424103599965,0.0,False,-0.361
cell-033-017,0,0,1.0,DFO_3861_From_20110827_to_20110913,Tropical Storm Irene,2,5.08671236038208,1.8104523420333862,5.0,4.9712012027474595,23,62,204.39050004262177,0.0,False,-0.555
cell-033-018,0,0,1.0,DFO_3861_From_20110827_to_20110913,Tropical Storm Irene,2,5.7355804443359375,4.5393548011779785,4.0,4.024152258897711,22,39,144.36168010968672,0.0,True,-0.513
cell-033-023,0,0,1.0,DFO_3861_From_20110827_to_20110913,Tropical Storm Irene,2,2.388028621673584,0.9055169820785522,9.0,5.959750004700809,24,98,14.008651549798108,0.0,True,-0.728
cell-033-024,0,0,1.0,DFO_3861_From_20110827_to_20110913,Tropical Storm Irene,2,-0.14541485905647278,9.407691955566406,3.0,3.125346399865846,24,92,0.0,0.0,True,-0.892
cell-033-030,0,0,1.0,DFO_3861_From_20110827_to_20110913,Tropical Storm Irene,2,-1.506100058555603,0.0,1.0,5.298317388899779,11,0,0.0,99.44109383326918,True,-0.979
cell-033-031,0,0,1.0,DFO_3861_From_20110827_to_20110913,Tropical Storm Irene,2,-1.506100058555603,0.0,1.0,5.298317388899779,11,0,0.0,79.52061193322476,True,-0.979
cell-033-032,0,0,1.0,DFO_3861_From_20110827_to_20110913,Tropical Storm Irene,2,-1.506100058555603,0.0031962008215487003,2.0,5.698219562776384,22,42,0.0,65.29158675204962,True,-0.979
cell-033-033,0,0,1.0,DFO_3861_From_20110827_to_20110913,Tropical Storm Irene,2,-1.506100058555603,0.0,1.0,5.298317388899779,11,0,23.405025082401515,81.24223723056109,True,-0.979
cell-034-006,0,0,1.0,DFO_3861_From_20110827_to_20110913,Tropical Storm Irene,2,16.93571662902832,6.5506134033203125,2.0,3.179410517481951,21,8,49.928541828878224,0.0,True,0.208
cell-034-007,0,0,1.0,DFO_3861_From_20110827_to_20110913,Tropical Storm Irene,2,9.386054039001465,1.096667766571045,2.0,4.634159658991544,23,63,52.106026279740036,0.0,True,-0.278
cell-034-008,0,0,1.0,DFO_3861_From_20110827_to_20110913,Tropical Storm Irene,2,12.144007682800293,2.5601789951324463,1.0,3.5987953380270437,23,77,65.02256561602218,0.0,True,-0.1
cell-034-009,0,0,1.0,DFO_3861_From_20110827_to_20110913,Tropical Storm Irene,2,13.538166046142578,1.5471030473709106,1.0,3.9897519821208016,23,59,118.34216551499547,0.0,False,-0.01
cell-034-010,0,0,1.0,DFO_3861_From_20110827_to_20110913,Tropical Storm Irene,2,17.351303100585938,2.3797688484191895,1.0,3.6581814333753035,23,58,188.55073175570453,0.0,False,0.235
cell-034-011,0,0,1.0,DFO_3861_From_20110827_to_20110913,Tropical Storm Irene,2,14.131503105163574,5.513950824737549,3.0,3.6255780043371293,21,11,274.1332316028102,0.0,False,0.028
cell-034-012,0,0,1.0,DFO_3861_From_20110827_to_20110913,Tropical Storm Irene,2,21.44769859313965,0.6724327206611633,2.0,4.927365315986197,23,57,353.0968242373749,0.0,False,0.499
cell-034-013,0,0,1.0,DFO_3861_From_20110827_to_20110913,Tropical Storm Irene,2,18.399097442626953,3.3362843990325928,3.0,4.070212399037682,23,76,401.97672753018475,0.0,False,0.303
cell-034-014,0,0,1.0,DFO_3861_From_20110827_to_20110913,Tropical Storm Irene,2,18.075654983520508,2.988731861114502,3.0,4.1635246428116055,23,54,405.7672288915218,0.0,False,0.282
cell-034-015,0,0,1.0,DFO_3861_From_20110827_to_20110913,Tropical Storm Irene,2,12.448629379272461,0.17746247351169586,1.0,5.0284952760012205,23,58,342.66227347931425,0.0,False,-0.081
cell-034-016,0,0,1.0,DFO_3861_From_20110827_to_20110913,Tropical Storm Irene,2,13.96246337890625,11.942950248718262,2.0,2.605872283053848,23,75,247.4633117793331,0.0,False,0.017
cell-034-017,0,0,1.0,DFO_3861_From_20110827_to_20110913,Tropical Storm Irene,2,4.023270130157471,0.7399901747703552,33.0,7.302281245186466,23,59,153.40259964665606,0.0,False,-0.623
cell-034-018,0,0,1.0,DFO_3861_From_20110827_to_20110913,Tropical Storm Irene,2,7.8981547355651855,4.829680442810059,1.0,3.052365645221436,22,21,63.367076500499714,0.0,True,-0.374
cell-034-023,0,0,1.0,DFO_3861_From_20110827_to_20110913,Tropical Storm Irene,2,1.532979965209961,5.616024971008301,2.0,3.3211555588887367,24,97,0.0,0.0,True,-0.784
cell-034-024,0,0,1.0,DFO_3861_From_20110827_to_20110913,Tropical Storm Irene,2,-1.5061379671096802,0.01668924279510975,1.0,5.269605321970182,24,94,0.0,0.0,True,-0.979
cell-034-030,0,0,1.0,DFO_3861_From_20110827_to_20110913,Tropical Storm Irene,2,1.427356481552124,5.525167465209961,1.0,2.930577778220795,23,53,0.0,22.219101938952413,True,-0.79
cell-034-031,0,0,1.0,DFO_3861_From_20110827_to_20110913,Tropical Storm Irene,2,0.7371306419372559,5.559532165527344,4.0,3.8412122264116766,22,45,0.0,20.973677644506097,True,-0.835
cell-034-032,0,0,1.0,DFO_3861_From_20110827_to_20110913,Tropical Storm Irene,2,4.223788261413574,2.8182966709136963,1.0,3.5195036026091313,23,75,0.0,0.0,True,-0.61
cell-034-033,0,0,1.0,DFO_3861_From_20110827_to_20110913,Tropical Storm Irene,2,-0.5447983741760254,5.100198268890381,2.0,3.4087145007252673,23,50,0.0,20.318139207637458,True,-0.917
cell-035-006,0,0,1.0,DFO_3861_From_20110827_to_20110913,Tropical Storm Irene,2,12.696331977844238,13.149723052978516,3.0,2.798430552590958,21,11,0.0,0.0,True,-0.065
cell-035-007,0,0,1.0,DFO_3861_From_20110827_to_20110913,Tropical Storm Irene,2,8.993581771850586,0.3409860134124756,28.0,7.505504587026115,22,49,0.0,0.0,True,-0.303
cell-035-008,0,0,1.0,DFO_3861_From_20110827_to_20110913,Tropical Storm Irene,2,9.928102493286133,4.801209926605225,4.0,3.9739664520653877,24,82,0.0,0.0,True,-0.243
cell-035-009,0,0,1.0,DFO_3861_From_20110827_to_20110913,Tropical Storm Irene,2,12.285320281982422,2.2859208583831787,10.0,5.3952683771384145,22,22,50.856196220025026,0.0,False,-0.091
cell-035-010,0,0,1.0,DFO_3861_From_20110827_to_20110913,Tropical Storm Irene,2,13.731172561645508,8.64607048034668,5.0,3.6115582715150967,22,23,148.942951888829,11.978711472982171,False,0.002
cell-035-011,0,0,1.0,DFO_3861_From_20110827_to_20110913,Tropical Storm Irene,2,11.646890640258789,2.0776467323303223,13.0,5.712152847914384,22,21,229.0793408162115,0.0,False,-0.132
cell-035-012,0,0,1.0,DFO_3861_From_20110827_to_20110913,Tropical Storm Irene,2,13.7213134765625,4.879220962524414,4.0,3.9594823871343694,22,44,263.41083230980985,0.0,False,0.001
cell-035-013,0,0,1.0,DFO_3861_From_20110827_to_20110913,Tropical Storm Irene,2,14.063814163208008,1.8939158916473389,22.0,6.280489838607081,24,85,326.0263620744548,0.0,False,0.023
cell-035-014,0,0,1.0,DFO_3861_From_20110827_to_20110913,Tropical Storm Irene,2,17.791393280029297,3.029097557067871,1.0,3.459085445423071,24,82,403.98157254615,0.0,False,0.263
cell-035-015,0,0,1.0,DFO_3861_From_20110827_to_20110913,Tropical Storm Irene,2,15.709956169128418,3.456273078918457,6.0,4.59952011338774,24,80,326.4714655259999,0.0,False,0.129
cell-035-016,0,0,1.0,DFO_3861_From_20110827_to_20110913,Tropical Storm Irene,2,12.19758129119873,5.075423240661621,124.0,7.142816871162492,22,33,226.51319970171684,0.0,False,-0.097
cell-035-017,0,0,1.0,DFO_3861_From_20110827_to_20110913,Tropical Storm Irene,2,7.487771511077881,3.0835113525390625,3.0,4.137208655008674,23,78,126.62085718998098,0.0,False,-0.4
cell-035-018,0,0,1.0,DFO_3861_From_20110827_to_20110913,Tropical Storm Irene,2,4.964069366455078,6.186382293701172,1.0,2.8268819401878336,23,78,27.48026092484668,0.0,True,-0.563
cell-035-023,0,0,1.0,DFO_3861_From_20110827_to_20110913,Tropical Storm Irene,2,-1.5046354532241821,0.7769150733947754,4.0,5.357619169312274,23,60,0.0,0.0,True,-0.979
cell-035-024,0,0,1.0,DFO_3861_From_20110827_to_20110913,Tropical Storm Irene,2,0.010207812301814556,7.498911380767822,50.0,5.886340416346488,21,18,0.0,0.0,True,-0.882
cell-035-028,0,0,1.0,DFO_3861_From_20110827_to_20110913,Tropical Storm Irene,2,-1.2232221364974976,4.242382526397705,13.0,5.1138653655489374,23,61,0.0,0.0,True,-0.961
cell-035-029,0,0,1.0,DFO_3861_From_20110827_to_20110913,Tropical Storm Irene,2,5.408326625823975,2.969331741333008,1.0,3.475849929749573,22,24,0.0,0.0,True,-0.534
cell-035-030,0,0,1.0,DFO_3861_From_20110827_to_20110913,Tropical Storm Irene,2,0.09618062525987625,5.353004455566406,1.0,2.9593970676084114,22,43,0.0,7.334394115256146,True,-0.876
cell-035-031,0,0,1.0,DFO_3861_From_20110827_to_20110913,Tropical Storm Irene,2,3.566540479660034,1.7926712036132812,1.0,3.8800829260661485,22,32,0.0,0.0,True,-0.653
cell-035-032,0,0,1.0,DFO_3861_From_20110827_to_20110913,Tropical Storm Irene,2,2.491729259490967,0.2514413595199585,1.0,4.934472680502614,24,92,20.936292391499457,0.0,True,-0.722
cell-035-033,0,0,1.0,DFO_3861_From_20110827_to_20110913,Tropical Storm Irene,2,2.622178077697754,0.9666725397109985,15.0,6.389213758520824,21,5,0.992552055977285,0.0,True,-0.713
cell-036-005,0,0,1.0,DFO_3861_From_20110827_to_20110913,Tropical Storm Irene,2,16.113107681274414,0.40857750177383423,472.0,10.225952672116293,22,24,0.0,0.0,True,0.155
cell-036-006,0,0,1.0,DFO_3861_From_20110827_to_20110913,Tropical Storm Irene,2,17.534130096435547,0.5701122283935547,1.0,4.607640050047881,22,20,0.0,0.0,True,0.247
cell-036-007,0,0,1.0,DFO_3861_From_20110827_to_20110913,Tropical Storm Irene,2,13.359889030456543,5.60671329498291,3.0,3.6103534036818252,21,13,21.945672210417715,0.0,True,-0.022
cell-036-008,0,0,1.0,DFO_3861_From_20110827_to_20110913,Tropical Storm Irene,2,7.990588188171387,2.3359792232513428,48.0,6.871814395501027,23,50,0.0,0.0,True,-0.368
cell-036-009,0,0,1.0,DFO_3861_From_20110827_to_20110913,Tropical Storm Irene,2,12.970257759094238,5.333683967590332,5.0,4.061294932471146,21,14,32.35243781067884,0.0,True,-0.047
cell-036-010,0,0,1.0,DFO_3861_From_20110827_to_20110913,Tropical Storm Irene,2,13.809197425842285,2.4712071418762207,4.0,4.543934669962667,22,49,118.26218653173092,0.0,False,0.007
cell-036-011,0,0,1.0,DFO_3861_From_20110827_to_20110913,Tropical Storm Irene,2,11.058820724487305,5.482671737670898,2.0,3.3430811636169246,22,24,131.09250047358583,0.0,False,-0.17
cell-036-012,0,0,1.0,DFO_3861_From_20110827_to_20110913,Tropical Storm Irene,2,13.413689613342285,1.33744215965271,1.0,4.093934328005031,23,65,184.64334775391683,0.0,False,-0.018
cell-036-013,0,0,1.0,DFO_3861_From_20110827_to_20110913,Tropical Storm Irene,2,11.409775733947754,0.6358343362808228,6.0,5.804493932754425,23,63,266.4602935882392,0.0,False,-0.148
cell-036-014,0,0,1.0,DFO_3861_From_20110827_to_20110913,Tropical Storm Irene,2,11.486433982849121,0.6730624437332153,101.0,8.453220304387605,23,60,357.6436917498859,0.0,False,-0.143
cell-036-015,0,0,1.0,DFO_3861_From_20110827_to_20110913,Tropical Storm Irene,2,12.589229583740234,6.731800556182861,7.0,4.134887500658256,23,51,326.3769408179214,0.0,False,-0.072
cell-036-016,0,0,1.0,DFO_3861_From_20110827_to_20110913,Tropical Storm Irene,2,16.4204044342041,2.601677179336548,1.0,3.5856180164817664,21,14,226.37694081792142,0.0,False,0.175
cell-036-017,0,0,1.0,DFO_3861_From_20110827_to_20110913,Tropical Storm Irene,2,12.061812400817871,1.1196882724761963,1.0,4.21499689307318,22,34,126.37694081792141,0.0,False,-0.106
cell-036-018,0,0,1.0,DFO_3861_From_20110827_to_20110913,Tropical Storm Irene,2,3.4643895626068115,1.004613995552063,8.0,5.789499445599019,23,72,26.376940817921422,0.0,True,-0.659
cell-036-023,0,0,1.0,DFO_3861_From_20110827_to_20110913,Tropical Storm Irene,2,2.6097447872161865,0.4124203026294708,3.0,5.449243972703275,23,78,0.0,0.0,True,-0.714
cell-036-028,0,0,1.0,DFO_3861_From_20110827_to_20110913,Tropical Storm Irene,2,3.1467032432556152,3.769228219985962,3.0,3.96488983790666,21,17,0.0,0.0,True,-0.68
cell-036-029,0,0,1.0,DFO_3861_From_20110827_to_20110913,Tropical Storm Irene,2,8.199686050415039,0.43686196208000183,1.0,4.731593920717304,22,28,42.02719448647205,0.0,False,-0.354
cell-036-030,0,0,1.0,DFO_3861_From_20110827_to_20110913,Tropical Storm Irene,2,7.809282302856445,9.275732040405273,2.0,2.851219915696498,22,32,0.0,0.0,True,-0.379
cell-036-031,0,0,1.0,DFO_3861_From_20110827_to_20110913,Tropical Storm Irene,2,2.1657114028930664,2.784445285797119,4.0,4.445843802483255,21,5,0.0,0.0,True,-0.743
cell-036-032,0,0,1.0,DFO_3861_From_20110827_to_20110913,Tropical Storm Irene,2,3.790818452835083,1.7213988304138184,1.0,3.9106958428584604,90,0,35.09484798579307,0.0,True,-0.638
cell-036-033,0,0,1.0,DFO_3861_From_20110827_to_20110913,Tropical Storm Irene,2,4.864990711212158,1.0136204957962036,1.0,4.279727841582891,90,0,50.92146524375483,4.974340951885097,True,-0.569
cell-037-005,0,0,1.0,DFO_3861_From_20110827_to_20110913,Tropical Storm Irene,2,17.72174644470215,0.38167640566825867,1.0,4.78779527334224,22,38,0.0,0.0,True,0.259
cell-037-006,0,0,1.0,DFO_3861_From_20110827_to_20110913,Tropical Storm Irene,2,23.25922203063965,4.316202163696289,10.0,4.85742934464884,22,38,68.29365491600403,0.0,True,0.616
cell-037-007,0,0,1.0,DFO_3861_From_20110827_to_20110913,Tropical Storm Irene,2,18.73936653137207,13.41688060760498,1.0,2.085278639978859,21,16,64.63646849838527,0.0,False,0.325
cell-037-008,0,0,1.0,DFO_3861_From_20110827_to_20110913,Tropical Storm Irene,2,12.90027141571045,5.5486016273498535,1.0,2.9267172095172245,21,18,0.0,0.0,True,-0.052
cell-037-009,0,0,1.0,DFO_3861_From_20110827_to_20110913,Tropical Storm Irene,2,9.611294746398926,5.626497745513916,5.0,4.012600572078352,23,62,0.0,0.0,True,-0.263
cell-037-010,0,0,1.0,DFO_3861_From_20110827_to_20110913,Tropical Storm Irene,2,9.362439155578613,3.2213470935821533,4.0,4.323268354974959,22,40,23.66548899899078,0.0,True,-0.279
cell-037-011,0,0,1.0,DFO_3861_From_20110827_to_20110913,Tropical Storm Irene,2,13.399924278259277,8.771586418151855,4.0,3.4154964777464203,21,14,43.51026283584378,0.0,False,-0.019
cell-037-012,0,0,1.0,DFO_3861_From_20110827_to_20110913,Tropical Storm Irene,2,11.50304126739502,0.15155728161334991,1.0,5.0636263916355935,23,58,136.90737640860888,0.0,False,-0.142
cell-037-013,0,0,1.0,DFO_3861_From_20110827_to_20110913,Tropical Storm Irene,2,14.894342422485352,4.650448322296143,1.0,3.0862661202270676,24,82,233.81109415406976,0.0,False,0.077
cell-037-014,0,0,1.0,DFO_3861_From_20110827_to_20110913,Tropical Storm Irene,2,11.344754219055176,4.5015482902526855,3.0,3.8084640172195265,23,73,330.7148118995307,0.0,False,-0.152
cell-037-015,0,0,1.0,DFO_3861_From_20110827_to_20110913,Tropical Storm Irene,2,12.584752082824707,2.684067726135254,4.0,4.476247358407393,23,70,339.1349284067534,0.0,False,-0.072
cell-037-016,0,0,1.0,DFO_3861_From_20110827_to_20110913,Tropical Storm Irene,2,16.15814971923828,4.035343170166016,1.0,3.2120652332513755,23,56,244.36284724021584,0.0,False,0.158
cell-037-017,0,0,1.0,DFO_3861_From_20110827_to_20110913,Tropical Storm Irene,2,11.878195762634277,12.007853507995605,6.0,3.4478405906558907,22,44,153.43456594683576,0.0,False,-0.117
cell-037-018,0,0,1.0,DFO_3861_From_20110827_to_20110913,Tropical Storm Irene,2,7.119324207305908,5.2648491859436035,166.0,7.399321935095623,22,48,79.28087721297645,0.0,True,-0.424
cell-037-023,0,0,1.0,DFO_3861_From_20110827_to_20110913,Tropical Storm Irene,2,2.5266270637512207,0.20231322944164276,16.0,7.135981875033622,23,64,77.59207161736752,0.0,True,-0.72
cell-037-028,0,0,1.0,DFO_3861_From_20110827_to_20110913,Tropical Storm Irene,2,5.20316219329834,3.3337349891662598,4.0,4.294009855417092,21,12,41.9309380674056,0.0,True,-0.547
cell-037-029,0,0,1.0,DFO_3861_From_20110827_to_20110913,Tropical Storm Irene,2,8.17083740234375,1.0816718339920044,1.0,4.23771928171604,22,42,88.57031511450181,0.0,False,-0.356
cell-037-030,0,0,1.0,DFO_3861_From_20110827_to_20110913,Tropical Storm Irene,2,10.617703437805176,2.456947088241577,1.0,3.6323455872941666,22,44,2.599665117429148,0.0,True,-0.199
cell-037-031,0,0,1.0,DFO_3861_From_20110827_to_20110913,Tropical Storm Irene,2,1.0648205280303955,2.939894914627075,1.0,3.484210698161161,95,0,0.0,0.0,True,-0.814
cell-037-032,0,0,1.0,DFO_3861_From_20110827_to_20110913,Tropical Storm Irene,2,1.7837985754013062,2.331516981124878,7.0,5.060972756358851,95,0,0.0,0.0,True,-0.767
cell-037-033,0,0,1.0,DFO_3861_From_20110827_to_20110913,Tropical Storm Irene,2,2.5983808040618896,1.697247862815857,5.0,5.019897238304927,41,0,63.65498723254741,25.40482420590706,True,-0.715
cell-038-005,0,0,1.0,DFO_3861_From_20110827_to_20110913,Tropical Storm Irene,2,19.598163604736328,1.9643537998199463,2.0,4.215430715119096,22,46,36.80326360913757,0.0,True,0.38
cell-038-006,0,0,1.0,DFO_3861_From_20110827_to_20110913,Tropical Storm Irene,2,27.910539627075195,2.9884753227233887,2.0,3.875914790594924,22,42,105.95048635327367,0.0,False,0.915
cell-038-007,0,0,1.0,DFO_3861_From_20110827_to_20110913,Tropical Storm Irene,2,25.189844131469727,2.3043670654296875,1.0,3.684081098440576,22,26,95.22362644350964,0.0,False,0.74
cell-038-008,0,0,1.0,DFO_3861_From_20110827_to_20110913,Tropical Storm Irene,2,14.599455833435059,5.134250164031982,1.0,2.9972314701272498,22,44,10.555031612811336,0.0,False,0.058
cell-038-011,0,0,1.0,DFO_3861_From_20110827_to_20110913,Tropical Storm Irene,2,16.835773468017578,4.702214241027832,1.0,3.0763582126014217,22,48,15.784295493544608,0.0,False,0.202
cell-038-012,0,0,1.0,DFO_3861_From_20110827_to_20110913,Tropical Storm Irene,2,14.439983367919922,5.491031169891357,1.0,2.9362276960558256,23,70,115.78416967343702,0.0,False,0.048
cell-038-013,0,0,1.0,DFO_3861_From_20110827_to_20110913,Tropical Storm Irene,2,13.17702579498291,4.432979106903076,4.0,4.045270652083639,23,52,215.7841604699172,0.0,False,-0.034
cell-038-014,0,0,1.0,DFO_3861_From_20110827_to_20110913,Tropical Storm Irene,2,11.853475570678711,4.631763935089111,6.0,4.342629190371824,23,52,315.7841570953912,0.0,False,-0.119
cell-038-015,0,0,1.0,DFO_3861_From_20110827_to_20110913,Tropical Storm Irene,2,14.278318405151367,2.1445486545562744,23.0,6.22619746587773,22,39,376.74244241877284,0.0,False,0.037
cell-038-016,0,0,1.0,DFO_3861_From_20110827_to_20110913,Tropical Storm Irene,2,18.023395538330078,2.742412805557251,1.0,3.5421726511263896,22,43,292.726886893214,0.0,False,0.278
cell-038-017,0,0,1.0,DFO_3861_From_20110827_to_20110913,Tropical Storm Irene,2,20.003366470336914,3.12746262550354,1.0,3.432087710904505,21,19,220.63976947607316,0.0,False,0.406
cell-038-018,0,0,1.0,DFO_3861_From_20110827_to_20110913,Tropical Storm Irene,2,17.44823455810547,16.241212844848633,3.0,2.585919886664991,21,10,152.0617263371831,0.0,False,0.241
cell-038-019,0,0,1.0,DFO_3861_From_20110827_to_20110913,Tropical Storm Irene,2,15.1921968460083,0.24143260717391968,1.0,4.946687795150209,22,44,93.1222607115109,0.0,False,0.096
cell-038-020,0,0,1.0,DFO_3861_From_20110827_to_20110913,Tropical Storm Irene,2,10.868393898010254,7.213999271392822,1.0,2.6840093537744383,23,55,67.18311697264375,0.0,True,-0.182
cell-038-021,0,0,1.0,DFO_3861_From_20110827_to_20110913,Tropical Storm Irene,2,3.2713327407836914,2.1003825664520264,7.0,5.143987724888303,21,13,67.10008372366428,0.0,True,-0.672
cell-038-022,0,0,1.0,DFO_3861_From_20110827_to_20110913,Tropical Storm Irene,2,3.011512279510498,0.30682623386383057,3.0,5.562596823214569,21,10,95.134147520504,0.0,True,-0.688
cell-038-028,0,0,1.0,DFO_3861_From_20110827_to_20110913,Tropical Storm Irene,2,6.423166751861572,3.2678306102752686,5.0,4.493385507896886,21,10,33.699861377477646,0.0,True,-0.469
cell-038-029,0,0,1.0,DFO_3861_From_20110827_to_20110913,Tropical Storm Irene,2,9.653325080871582,1.5804907083511353,10.0,5.678865598769104,21,12,133.69986137747765,0.0,False,-0.261
cell-038-030,0,0,1.0,DFO_3861_From_20110827_to_20110913,Tropical Storm Irene,2,11.615779876708984,1.8574128150939941,2.0,4.258527747242033,22,28,47.69861124931062,0.0,False,-0.134
cell-038-031,0,0,1.0,DFO_3861_From_20110827_to_20110913,Tropical Storm Irene,2,6.655737400054932,10.750567436218262,3.0,2.9964014701467288,21,11,0.0,0.0,True,-0.454
cell-038-032,0,0,1.0,DFO_3861_From_20110827_to_20110913,Tropical Storm Irene,2,0.12724600732326508,2.8126072883605957,11.0,5.312945098087851,90,0,0.0,0.0,True,-0.874
cell-038-033,0,0,1.0,DFO_3861_From_20110827_to_20110913,Tropical Storm Irene,2,5.94517707824707,3.0123636722564697,2.0,3.8692164777959377,90,0,29.877901411802753,0.0,True,-0.499
cell-038-034,0,0,1.0,DFO_3861_From_20110827_to_20110913,Tropical Storm Irene,2,4.015347957611084,6.215656757354736,3.0,3.5156722115657684,90,0,26.569829613510855,0.0,True,-0.624
cell-038-035,0,0,1.0,DFO_3861_From_20110827_to_20110913,Tropical Storm Irene,2,0.6257087588310242,10.799163818359375,2.0,2.7043317434375953,23,56,0.0,0.0,True,-0.842
cell-038-040,0,0,1.0,DFO_3861_From_20110827_to_20110913,Tropical Storm Irene,2,-1.4225029945373535,1.9910138845443726,5.0,4.898116391332905,21,1,0.0,0.0,True,-0.974
cell-038-041,0,0,1.0,DFO_3861_From_20110827_to_20110913,Tropical Storm Irene,2,2.6113765239715576,4.376225471496582,1.0,3.140429539472306,21,19,4.452677602414042,0.0,True,-0.714
cell-038-042,0,0,1.0,DFO_3861_From_20110827_to_20110913,Tropical Storm Irene,2,5.690258979797363,3.264124631881714,2.0,3.801205869212442,23,53,0.0,0.0,True,-0.516
cell-038-043,0,0,0.9772727489471436,DFO_3861_From_20110827_to_20110913,Tropical Storm Irene,2,2.956101179122925,1.7262721061706543,4.0,4.8248633945994,22,29,0.0,0.0,True,-0.692
cell-039-004,0,0,1.0,DFO_3861_From_20110827_to_20110913,Tropical Storm Irene,2,24.904306411743164,4.075708389282227,2.0,3.6087781888839214,21,5,93.54983263579197,0.0,False,0.722
cell-039-005,0,0,1.0,DFO_3861_From_20110827_to_20110913,Tropical Storm Irene,2,24.415569305419922,6.026278972625732,2.0,3.256508684860511,21,2,124.67809951130774,0.0,False,0.69
cell-039-006,0,0,1.0,DFO_3861_From_20110827_to_20110913,Tropical Storm Irene,2,25.833890914916992,6.323934078216553,3.0,3.4997158561546122,21,18,177.52315130905504,0.0,False,0.781
cell-039-007,0,0,1.0,DFO_3861_From_20110827_to_20110913,Tropical Storm Irene,2,30.433082580566406,4.954908847808838,4.0,3.9456242698045427,22,27,151.88596220403153,0.0,False,1.078
cell-039-008,0,0,1.0,DFO_3861_From_20110827_to_20110913,Tropical Storm Irene,2,21.399658203125,7.049201011657715,7.0,4.091925069386278,21,5,103.87640234424852,0.0,False,0.496
cell-039-011,0,0,1.0,DFO_3861_From_20110827_to_20110913,Tropical Storm Irene,2,11.829062461853027,3.728837728500366,1.0,3.281116606172504,23,66,7.075472761246011,0.0,True,-0.121
cell-039-012,0,0,1.0,DFO_3861_From_20110827_to_20110913,Tropical Storm Irene,2,9.456897735595703,1.6422654390335083,7.0,5.332112203856761,24,94,105.83290553112886,0.0,False,-0.273
cell-039-013,0,0,1.0,DFO_3861_From_20110827_to_20110913,Tropical Storm Irene,2,9.262654304504395,2.6385436058044434,3.0,4.267201737775391,24,92,205.77115856031216,0.0,False,-0.286
cell-039-014,0,0,1.0,DFO_3861_From_20110827_to_20110913,Tropical Storm Irene,2,12.322365760803223,3.936453342437744,1.0,3.2338325179626035,22,42,305.7497923095704,0.0,False,-0.089
cell-039-015,0,0,1.0,DFO_3861_From_20110827_to_20110913,Tropical Storm Irene,2,19.361482620239258,8.373980522155762,1.0,2.543363523922618,22,24,405.7389570887145,0.0,False,0.365
cell-039-016,0,0,1.0,DFO_3861_From_20110827_to_20110913,Tropical Storm Irene,2,18.781225204467773,2.1044082641601562,1.0,3.7561871434873226,23,57,361.9986617391699,0.0,False,0.327
cell-039-017,0,0,1.0,DFO_3861_From_20110827_to_20110913,Tropical Storm Irene,2,20.966251373291016,2.9372267723083496,3.0,4.178119183578702,23,55,293.4206186002798,0.0,False,0.468
cell-039-018,0,0,1.0,DFO_3861_From_20110827_to_20110913,Tropical Storm Irene,2,23.339200973510742,0.45596063137054443,1.0,4.7128565798748845,22,49,230.56384061027936,0.0,False,0.621
cell-039-019,0,0,1.0,DFO_3861_From_20110827_to_20110913,Tropical Storm Irene,2,17.705963134765625,5.697906017303467,11.0,4.694216765997519,23,60,184.0384476862453,0.0,False,0.258
cell-039-020,0,0,1.0,DFO_3861_From_20110827_to_20110913,Tropical Storm Irene,2,14.563255310058594,1.1643580198287964,3.0,4.882087775004643,23,75,167.1386176341767,0.0,False,0.056
cell-039-021,0,0,1.0,DFO_3861_From_20110827_to_20110913,Tropical Storm Irene,2,10.680400848388672,12.1295747756958,1.0,2.185151494320374,24,92,167.10008372366428,0.0,True,-0.194
cell-039-022,0,0,1.0,DFO_3861_From_20110827_to_20110913,Tropical Storm Irene,2,5.160622596740723,2.034986972808838,1.0,3.782483417261289,24,92,78.461367291527,0.0,True,-0.55
cell-039-028,0,0,1.0,DFO_3861_From_20110827_to_20110913,Tropical Storm Irene,2,5.890738010406494,4.072807312011719,5.0,4.30255192797822,21,11,17.888045271742158,0.0,True,-0.503
cell-039-029,0,0,1.0,DFO_3861_From_20110827_to_20110913,Tropical Storm Irene,2,10.785308837890625,5.8159356117248535,2.0,3.2891435936298548,21,18,117.88804527174214,0.0,False,-0.188
cell-039-030,0,0,1.0,DFO_3861_From_20110827_to_20110913,Tropical Storm Irene,2,11.418730735778809,0.6932891011238098,15.0,6.58473159767623,23,64,114.25250547864233,0.0,False,-0.147
cell-039-031,0,0,1.0,DFO_3861_From_20110827_to_20110913,Tropical Storm Irene,2,11.992003440856934,1.3520809412002563,1.0,4.086297601529733,22,28,36.87715284304288,0.0,True,-0.11
cell-039-032,0,0,1.0,DFO_3861_From_20110827_to_20110913,Tropical Storm Irene,2,1.341121792793274,6.356058597564697,7.0,4.188176288007567,95,0,0.0,5.035487322651071,True,-0.796
cell-039-033,0,0,1.0,DFO_3861_From_20110827_to_20110913,Tropical Storm Irene,2,1.4828686714172363,0.9050223231315613,5.0,5.449259207660065,95,0,0.0,0.0,True,-0.787
cell-039-034,0,0,1.0,DFO_3861_From_20110827_to_20110913,Tropical Storm Irene,2,1.6489135026931763,0.7845891714096069,22.0,6.878005741298922,22,26,53.9215615166153,0.0,True,-0.776
cell-039-035,0,0,1.0,DFO_3861_From_20110827_to_20110913,Tropical Storm Irene,2,2.744575023651123,2.233863592147827,1.0,3.708918060197728,23,59,0.0,0.0,True,-0.706
cell-039-040,0,0,1.0,DFO_3861_From_20110827_to_20110913,Tropical Storm Irene,2,6.571700572967529,6.193911075592041,3.0,3.518906886516793,21,8,0.0,0.0,True,-0.459
cell-039-041,0,0,1.0,DFO_3861_From_20110827_to_20110913,Tropical Storm Irene,2,1.352022409439087,1.7313189506530762,32.0,6.709738976039778,21,11,7.159529240006623,0.0,True,-0.795
cell-039-042,0,0,1.0,DFO_3861_From_20110827_to_20110913,Tropical Storm Irene,2,1.9865763187408447,0.4397820234298706,1.0,4.728706289163588,21,19,88.68225239031017,6.146826047450304,True,-0.754
cell-039-043,0,0,0.9772727489471436,DFO_3861_From_20110827_to_20110913,Tropical Storm Irene,2,4.562817096710205,10.171452522277832,3.0,3.0501141011977264,22,23,89.34339407601661,0.0,True,-0.588
cell-040-004,0,0,1.0,DFO_3861_From_20110827_to_20110913,Tropical Storm Irene,2,31.705886840820312,6.172942638397217,2.0,3.2343535137265342,21,15,95.21543400432667,0.0,False,1.16
cell-040-005,0,0,1.0,DFO_3861_From_20110827_to_20110913,Tropical Storm Irene,2,30.37891960144043,2.563581705093384,1.0,3.5977083001075676,22,33,194.36034935086602,0.0,False,1.074
cell-040-006,0,0,1.0,DFO_3861_From_20110827_to_20110913,Tropical Storm Irene,2,32.89904022216797,8.28444766998291,4.0,3.4698594978187045,21,16,258.1203351216427,0.0,False,1.236
cell-040-007,0,0,1.0,DFO_3861_From_20110827_to_20110913,Tropical Storm Irene,2,37.633689880371094,0.378730833530426,1.0,4.790885744278593,21,2,233.98796781259787,0.0,False,1.541
cell-040-008,0,0,1.0,DFO_3861_From_20110827_to_20110913,Tropical Storm Irene,2,24.866567611694336,7.464091777801514,1.0,2.6520364514723047,21,11,182.93769091540133,0.0,False,0.719
cell-040-009,0,0,1.0,DFO_3861_From_20110827_to_20110913,Tropical Storm Irene,2,17.580097198486328,0.24743658304214478,1.0,4.939342396983317,23,52,87.54732903396099,0.0,False,0.25
cell-040-010,0,0,1.0,DFO_3861_From_20110827_to_20110913,Tropical Storm Irene,2,9.398520469665527,0.9481298923492432,9.0,5.931329476371154,24,84,0.0,0.0,True,-0.277
cell-040-011,0,0,1.0,DFO_3861_From_20110827_to_20110913,Tropical Storm Irene,2,8.29472827911377,0.2262817770242691,1.0,4.965467244809004,24,100,2.4139279960774007,0.0,True,-0.348
cell-040-012,0,0,1.0,DFO_3861_From_20110827_to_20110913,Tropical Storm Irene,2,9.482941627502441,0.6807911992073059,1.0,4.515210354246065,24,99,99.62823413557915,0.0,True,-0.272
cell-040-013,0,0,1.0,DFO_3861_From_20110827_to_20110913,Tropical Storm Irene,2,8.991272926330566,1.915987491607666,1.0,3.829228040983019,24,98,191.04871949448005,0.0,True,-0.303
cell-040-014,0,0,1.0,DFO_3861_From_20110827_to_20110913,Tropical Storm Irene,2,9.29162311553955,3.804431915283203,2.0,3.669107914434591,24,80,272.3410360070589,0.0,True,-0.284
cell-040-015,0,0,1.0,DFO_3861_From_20110827_to_20110913,Tropical Storm Irene,2,13.788900375366211,3.9579193592071533,12.0,5.100869650653091,23,56,343.73920156596074,0.0,False,0.006
cell-040-016,0,0,1.0,DFO_3861_From_20110827_to_20110913,Tropical Storm Irene,2,16.015853881835938,0.6835498809814453,1.0,4.513012167423371,22,41,330.54092531837523,0.0,False,0.149
cell-040-017,0,0,1.0,DFO_3861_From_20110827_to_20110913,Tropical Storm Irene,2,18.511022567749023,4.147013187408447,3.0,3.8811824028198876,23,63,330.56097658649304,0.0,False,0.31
cell-040-018,0,0,1.0,DFO_3861_From_20110827_to_20110913,Tropical Storm Irene,2,21.36456298828125,4.671459197998047,2.0,3.487698109761025,22,38,316.4185204457906,0.0,False,0.494
cell-040-019,0,0,1.0,DFO_3861_From_20110827_to_20110913,Tropical Storm Irene,2,24.650720596313477,2.2121942043304443,1.0,3.7166768670331543,22,46,279.3347521690522,0.0,False,0.705
cell-040-020,0,0,1.0,DFO_3861_From_20110827_to_20110913,Tropical Storm Irene,2,17.75441551208496,6.806715965270996,5.0,3.8369027061187935,21,9,243.5840138791401,0.0,False,0.261
cell-040-021,0,0,1.0,DFO_3861_From_20110827_to_20110913,Tropical Storm Irene,2,13.044918060302734,4.148004531860352,1.0,3.18782438501725,23,63,145.3649911749682,0.0,False,-0.042
cell-040-022,0,0,1.0,DFO_3861_From_20110827_to_20110913,Tropical Storm Irene,2,6.506223678588867,0.6656383872032166,17.0,6.724595943200381,24,90,49.435824755520954,0.0,True,-0.463
cell-040-023,0,0,1.0,DFO_3861_From_20110827_to_20110913,Tropical Storm Irene,2,2.955951690673828,0.9916843771934509,5.0,5.392266014544397,23,55,0.0,0.0,True,-0.692
cell-040-024,0,0,1.0,DFO_3861_From_20110827_to_20110913,Tropical Storm Irene,2,-1.5061999559402466,0.0,1.0,5.298317388899779,11,0,0.0,8.784442354456045,True,-0.979
cell-040-025,0,0,1.0,DFO_3861_From_20110827_to_20110913,Tropical Storm Irene,2,-1.5061999559402466,0.0,1.0,5.298317388899779,11,0,0.0,72.73974417381305,True,-0.979
cell-040-028,0,0,1.0,DFO_3861_From_20110827_to_20110913,Tropical Storm Irene,2,3.122657060623169,0.814824640750885,5.0,5.5122396900252015,22,29,0.0,0.0,True,-0.681
cell-040-029,0,0,1.0,DFO_3861_From_20110827_to_20110913,Tropical Storm Irene,2,8.362332344055176,3.0340538024902344,3.0,4.150854939990833,21,14,83.66661225930403,0.0,False,-0.344
cell-040-030,0,0,1.0,DFO_3861_From_20110827_to_20110913,Tropical Storm Irene,2,9.15947437286377,2.1023480892181396,1.0,3.7569575956654,21,17,133.86771504157613,0.0,False,-0.292
cell-040-031,0,0,1.0,DFO_3861_From_20110827_to_20110913,Tropical Storm Irene,2,9.657889366149902,2.178257465362549,1.0,3.728949834715796,22,25,52.84475052465099,0.0,False,-0.26
cell-040-032,0,0,1.0,DFO_3861_From_20110827_to_20110913,Tropical Storm Irene,2,7.454061031341553,9.554718017578125,2.0,2.8227624443453774,21,5,0.0,0.0,True,-0.402
cell-040-033,0,0,1.0,DFO_3861_From_20110827_to_20110913,Tropical Storm Irene,2,1.3293403387069702,0.02081345207989216,1.0,5.26263530338085,95,0,0.0,39.274810494773085,True,-0.797
cell-040-034,0,0,1.0,DFO_3861_From_20110827_to_20110913,Tropical Storm Irene,2,1.4788703918457031,0.030999142676591873,1.0,5.2456265602561025,95,0,51.63893773278687,13.728273157482782,True,-0.787
cell-040-035,0,0,1.0,DFO_3861_From_20110827_to_20110913,Tropical Storm Irene,2,2.2960636615753174,0.6149121522903442,1.0,4.569192591642798,21,17,0.0,0.0,True,-0.734
cell-040-036,0,0,1.0,DFO_3861_From_20110827_to_20110913,Tropical Storm Irene,2,-1.5061999559402466,0.002128006424754858,1.0,5.294610154681627,95,0,0.0,12.257398867048323,True,-0.979
cell-040-037,0,0,1.0,DFO_3861_From_20110827_to_20110913,Tropical Storm Irene,2,-1.5061999559402466,0.0,1.0,5.298317388899779,95,0,0.0,33.359353546770436,True,-0.979
cell-040-038,0,0,1.0,DFO_3861_From_20110827_to_20110913,Tropical Storm Irene,2,-0.6147876381874084,11.763876914978027,3.0,2.908394760850335,11,0,0.0,9.841008344548754,True,-0.922
cell-040-039,0,0,1.0,DFO_3861_From_20110827_to_20110913,Tropical Storm Irene,2,7.4634881019592285,7.929422378540039,2.0,3.0005109121760074,21,5,5.881394213911728,0.0,True,-0.402
cell-040-040,0,0,0.9772727489471436,DFO_3861_From_20110827_to_20110913,Tropical Storm Irene,2,5.881996154785156,2.287888765335083,2.0,4.095296364777736,21,6,63.00061181672224,0.0,False,-0.503
cell-040-041,0,0,0.9772727489471436,DFO_3861_From_20110827_to_20110913,Tropical Storm Irene,2,7.59813928604126,1.245413064956665,2.0,4.5487904832271635,21,7,105.70029863195498,0.0,True,-0.393
cell-040-042,0,0,0.9772727489471436,DFO_3861_From_20110827_to_20110913,Tropical Storm Irene,2,7.0530314445495605,3.234229326248169,7.0,4.7898748767793915,21,12,148.53648929258856,0.0,True,-0.428
cell-040-043,0,0,0.9772727489471436,DFO_3861_From_20110827_to_20110913,Tropical Storm Irene,2,5.866211891174316,1.5992704629898071,526.0,9.539482798164277,21,13,188.9938955180416,0.0,True,-0.505
cell-041-005,0,0,1.0,DFO_3861_From_20110827_to_20110913,Tropical Storm Irene,2,36.807456970214844,3.486417531967163,1.0,3.3392840336020413,21,8,211.44918625445743,0.0,False,1.488
cell-041-006,0,0,1.0,DFO_3861_From_20110827_to_20110913,Tropical Storm Irene,2,34.505027770996094,7.1215715408325195,1.0,2.6960800767091473,21,14,309.7297818694119,0.0,False,1.34
cell-041-007,0,0,1.0,DFO_3861_From_20110827_to_20110913,Tropical Storm Irene,2,38.85831069946289,5.007431507110596,1.0,3.0198266028529956,21,3,296.62798102095604,0.0,False,1.62
cell-041-008,0,0,1.0,DFO_3861_From_20110827_to_20110913,Tropical Storm Irene,2,23.053529739379883,9.428775787353516,8.0,3.934126792410801,22,30,196.9473446819449,0.0,False,0.602
cell-041-009,0,0,1.0,DFO_3861_From_20110827_to_20110913,Tropical Storm Irene,2,17.43594741821289,1.7623902559280396,393.0,9.176178909475306,22,34,97.26670834293373,0.0,False,0.241
cell-041-010,0,0,1.0,DFO_3861_From_20110827_to_20110913,Tropical Storm Irene,2,15.673439979553223,8.08936595916748,7.0,3.9624499891281975,23,73,0.0,0.0,True,0.127
cell-041-011,0,0,1.0,DFO_3861_From_20110827_to_20110913,Tropical Storm Irene,2,7.851840972900391,1.7716939449310303,1.0,3.8889963208421485,23,59,0.0,0.0,True,-0.377
cell-041-012,0,0,1.0,DFO_3861_From_20110827_to_20110913,Tropical Storm Irene,2,7.96673583984375,0.27787575125694275,1.0,4.902910376442545,24,88,51.99485072640283,0.0,True,-0.369
cell-041-013,0,0,1.0,DFO_3861_From_20110827_to_20110913,Tropical Storm Irene,2,9.487946510314941,0.6046262979507446,1.0,4.5778900930808675,24,95,133.31042093263244,0.0,True,-0.271
cell-041-014,0,0,1.0,DFO_3861_From_20110827_to_20110913,Tropical Storm Irene,2,7.40366268157959,2.634042263031006,5.0,4.674071628129747,24,96,218.20423169613457,0.0,True,-0.405
cell-041-015,0,0,1.0,DFO_3861_From_20110827_to_20110913,Tropical Storm Irene,2,10.34368896484375,1.3571220636367798,1.0,4.083681223686904,22,25,246.2963724220337,4.759195623220876,True,-0.216
cell-041-016,0,0,1.0,DFO_3861_From_20110827_to_20110913,Tropical Storm Irene,2,16.029630661010742,3.597743034362793,1.0,3.3121552739443008,21,16,230.54092531837523,0.0,False,0.15
cell-041-017,0,0,1.0,DFO_3861_From_20110827_to_20110913,Tropical Storm Irene,2,13.114792823791504,2.7691264152526855,7.0,4.920428304729474,23,74,230.56967315356317,0.0,False,-0.038
cell-041-018,0,0,1.0,DFO_3861_From_20110827_to_20110913,Tropical Storm Irene,2,18.135698318481445,6.913295269012451,5.0,3.8224204289405947,23,73,252.76579693335023,0.0,False,0.286
cell-041-019,0,0,1.0,DFO_3861_From_20110827_to_20110913,Tropical Storm Irene,2,23.378597259521484,1.8897655010223389,4.0,4.756118756548302,23,62,307.60156374856473,0.0,False,0.623
cell-041-020,0,0,1.0,DFO_3861_From_20110827_to_20110913,Tropical Storm Irene,2,23.98820686340332,3.332674026489258,2.0,3.783456527157386,22,41,237.72338360059075,0.0,False,0.663
cell-041-021,0,0,1.0,DFO_3861_From_20110827_to_20110913,Tropical Storm Irene,2,15.2018404006958,8.673641204833984,1.0,2.5099123982080065,22,48,137.72338360059075,0.0,False,0.097
cell-041-022,0,0,1.0,DFO_3861_From_20110827_to_20110913,Tropical Storm Irene,2,9.009639739990234,2.798372507095337,2.0,3.9308713856663764,24,95,37.72338360059075,0.0,False,-0.302
cell-041-023,0,0,1.0,DFO_3861_From_20110827_to_20110913,Tropical Storm Irene,2,3.2231252193450928,12.150428771972656,1.0,2.1834598936045184,24,83,0.0,0.0,True,-0.675
cell-041-024,0,0,1.0,DFO_3861_From_20110827_to_20110913,Tropical Storm Irene,2,2.360691547393799,0.2439485639333725,2.0,5.349068287615541,24,100,0.0,0.0,True,-0.73
cell-041-025,0,0,1.0,DFO_3861_From_20110827_to_20110913,Tropical Storm Irene,2,-1.5019055604934692,0.828069806098938,21.0,6.802022309082762,24,92,0.0,0.9676051386632025,True,-0.979
cell-041-028,0,0,1.0,DFO_3861_From_20110827_to_20110913,Tropical Storm Irene,2,2.170377731323242,6.129256725311279,3.0,3.5285849238054636,22,22,0.0,0.0,True,-0.743
cell-041-029,0,0,1.0,DFO_3861_From_20110827_to_20110913,Tropical Storm Irene,2,3.895216226577759,2.478769540786743,14.0,5.640062337838899,21,19,4.836084506957652,0.0,True,-0.631
cell-041-030,0,0,1.0,DFO_3861_From_20110827_to_20110913,Tropical Storm Irene,2,4.707437038421631,4.47324275970459,3.0,3.8140818375623176,21,13,45.66352138854563,0.0,True,-0.579
cell-041-031,0,0,1.0,DFO_3861_From_20110827_to_20110913,Tropical Storm Irene,2,10.87969970703125,3.8512284755706787,1.0,3.2529753148968616,21,14,69.78897108401101,0.0,False,-0.182
cell-041-032,0,0,1.0,DFO_3861_From_20110827_to_20110913,Tropical Storm Irene,2,9.673766136169434,7.547695636749268,5.0,3.740176525560847,22,30,8.031812649694345,0.0,True,-0.259
cell-041-033,0,0,1.0,DFO_3861_From_20110827_to_20110913,Tropical Storm Irene,2,0.9856346249580383,4.1098527908325195,11.0,4.987727933666028,22,43,0.0,0.0,True,-0.819
cell-041-034,0,0,1.0,DFO_3861_From_20110827_to_20110913,Tropical Storm Irene,2,1.3914240598678589,0.06674683839082718,1.0,5.188122867181616,95,0,17.66322188288967,50.53446295117838,True,-0.793
cell-041-035,0,0,1.0,DFO_3861_From_20110827_to_20110913,Tropical Storm Irene,2,1.8734184503555298,2.01655912399292,5.0,4.888193395298182,22,22,28.37904362658952,0.0,True,-0.762
cell-041-036,0,0,1.0,DFO_3861_From_20110827_to_20110913,Tropical Storm Irene,2,5.8356523513793945,3.257704973220825,2.0,3.8028842051007423,21,18,0.5087324939668179,0.0,True,-0.506
cell-041-037,0,0,1.0,DFO_3861_From_20110827_to_20110913,Tropical Storm Irene,2,1.8528369665145874,4.466372489929199,2.0,3.5277680900143906,95,0,0.0,27.442020870435275,True,-0.763
cell-041-038,0,0,1.0,DFO_3861_From_20110827_to_20110913,Tropical Storm Irene,2,-1.5061999559402466,1.9993844034615904e-05,171.0,9.752629761165807,11,0,0.0,3.762306271470152,True,-0.979
cell-041-039,0,0,1.0,DFO_3861_From_20110827_to_20110913,Tropical Storm Irene,2,4.815420150756836,9.150477409362793,4.0,3.375074925590422,21,2,3.804327597725205,0.0,True,-0.572
cell-041-040,0,0,0.9772727489471436,DFO_3861_From_20110827_to_20110913,Tropical Storm Irene,2,7.6601243019104,3.163097620010376,43.0,6.513525427457594,21,19,102.81219005491582,0.0,False,-0.389
cell-041-041,0,0,0.9772727489471436,DFO_3861_From_20110827_to_20110913,Tropical Storm Irene,2,10.237716674804688,1.4721919298171997,7.0,5.412039013070222,21,3,194.41726546123235,0.0,False,-0.223
cell-041-042,0,0,0.9772727489471436,DFO_3861_From_20110827_to_20110913,Tropical Storm Irene,2,13.745943069458008,7.284910202026367,2.0,3.080308225095047,21,17,230.61739510130892,0.0,False,0.003
cell-041-043,0,0,0.9772727489471436,DFO_3861_From_20110827_to_20110913,Tropical Storm Irene,2,9.018193244934082,0.8577660322189331,21.0,6.781044132433096,22,37,285.45523702311095,0.0,False,-0.302
cell-042-005,0,0,1.0,DFO_3861_From_20110827_to_20110913,Tropical Storm Irene,2,39.553348541259766,6.22020149230957,2.0,3.2273153041251113,22,28,250.33459979875732,0.0,False,1.665
cell-042-006,0,0,1.0,DFO_3861_From_20110827_to_20110913,Tropical Storm Irene,2,38.39051055908203,1.817413568496704,1.0,3.8696703436062974,21,5,337.96355646683014,0.0,False,1.59
cell-042-007,0,0,1.0,DFO_3861_From_20110827_to_20110913,Tropical Storm Irene,2,37.18220138549805,2.3400228023529053,1.0,3.6717505001586717,21,14,310.0500284065433,0.0,False,1.512
cell-042-008,0,0,1.0,DFO_3861_From_20110827_to_20110913,Tropical Storm Irene,2,26.144033432006836,10.241045951843262,10.0,4.055116456036117,21,6,215.23498229816164,0.0,False,0.801
cell-042-009,0,0,1.0,DFO_3861_From_20110827_to_20110913,Tropical Storm Irene,2,20.066421508789062,8.46544361114502,5.0,3.6316522368051354,23,54,123.73797386398309,0.0,False,0.41
cell-042-010,0,0,1.0,DFO_3861_From_20110827_to_20110913,Tropical Storm Irene,2,14.028690338134766,4.9925689697265625,16.0,5.162573989526591,22,49,32.31748850508217,0.0,False,0.021
cell-042-011,0,0,1.0,DFO_3861_From_20110827_to_20110913,Tropical Storm Irene,2,9.732396125793457,7.178389072418213,2.0,3.0941083535796627,24,81,0.0,0.0,True,-0.256
cell-042-012,0,0,1.0,DFO_3861_From_20110827_to_20110913,Tropical Storm Irene,2,7.811563968658447,0.866645097732544,23.0,6.861867582668679,23,77,0.0,0.0,True,-0.379
cell-042-013,0,0,1.0,DFO_3861_From_20110827_to_20110913,Tropical Storm Irene,2,9.088822364807129,0.5020383596420288,4.0,5.585335822444922,24,88,81.90880043511015,0.0,True,-0.297
cell-042-014,0,0,1.0,DFO_3861_From_20110827_to_20110913,Tropical Storm Irene,2,8.496447563171387,1.6462469100952148,3.0,4.63716828585255,24,94,168.92153274578573,0.0,True,-0.335
cell-042-015,0,0,1.0,DFO_3861_From_20110827_to_20110913,Tropical Storm Irene,2,6.801938056945801,0.22705884277820587,13.0,6.910405575808546,23,79,150.65073640518082,0.0,True,-0.444
cell-042-016,0,0,1.0,DFO_3861_From_20110827_to_20110913,Tropical Storm Irene,2,9.769001007080078,8.450597763061523,1.0,2.534708631719862,23,64,130.54092531837523,0.0,True,-0.253
cell-042-017,0,0,1.0,DFO_3861_From_20110827_to_20110913,Tropical Storm Irene,2,11.291297912597656,6.852087020874023,2.0,3.137565524918555,22,39,130.59168853516638,0.0,False,-0.155
cell-042-018,0,0,1.0,DFO_3861_From_20110827_to_20110913,Tropical Storm Irene,2,15.911458015441895,2.8648974895477295,1.0,3.505831441555562,22,32,166.68042187274602,0.0,False,0.142
cell-042-019,0,0,1.0,DFO_3861_From_20110827_to_20110913,Tropical Storm Irene,2,17.190696716308594,3.6959915161132812,3.0,3.981951431192341,23,64,241.54878079091222,0.0,False,0.225
cell-042-020,0,0,1.0,DFO_3861_From_20110827_to_20110913,Tropical Storm Irene,2,18.333593368530273,2.6231138706207275,26.0,6.1815677141111465,23,75,215.53473609315859,0.0,False,0.298
cell-042-021,0,0,1.0,DFO_3861_From_20110827_to_20110913,Tropical Storm Irene,2,18.644929885864258,1.762985110282898,11.0,5.684479837337841,23,78,137.82153676613234,0.0,False,0.318
cell-042-022,0,0,1.0,DFO_3861_From_20110827_to_20110913,Tropical Storm Irene,2,13.816086769104004,12.241291046142578,2.0,2.5815843735894504,24,88,37.82153676613234,0.0,False,0.007
cell-042-023,0,0,1.0,DFO_3861_From_20110827_to_20110913,Tropical Storm Irene,2,4.275761604309082,9.203327178955078,2.0,2.858732025602783,24,91,0.0,0.0,True,-0.607
cell-042-024,0,0,1.0,DFO_3861_From_20110827_to_20110913,Tropical Storm Irene,2,8.637815475463867,1.779502511024475,1.0,3.8856691759991984,23,75,0.0,0.0,True,-0.326
cell-042-025,0,0,1.0,DFO_3861_From_20110827_to_20110913,Tropical Storm Irene,2,10.579551696777344,5.727640628814697,2.0,3.3031590074781367,23,77,15.196447080932558,0.0,True,-0.201
cell-042-028,0,0,1.0,DFO_3861_From_20110827_to_20110913,Tropical Storm Irene,2,0.7094077467918396,10.152052879333496,2.0,2.7642787748964146,22,43,0.0,0.0,True,-0.837
cell-042-029,0,0,1.0,DFO_3861_From_20110827_to_20110913,Tropical Storm Irene,2,0.2733106315135956,7.255863189697266,1.0,2.6785880790851015,23,63,0.0,0.0,True,-0.865
cell-042-030,0,0,1.0,DFO_3861_From_20110827_to_20110913,Tropical Storm Irene,2,1.4767543077468872,0.7280003428459167,394.0,9.763981561442755,23,66,0.0,0.0,True,-0.787
cell-042-031,0,0,1.0,DFO_3861_From_20110827_to_20110913,Tropical Storm Irene,2,10.380205154418945,7.878307819366455,1.0,2.6011554584991217,21,9,17.60751524814213,0.0,True,-0.214
cell-042-032,0,0,1.0,DFO_3861_From_20110827_to_20110913,Tropical Storm Irene,2,8.17780590057373,2.308828353881836,1.0,3.682530063465629,21,18,65.4229977053282,0.0,False,-0.356
cell-042-033,0,0,1.0,DFO_3861_From_20110827_to_20110913,Tropical Storm Irene,2,8.225397109985352,4.340049743652344,2.0,3.5532609219514613,22,26,0.0,0.0,True,-0.353
cell-042-034,0,0,1.0,DFO_3861_From_20110827_to_20110913,Tropical Storm Irene,2,1.034332513809204,1.242342233657837,3.0,4.838163276425706,90,0,0.0,35.648530193319544,True,-0.816
cell-042-035,0,0,1.0,DFO_3861_From_20110827_to_20110913,Tropical Storm Irene,2,1.9445363283157349,1.165095567703247,2.0,4.593981111255518,95,0,15.978150856629977,0.0,True,-0.757
cell-042-036,0,0,1.0,DFO_3861_From_20110827_to_20110913,Tropical Storm Irene,2,3.0619287490844727,3.448239803314209,4.0,4.265048824247382,21,12,100.33311167551908,0.0,True,-0.685
cell-042-037,0,0,1.0,DFO_3861_From_20110827_to_20110913,Tropical Storm Irene,2,3.7798755168914795,1.2829570770263672,1.0,4.122880844096241,22,34,21.004305137321353,0.0,True,-0.639
cell-042-038,0,0,1.0,DFO_3861_From_20110827_to_20110913,Tropical Storm Irene,2,3.7532427310943604,7.250173568725586,1.0,2.6793232066533905,22,34,0.0,0.0,True,-0.641
cell-042-039,0,0,1.0,DFO_3861_From_20110827_to_20110913,Tropical Storm Irene,2,3.00762939453125,0.5811646580696106,1.0,4.598016662709154,22,41,0.0,0.0,True,-0.689
cell-042-040,0,0,0.9772727489471436,DFO_3861_From_20110827_to_20110913,Tropical Storm Irene,2,11.094635963439941,2.3181443214416504,1.0,3.6792986612496987,21,18,86.13863342767581,0.0,True,-0.168
cell-042-041,0,0,0.9772727489471436,DFO_3861_From_20110827_to_20110913,Tropical Storm Irene,2,8.581253051757812,7.08546257019043,6.0,3.9535972505815917,22,21,186.1386334276758,0.0,False,-0.33
cell-042-042,0,0,0.9772727489471436,DFO_3861_From_20110827_to_20110913,Tropical Storm Irene,2,14.886906623840332,1.154604196548462,1.0,4.194572488952757,22,20,286.1386334276758,0.0,False,0.076
cell-043-006,0,0,1.0,DFO_3861_From_20110827_to_20110913,Tropical Storm Irene,2,36.781944274902344,5.88212251663208,6.0,4.126059869308662,21,3,356.43454015930183,0.0,False,1.486
cell-043-007,0,0,1.0,DFO_3861_From_20110827_to_20110913,Tropical Storm Irene,2,36.936927795410156,5.161924839019775,22.0,5.434713725249368,21,11,347.10418186354525,0.0,False,1.496
cell-043-008,0,0,1.0,DFO_3861_From_20110827_to_20110913,Tropical Storm Irene,2,37.590694427490234,2.240729570388794,3.0,4.39961937189763,21,19,255.6836965046444,0.0,False,1.538
cell-043-009,0,0,1.0,DFO_3861_From_20110827_to_20110913,Tropical Storm Irene,2,32.91288757324219,5.332316875457764,1.0,2.9629155732428702,22,21,168.35133455425327,0.0,False,1.237
cell-043-010,0,0,1.0,DFO_3861_From_20110827_to_20110913,Tropical Storm Irene,2,25.80005645751953,8.90574836730957,1.0,2.484715039213526,21,5,87.82221950110421,0.0,False,0.779
cell-043-011,0,0,1.0,DFO_3861_From_20110827_to_20110913,Tropical Storm Irene,2,9.940305709838867,10.145597457885742,2.0,2.764894037803133,22,28,4.610008977851006,0.0,True,-0.242
cell-043-012,0,0,1.0,DFO_3861_From_20110827_to_20110913,Tropical Storm Irene,2,6.500315189361572,7.089078426361084,6.0,3.9531202571309856,22,47,0.0,0.0,True,-0.464
cell-043-013,0,0,1.0,DFO_3861_From_20110827_to_20110913,Tropical Storm Irene,2,9.192782402038574,0.7226309180259705,2.0,4.887844494519511,24,96,32.626101484761286,0.0,True,-0.29
cell-043-014,0,0,1.0,DFO_3861_From_20110827_to_20110913,Tropical Storm Irene,2,7.919968128204346,0.7010255455970764,1.0,4.499198205624103,24,90,119.69635297914678,0.0,True,-0.372
cell-043-015,0,0,1.0,DFO_3861_From_20110827_to_20110913,Tropical Storm Irene,2,6.615478515625,0.31542614102363586,1.0,4.859721826167748,24,87,67.25018462862168,0.0,True,-0.456
cell-043-016,0,0,1.0,DFO_3861_From_20110827_to_20110913,Tropical Storm Irene,2,6.302356719970703,0.08542955666780472,33.0,7.992549276166366,24,100,30.54092531837523,0.0,True,-0.476
cell-043-017,0,0,1.0,DFO_3861_From_20110827_to_20110913,Tropical Storm Irene,2,8.052669525146484,1.3254657983779907,11.0,5.891985219085242,23,77,30.75717884967438,0.0,True,-0.364
cell-043-018,0,0,1.0,DFO_3861_From_20110827_to_20110913,Tropical Storm Irene,2,11.259025573730469,5.379269123077393,8.0,4.459024893642782,23,67,101.98519456176854,0.0,False,-0.157
cell-043-019,0,0,1.0,DFO_3861_From_20110827_to_20110913,Tropical Storm Irene,2,11.40506649017334,2.5344059467315674,123.0,7.734201605605428,23,60,183.19070641040818,0.0,False,-0.148
cell-043-020,0,0,1.0,DFO_3861_From_20110827_to_20110913,Tropical Storm Irene,2,13.351412773132324,1.307407259941101,1.0,4.109787494870838,24,97,133.9066682828866,0.0,False,-0.022
cell-043-021,0,0,1.0,DFO_3861_From_20110827_to_20110913,Tropical Storm Irene,2,17.1129207611084,9.450326919555664,1.0,2.427856384489732,24,98,85.51267554507602,0.0,False,0.22
cell-043-022,0,0,1.0,DFO_3861_From_20110827_to_20110913,Tropical Storm Irene,2,12.705291748046875,3.2390329837799072,2.0,3.8077817684516297,24,81,52.94244852508714,0.0,False,-0.064
cell-043-023,0,0,1.0,DFO_3861_From_20110827_to_20110913,Tropical Storm Irene,2,4.835352897644043,3.238755464553833,10.0,5.107137703524764,24,93,0.0,0.0,True,-0.571
cell-043-024,0,0,1.0,DFO_3861_From_20110827_to_20110913,Tropical Storm Irene,2,7.914524555206299,2.7504587173461914,10.0,5.244492826657334,23,72,0.0,0.0,True,-0.373
cell-043-025,0,0,1.0,DFO_3861_From_20110827_to_20110913,Tropical Storm Irene,2,13.248835563659668,2.1940150260925293,6.0,4.97599561021597,22,45,86.08957275858735,0.0,False,-0.029
cell-043-026,0,0,1.0,DFO_3861_From_20110827_to_20110913,Tropical Storm Irene,2,15.577618598937988,2.5574095249176025,3.0,4.292828183724386,23,65,116.67951659555924,0.0,False,0.121
cell-043-027,0,0,1.0,DFO_3861_From_20110827_to_20110913,Tropical Storm Irene,2,10.98947525024414,7.4122633934021,8.0,4.162659230901319,23,74,64.28632182176284,0.0,True,-0.175
cell-043-028,0,0,1.0,DFO_3861_From_20110827_to_20110913,Tropical Storm Irene,2,4.863283634185791,4.436945915222168,5.0,4.226796773687188,21,16,37.93190603516996,0.0,True,-0.569
cell-043-029,0,0,1.0,DFO_3861_From_20110827_to_20110913,Tropical Storm Irene,2,3.7213921546936035,2.373411178588867,5.0,4.758951945526431,22,35,0.0,0.0,True,-0.643
cell-043-030,0,0,1.0,DFO_3861_From_20110827_to_20110913,Tropical Storm Irene,2,-0.5772934556007385,0.49036502838134766,1.0,4.679964198725419,23,53,0.0,20.981093400751135,True,-0.919
cell-043-031,0,0,1.0,DFO_3861_From_20110827_to_20110913,Tropical Storm Irene,2,2.342453718185425,0.7554988861083984,53.0,7.753160228071154,21,18,1.4319185639004435,0.0,True,-0.731
cell-043-032,0,0,1.0,DFO_3861_From_20110827_to_20110913,Tropical Storm Irene,2,6.869292259216309,1.997286319732666,13.0,5.742968545338501,22,22,68.13293774720024,0.0,True,-0.44
cell-043-033,0,0,1.0,DFO_3861_From_20110827_to_20110913,Tropical Storm Irene,2,12.83419132232666,2.4414420127868652,1.0,3.6374829596092724,21,15,58.7597724613534,0.0,False,-0.056
cell-043-034,0,0,1.0,DFO_3861_From_20110827_to_20110913,Tropical Storm Irene,2,5.812751770019531,12.974942207336426,3.0,2.8117138198090434,90,0,0.0,0.0,True,-0.508
cell-043-035,0,0,1.0,DFO_3861_From_20110827_to_20110913,Tropical Storm Irene,2,2.0563457012176514,1.2877497673034668,14.0,6.135203859402541,95,0,0.0,20.948888773648203,True,-0.75
cell-043-036,0,0,1.0,DFO_3861_From_20110827_to_20110913,Tropical Storm Irene,2,8.347087860107422,2.175693988800049,1.0,3.7298830643350303,23,57,63.30297387029379,0.0,True,-0.345
cell-043-037,0,0,1.0,DFO_3861_From_20110827_to_20110913,Tropical Storm Irene,2,7.649415016174316,0.7629073262214661,42.0,7.519814231128947,23,55,73.92168944559901,0.0,True,-0.39
cell-043-038,0,0,1.0,DFO_3861_From_20110827_to_20110913,Tropical Storm Irene,2,9.739516258239746,7.208866596221924,2.0,3.09014109110244,21,18,27.216293833218515,0.0,True,-0.255
cell-043-039,0,0,1.0,DFO_3861_From_20110827_to_20110913,Tropical Storm Irene,2,2.173328161239624,3.8439366817474365,12.0,5.126432349375843,21,9,27.649558083993995,0.0,True,-0.742
cell-043-040,0,0,1.0,DFO_3861_From_20110827_to_20110913,Tropical Storm Irene,2,4.620701789855957,5.619151592254639,2.0,3.3206470996320285,21,12,96.66703182817977,0.0,True,-0.585
cell-043-041,0,0,1.0,DFO_3861_From_20110827_to_20110913,Tropical Storm Irene,2,10.441134452819824,3.3038008213043213,5.0,4.484041717595832,21,8,191.23870353044512,0.0,False,-0.21
cell-043-042,0,0,1.0,DFO_3861_From_20110827_to_20110913,Tropical Storm Irene,2,11.799019813537598,3.04367995262146,9.0,5.064474998035606,21,8,289.48224196579076,0.0,False,-0.122
cell-044-006,0,0,1.0,DFO_3861_From_20110827_to_20110913,Tropical Storm Irene,2,33.292301177978516,9.163719177246094,2.0,2.862864212492446,21,2,356.9621253717435,0.0,False,1.262
cell-044-007,0,0,1.0,DFO_3861_From_20110827_to_20110913,Tropical Storm Irene,2,35.286624908447266,6.778034687042236,4.0,3.658513391569195,21,5,390.498529753778,0.0,False,1.39
cell-044-008,0,0,1.0,DFO_3861_From_20110827_to_20110913,Tropical Storm Irene,2,36.54646301269531,7.634793758392334,3.0,3.3239126461533948,21,10,308.1684047817603,0.0,False,1.471
cell-044-009,0,0,1.0,DFO_3861_From_20110827_to_20110913,Tropical Storm Irene,2,27.276771545410156,10.512497901916504,4.0,3.241301985635263,21,3,227.12678998160135,0.0,False,0.874
cell-044-010,0,0,1.0,DFO_3861_From_20110827_to_20110913,Tropical Storm Irene,2,26.612934112548828,8.343483924865723,1.0,2.546828377533491,21,1,141.39936313658984,0.0,False,0.832
cell-044-011,0,0,1.0,DFO_3861_From_20110827_to_20110913,Tropical Storm Irene,2,8.537151336669922,3.515643835067749,9.0,4.941528897106432,21,16,54.386630825914274,0.0,False,-0.333
cell-044-012,0,0,1.0,DFO_3861_From_20110827_to_20110913,Tropical Storm Irene,2,11.96763801574707,10.479376792907715,1.0,2.3280733603365764,23,71,0.0,0.0,True,-0.112
cell-044-013,0,0,1.0,DFO_3861_From_20110827_to_20110913,Tropical Storm Irene,2,7.826606273651123,0.7815725803375244,5.0,5.536495795017946,24,86,0.0,0.0,True,-0.378
cell-044-014,0,0,1.0,DFO_3861_From_20110827_to_20110913,Tropical Storm Irene,2,8.430037498474121,1.7927316427230835,3.0,4.573204488845188,24,88,74.72012063115383,0.0,True,-0.339
cell-044-015,0,0,1.0,DFO_3861_From_20110827_to_20110913,Tropical Storm Irene,2,6.808951377868652,1.3136659860610962,1.0,4.10646333558911,24,100,0.0,0.0,True,-0.444
cell-044-016,0,0,1.0,DFO_3861_From_20110827_to_20110913,Tropical Storm Irene,2,6.140077114105225,2.259647846221924,4.0,4.616054060191013,23,78,0.0,0.0,True,-0.487
cell-044-017,0,0,1.0,DFO_3861_From_20110827_to_20110913,Tropical Storm Irene,2,6.2049946784973145,0.3736882209777832,1.0,4.796198608666801,24,85,0.0,0.0,True,-0.483
cell-044-018,0,0,1.0,DFO_3861_From_20110827_to_20110913,Tropical Storm Irene,2,8.441503524780273,4.8861236572265625,1.0,3.041919930741318,24,85,43.62712018126449,0.0,True,-0.339
cell-044-019,0,0,1.0,DFO_3861_From_20110827_to_20110913,Tropical Storm Irene,2,7.2310261726379395,1.406646966934204,16.0,6.198400321926585,23,62,124.82723076062913,0.0,False,-0.417
cell-044-020,0,0,1.0,DFO_3861_From_20110827_to_20110913,Tropical Storm Irene,2,9.94946575164795,4.968699932098389,4.0,3.94311929573782,24,89,78.2926761076667,0.0,False,-0.242
cell-044-021,0,0,1.0,DFO_3861_From_20110827_to_20110913,Tropical Storm Irene,2,8.186561584472656,9.35970687866211,8.0,3.9411857867408453,24,97,0.0,0.0,True,-0.355
cell-044-022,0,0,1.0,DFO_3861_From_20110827_to_20110913,Tropical Storm Irene,2,6.97079610824585,4.186136245727539,3.0,3.8728967695265473,22,20,0.0,0.0,True,-0.433
cell-044-023,0,0,1.0,DFO_3861_From_20110827_to_20110913,Tropical Storm Irene,2,4.879123687744141,14.634709358215332,7.0,3.384607659526172,21,11,0.0,0.0,True,-0.568
cell-044-024,0,0,1.0,DFO_3861_From_20110827_to_20110913,Tropical Storm Irene,2,10.910820007324219,2.7053213119506836,1.0,3.553441882570032,23,76,25.072785572419026,0.0,False,-0.18
cell-044-025,0,0,1.0,DFO_3861_From_20110827_to_20110913,Tropical Storm Irene,2,16.190629959106445,1.104509949684143,1.0,4.224007268416866,23,76,112.11403830389169,0.0,False,0.16
cell-044-026,0,0,1.0,DFO_3861_From_20110827_to_20110913,Tropical Storm Irene,2,19.251474380493164,4.211909294128418,1.0,3.1743281873154476,23,58,203.61989919390302,0.0,False,0.357
cell-044-027,0,0,1.0,DFO_3861_From_20110827_to_20110913,Tropical Storm Irene,2,15.867420196533203,6.252345561981201,6.0,4.069853481819469,23,76,149.8695345538819,0.0,False,0.14
cell-044-028,0,0,1.0,DFO_3861_From_20110827_to_20110913,Tropical Storm Irene,2,12.916553497314453,2.577826738357544,1.0,3.5931702791475812,23,68,117.91542709996031,0.0,False,-0.05
cell-044-029,0,0,1.0,DFO_3861_From_20110827_to_20110913,Tropical Storm Irene,2,17.420740127563477,2.6988768577575684,1.0,3.5554127942287583,21,10,25.776422045991303,0.0,True,0.24
cell-044-030,0,0,1.0,DFO_3861_From_20110827_to_20110913,Tropical Storm Irene,2,0.26619088649749756,7.257481098175049,59.0,6.0795764844439315,21,16,0.0,41.560510985409074,True,-0.865
cell-044-031,0,0,1.0,DFO_3861_From_20110827_to_20110913,Tropical Storm Irene,2,1.0182701349258423,0.6130940318107605,129.0,8.745111747639056,22,22,0.0,0.0,True,-0.817
cell-044-032,0,0,1.0,DFO_3861_From_20110827_to_20110913,Tropical Storm Irene,2,3.7561545372009277,0.6268438100814819,16.0,6.699263200523404,22,21,4.4026654745392495,0.0,True,-0.64
cell-044-033,0,0,1.0,DFO_3861_From_20110827_to_20110913,Tropical Storm Irene,2,9.964348793029785,8.063425064086914,3.0,3.2723434558462996,22,29,88.87361694920526,0.0,False,-0.241
cell-044-034,0,0,1.0,DFO_3861_From_20110827_to_20110913,Tropical Storm Irene,2,8.582474708557129,7.9290337562561035,3.0,3.288239300753924,21,4,0.0,0.0,True,-0.33
cell-044-035,0,0,1.0,DFO_3861_From_20110827_to_20110913,Tropical Storm Irene,2,2.5678670406341553,1.0937743186950684,1.0,4.230429541957571,11,0,0.0,28.232498834840953,True,-0.717
cell-044-036,0,0,1.0,DFO_3861_From_20110827_to_20110913,Tropical Storm Irene,2,5.03981351852417,9.096049308776855,4.0,3.38078713641576,21,2,0.0,0.0,True,-0.558
cell-044-037,0,0,1.0,DFO_3861_From_20110827_to_20110913,Tropical Storm Irene,2,9.500150680541992,2.044318199157715,1.0,3.7789085354738137,22,33,86.50486965867148,0.0,False,-0.27
cell-044-038,0,0,1.0,DFO_3861_From_20110827_to_20110913,Tropical Storm Irene,2,9.274430274963379,2.3565964698791504,5.0,4.764682309790214,22,29,127.21629383321851,0.0,False,-0.285
cell-044-039,0,0,1.0,DFO_3861_From_20110827_to_20110913,Tropical Storm Irene,2,9.93830680847168,2.2226293087005615,1.0,3.7129329515620464,21,2,127.50503794673531,0.0,True,-0.242
cell-044-040,0,0,1.0,DFO_3861_From_20110827_to_20110913,Tropical Storm Irene,2,4.057006359100342,1.6917650699615479,214.0,8.601195432601473,21,12,163.38008944948638,0.0,True,-0.621
cell-044-041,0,0,1.0,DFO_3861_From_20110827_to_20110913,Tropical Storm Irene,2,13.861563682556152,0.5384353399276733,1.0,4.635745546013399,21,17,235.25817806526445,0.0,False,0.01
cell-044-042,0,0,1.0,DFO_3861_From_20110827_to_20110913,Tropical Storm Irene,2,11.51529598236084,1.4560033082962036,1.0,4.033695755236973,21,16,320.2719735351859,0.0,False,-0.141
cell-045-007,0,0,1.0,DFO_3861_From_20110827_to_20110913,Tropical Storm Irene,2,28.190385818481445,1.0176421403884888,1.0,4.277195585657291,21,1,447.9854750092675,0.0,False,0.933
cell-045-008,0,0,1.0,DFO_3861_From_20110827_to_20110913,Tropical Storm Irene,2,26.422569274902344,5.405401229858398,27.0,5.589596971520265,21,12,364.70752670828983,0.0,False,0.819
cell-045-009,0,0,1.0,DFO_3861_From_20110827_to_20110913,Tropical Storm Irene,2,17.132802963256836,4.400041580200195,5.0,4.234221391698754,22,22,277.69479439761426,0.0,False,0.221
cell-045-010,0,0,1.0,DFO_3861_From_20110827_to_20110913,Tropical Storm Irene,2,14.759079933166504,9.553289413452148,3.0,3.1105884209762773,21,18,190.68206208693874,0.0,False,0.068
cell-045-011,0,0,1.0,DFO_3861_From_20110827_to_20110913,Tropical Storm Irene,2,8.626030921936035,2.5385937690734863,8.0,5.109795946541442,21,16,103.66932977626314,0.0,False,-0.327
cell-045-012,0,0,1.0,DFO_3861_From_20110827_to_20110913,Tropical Storm Irene,2,7.640783309936523,8.678903579711914,6.0,3.762097274158012,21,2,11.862960113182806,0.0,True,-0.39
cell-045-013,0,0,1.0,DFO_3861_From_20110827_to_20110913,Tropical Storm Irene,2,6.691668510437012,2.811584949493408,28.0,6.195636864734815,21,19,0.0,0.0,True,-0.451
cell-045-014,0,0,1.0,DFO_3861_From_20110827_to_20110913,Tropical Storm Irene,2,6.908303737640381,1.703839659690857,5.0,5.016995946664869,24,100,0.0,0.0,True,-0.437
cell-045-017,0,0,1.0,DFO_3861_From_20110827_to_20110913,Tropical Storm Irene,2,8.065858840942383,1.2225432395935059,1.0,4.155986681550697,23,62,0.0,0.0,True,-0.363
cell-045-018,0,0,1.0,DFO_3861_From_20110827_to_20110913,Tropical Storm Irene,2,6.820612907409668,3.82181453704834,5.0,4.358279502005504,24,96,0.0,0.0,True,-0.443
cell-045-019,0,0,1.0,DFO_3861_From_20110827_to_20110913,Tropical Storm Irene,2,8.857253074645996,1.9616507291793823,1.0,3.811032349348779,24,94,66.4523935840592,0.0,False,-0.312
cell-045-020,0,0,1.0,DFO_3861_From_20110827_to_20110913,Tropical Storm Irene,2,9.6239595413208,1.610781192779541,4.0,4.876431986167352,24,91,73.27790342317894,0.0,False,-0.263
cell-045-021,0,0,1.0,DFO_3861_From_20110827_to_20110913,Tropical Storm Irene,2,7.320824146270752,3.5169529914855957,34.0,6.193970788883553,24,88,0.0,0.0,True,-0.411
cell-045-022,0,0,1.0,DFO_3861_From_20110827_to_20110913,Tropical Storm Irene,2,11.693699836730957,5.183732032775879,5.0,4.0871618933247715,22,28,0.0,0.0,True,-0.129
cell-045-023,0,0,1.0,DFO_3861_From_20110827_to_20110913,Tropical Storm Irene,2,15.944209098815918,3.884596109390259,2.0,3.6509022117531984,23,75,25.674720290568185,0.0,False,0.144
cell-045-024,0,0,1.0,DFO_3861_From_20110827_to_20110913,Tropical Storm Irene,2,17.481279373168945,0.5244245529174805,1.0,4.648433234851385,21,12,74.10296065073649,0.0,False,0.243
cell-045-025,0,0,1.0,DFO_3861_From_20110827_to_20110913,Tropical Storm Irene,2,18.304340362548828,0.7017168998718262,4.0,5.414946353179937,22,34,160.0463116759378,0.0,False,0.296
cell-045-026,0,0,1.0,DFO_3861_From_20110827_to_20110913,Tropical Storm Irene,2,20.59429931640625,1.1388922929763794,1.0,4.203711780874659,22,44,248.47260061077742,0.0,False,0.444
cell-045-027,0,0,1.0,DFO_3861_From_20110827_to_20110913,Tropical Storm Irene,2,18.37480354309082,0.44118359684944153,17.0,6.924547784838327,24,89,245.2721373831914,0.0,False,0.301
cell-045-028,0,0,1.0,DFO_3861_From_20110827_to_20110913,Tropical Storm Irene,2,19.005578994750977,2.3599352836608887,2.0,4.070394748119864,24,96,151.101561671643,0.0,False,0.342
cell-045-029,0,0,1.0,DFO_3861_From_20110827_to_20110913,Tropical Storm Irene,2,20.156293869018555,1.6136306524276733,1.0,3.958836524051484,21,6,58.7637748872532,0.0,False,0.416
cell-045-030,0,0,1.0,DFO_3861_From_20110827_to_20110913,Tropical Storm Irene,2,14.285186767578125,14.315354347229004,8.0,3.524562730373235,22,26,0.0,0.0,True,0.038
cell-045-031,0,0,1.0,DFO_3861_From_20110827_to_20110913,Tropical Storm Irene,2,-0.829451858997345,4.814876079559326,85.0,6.8163234522182785,21,19,0.0,20.54114784059814,True,-0.936
cell-045-032,0,0,1.0,DFO_3861_From_20110827_to_20110913,Tropical Storm Irene,2,3.0710341930389404,3.431901216506958,1.0,3.3528399727192357,22,34,0.0,0.0,True,-0.685
cell-045-033,0,0,1.0,DFO_3861_From_20110827_to_20110913,Tropical Storm Irene,2,8.932144165039062,1.7507961988449097,1.0,3.897955625628036,22,35,47.072620228447654,0.0,True,-0.307
cell-045-034,0,0,1.0,DFO_3861_From_20110827_to_20110913,Tropical Storm Irene,2,6.275890350341797,11.457869529724121,3.0,2.934229647152515,21,3,0.0,8.337534485077876,True,-0.478
cell-045-035,0,0,1.0,DFO_3861_From_20110827_to_20110913,Tropical Storm Irene,2,2.181375503540039,0.14073505997657776,8.0,6.582753732240431,95,0,0.0,19.95977528294828,True,-0.742
cell-045-036,0,0,1.0,DFO_3861_From_20110827_to_20110913,Tropical Storm Irene,2,3.2760393619537354,2.5008084774017334,27.0,6.257010994893557,22,35,0.0,0.0,True,-0.671
cell-045-037,0,0,1.0,DFO_3861_From_20110827_to_20110913,Tropical Storm Irene,2,7.2044453620910645,5.201109886169434,2.0,3.3909831822246788,21,3,80.32482434879057,0.0,False,-0.418
cell-045-038,0,0,1.0,DFO_3861_From_20110827_to_20110913,Tropical Storm Irene,2,6.973516464233398,2.4906654357910156,12.0,5.493065660378058,21,13,180.32482434879057,0.0,False,-0.433
cell-045-039,0,0,1.0,DFO_3861_From_20110827_to_20110913,Tropical Storm Irene,2,11.081514358520508,1.6893056631088257,1.0,3.9247918909515986,22,23,227.38837610891687,0.0,False,-0.169
cell-045-040,0,0,1.0,DFO_3861_From_20110827_to_20110913,Tropical Storm Irene,2,5.430453300476074,0.2296931892633438,8.0,6.4652853416257,21,9,249.41417976983647,0.0,False,-0.533
cell-045-041,0,0,1.0,DFO_3861_From_20110827_to_20110913,Tropical Storm Irene,2,9.141213417053223,5.812559604644775,2.0,3.2896759324593603,22,30,304.33798513298365,0.0,False,-0.294
cell-045-042,0,0,1.0,DFO_3861_From_20110827_to_20110913,Tropical Storm Irene,2,7.048190116882324,1.1312896013259888,9.0,5.817602193295408,22,43,375.96317060412315,0.0,False,-0.428
cell-046-007,0,0,1.0,DFO_3861_From_20110827_to_20110913,Tropical Storm Irene,2,28.606651306152344,5.849719524383545,5.0,3.9769786076267803,21,5,501.00295796931425,0.0,False,0.96
cell-046-008,0,0,1.0,DFO_3861_From_20110827_to_20110913,Tropical Storm Irene,2,18.136762619018555,4.053455352783203,10.0,4.912876878071671,21,2,413.9902256586386,0.0,False,0.286
cell-046-009,0,0,1.0,DFO_3861_From_20110827_to_20110913,Tropical Storm Irene,2,15.903624534606934,8.703670501708984,10.0,4.211366321885605,21,5,326.9774933479631,0.0,False,0.142
cell-046-010,0,0,1.0,DFO_3861_From_20110827_to_20110913,Tropical Storm Irene,2,15.332651138305664,14.123270034790039,4.0,2.950321367425628,22,41,235.04494273629336,0.0,False,0.105
cell-046-011,0,0,1.0,DFO_3861_From_20110827_to_20110913,Tropical Storm Irene,2,18.973196029663086,19.0275821685791,3.0,2.4223088883340207,21,5,144.793732028047,0.0,False,0.34
cell-046-012,0,0,1.0,DFO_3861_From_20110827_to_20110913,Tropical Storm Irene,2,17.658111572265625,9.69521713256836,2.0,2.8087150217445167,21,2,59.74280383481521,6.731243428749615,False,0.255
cell-046-013,0,0,1.0,DFO_3861_From_20110827_to_20110913,Tropical Storm Irene,2,15.475650787353516,1.2025476694107056,1.0,4.167189538446624,23,61,8.309137373231351,0.0,True,0.114
cell-046-014,0,0,1.0,DFO_3861_From_20110827_to_20110913,Tropical Storm Irene,2,9.602944374084473,1.9005838632583618,198.0,8.435598909691567,23,57,6.583499978296459,0.0,True,-0.264
cell-046-017,0,0,1.0,DFO_3861_From_20110827_to_20110913,Tropical Storm Irene,2,7.284039497375488,1.7445601224899292,2.0,4.306109768733968,23,60,14.741069112200712,0.0,True,-0.413
cell-046-018,0,0,1.0,DFO_3861_From_20110827_to_20110913,Tropical Storm Irene,2,6.6492133140563965,2.5762014389038086,2.0,3.9991522494209555,23,78,0.0,0.0,True,-0.454
cell-046-019,0,0,1.0,DFO_3861_From_20110827_to_20110913,Tropical Storm Irene,2,11.625333786010742,6.904379367828369,2.0,3.13047697612821,23,72,5.444646850076815,0.0,True,-0.134
cell-046-020,0,0,1.0,DFO_3861_From_20110827_to_20110913,Tropical Storm Irene,2,14.226360321044922,4.2653326988220215,1.0,3.163181850918224,24,80,77.5691157548379,0.0,False,0.034
cell-046-021,0,0,1.0,DFO_3861_From_20110827_to_20110913,Tropical Storm Irene,2,6.512487411499023,6.327977180480957,9.0,4.415415458899776,22,44,0.0,0.0,True,-0.463
cell-046-022,0,0,1.0,DFO_3861_From_20110827_to_20110913,Tropical Storm Irene,2,10.853116989135742,10.80872917175293,8.0,3.8020824530449007,21,3,0.0,12.616181776631054,True,-0.183
cell-046-023,0,0,1.0,DFO_3861_From_20110827_to_20110913,Tropical Storm Irene,2,16.229095458984375,4.584104537963867,7.0,4.485401681960618,22,33,98.5668620467186,0.0,False,0.163
cell-046-024,0,0,1.0,DFO_3861_From_20110827_to_20110913,Tropical Storm Irene,2,19.39617347717285,1.6942451000213623,3.0,4.615756604735805,22,23,151.88495221875658,0.0,False,0.367
cell-046-025,0,0,1.0,DFO_3861_From_20110827_to_20110913,Tropical Storm Irene,2,18.887784957885742,0.5500652194023132,3.0,5.31848204956207,22,28,215.18540600554675,0.0,False,0.334
cell-046-026,0,0,1.0,DFO_3861_From_20110827_to_20110913,Tropical Storm Irene,2,19.431827545166016,1.3460843563079834,5.0,5.1880311150783855,22,43,295.97409228412886,0.0,False,0.369
cell-046-027,0,0,1.0,DFO_3861_From_20110827_to_20110913,Tropical Storm Irene,2,18.46307373046875,0.545861542224884,21.0,7.026980750883866,22,32,281.9528271896963,0.0,False,0.307
cell-046-028,0,0,1.0,DFO_3861_From_20110827_to_20110913,Tropical Storm Irene,2,19.753192901611328,1.1115694046020508,1.0,4.219806410032478,22,32,199.45459975772286,0.0,False,0.39
cell-046-029,0,0,1.0,DFO_3861_From_20110827_to_20110913,Tropical Storm Irene,2,20.54410743713379,2.798872709274292,4.0,4.441548463605896,22,45,133.9898961431295,0.0,False,0.441
cell-046-030,0,0,1.0,DFO_3861_From_20110827_to_20110913,Tropical Storm Irene,2,20.327800750732422,2.7322041988372803,4.0,4.461552445404667,24,98,50.43338651192372,0.0,False,0.427
cell-046-031,0,0,1.0,DFO_3861_From_20110827_to_20110913,Tropical Storm Irene,2,17.139131546020508,1.602187156677246,6.0,5.216849850074267,21,9,2.620528713830369,0.0,True,0.221
cell-046-032,0,0,1.0,DFO_3861_From_20110827_to_20110913,Tropical Storm Irene,2,3.682339668273926,13.971901893615723,4.0,2.961109876809776,23,78,0.0,0.0,True,-0.645
cell-046-033,0,0,1.0,DFO_3861_From_20110827_to_20110913,Tropical Storm Irene,2,3.3470163345336914,8.52070140838623,1.0,2.526851820285233,22,39,0.0,0.0,True,-0.667
cell-046-034,0,0,1.0,DFO_3861_From_20110827_to_20110913,Tropical Storm Irene,2,8.060858726501465,2.8008358478546143,12.0,5.396476820229087,22,33,8.471669891241122,0.0,True,-0.363
cell-046-035,0,0,1.0,DFO_3861_From_20110827_to_20110913,Tropical Storm Irene,2,3.459103584289551,7.773641109466553,5.0,3.7123916355629714,22,31,0.0,0.0,True,-0.66
cell-046-036,0,0,1.0,DFO_3861_From_20110827_to_20110913,Tropical Storm Irene,2,4.838898658752441,0.923856258392334,1.0,4.337981770828984,81,0,15.558671343958952,0.0,True,-0.571
cell-046-037,0,0,1.0,DFO_3861_From_20110827_to_20110913,Tropical Storm Irene,2,5.1025004386901855,3.186673402786255,3.0,4.109325778171839,21,2,91.39940399507672,0.0,False,-0.554
cell-046-038,0,0,1.0,DFO_3861_From_20110827_to_20110913,Tropical Storm Irene,2,6.258811950683594,0.6946473717689514,3.0,5.197365100071962,21,8,185.5230872975473,0.0,False,-0.479
cell-046-039,0,0,1.0,DFO_3861_From_20110827_to_20110913,Tropical Storm Irene,2,9.503425598144531,3.1611289978027344,4.0,4.339301963781003,21,16,283.69663514072823,0.0,False,-0.27
cell-046-040,0,0,1.0,DFO_3861_From_20110827_to_20110913,Tropical Storm Irene,2,8.45907211303711,3.257948637008667,6.0,4.650118382609066,21,8,343.10612427060875,0.0,False,-0.338
cell-046-041,0,0,1.0,DFO_3861_From_20110827_to_20110913,Tropical Storm Irene,2,6.5152716636657715,1.6260473728179932,6.0,5.20593354879189,21,10,384.8843834667007,0.0,False,-0.463
cell-046-042,0,0,1.0,DFO_3861_From_20110827_to_20110913,Tropical Storm Irene,2,7.352694034576416,0.5563544034957886,2.0,5.025214955459903,22,42,445.5896820630906,0.0,False,-0.409
cell-047-007,0,0,1.0,DFO_3861_From_20110827_to_20110913,Tropical Storm Irene,2,37.477622985839844,23.050256729125977,4.0,2.4406745902288898,21,15,540.1332094942253,0.0,False,1.531
cell-047-008,0,0,1.0,DFO_3861_From_20110827_to_20110913,Tropical Storm Irene,2,33.707462310791016,14.346402168273926,3.0,2.7114579957493814,41,0,458.22710833674057,0.0,False,1.288
cell-047-009,0,0,1.0,DFO_3861_From_20110827_to_20110913,Tropical Storm Irene,2,35.14269256591797,4.436183929443359,1.0,3.1283371751580464,41,0,368.28899799956343,0.0,False,1.381
cell-047-010,0,0,1.0,DFO_3861_From_20110827_to_20110913,Tropical Storm Irene,2,31.981172561645508,10.211657524108887,3.0,3.0462971006770627,21,2,280.53628883764935,0.0,False,1.177
cell-047-011,0,0,1.0,DFO_3861_From_20110827_to_20110913,Tropical Storm Irene,2,23.31393051147461,4.283959865570068,3.0,3.852471306151457,21,9,201.1514716218724,0.0,False,0.619
cell-047-012,0,0,1.0,DFO_3861_From_20110827_to_20110913,Tropical Storm Irene,2,24.984994888305664,12.506989479064941,5.0,3.2535420886680955,41,0,139.88107366061885,0.0,False,0.727
cell-047-013,0,0,1.0,DFO_3861_From_20110827_to_20110913,Tropical Storm Irene,2,27.138689041137695,7.834493637084961,1.0,2.6064214159057473,22,32,108.30913737323135,0.0,False,0.865
cell-047-014,0,0,1.0,DFO_3861_From_20110827_to_20110913,Tropical Storm Irene,2,13.06590747833252,3.221114158630371,1.0,3.407039111385985,23,50,106.58349997829646,0.0,False,-0.041
cell-047-017,0,0,1.0,DFO_3861_From_20110827_to_20110913,Tropical Storm Irene,2,7.326752662658691,0.5328555107116699,15.0,6.720220723125811,23,67,73.18474099442842,0.0,True,-0.41
cell-047-018,0,0,1.0,DFO_3861_From_20110827_to_20110913,Tropical Storm Irene,2,6.821916580200195,1.2318589687347412,2.0,4.5562749935430675,23,78,0.0,0.0,True,-0.443
cell-047-019,0,0,1.0,DFO_3861_From_20110827_to_20110913,Tropical Storm Irene,2,6.477595329284668,7.0695576667785645,10.0,4.40768351913099,21,16,0.0,0.0,True,-0.465
cell-047-020,0,0,1.0,DFO_3861_From_20110827_to_20110913,Tropical Storm Irene,2,12.443950653076172,0.6620454788208008,1.0,4.5302767213868504,23,67,25.117961957119405,0.0,False,-0.081
cell-047-021,0,0,1.0,DFO_3861_From_20110827_to_20110913,Tropical Storm Irene,2,5.7001471519470215,1.2637999057769775,7.0,5.519554989921126,22,40,0.0,0.0,True,-0.515
cell-047-022,0,0,1.0,DFO_3861_From_20110827_to_20110913,Tropical Storm Irene,2,11.712728500366211,6.488567352294922,3.0,3.475919716208156,22,47,6.959042313043027,0.0,True,-0.128
cell-047-023,0,0,1.0,DFO_3861_From_20110827_to_20110913,Tropical Storm Irene,2,15.767084121704102,2.534339427947998,6.0,4.859851609020897,22,37,106.95904231304303,0.0,False,0.133
cell-047-024,0,0,1.0,DFO_3861_From_20110827_to_20110913,Tropical Storm Irene,2,17.519739151000977,1.7841182947158813,8.0,5.387784990901404,22,48,205.70527730589444,0.0,False,0.246
cell-047-025,0,0,1.0,DFO_3861_From_20110827_to_20110913,Tropical Storm Irene,2,17.97463607788086,1.2063144445419312,4.0,5.081360324082254,22,41,289.7378218030327,0.0,False,0.275
cell-047-026,0,0,1.0,DFO_3861_From_20110827_to_20110913,Tropical Storm Irene,2,20.145654678344727,0.7162615656852722,1.0,4.487308303117931,21,11,356.53649061258704,0.0,False,0.415
cell-047-027,0,0,1.0,DFO_3861_From_20110827_to_20110913,Tropical Storm Irene,2,19.56304168701172,0.8092740178108215,1.0,4.417635803846823,23,73,340.7507791480851,0.0,False,0.378
cell-047-028,0,0,1.0,DFO_3861_From_20110827_to_20110913,Tropical Storm Irene,2,18.522302627563477,3.3146324157714844,6.0,4.635395669103821,24,80,272.4849633545425,0.0,False,0.311
cell-047-029,0,0,1.0,DFO_3861_From_20110827_to_20110913,Tropical Storm Irene,2,18.27571678161621,2.5417916774749756,3.0,4.297837029821807,22,40,191.3576362097134,0.0,False,0.295
cell-047-030,0,0,1.0,DFO_3861_From_20110827_to_20110913,Tropical Storm Irene,2,18.703916549682617,1.3943678140640259,1.0,4.064559228964539,23,69,132.5690974400385,0.0,False,0.322
cell-047-031,0,0,1.0,DFO_3861_From_20110827_to_20110913,Tropical Storm Irene,2,15.127327919006348,2.840254068374634,44.0,6.6265536487754355,24,84,70.4518498690989,0.0,False,0.092
cell-047-032,0,0,1.0,DFO_3861_From_20110827_to_20110913,Tropical Storm Irene,2,14.149271011352539,10.856870651245117,19.0,4.59626440593885,22,41,28.54888968433532,0.0,False,0.029
cell-047-033,0,0,1.0,DFO_3861_From_20110827_to_20110913,Tropical Storm Irene,2,8.481268882751465,2.8963472843170166,2.0,3.902173412088646,24,96,0.0,0.0,True,-0.336
cell-047-034,0,0,1.0,DFO_3861_From_20110827_to_20110913,Tropical Storm Irene,2,6.551375865936279,0.3205094635486603,202.0,9.474074794450406,23,74,0.0,0.0,True,-0.46
cell-047-035,0,0,1.0,DFO_3861_From_20110827_to_20110913,Tropical Storm Irene,2,8.207307815551758,0.7996330857276917,1.0,4.424636183482662,24,92,47.44847307516246,0.0,False,-0.354
cell-047-036,0,0,1.0,DFO_3861_From_20110827_to_20110913,Tropical Storm Irene,2,6.444681644439697,3.7243640422821045,15.0,5.361601758243696,71,0,106.4358576087955,16.79933594392944,False,-0.467
cell-047-037,0,0,1.0,DFO_3861_From_20110827_to_20110913,Tropical Storm Irene,2,8.207755088806152,4.747005462646484,1.0,3.06786257415536,21,4,152.40463424555776,0.0,False,-0.354
cell-047-038,0,0,1.0,DFO_3861_From_20110827_to_20110913,Tropical Storm Irene,2,7.993227958679199,3.18017315864563,2.0,3.823377976710255,22,22,228.17590743844258,0.0,False,-0.368
cell-047-039,0,0,1.0,DFO_3861_From_20110827_to_20110913,Tropical Storm Irene,2,8.459685325622559,1.9003218412399292,14.0,5.850450226680526,21,12,314.96927905189494,0.0,False,-0.337
cell-047-040,0,0,1.0,DFO_3861_From_20110827_to_20110913,Tropical Storm Irene,2,13.891077995300293,1.3883469104766846,1.0,4.0676256375748485,21,13,406.5348836400495,0.0,False,0.012
cell-047-041,0,0,1.0,DFO_3861_From_20110827_to_20110913,Tropical Storm Irene,2,10.100346565246582,3.3264944553375244,45.0,6.515072952944292,21,2,472.91687227067763,0.0,False,-0.232
cell-047-042,0,0,1.0,DFO_3861_From_20110827_to_20110913,Tropical Storm Irene,2,9.613653182983398,1.88395094871521,1.0,3.8421938183189566,22,24,523.511742182374,0.0,False,-0.263
cell-048-008,0,0,1.0,DFO_3861_From_20110827_to_20110913,Tropical Storm Irene,2,45.04389953613281,2.3425023555755615,1.0,3.670898637019038,43,0,440.9175124678743,0.0,False,2.018
cell-048-009,0,0,1.0,DFO_3861_From_20110827_to_20110913,Tropical Storm Irene,2,33.81993865966797,2.7280662059783936,2.0,3.9519817175240535,41,0,358.9740542670539,0.0,False,1.296
cell-048-010,0,0,1.0,DFO_3861_From_20110827_to_20110913,Tropical Storm Irene,2,30.721866607666016,5.862798690795898,2.0,3.2817821406377834,21,9,288.6147888040307,0.0,False,1.096
cell-048-011,0,0,1.0,DFO_3861_From_20110827_to_20110913,Tropical Storm Irene,2,26.506006240844727,10.458988189697266,3.0,3.0231097443559385,21,9,240.2802967283517,0.0,False,0.825
cell-048-012,0,0,1.0,DFO_3861_From_20110827_to_20110913,Tropical Storm Irene,2,35.81126022338867,1.3250946998596191,1.0,4.1004212637307225,21,4,225.93873251695186,0.0,False,1.424
cell-048-013,0,0,1.0,DFO_3861_From_20110827_to_20110913,Tropical Storm Irene,2,35.86220932006836,6.45741081237793,2.0,3.192698955922673,22,21,208.30913737323135,0.0,False,1.427
cell-048-014,0,0,1.0,DFO_3861_From_20110827_to_20110913,Tropical Storm Irene,2,19.110868453979492,26.4761962890625,3.0,2.0634442657198244,22,23,206.58349997829646,0.0,False,0.348
cell-048-015,0,0,1.0,DFO_3861_From_20110827_to_20110913,Tropical Storm Irene,2,15.257837295532227,6.35720157623291,1.0,2.8017155490905723,22,32,207.13435568892936,0.0,False,0.1
cell-048-016,0,0,1.0,DFO_3861_From_20110827_to_20110913,Tropical Storm Irene,2,7.709973335266113,1.2126353979110718,2.0,4.566987149429813,24,95,213.5938077414205,0.0,True,-0.386
cell-048-017,0,0,1.0,DFO_3861_From_20110827_to_20110913,Tropical Storm Irene,2,6.445019721984863,0.420695036649704,33.0,7.580947267474815,23,79,131.7519199463843,0.0,True,-0.467
cell-048-018,0,0,1.0,DFO_3861_From_20110827_to_20110913,Tropical Storm Irene,2,6.216856002807617,0.6722872257232666,9.0,6.131455009997711,24,80,40.737237070018914,0.0,True,-0.482
cell-048-019,0,0,1.0,DFO_3861_From_20110827_to_20110913,Tropical Storm Irene,2,5.8725104331970215,0.09942793101072311,1.0,5.138297131885966,21,11,0.0,0.0,True,-0.504
cell-048-020,0,0,1.0,DFO_3861_From_20110827_to_20110913,Tropical Storm Irene,2,5.721654415130615,6.714951038360596,5.0,3.849536964754155,22,35,0.0,0.0,True,-0.514
cell-048-021,0,0,1.0,DFO_3861_From_20110827_to_20110913,Tropical Storm Irene,2,11.237719535827637,8.335563659667969,1.0,2.5477301240574817,23,60,0.0,0.0,True,-0.159
cell-048-022,0,0,1.0,DFO_3861_From_20110827_to_20110913,Tropical Storm Irene,2,13.063495635986328,4.375790119171143,4.0,4.056808619583235,24,80,32.11534467865507,0.0,False,-0.041
cell-048-023,0,0,1.0,DFO_3861_From_20110827_to_20110913,Tropical Storm Irene,2,16.67630958557129,0.8890430927276611,52.0,7.638664124009403,21,19,124.32739953788308,0.0,False,0.192
cell-048-024,0,0,1.0,DFO_3861_From_20110827_to_20110913,Tropical Storm Irene,2,16.55447769165039,0.08172275871038437,52.0,8.442126722029903,22,38,219.34792169872756,0.0,False,0.184
cell-048-025,0,0,1.0,DFO_3861_From_20110827_to_20110913,Tropical Storm Irene,2,16.91504669189453,0.48497530817985535,67.0,8.211406654662243,23,61,316.1344864889348,0.0,False,0.207
cell-048-026,0,0,1.0,DFO_3861_From_20110827_to_20110913,Tropical Storm Irene,2,18.79610824584961,1.5277265310287476,5.0,5.097550907263045,22,49,413.9236910473126,0.0,False,0.328
cell-048-027,0,0,1.0,DFO_3861_From_20110827_to_20110913,Tropical Storm Irene,2,19.696712493896484,1.592875599861145,2.0,4.3738445534321615,22,38,410.9632653442656,0.0,False,0.386
cell-048-028,0,0,1.0,DFO_3861_From_20110827_to_20110913,Tropical Storm Irene,2,18.772907257080078,1.6711905002593994,1.0,3.932836854209996,22,25,332.70401770414037,0.0,False,0.327
cell-048-029,0,0,1.0,DFO_3861_From_20110827_to_20110913,Tropical Storm Irene,2,16.854293823242188,3.1624860763549805,1.0,3.422647039870954,23,56,268.84806694574263,0.0,False,0.203
cell-048-030,0,0,1.0,DFO_3861_From_20110827_to_20110913,Tropical Storm Irene,2,16.64203643798828,1.5080502033233643,9.0,5.617792314945646,23,67,211.8432127969021,0.0,False,0.189
cell-048-031,0,0,1.0,DFO_3861_From_20110827_to_20110913,Tropical Storm Irene,2,17.664222717285156,3.889291763305664,2.0,3.6498459575697777,23,60,158.8653120727292,0.0,False,0.255
cell-048-032,0,0,1.0,DFO_3861_From_20110827_to_20110913,Tropical Storm Irene,2,19.442428588867188,7.153180122375488,4.0,3.6082269476408007,23,64,120.89186207021426,0.0,False,0.37
cell-048-033,0,0,1.0,DFO_3861_From_20110827_to_20110913,Tropical Storm Irene,2,16.991987228393555,7.237814426422119,2.0,3.0863870081514655,23,71,52.496678491646605,0.0,False,0.212
cell-048-034,0,0,1.0,DFO_3861_From_20110827_to_20110913,Tropical Storm Irene,2,7.046690940856934,3.908702850341797,56.0,6.589929964162345,21,4,0.0,0.0,True,-0.428
cell-048-035,0,0,1.0,DFO_3861_From_20110827_to_20110913,Tropical Storm Irene,2,12.676823616027832,5.783718585968018,2.0,3.294235320660339,22,36,8.758768088554167,0.0,False,-0.066
cell-048-036,0,0,1.0,DFO_3861_From_20110827_to_20110913,Tropical Storm Irene,2,9.941718101501465,1.874096393585205,16.0,5.986282128945852,23,54,99.10618574179547,0.0,False,-0.242
cell-048-037,0,0,1.0,DFO_3861_From_20110827_to_20110913,Tropical Storm Irene,2,10.943979263305664,1.2431381940841675,24.0,6.67030619154313,23,62,177.03243165711353,0.0,False,-0.178
cell-048-038,0,0,1.0,DFO_3861_From_20110827_to_20110913,Tropical Storm Irene,2,16.17572593688965,0.9854315519332886,1.0,4.297658971728377,23,51,245.8732426290388,0.0,False,0.159
cell-048-039,0,0,1.0,DFO_3861_From_20110827_to_20110913,Tropical Storm Irene,2,13.97380542755127,6.1483378410339355,2.0,3.2380371218930213,21,16,324.9324461193572,0.0,False,0.018
cell-048-040,0,0,1.0,DFO_3861_From_20110827_to_20110913,Tropical Storm Irene,2,11.851761817932129,0.611530065536499,1.0,4.572044078395617,21,9,412.0756526613764,0.0,False,-0.119
cell-048-041,0,0,1.0,DFO_3861_From_20110827_to_20110913,Tropical Storm Irene,2,12.065204620361328,2.437103748321533,18.0,5.890216881708526,21,7,504.01546850418157,0.0,False,-0.105
cell-048-042,0,0,1.0,DFO_3861_From_20110827_to_20110913,Tropical Storm Irene,2,10.97127628326416,1.4729509353637695,2.0,4.430838554775315,21,8,598.5456051686288,0.0,False,-0.176
cell-049-008,0,0,1.0,DFO_3861_From_20110827_to_20110913,Tropical Storm Irene,2,43.294944763183594,2.688528299331665,1.0,3.558585866028344,21,3,341.05585470515206,0.0,False,1.906
cell-049-009,0,0,1.0,DFO_3861_From_20110827_to_20110913,Tropical Storm Irene,2,35.56194305419922,11.341697692871094,6.0,3.50381569165016,21,1,304.00915649700545,0.0,False,1.408
cell-049-010,0,0,1.0,DFO_3861_From_20110827_to_20110913,Tropical Storm Irene,2,30.77473258972168,3.9976210594177246,2.0,3.62577836674803,21,2,218.70658001325629,0.0,False,1.1
cell-049-011,0,0,1.0,DFO_3861_From_20110827_to_20110913,Tropical Storm Irene,2,31.29453468322754,3.2697389125823975,7.0,4.780569565238281,21,3,149.22698422391431,0.0,False,1.133
cell-049-012,0,0,1.0,DFO_3861_From_20110827_to_20110913,Tropical Storm Irene,2,33.61726379394531,7.080652713775635,1.0,2.7014692581672075,22,24,125.93873251695187,0.0,False,1.283
cell-049-013,0,0,1.0,DFO_3861_From_20110827_to_20110913,Tropical Storm Irene,2,37.00575256347656,7.446798801422119,1.0,2.6542156422557523,21,8,126.66827109542446,0.0,False,1.501
cell-049-014,0,0,1.0,DFO_3861_From_20110827_to_20110913,Tropical Storm Irene,2,30.829437255859375,4.752429962158203,1.0,3.066838574342491,22,39,162.05210902822353,0.0,False,1.103
cell-049-015,0,0,1.0,DFO_3861_From_20110827_to_20110913,Tropical Storm Irene,2,13.740153312683105,2.379856586456299,1.0,3.6581516654280106,24,85,235.25624337536323,0.0,False,0.003
cell-049-016,0,0,1.0,DFO_3861_From_20110827_to_20110913,Tropical Storm Irene,2,7.9593706130981445,3.072164297103882,4.0,4.363466678177501,23,72,264.1103931563058,0.0,True,-0.37
cell-049-017,0,0,1.0,DFO_3861_From_20110827_to_20110913,Tropical Storm Irene,2,6.469271659851074,0.17998670041561127,1.0,5.025137161327259,23,76,176.3407992227003,0.0,True,-0.466
cell-049-018,0,0,1.0,DFO_3861_From_20110827_to_20110913,Tropical Storm Irene,2,6.3978986740112305,0.28496813774108887,1.0,4.894608931274197,23,71,76.3407992227003,0.0,True,-0.47
cell-049-019,0,0,1.0,DFO_3861_From_20110827_to_20110913,Tropical Storm Irene,2,6.585819244384766,1.2080498933792114,1.0,4.164094282335049,23,59,0.0,0.0,True,-0.458
cell-049-020,0,0,1.0,DFO_3861_From_20110827_to_20110913,Tropical Storm Irene,2,8.131218910217285,3.2382800579071045,2.0,3.8079798225096213,22,24,0.0,0.0,True,-0.359
cell-049-021,0,0,1.0,DFO_3861_From_20110827_to_20110913,Tropical Storm Irene,2,10.149727821350098,2.154254674911499,6.0,4.990484749653954,23,78,47.087901348248124,0.0,False,-0.229
cell-049-022,0,0,1.0,DFO_3861_From_20110827_to_20110913,Tropical Storm Irene,2,17.000391006469727,8.602834701538086,1.0,2.517720800542678,23,65,81.30959303985487,0.0,False,0.213
cell-049-023,0,0,1.0,DFO_3861_From_20110827_to_20110913,Tropical Storm Irene,2,17.845401763916016,0.5635886788368225,12.0,6.485166110896271,24,83,163.08325577495356,0.0,False,0.267
cell-049-024,0,0,1.0,DFO_3861_From_20110827_to_20110913,Tropical Storm Irene,2,18.973073959350586,0.19855332374572754,1.0,5.000777308822437,22,38,254.45678352136457,0.0,False,0.34
cell-049-025,0,0,1.0,DFO_3861_From_20110827_to_20110913,Tropical Storm Irene,2,17.9123592376709,1.7925418615341187,3.0,4.573284772113467,22,22,346.72738173930037,0.0,False,0.271
cell-049-026,0,0,1.0,DFO_3861_From_20110827_to_20110913,Tropical Storm Irene,2,19.052438735961914,0.48370712995529175,4.0,5.602536396865819,22,41,440.5200718753212,0.0,False,0.345
cell-049-027,0,0,1.0,DFO_3861_From_20110827_to_20110913,Tropical Storm Irene,2,19.46033477783203,1.7816087007522583,4.0,4.801064276432801,21,9,474.0951189974274,0.0,False,0.371
cell-049-028,0,0,1.0,DFO_3861_From_20110827_to_20110913,Tropical Storm Irene,2,18.897533416748047,5.79049015045166,2.0,3.2931629884587545,22,38,408.126622252507,0.0,False,0.335
cell-049-029,0,0,1.0,DFO_3861_From_20110827_to_20110913,Tropical Storm Irene,2,14.645184516906738,0.6507777571678162,69.0,8.09479126104242,22,43,353.2585886659361,0.0,False,0.061
cell-049-030,0,0,1.0,DFO_3861_From_20110827_to_20110913,Tropical Storm Irene,2,16.18846321105957,1.0547932386398315,1.0,4.254101577542194,22,20,291.87389553244066,0.0,False,0.16
cell-049-031,0,0,1.0,DFO_3861_From_20110827_to_20110913,Tropical Storm Irene,2,13.66865348815918,3.4211649894714355,19.0,5.658116419966701,22,46,251.71584365466327,0.0,False,-0.002
cell-049-032,0,0,1.0,DFO_3861_From_20110827_to_20110913,Tropical Storm Irene,2,14.814657211303711,1.4483613967895508,96.0,7.919035031270918,23,66,159.3536317424983,0.0,False,0.072
cell-049-033,0,0,1.0,DFO_3861_From_20110827_to_20110913,Tropical Storm Irene,2,17.5290470123291,2.413055658340454,2.0,4.052422061115697,23,66,68.23913182478357,0.0,False,0.247
cell-049-034,0,0,1.0,DFO_3861_From_20110827_to_20110913,Tropical Storm Irene,2,11.135602951049805,4.425348281860352,8.0,4.634589298772628,22,23,0.0,0.0,True,-0.165
cell-049-035,0,0,1.0,DFO_3861_From_20110827_to_20110913,Tropical Storm Irene,2,11.33240795135498,3.30269455909729,13.0,5.331625645737272,23,51,0.0,0.0,True,-0.152
cell-049-036,0,0,1.0,DFO_3861_From_20110827_to_20110913,Tropical Storm Irene,2,15.002633094787598,3.63810396194458,3.0,3.9956442339854465,21,19,37.81347657135752,0.0,False,0.084
cell-049-037,0,0,1.0,DFO_3861_From_20110827_to_20110913,Tropical Storm Irene,2,12.160536766052246,1.7611151933670044,1.0,3.893521661627492,22,30,104.54128508277721,0.0,True,-0.099
cell-049-038,0,0,1.0,DFO_3861_From_20110827_to_20110913,Tropical Storm Irene,2,9.138789176940918,3.76004958152771,20.0,5.625240542826133,21,1,188.51717318837933,0.0,True,-0.294
cell-049-039,0,0,1.0,DFO_3861_From_20110827_to_20110913,Tropical Storm Irene,2,15.582582473754883,3.852644920349121,2.0,3.65811929740357,21,2,282.42516453412526,0.0,True,0.121
cell-049-040,0,0,1.0,DFO_3861_From_20110827_to_20110913,Tropical Storm Irene,2,16.355382919311523,3.5972461700439453,8.0,4.816351989182253,21,15,379.459118400544,0.0,False,0.171
cell-049-041,0,0,1.0,DFO_3861_From_20110827_to_20110913,Tropical Storm Irene,2,17.538291931152344,5.321264266967773,3.0,3.6579475043116716,21,15,471.88613013944905,0.0,False,0.247
cell-049-042,0,0,1.0,DFO_3861_From_20110827_to_20110913,Tropical Storm Irene,2,15.780630111694336,2.9796535968780518,35.0,6.3633063320207475,21,14,560.7336314948834,0.0,False,0.134
cell-050-009,0,0,1.0,DFO_3861_From_20110827_to_20110913,Tropical Storm Irene,2,35.0236701965332,7.220114231109619,4.0,3.5995063420251405,21,6,228.2750636814703,13.528955524670891,False,1.373
cell-050-010,0,0,1.0,DFO_3861_From_20110827_to_20110913,Tropical Storm Irene,2,34.138816833496094,8.083900451660156,2.0,2.9822607441648725,23,50,165.86874872797435,0.0,False,1.316
cell-050-011,0,0,1.0,DFO_3861_From_20110827_to_20110913,Tropical Storm Irene,2,37.39181137084961,7.109721660614014,2.0,3.10310300361622,41,0,82.47887393305037,0.0,False,1.526
cell-050-012,0,0,1.0,DFO_3861_From_20110827_to_20110913,Tropical Storm Irene,2,28.27854347229004,7.023593425750732,4.0,3.625322156494461,41,0,25.938732516951855,0.0,False,0.939
cell-050-015,0,0,1.0,DFO_3861_From_20110827_to_20110913,Tropical Storm Irene,2,12.30805778503418,17.505416870117188,34.0,4.678039827154845,23,71,196.16481990140778,0.0,False,-0.09
cell-050-016,0,0,1.0,DFO_3861_From_20110827_to_20110913,Tropical Storm Irene,2,7.933509826660156,3.0476818084716797,7.0,4.840223300520135,24,93,284.52187140610675,0.0,True,-0.371
cell-050-017,0,0,1.0,DFO_3861_From_20110827_to_20110913,Tropical Storm Irene,2,6.214860916137695,0.4825906753540039,4.0,5.603593591683646,24,88,187.82919073944896,0.0,True,-0.482
cell-050-018,0,0,1.0,DFO_3861_From_20110827_to_20110913,Tropical Storm Irene,2,7.061514854431152,0.9605475664138794,3.0,5.006906486140848,24,83,90.61243741086447,0.0,True,-0.428
cell-050-019,0,0,1.0,DFO_3861_From_20110827_to_20110913,Tropical Storm Irene,2,7.40000581741333,0.40198180079460144,1.0,4.766747225547296,24,89,0.0,0.0,True,-0.406
cell-050-020,0,0,1.0,DFO_3861_From_20110827_to_20110913,Tropical Storm Irene,2,7.471037864685059,2.1451728343963623,2.0,4.146525901997775,23,65,0.0,0.0,True,-0.401
cell-050-021,0,0,1.0,DFO_3861_From_20110827_to_20110913,Tropical Storm Irene,2,10.818474769592285,6.727901458740234,3.0,3.442279317880515,22,20,50.1556471648629,0.0,True,-0.186
cell-050-022,0,0,1.0,DFO_3861_From_20110827_to_20110913,Tropical Storm Irene,2,19.507259368896484,2.9566094875335693,3.0,4.172602023317435,23,64,131.75842943408972,0.0,False,0.374
cell-050-023,0,0,1.0,DFO_3861_From_20110827_to_20110913,Tropical Storm Irene,2,19.091659545898438,0.40207287669181824,1.0,4.766653747481243,23,78,215.20030098486444,0.0,False,0.347
cell-050-024,0,0,1.0,DFO_3861_From_20110827_to_20110913,Tropical Storm Irene,2,18.526958465576172,0.7053231000900269,6.0,5.74859310449546,24,96,300.02634694652284,0.0,False,0.311
cell-050-025,0,0,1.0,DFO_3861_From_20110827_to_20110913,Tropical Storm Irene,2,19.092945098876953,2.3584015369415283,2.0,4.070918340950659,22,23,386.5122203804222,0.0,False,0.347
cell-050-026,0,0,1.0,DFO_3861_From_20110827_to_20110913,Tropical Storm Irene,2,18.787010192871094,1.3497132062911987,3.0,4.7806761191709874,22,38,477.0897642560051,0.0,False,0.328
cell-050-027,0,0,1.0,DFO_3861_From_20110827_to_20110913,Tropical Storm Irene,2,19.23843002319336,0.2913512885570526,1.0,4.887196117859303,22,46,548.307904604656,0.0,False,0.357
cell-050-028,0,0,1.0,DFO_3861_From_20110827_to_20110913,Tropical Storm Irene,2,17.149560928344727,1.523457646369934,1.0,4.000973892553834,23,57,491.36008839884755,0.0,False,0.222
cell-050-029,0,0,1.0,DFO_3861_From_20110827_to_20110913,Tropical Storm Irene,2,13.59804916381836,4.173173427581787,2.0,3.587952489661689,22,37,430.23767216669626,0.0,False,-0.007
cell-050-030,0,0,1.0,DFO_3861_From_20110827_to_20110913,Tropical Storm Irene,2,15.130925178527832,3.5418097972869873,1.0,3.3256943448933733,23,54,381.18323787848965,0.0,False,0.092
cell-050-031,0,0,1.0,DFO_3861_From_20110827_to_20110913,Tropical Storm Irene,2,13.827173233032227,1.191321611404419,2.0,4.57899960739685,23,75,290.8068041105471,0.0,False,0.008
cell-050-032,0,0,1.0,DFO_3861_From_20110827_to_20110913,Tropical Storm Irene,2,14.925464630126953,2.842966079711914,2.0,3.917707743310171,21,9,208.07848066995584,0.0,False,0.079
cell-050-033,0,0,1.0,DFO_3861_From_20110827_to_20110913,Tropical Storm Irene,2,18.683685302734375,1.9332126379013062,7.0,5.208619823592574,23,62,124.3246909785964,0.0,False,0.321
cell-050-034,0,0,1.0,DFO_3861_From_20110827_to_20110913,Tropical Storm Irene,2,16.630470275878906,9.528007507324219,2.0,2.8254542547055608,22,21,34.14612921246459,0.0,False,0.189
cell-050-035,0,0,1.0,DFO_3861_From_20110827_to_20110913,Tropical Storm Irene,2,12.610179901123047,6.6367716789245605,2.0,3.1672771753240867,23,52,0.0,0.0,True,-0.07
cell-050-036,0,0,1.0,DFO_3861_From_20110827_to_20110913,Tropical Storm Irene,2,12.34410572052002,9.827826499938965,3.0,3.0833064008440956,22,22,0.0,0.0,True,-0.087
cell-050-037,0,0,1.0,DFO_3861_From_20110827_to_20110913,Tropical Storm Irene,2,10.335770606994629,0.8589454889297485,12.0,6.254126864311493,23,59,69.0824530283904,0.0,True,-0.217
cell-050-038,0,0,1.0,DFO_3861_From_20110827_to_20110913,Tropical Storm Irene,2,8.825362205505371,0.0496758408844471,29.0,7.923221335349999,90,0,162.66781186557455,21.377744839992374,True,-0.314
cell-050-039,0,0,1.0,DFO_3861_From_20110827_to_20110913,Tropical Storm Irene,2,12.05597972869873,8.783514976501465,2.0,2.9033743993262897,90,0,248.90966672055202,0.0,True,-0.106
cell-050-040,0,0,1.0,DFO_3861_From_20110827_to_20110913,Tropical Storm Irene,2,17.013309478759766,3.702294111251831,1.0,3.28732455529976,22,20,337.130994155303,0.0,False,0.213
cell-050-041,0,0,1.0,DFO_3861_From_20110827_to_20110913,Tropical Storm Irene,2,20.04681396484375,2.4463047981262207,9.0,5.245306847502988,21,10,424.08348192485107,0.0,False,0.409
cell-051-009,0,0,1.0,DFO_3861_From_20110827_to_20110913,Tropical Storm Irene,2,39.374053955078125,8.179195404052734,2.0,2.9711595403583693,41,0,140.44578386098146,26.839127334882505,False,1.653
cell-051-010,0,0,1.0,DFO_3861_From_20110827_to_20110913,Tropical Storm Irene,2,31.845041275024414,2.961787223815918,8.0,4.982063588904639,22,34,87.48516284232986,0.0,False,1.168
cell-051-011,0,0,1.0,DFO_3861_From_20110827_to_20110913,Tropical Storm Irene,2,37.43782043457031,9.648760795593262,1.0,2.4078742114590095,21,3,43.96394178457558,0.0,False,1.529
cell-051-012,0,0,1.0,DFO_3861_From_20110827_to_20110913,Tropical Storm Irene,2,32.14809799194336,12.073674201965332,5.0,3.288311274680826,21,2,0.0,0.0,False,1.188
cell-051-015,0,0,1.0,DFO_3861_From_20110827_to_20110913,Tropical Storm Irene,2,16.182157516479492,10.97390079498291,1.0,2.2832353192586847,22,47,192.53761983301956,0.0,False,0.16
cell-051-016,0,0,1.0,DFO_3861_From_20110827_to_20110913,Tropical Storm Irene,2,8.538857460021973,0.4848024249076843,1.0,4.685209563257647,24,86,292.53761983301956,0.0,True,-0.332
cell-051-017,0,0,1.0,DFO_3861_From_20110827_to_20110913,Tropical Storm Irene,2,6.557669162750244,1.2622582912445068,8.0,5.638177993595125,23,72,220.10398525609867,0.0,True,-0.46
cell-051-018,0,0,1.0,DFO_3861_From_20110827_to_20110913,Tropical Storm Irene,2,7.890425205230713,0.566917359828949,1.0,4.610439145720347,22,36,123.57049300121618,0.0,True,-0.374
cell-051-019,0,0,1.0,DFO_3861_From_20110827_to_20110913,Tropical Storm Irene,2,7.877192974090576,0.8958033919334412,1.0,4.356905114734849,24,94,28.528008772588795,0.0,True,-0.375
cell-051-020,0,0,1.0,DFO_3861_From_20110827_to_20110913,Tropical Storm Irene,2,6.075580596923828,1.0188841819763184,3.0,4.969562067757306,22,41,0.0,0.0,True,-0.491
cell-051-021,0,0,1.0,DFO_3861_From_20110827_to_20110913,Tropical Storm Irene,2,9.47739315032959,1.3011826276779175,90.0,7.930817074579524,23,69,0.0,0.0,True,-0.272
cell-051-022,0,0,1.0,DFO_3861_From_20110827_to_20110913,Tropical Storm Irene,2,19.52778434753418,3.2633779048919678,2.0,3.8014009574471337,23,54,82.6080005652373,0.0,False,0.375
cell-051-023,0,0,1.0,DFO_3861_From_20110827_to_20110913,Tropical Storm Irene,2,19.504112243652344,3.3568501472473145,5.0,4.470417650873448,22,37,175.21102901648584,0.0,False,0.374
cell-051-024,0,0,1.0,DFO_3861_From_20110827_to_20110913,Tropical Storm Irene,2,20.426610946655273,0.6411429047584534,1.0,4.547348442043524,23,61,271.8845222176434,0.0,False,0.433
cell-051-025,0,0,1.0,DFO_3861_From_20110827_to_20110913,Tropical Storm Irene,2,20.395618438720703,1.5287483930587769,2.0,4.403917131744488,23,77,369.5524284602862,0.0,False,0.431
cell-051-026,0,0,1.0,DFO_3861_From_20110827_to_20110913,Tropical Storm Irene,2,20.410676956176758,1.6866581439971924,1.0,3.925963672715228,22,47,468.02653070996166,0.0,False,0.432
cell-051-027,0,0,1.0,DFO_3861_From_20110827_to_20110913,Tropical Storm Irene,2,16.524553298950195,0.831325888633728,15.0,6.481246848830081,22,44,566.6899091210998,0.0,False,0.182
cell-051-028,0,0,1.0,DFO_3861_From_20110827_to_20110913,Tropical Storm Irene,2,13.668743133544922,4.506871223449707,5.0,4.212876190104509,21,17,570.1039714030705,0.0,False,-0.002
cell-051-029,0,0,1.0,DFO_3861_From_20110827_to_20110913,Tropical Storm Irene,2,12.91411018371582,0.5152283906936646,1.0,4.656849154439351,21,4,514.2719885498292,0.0,False,-0.051
cell-051-030,0,0,1.0,DFO_3861_From_20110827_to_20110913,Tropical Storm Irene,2,14.099321365356445,1.9883496761322021,1.0,3.800544575447669,22,28,428.65325693905146,0.0,False,0.026
cell-051-031,0,0,1.0,DFO_3861_From_20110827_to_20110913,Tropical Storm Irene,2,17.064146041870117,2.893853187561035,1.0,3.497428735818073,22,21,347.75556769898816,0.0,False,0.217
cell-051-032,0,0,1.0,DFO_3861_From_20110827_to_20110913,Tropical Storm Irene,2,16.01022720336914,3.714905023574829,5.0,4.382982712972586,21,9,257.207877552375,2.726966730118801,False,0.149
cell-051-033,0,0,1.0,DFO_3861_From_20110827_to_20110913,Tropical Storm Irene,2,18.503416061401367,1.1538374423980713,7.0,5.581310953696216,22,21,172.8656784914345,0.0,False,0.309
cell-051-034,0,0,1.0,DFO_3861_From_20110827_to_20110913,Tropical Storm Irene,2,20.370044708251953,3.7927069664001465,2.0,3.671798400571525,22,39,101.95024726726756,0.0,False,0.43
cell-051-035,0,0,1.0,DFO_3861_From_20110827_to_20110913,Tropical Storm Irene,2,17.04879379272461,8.978150367736816,8.0,3.9810542084033838,21,2,29.57389088823594,0.0,False,0.216
cell-051-036,0,0,1.0,DFO_3861_From_20110827_to_20110913,Tropical Storm Irene,2,8.917236328125,3.6147873401641846,22.0,5.750412385821872,21,2,0.0,0.0,True,-0.308
cell-051-037,0,0,1.0,DFO_3861_From_20110827_to_20110913,Tropical Storm Irene,2,10.575796127319336,0.33581289649009705,3.0,5.530179625797135,23,54,29.967482513080693,0.0,True,-0.201
cell-051-038,0,0,1.0,DFO_3861_From_20110827_to_20110913,Tropical Storm Irene,2,8.646855354309082,0.984321653842926,2.0,4.703836776623828,90,0,113.52835681572247,0.0,True,-0.325
cell-051-039,0,0,1.0,DFO_3861_From_20110827_to_20110913,Tropical Storm Irene,2,9.05108642578125,3.3661274909973145,4.0,4.285732357218507,90,0,202.90898882780627,17.335096587927296,True,-0.299
cell-051-040,0,0,1.0,DFO_3861_From_20110827_to_20110913,Tropical Storm Irene,2,14.72806453704834,3.3791403770446777,3.0,4.059282544689043,22,40,285.1289514654384,0.0,True,0.066
cell-051-041,0,0,1.0,DFO_3861_From_20110827_to_20110913,Tropical Storm Irene,2,13.99347972869873,3.10764479637146,6.0,4.690232095053437,22,43,371.00286728307026,0.0,False,0.019
cell-052-010,0,0,1.0,DFO_3861_From_20110827_to_20110913,Tropical Storm Irene,2,36.602481842041016,6.939520835876465,4.0,3.6365661591783365,41,0,53.26784318918363,0.0,False,1.475
cell-052-011,0,0,1.0,DFO_3861_From_20110827_to_20110913,Tropical Storm Irene,2,34.12577819824219,18.38580894470215,3.0,2.458126531045463,21,13,0.0,20.287697117966797,False,1.315
cell-052-012,0,0,1.0,DFO_3861_From_20110827_to_20110913,Tropical Storm Irene,2,28.516483306884766,3.5167312622070312,5.0,4.4304366232878545,21,3,0.0,0.0,False,0.954
cell-052-015,0,0,1.0,DFO_3861_From_20110827_to_20110913,Tropical Storm Irene,2,19.45728302001953,9.478667259216309,10.0,4.1297274711787155,21,3,201.8319597789691,0.0,False,0.371
cell-052-016,0,0,1.0,DFO_3861_From_20110827_to_20110913,Tropical Storm Irene,2,8.405844688415527,3.972808837890625,2.0,3.6312405645738917,21,8,274.11464627925307,0.0,True,-0.341
cell-052-017,0,0,1.0,DFO_3861_From_20110827_to_20110913,Tropical Storm Irene,2,6.23943567276001,0.5389482975006104,45.0,7.770778378065001,24,82,252.01131491663764,0.0,True,-0.48
cell-052-018,0,0,1.0,DFO_3861_From_20110827_to_20110913,Tropical Storm Irene,2,8.946805953979492,0.8989611864089966,1.0,4.354757054431246,24,82,163.40396543671685,0.0,True,-0.306
cell-052-019,0,0,1.0,DFO_3861_From_20110827_to_20110913,Tropical Storm Irene,2,9.011768341064453,0.46092489361763,1.0,4.708043277375035,24,92,80.6950357469016,0.0,True,-0.302
cell-052-020,0,0,1.0,DFO_3861_From_20110827_to_20110913,Tropical Storm Irene,2,6.703496932983398,1.1514582633972168,18.0,6.447687555291205,23,54,0.0,0.0,True,-0.451
cell-052-021,0,0,1.0,DFO_3861_From_20110827_to_20110913,Tropical Storm Irene,2,9.176020622253418,8.382112503051758,31.0,5.315030182892538,22,29,0.0,0.0,True,-0.291
cell-052-022,0,0,1.0,DFO_3861_From_20110827_to_20110913,Tropical Storm Irene,2,17.824941635131836,3.925830841064453,4.0,4.152489438984367,21,8,58.93295011733311,0.0,False,0.266
cell-052-023,0,0,1.0,DFO_3861_From_20110827_to_20110913,Tropical Storm Irene,2,19.933605194091797,0.7723408341407776,8.0,5.948800797207259,22,46,158.78900167706058,0.0,False,0.401
cell-052-024,0,0,1.0,DFO_3861_From_20110827_to_20110913,Tropical Storm Irene,2,19.202621459960938,11.426165580749512,2.0,2.6492594785827555,22,35,258.7536561680156,0.0,False,0.354
cell-052-025,0,0,1.0,DFO_3861_From_20110827_to_20110913,Tropical Storm Irene,2,19.251922607421875,1.3729426860809326,1.0,4.0755142155906565,22,45,358.73801318933806,0.0,False,0.358
cell-052-026,0,0,1.0,DFO_3861_From_20110827_to_20110913,Tropical Storm Irene,2,17.462657928466797,4.806171417236328,2.0,3.4622133603272562,22,41,458.7291898645123,0.0,False,0.242
cell-052-027,0,0,1.0,DFO_3861_From_20110827_to_20110913,Tropical Storm Irene,2,13.875865936279297,4.127950191497803,5.0,4.290709398385932,22,40,558.7235247960031,0.0,False,0.011
cell-052-028,0,0,1.0,DFO_3861_From_20110827_to_20110913,Tropical Storm Irene,2,15.327817916870117,2.114122152328491,1.0,3.752561783406523,23,51,608.5549723255051,0.0,False,0.105
cell-052-029,0,0,1.0,DFO_3861_From_20110827_to_20110913,Tropical Storm Irene,2,14.15895938873291,2.3507707118988037,12.0,5.539865234866287,22,37,568.2167070804792,0.0,False,0.03
cell-052-030,0,0,1.0,DFO_3861_From_20110827_to_20110913,Tropical Storm Irene,2,17.291521072387695,4.754635810852051,12.0,4.938224535891261,22,25,480.7659263937677,0.0,False,0.231
cell-052-031,0,0,1.0,DFO_3861_From_20110827_to_20110913,Tropical Storm Irene,2,19.38864517211914,3.666316509246826,16.0,5.4358666117257775,22,33,394.7011709956239,0.0,False,0.366
cell-052-032,0,0,1.0,DFO_3861_From_20110827_to_20110913,Tropical Storm Irene,2,24.473417282104492,10.111626625061035,2.0,2.768137276715945,21,15,313.15122157113393,0.0,False,0.694
cell-052-033,0,0,1.0,DFO_3861_From_20110827_to_20110913,Tropical Storm Irene,2,20.849592208862305,3.9580893516540527,2.0,3.634494853972282,22,33,243.11086383049863,0.0,False,0.46
cell-052-034,0,0,1.0,DFO_3861_From_20110827_to_20110913,Tropical Storm Irene,2,22.551252365112305,1.7526618242263794,1.0,3.89715251614044,22,45,152.14977435348396,0.0,False,0.57
cell-052-035,0,0,1.0,DFO_3861_From_20110827_to_20110913,Tropical Storm Irene,2,19.774810791015625,3.464329481124878,4.0,4.261045221292307,23,65,54.59726468275899,0.0,False,0.391
cell-052-036,0,0,1.0,DFO_3861_From_20110827_to_20110913,Tropical Storm Irene,2,13.28453254699707,2.876843214035034,14.0,5.51725939380713,23,70,0.0,0.0,True,-0.027
cell-052-037,0,0,1.0,DFO_3861_From_20110827_to_20110913,Tropical Storm Irene,2,10.615689277648926,0.7758058309555054,2.0,4.847615768060886,23,76,0.0,0.0,True,-0.199
cell-052-038,0,0,1.0,DFO_3861_From_20110827_to_20110913,Tropical Storm Irene,2,9.550189971923828,2.6261048316955566,12.0,5.4497432813622515,90,0,63.626014765473755,0.0,True,-0.267
cell-052-039,0,0,1.0,DFO_3861_From_20110827_to_20110913,Tropical Storm Irene,2,8.718565940856934,0.06711773574352264,1.0,5.187543218729543,90,0,149.090326763589,52.66274474078629,True,-0.321
cell-052-040,0,0,1.0,DFO_3861_From_20110827_to_20110913,Tropical Storm Irene,2,9.00156021118164,0.6863542795181274,8.0,6.014859843044582,90,0,232.36052956166648,38.47158493174506,True,-0.303
cell-052-041,0,0,1.0,DFO_3861_From_20110827_to_20110913,Tropical Storm Irene,2,12.547680854797363,2.5924296379089355,1.0,3.5885395326300147,41,0,315.630732359744,23.210522915553433,True,-0.074
cell-053-010,0,0,1.0,DFO_3861_From_20110827_to_20110913,Tropical Storm Irene,2,41.83840560913086,5.960208892822266,3.0,3.5543300054230533,41,0,1.9247125192040795,0.0,False,1.812
cell-053-011,0,0,1.0,DFO_3861_From_20110827_to_20110913,Tropical Storm Irene,2,37.33814239501953,20.92790412902832,3.0,2.3217143787867562,21,1,0.0,17.57905181763101,False,1.522
cell-053-012,0,0,1.0,DFO_3861_From_20110827_to_20110913,Tropical Storm Irene,2,38.720787048339844,16.32748794555664,2.0,2.292828436582152,41,0,1.598652029397663,0.0,False,1.611
cell-053-013,0,0,1.0,DFO_3861_From_20110827_to_20110913,Tropical Storm Irene,2,40.40181350708008,12.128150939941406,2.0,2.5907322162854087,41,0,69.90506907940662,0.0,False,1.72
cell-053-014,0,0,1.0,DFO_3861_From_20110827_to_20110913,Tropical Storm Irene,2,36.560211181640625,4.239882469177246,3.0,3.861623671673864,21,5,145.60035836961313,0.0,False,1.472
cell-053-015,0,0,1.0,DFO_3861_From_20110827_to_20110913,Tropical Storm Irene,2,22.888813018798828,11.1867036819458,15.0,4.343940321851342,21,5,188.00728021823974,0.0,False,0.592
cell-053-016,0,0,1.0,DFO_3861_From_20110827_to_20110913,Tropical Storm Irene,2,10.071799278259277,2.794281482696533,2.0,3.932087785959463,23,60,174.11464627925307,0.0,True,-0.234
cell-053-017,0,0,1.0,DFO_3861_From_20110827_to_20110913,Tropical Storm Irene,2,10.355839729309082,7.931694030761719,1.0,2.5947751371987193,21,18,175.96512978575475,0.0,True,-0.215
cell-053-018,0,0,1.0,DFO_3861_From_20110827_to_20110913,Tropical Storm Irene,2,8.696734428405762,1.7637853622436523,3.0,4.585524672807436,23,53,189.18772681345328,0.0,True,-0.322
cell-053-019,0,0,1.0,DFO_3861_From_20110827_to_20110913,Tropical Storm Irene,2,9.536837577819824,0.3457462191581726,1.0,4.82616092832423,24,95,91.60522843539032,0.0,True,-0.268
cell-053-020,0,0,1.0,DFO_3861_From_20110827_to_20110913,Tropical Storm Irene,2,7.853172779083252,2.3467330932617188,2.0,4.074911921475165,23,51,0.0,0.0,True,-0.377
cell-053-021,0,0,1.0,DFO_3861_From_20110827_to_20110913,Tropical Storm Irene,2,7.348466396331787,5.4153733253479,1.0,2.948862543442306,23,52,0.0,0.0,True,-0.409
cell-053-022,0,0,1.0,DFO_3861_From_20110827_to_20110913,Tropical Storm Irene,2,13.81900405883789,3.9651923179626465,4.0,4.143748744355508,22,45,58.6975376335904,0.0,False,0.008
cell-053-023,0,0,1.0,DFO_3861_From_20110827_to_20110913,Tropical Storm Irene,2,19.703899383544922,1.3515493869781494,1.0,4.0865739102947805,21,12,158.6975376335904,0.0,False,0.387
cell-053-024,0,0,1.0,DFO_3861_From_20110827_to_20110913,Tropical Storm Irene,2,19.911148071289062,0.8087085485458374,1.0,4.4180450058549585,23,73,258.6975376335904,0.0,False,0.4
cell-053-025,0,0,1.0,DFO_3861_From_20110827_to_20110913,Tropical Storm Irene,2,15.855450630187988,3.1929931640625,5.0,4.51310763666069,22,41,358.6975376335904,0.0,False,0.139
cell-053-026,0,0,1.0,DFO_3861_From_20110827_to_20110913,Tropical Storm Irene,2,15.644848823547363,4.921647071838379,1.0,3.0354003957969753,23,54,424.7871106098374,0.0,False,0.125
cell-053-027,0,0,1.0,DFO_3861_From_20110827_to_20110913,Tropical Storm Irene,2,16.899675369262695,0.4376538097858429,4.0,5.647100791800488,22,49,473.0931535691329,0.0,False,0.206
cell-053-028,0,0,1.0,DFO_3861_From_20110827_to_20110913,Tropical Storm Irene,2,18.69058609008789,1.670231819152832,1.0,3.9332643796853035,23,68,522.782946051784,0.0,False,0.321
cell-053-029,0,0,1.0,DFO_3861_From_20110827_to_20110913,Tropical Storm Irene,2,17.428348541259766,3.703312635421753,17.0,5.484310207431295,23,51,584.1560709991468,0.0,False,0.24
cell-053-030,0,0,1.0,DFO_3861_From_20110827_to_20110913,Tropical Storm Irene,2,24.644479751586914,3.813737154006958,2.0,3.6669777915192747,22,32,533.37993204871,0.0,False,0.705
cell-053-031,0,0,1.0,DFO_3861_From_20110827_to_20110913,Tropical Storm Irene,2,23.02434730529785,3.4932122230529785,2.0,3.7430722824006715,23,51,454.1418636755291,0.0,False,0.6
cell-053-032,0,0,1.0,DFO_3861_From_20110827_to_20110913,Tropical Storm Irene,2,21.099567413330078,2.9765453338623047,2.0,3.879276701672339,23,64,369.7300347644509,0.0,False,0.476
cell-053-033,0,0,1.0,DFO_3861_From_20110827_to_20110913,Tropical Storm Irene,2,22.829965591430664,3.3515875339508057,4.0,4.289439409339805,22,30,274.67337448272355,0.0,False,0.588
cell-053-034,0,0,1.0,DFO_3861_From_20110827_to_20110913,Tropical Storm Irene,2,18.856470108032227,3.147862434387207,3.0,4.119725337618543,22,32,184.9070758314318,0.0,False,0.332
cell-053-035,0,0,1.0,DFO_3861_From_20110827_to_20110913,Tropical Storm Irene,2,18.440101623535156,3.1955904960632324,1.0,3.413804392725416,23,56,110.07428052385805,0.0,False,0.305
cell-053-036,0,0,1.0,DFO_3861_From_20110827_to_20110913,Tropical Storm Irene,2,12.303022384643555,6.610225200653076,5.0,3.8641475360567963,23,55,20.36041981213068,0.0,True,-0.09
cell-053-037,0,0,1.0,DFO_3861_From_20110827_to_20110913,Tropical Storm Irene,2,9.186637878417969,1.6963132619857788,3.0,4.614844212051281,21,12,0.0,0.0,True,-0.291
cell-053-038,0,0,1.0,DFO_3861_From_20110827_to_20110913,Tropical Storm Irene,2,9.664698600769043,1.4248847961425781,4.0,4.965449926265296,22,27,10.447989042185238,0.0,True,-0.26
cell-053-039,0,0,1.0,DFO_3861_From_20110827_to_20110913,Tropical Storm Irene,2,8.762261390686035,0.17584283649921417,2.0,5.436121054926375,90,0,93.71819184026275,33.959628522070034,True,-0.318
cell-053-040,0,0,1.0,DFO_3861_From_20110827_to_20110913,Tropical Storm Irene,2,9.115355491638184,0.36087971925735474,1.0,4.809821901749687,90,0,176.98839463834022,88.6617712249135,True,-0.295
cell-053-041,0,0,1.0,DFO_3861_From_20110827_to_20110913,Tropical Storm Irene,2,12.768202781677246,4.3429999351501465,1.0,3.147193223832748,21,1,257.1920649092577,70.06396669203612,True,-0.06
cell-054-010,0,0,1.0,DFO_3861_From_20110827_to_20110913,Tropical Storm Irene,2,42.812164306640625,8.567407608032227,4.0,3.4379403406073625,21,3,0.0,0.0,False,1.875
cell-054-011,0,0,1.0,DFO_3861_From_20110827_to_20110913,Tropical Storm Irene,2,40.094425201416016,5.826162338256836,2.0,3.287532581055143,41,0,0.0,0.0,False,1.7
cell-054-012,0,0,1.0,DFO_3861_From_20110827_to_20110913,Tropical Storm Irene,2,40.42918395996094,8.578872680664062,2.0,2.9258416558833322,41,0,89.1833163942855,0.0,False,1.721
cell-054-013,0,0,1.0,DFO_3861_From_20110827_to_20110913,Tropical Storm Irene,2,37.567054748535156,2.829505443572998,1.0,3.51619803907776,41,0,138.70854191982738,0.0,False,1.537
cell-054-014,0,0,1.0,DFO_3861_From_20110827_to_20110913,Tropical Storm Irene,2,28.74904441833496,17.132036209106445,3.0,2.5312051905753234,41,0,179.47102661209794,0.0,False,0.969
cell-054-015,0,0,1.0,DFO_3861_From_20110827_to_20110913,Tropical Storm Irene,2,23.59833526611328,1.936007022857666,1.0,3.821210040535614,22,21,99.19004030052581,0.0,False,0.637
cell-054-016,0,0,1.0,DFO_3861_From_20110827_to_20110913,Tropical Storm Irene,2,13.374902725219727,10.407197952270508,34.0,5.196977567439541,21,3,74.11464627925307,0.0,False,-0.021
cell-054-017,0,0,1.0,DFO_3861_From_20110827_to_20110913,Tropical Storm Irene,2,11.845608711242676,2.171924114227295,1.0,3.7312568711411003,22,48,78.36324166767795,0.0,False,-0.119
cell-054-018,0,0,1.0,DFO_3861_From_20110827_to_20110913,Tropical Storm Irene,2,11.638970375061035,4.741573810577393,1.0,3.068889066511028,22,44,145.02085828347015,0.0,False,-0.133
cell-054-019,0,0,1.0,DFO_3861_From_20110827_to_20110913,Tropical Storm Irene,2,9.192831039428711,0.38953113555908203,10.0,6.484348759855224,24,88,85.06433107110206,0.0,False,-0.29
cell-054-020,0,0,1.0,DFO_3861_From_20110827_to_20110913,Tropical Storm Irene,2,8.64889144897461,0.9491400122642517,1.0,4.321227533729157,23,72,0.0,0.0,True,-0.325
cell-054-021,0,0,1.0,DFO_3861_From_20110827_to_20110913,Tropical Storm Irene,2,6.961308479309082,1.549587368965149,3.0,4.6817273605610765,23,71,0.0,0.0,True,-0.434
cell-054-022,0,0,1.0,DFO_3861_From_20110827_to_20110913,Tropical Storm Irene,2,10.727791786193848,5.570832252502441,2.0,3.3285334119086736,23,78,66.68171423955864,0.0,True,-0.191
cell-054-023,0,0,1.0,DFO_3861_From_20110827_to_20110913,Tropical Storm Irene,2,16.38361930847168,3.0880613327026367,75.0,7.080401387326454,24,83,152.22353176031976,0.0,False,0.173
cell-054-024,0,0,1.0,DFO_3861_From_20110827_to_20110913,Tropical Storm Irene,2,17.967864990234375,0.7791420221328735,18.0,6.690971660022432,22,40,219.20276027969206,0.0,False,0.275
cell-054-025,0,0,1.0,DFO_3861_From_20110827_to_20110913,Tropical Storm Irene,2,16.12354278564453,1.0915729999542236,2.0,4.637216623700523,22,31,286.7915823700493,0.0,False,0.156
cell-054-026,0,0,1.0,DFO_3861_From_20110827_to_20110913,Tropical Storm Irene,2,16.175601959228516,1.2078807353973389,1.0,4.1641893137329316,22,43,337.5324635207354,0.0,False,0.159
cell-054-027,0,0,1.0,DFO_3861_From_20110827_to_20110913,Tropical Storm Irene,2,14.737558364868164,1.0185962915420532,3.0,4.9697429536683355,22,27,385.13446537604386,0.0,False,0.067
cell-054-028,0,0,1.0,DFO_3861_From_20110827_to_20110913,Tropical Storm Irene,2,19.064210891723633,2.6652474403381348,10.0,5.270509080392042,23,69,443.01790372745523,0.0,False,0.345
cell-054-029,0,0,1.0,DFO_3861_From_20110827_to_20110913,Tropical Storm Irene,2,22.988595962524414,2.945784330368042,1.0,3.4825324580165455,23,68,514.0050287941223,0.0,False,0.598
cell-054-030,0,0,1.0,DFO_3861_From_20110827_to_20110913,Tropical Storm Irene,2,25.34893226623535,0.738556444644928,2.0,4.87562570411819,23,58,590.7432846628316,0.0,False,0.75
cell-054-031,0,0,1.0,DFO_3861_From_20110827_to_20110913,Tropical Storm Irene,2,28.434009552001953,4.095954418182373,1.0,3.198951640410834,22,46,497.71758298962635,0.0,False,0.949
cell-054-032,0,0,1.0,DFO_3861_From_20110827_to_20110913,Tropical Storm Irene,2,22.620031356811523,1.8871182203292847,1.0,3.8409043948655905,22,48,408.0048485739355,0.0,False,0.574
cell-054-033,0,0,1.0,DFO_3861_From_20110827_to_20110913,Tropical Storm Irene,2,16.11678695678711,3.9862232208251953,9.0,4.8322567334631445,23,54,324.36572029523154,0.0,False,0.156
cell-054-034,0,0,1.0,DFO_3861_From_20110827_to_20110913,Tropical Storm Irene,2,15.231184005737305,2.181636333465576,2.0,4.133186190170913,23,65,243.96305715171115,0.0,False,0.099
cell-054-035,0,0,1.0,DFO_3861_From_20110827_to_20110913,Tropical Storm Irene,2,13.521551132202148,0.7364212274551392,266.0,9.365891621643826,21,3,157.54847833157103,0.0,True,-0.012
cell-054-036,0,0,1.0,DFO_3861_From_20110827_to_20110913,Tropical Storm Irene,2,20.737213134765625,4.16033411026001,1.0,3.1852064856993074,23,61,72.82221375589226,0.0,True,0.453
cell-054-037,0,0,1.0,DFO_3861_From_20110827_to_20110913,Tropical Storm Irene,2,10.69743537902832,1.7130533456802368,6.0,5.167105255502819,23,52,0.0,0.0,True,-0.193
cell-054-038,0,0,1.0,DFO_3861_From_20110827_to_20110913,Tropical Storm Irene,2,9.598363876342773,1.3107962608337402,2.0,4.513451310766779,21,11,0.0,0.0,True,-0.264
cell-054-039,0,0,1.0,DFO_3861_From_20110827_to_20110913,Tropical Storm Irene,2,9.6595458984375,1.014082670211792,9.0,5.888874422479845,23,50,37.48543652482237,0.0,True,-0.26
cell-054-040,0,0,1.0,DFO_3861_From_20110827_to_20110913,Tropical Storm Irene,2,10.199690818786621,0.44254717230796814,5.0,5.8245917365987445,21,6,117.05184487121957,4.648165591039601,True,-0.225
cell-054-041,0,0,1.0,DFO_3861_From_20110827_to_20110913,Tropical Storm Irene,2,10.394790649414062,0.02724965661764145,12.0,7.123656235452843,22,22,198.7384659188336,30.666835275042445,True,-0.213
cell-055-011,0,0,1.0,DFO_3861_From_20110827_to_20110913,Tropical Storm Irene,2,43.19086837768555,4.055138111114502,4.0,4.124054538633453,21,14,53.48622350011482,0.0,False,1.899
cell-055-012,0,0,1.0,DFO_3861_From_20110827_to_20110913,Tropical Storm Irene,2,35.25177764892578,17.3620662689209,3.0,2.5174689786199074,41,0,112.14601234795005,0.0,False,1.388
cell-055-013,0,0,1.0,DFO_3861_From_20110827_to_20110913,Tropical Storm Irene,2,31.50444793701172,8.166217803955078,2.0,2.972664343074807,41,0,112.08199097774923,0.0,False,1.147
cell-055-014,0,0,1.0,DFO_3861_From_20110827_to_20110913,Tropical Storm Irene,2,34.470394134521484,3.6800413131713867,1.0,3.2925586105785047,41,0,141.89650559102253,19.155720417387784,False,1.338
cell-055-015,0,0,1.0,DFO_3861_From_20110827_to_20110913,Tropical Storm Irene,2,25.925189971923828,5.778289318084717,1.0,2.889630729558424,41,0,57.91529660932083,13.022441871464252,False,0.787
cell-055-016,0,0,1.0,DFO_3861_From_20110827_to_20110913,Tropical Storm Irene,2,17.013492584228516,7.083568096160889,1.0,2.7010844063173747,41,0,0.0,0.0,False,0.213
cell-055-017,0,0,1.0,DFO_3861_From_20110827_to_20110913,Tropical Storm Irene,2,17.509706497192383,7.691638469696045,5.0,3.7223899812346595,22,35,11.599109229772589,0.0,False,0.245
cell-055-018,0,0,1.0,DFO_3861_From_20110827_to_20110913,Tropical Storm Irene,2,15.002874374389648,1.2601679563522339,10.0,5.839988760789546,24,91,103.14057229647094,0.0,False,0.084
cell-055-019,0,0,1.0,DFO_3861_From_20110827_to_20110913,Tropical Storm Irene,2,9.380796432495117,0.7135668396949768,1.0,4.489400959277684,23,66,96.46172160437321,0.0,False,-0.278
cell-055-020,0,0,1.0,DFO_3861_From_20110827_to_20110913,Tropical Storm Irene,2,9.030811309814453,4.580240726470947,2.0,3.5053252981046983,21,9,10.553616746910315,0.0,True,-0.301
cell-055-021,0,0,1.0,DFO_3861_From_20110827_to_20110913,Tropical Storm Irene,2,7.309135913848877,14.224678039550781,4.0,2.9431503229555642,22,31,0.0,0.0,True,-0.412
cell-055-022,0,0,1.0,DFO_3861_From_20110827_to_20110913,Tropical Storm Irene,2,8.66639518737793,2.8784666061401367,1.0,3.501884985171524,23,52,15.833999659824444,0.0,True,-0.324
cell-055-023,0,0,1.0,DFO_3861_From_20110827_to_20110913,Tropical Storm Irene,2,13.529073715209961,2.6916491985321045,1.0,3.557627894767305,23,51,78.46051404537403,0.0,False,-0.011
cell-055-024,0,0,1.0,DFO_3861_From_20110827_to_20110913,Tropical Storm Irene,2,17.401582717895508,2.5488362312316895,1.0,3.6024274468031683,23,50,147.61174295945418,0.0,False,0.238
cell-055-025,0,0,1.0,DFO_3861_From_20110827_to_20110913,Tropical Storm Irene,2,12.450567245483398,2.494225025177002,27.0,6.259158035048928,22,24,201.42470433673952,0.0,False,-0.08
cell-055-026,0,0,1.0,DFO_3861_From_20110827_to_20110913,Tropical Storm Irene,2,13.172595977783203,1.266588568687439,2.0,4.537208005802108,23,64,249.58951764511852,0.0,False,-0.034
cell-055-027,0,0,1.0,DFO_3861_From_20110827_to_20110913,Tropical Storm Irene,2,17.51515769958496,6.435240745544434,4.0,3.706710926895811,22,46,302.1446851443483,0.0,False,0.246
cell-055-028,0,0,1.0,DFO_3861_From_20110827_to_20110913,Tropical Storm Irene,2,19.893054962158203,0.6391940116882324,1.0,4.548955136172449,22,47,373.1323054407847,0.0,False,0.399
cell-055-029,0,0,1.0,DFO_3861_From_20110827_to_20110913,Tropical Storm Irene,2,23.338417053222656,2.6710550785064697,1.0,3.5639661892700634,22,29,455.1527479496666,0.0,False,0.621
cell-055-030,0,0,1.0,DFO_3861_From_20110827_to_20110913,Tropical Storm Irene,2,24.731800079345703,2.121954917907715,4.0,4.665938953399941,23,55,543.2313784831565,0.0,False,0.71
cell-055-031,0,0,1.0,DFO_3861_From_20110827_to_20110913,Tropical Storm Irene,2,24.814424514770508,7.270724773406982,5.0,3.775282593578068,23,73,545.4268514383515,0.0,False,0.716
cell-055-032,0,0,1.0,DFO_3861_From_20110827_to_20110913,Tropical Storm Irene,2,21.262983322143555,3.932241678237915,1.0,3.2347699948887216,23,61,465.0114130994614,0.0,False,0.487
cell-055-033,0,0,1.0,DFO_3861_From_20110827_to_20110913,Tropical Storm Irene,2,15.928202629089355,0.6201744675636292,221.0,9.27430206292379,21,17,379.4500715826291,0.0,False,0.143
cell-055-034,0,0,1.0,DFO_3861_From_20110827_to_20110913,Tropical Storm Irene,2,14.925220489501953,1.3727551698684692,1.0,4.075610733318844,23,54,295.7302045409144,0.0,False,0.079
cell-055-035,0,0,1.0,DFO_3861_From_20110827_to_20110913,Tropical Storm Irene,2,15.919458389282227,0.5100833177566528,34.0,7.523789682169514,23,57,211.46455147729597,0.0,True,0.143
cell-055-036,0,0,1.0,DFO_3861_From_20110827_to_20110913,Tropical Storm Irene,2,20.982282638549805,3.4019057750701904,6.0,4.613140024568715,23,66,128.19434867921848,0.0,True,0.469
cell-055-037,0,0,1.0,DFO_3861_From_20110827_to_20110913,Tropical Storm Irene,2,13.36806583404541,7.661881446838379,16.0,4.767495970541679,23,78,44.924145881140994,0.0,True,-0.021
cell-055-038,0,0,1.0,DFO_3861_From_20110827_to_20110913,Tropical Storm Irene,2,10.164134979248047,0.9567720890045166,4.0,5.23251562839249,23,59,0.0,0.0,True,-0.228
cell-055-039,0,0,1.0,DFO_3861_From_20110827_to_20110913,Tropical Storm Irene,2,10.752603530883789,0.927135169506073,2.0,4.741258224719827,22,30,0.0,0.0,True,-0.19
cell-055-040,0,0,1.0,DFO_3861_From_20110827_to_20110913,Tropical Storm Irene,2,10.375313758850098,0.28091487288475037,1.0,4.899344699189638,21,8,59.484575594629256,0.0,True,-0.214
cell-055-041,0,0,1.0,DFO_3861_From_20110827_to_20110913,Tropical Storm Irene,2,10.500360488891602,0.7399595379829407,3.0,5.162238328466677,21,6,141.4728172779583,22.257419286994264,True,-0.206
cell-056-011,0,0,1.0,DFO_3861_From_20110827_to_20110913,Tropical Storm Irene,2,45.306121826171875,1.0299583673477173,1.0,4.269480335878264,41,0,55.78473831457086,0.0,False,2.035
cell-056-012,0,0,1.0,DFO_3861_From_20110827_to_20110913,Tropical Storm Irene,2,36.567039489746094,12.449283599853516,4.0,3.0757882135462142,41,0,12.662143973147593,0.0,False,1.473
cell-056-013,0,0,1.0,DFO_3861_From_20110827_to_20110913,Tropical Storm Irene,2,28.209115982055664,2.9325945377349854,6.0,4.739058034119919,41,0,12.081990977749228,0.0,False,0.934
cell-056-014,0,0,1.0,DFO_3861_From_20110827_to_20110913,Tropical Storm Irene,2,30.64311408996582,0.7094318270683289,1.0,4.492620658304941,41,0,83.77356227476959,0.0,False,1.091
cell-056-015,0,0,1.0,DFO_3861_From_20110827_to_20110913,Tropical Storm Irene,2,19.885297775268555,5.5265326499938965,1.0,2.9303524692523566,41,0,51.40045189089142,0.0,False,0.398
cell-056-016,0,0,1.0,DFO_3861_From_20110827_to_20110913,Tropical Storm Irene,2,14.7280855178833,4.715762138366699,1.0,3.073781118696981,41,0,0.0,0.0,False,0.066
cell-056-017,0,0,1.0,DFO_3861_From_20110827_to_20110913,Tropical Storm Irene,2,23.4960880279541,1.696885108947754,1.0,3.921444948479,23,56,0.0,0.0,False,0.631
cell-056-018,0,0,1.0,DFO_3861_From_20110827_to_20110913,Tropical Storm Irene,2,26.55883026123047,3.1845171451568604,1.0,3.4167535917169394,21,3,97.41003170143813,0.0,False,0.828
cell-056-019,0,0,1.0,DFO_3861_From_20110827_to_20110913,Tropical Storm Irene,2,16.961687088012695,3.846714973449707,2.0,3.6594643198023893,22,29,151.9009752415414,0.0,False,0.21
cell-056-020,0,0,1.0,DFO_3861_From_20110827_to_20110913,Tropical Storm Irene,2,14.891351699829102,11.095671653747559,2.0,2.677939339123337,24,100,71.26015230125695,0.0,False,0.077
cell-056-021,0,0,1.0,DFO_3861_From_20110827_to_20110913,Tropical Storm Irene,2,12.737728118896484,1.5037914514541626,47.0,7.188457848296463,23,78,0.0,0.0,True,-0.062
cell-056-022,0,0,1.0,DFO_3861_From_20110827_to_20110913,Tropical Storm Irene,2,6.463128566741943,4.236178874969482,5.0,4.267861541576475,21,1,0.0,0.0,True,-0.466
cell-056-023,0,0,1.0,DFO_3861_From_20110827_to_20110913,Tropical Storm Irene,2,10.174999237060547,1.8276219367980957,54.0,7.1795915544242375,21,14,8.43190354885902,0.0,True,-0.227
cell-056-024,0,0,1.0,DFO_3861_From_20110827_to_20110913,Tropical Storm Irene,2,14.362481117248535,3.020759105682373,2.0,3.866872841750359,22,23,65.31694515274376,0.0,False,0.043
cell-056-025,0,0,1.0,DFO_3861_From_20110827_to_20110913,Tropical Storm Irene,2,10.017349243164062,1.7782834768295288,209.0,8.540148158553981,22,34,114.1290323140001,0.0,False,-0.237
cell-056-026,0,0,1.0,DFO_3861_From_20110827_to_20110913,Tropical Storm Irene,2,20.363420486450195,3.687448263168335,1.0,3.290813415118805,23,51,162.22810637767395,0.0,False,0.429
cell-056-027,0,0,1.0,DFO_3861_From_20110827_to_20110913,Tropical Storm Irene,2,14.328154563903809,0.6867116689682007,69.0,8.06584682567768,21,18,232.92544966461602,0.0,False,0.04
cell-056-028,0,0,1.0,DFO_3861_From_20110827_to_20110913,Tropical Storm Irene,2,16.63726043701172,3.1428446769714355,3.0,4.121077642733651,23,51,319.67260080282335,0.0,False,0.189
cell-056-029,0,0,1.0,DFO_3861_From_20110827_to_20110913,Tropical Storm Irene,2,23.38595199584961,6.330662727355957,1.0,2.8055851739892437,22,37,411.6570817000519,0.0,False,0.624
cell-056-030,0,0,1.0,DFO_3861_From_20110827_to_20110913,Tropical Storm Irene,2,25.17220687866211,6.842926502227783,2.0,3.1388122924656106,22,46,506.03482403120427,0.0,False,0.739
cell-056-031,0,0,1.0,DFO_3861_From_20110827_to_20110913,Tropical Storm Irene,2,21.705076217651367,0.10597318410873413,1.0,5.128609771769233,24,86,602.2299671643555,0.0,False,0.515
cell-056-032,0,0,1.0,DFO_3861_From_20110827_to_20110913,Tropical Storm Irene,2,28.51740837097168,4.47659158706665,1.0,3.1202684530183604,22,45,518.0059454909484,0.0,False,0.954
cell-056-033,0,0,1.0,DFO_3861_From_20110827_to_20110913,Tropical Storm Irene,2,20.26716423034668,1.2138125896453857,1.0,4.160862783391568,22,44,433.37709199677727,0.0,False,0.423
cell-056-034,0,0,1.0,DFO_3861_From_20110827_to_20110913,Tropical Storm Irene,2,15.470778465270996,1.0691173076629639,18.0,6.4966295981658835,22,28,350.1068891986997,0.0,False,0.114
cell-056-035,0,0,1.0,DFO_3861_From_20110827_to_20110913,Tropical Storm Irene,2,16.76117706298828,1.3830069303512573,3.0,4.763500538994571,22,32,266.83668640062217,0.0,True,0.197
cell-056-036,0,0,1.0,DFO_3861_From_20110827_to_20110913,Tropical Storm Irene,2,19.136600494384766,6.907313346862793,7.0,4.110909938672593,21,17,183.56648360254474,0.0,True,0.35
cell-056-037,0,0,1.0,DFO_3861_From_20110827_to_20110913,Tropical Storm Irene,2,21.016984939575195,2.0054845809936523,3.0,4.4870181266006774,23,71,102.65478351321576,0.0,False,0.471
cell-056-038,0,0,1.0,DFO_3861_From_20110827_to_20110913,Tropical Storm Irene,2,13.796960830688477,4.432923793792725,5.0,4.2276032752323935,23,56,22.474786499835258,0.0,True,0.006
cell-056-039,0,0,1.0,DFO_3861_From_20110827_to_20110913,Tropical Storm Irene,2,10.232257843017578,2.5468738079071045,2.0,4.008522257019892,23,51,0.0,0.0,True,-0.223
cell-056-040,0,0,1.0,DFO_3861_From_20110827_to_20110913,Tropical Storm Irene,2,9.976510047912598,0.6141705513000488,1.0,4.569817092692478,21,10,3.013686607141513,22.646353864274886,True,-0.24
cell-057-012,0,0,1.0,DFO_3861_From_20110827_to_20110913,Tropical Storm Irene,2,27.135540008544922,3.5518078804016113,159.0,7.705287468151267,41,0,0.0,0.0,False,0.865
cell-057-013,0,0,1.0,DFO_3861_From_20110827_to_20110913,Tropical Storm Irene,2,29.8736515045166,8.871034622192383,1.0,2.488445343054378,41,0,0.0,0.0,False,1.042
cell-057-014,0,0,1.0,DFO_3861_From_20110827_to_20110913,Tropical Storm Irene,2,25.10158348083496,4.8131890296936035,2.0,3.460903172168025,41,0,64.40218330406144,0.0,False,0.734
cell-057-015,0,0,1.0,DFO_3861_From_20110827_to_20110913,Tropical Storm Irene,2,20.45599365234375,4.114033222198486,2.0,3.60053794241315,41,0,55.80627320753462,1.034348637205224,False,0.435
cell-057-016,0,0,1.0,DFO_3861_From_20110827_to_20110913,Tropical Storm Irene,2,16.779342651367188,4.6896491050720215,2.0,3.484219481790241,21,1,0.0,0.0,False,0.198
cell-057-017,0,0,1.0,DFO_3861_From_20110827_to_20110913,Tropical Storm Irene,2,22.52529525756836,1.6176161766052246,4.0,4.873305047456872,21,1,8.527445205437791,0.0,False,0.568
cell-057-018,0,0,1.0,DFO_3861_From_20110827_to_20110913,Tropical Storm Irene,2,30.120725631713867,3.5489351749420166,1.0,3.323959405198149,22,30,102.73723829378841,0.0,False,1.057
cell-057-019,0,0,1.0,DFO_3861_From_20110827_to_20110913,Tropical Storm Irene,2,29.35266876220703,25.276456832885742,2.0,1.8280185593647813,22,39,202.26488831027754,0.0,False,1.008
cell-057-020,0,0,1.0,DFO_3861_From_20110827_to_20110913,Tropical Storm Irene,2,14.36758804321289,2.7600514888763428,25.0,6.101806936502521,23,72,123.31883929483607,0.0,False,0.043
cell-057-021,0,0,1.0,DFO_3861_From_20110827_to_20110913,Tropical Storm Irene,2,15.33610725402832,1.9404933452606201,1.0,3.819422074489997,23,58,62.28173218894398,0.0,False,0.105
cell-057-022,0,0,1.0,DFO_3861_From_20110827_to_20110913,Tropical Storm Irene,2,12.823648452758789,1.8119033575057983,3.0,4.565127110221001,24,93,0.0,0.0,True,-0.056
cell-057-023,0,0,1.0,DFO_3861_From_20110827_to_20110913,Tropical Storm Irene,2,8.82779312133789,14.637567520141602,2.0,2.403581998839847,23,67,0.0,0.0,True,-0.314
cell-057-024,0,0,1.0,DFO_3861_From_20110827_to_20110913,Tropical Storm Irene,2,9.602490425109863,1.4829562902450562,6.0,5.273255458610046,22,42,0.0,0.0,True,-0.264
cell-057-025,0,0,1.0,DFO_3861_From_20110827_to_20110913,Tropical Storm Irene,2,9.7029447555542,2.9028186798095703,25.0,6.059790547783371,21,7,26.08588172110409,0.0,True,-0.257
cell-057-026,0,0,1.0,DFO_3861_From_20110827_to_20110913,Tropical Storm Irene,2,22.205272674560547,8.861424446105957,2.0,2.894945503343295,21,17,96.29861674484371,0.0,False,0.548
cell-057-027,0,0,1.0,DFO_3861_From_20110827_to_20110913,Tropical Storm Irene,2,19.77199363708496,5.129926681518555,4.0,3.914284337932724,22,24,189.96216181097736,0.0,False,0.391
cell-057-028,0,0,1.0,DFO_3861_From_20110827_to_20110913,Tropical Storm Irene,2,16.884967803955078,1.4210408926010132,157.0,8.420533820662994,22,27,287.56792786816237,0.0,False,0.205
cell-057-029,0,0,1.0,DFO_3861_From_20110827_to_20110913,Tropical Storm Irene,2,23.143630981445312,9.453210830688477,2.0,2.83302841291135,23,69,386.4000561036156,0.0,False,0.608
cell-057-030,0,0,1.0,DFO_3861_From_20110827_to_20110913,Tropical Storm Irene,2,24.785091400146484,6.768363952636719,4.0,3.6598425590009884,21,19,485.7105038758849,0.0,False,0.714
cell-057-031,0,0,1.0,DFO_3861_From_20110827_to_20110913,Tropical Storm Irene,2,24.4622745513916,2.6063077449798584,26.0,6.186847924111776,23,79,585.2558276462138,0.0,False,0.693
cell-057-032,0,0,1.0,DFO_3861_From_20110827_to_20110913,Tropical Storm Irene,2,27.62617301940918,0.9718867540359497,2.0,4.711855617774408,24,97,572.019429718181,0.0,False,0.897
cell-057-033,0,0,1.0,DFO_3861_From_20110827_to_20110913,Tropical Storm Irene,2,20.408594131469727,6.929108142852783,4.0,3.637967278876648,23,66,488.7492269201034,0.0,False,0.432
cell-057-034,0,0,1.0,DFO_3861_From_20110827_to_20110913,Tropical Storm Irene,2,16.924402236938477,1.0628231763839722,11.0,6.04093874456087,23,57,405.4790241220259,0.0,False,0.208
cell-057-035,0,0,1.0,DFO_3861_From_20110827_to_20110913,Tropical Storm Irene,2,16.495790481567383,1.54855215549469,3.0,4.682215511643772,22,37,322.4583635334151,0.0,False,0.18
cell-057-036,0,0,1.0,DFO_3861_From_20110827_to_20110913,Tropical Storm Irene,2,16.952102661132812,1.7496767044067383,9.0,5.507875768655225,23,62,242.79500355125387,0.0,False,0.209
cell-057-037,0,0,1.0,DFO_3861_From_20110827_to_20110913,Tropical Storm Irene,2,19.21544647216797,0.6921324729919434,8.0,6.0102814617942615,23,59,161.72867682403958,0.0,False,0.355
cell-057-038,0,0,1.0,DFO_3861_From_20110827_to_20110913,Tropical Storm Irene,2,19.859148025512695,2.302727222442627,2.0,4.0901170213444855,23,58,79.76931472957506,0.0,False,0.397
cell-057-039,0,0,1.0,DFO_3861_From_20110827_to_20110913,Tropical Storm Irene,2,13.246186256408691,2.8999509811401367,2.0,3.9011332260886635,21,13,0.0,0.0,True,-0.029
cell-058-011,0,0,1.0,DFO_3861_From_20110827_to_20110913,Tropical Storm Irene,2,30.93377685546875,6.068069934844971,10.0,4.549429751151314,41,0,0.0,0.0,False,1.11
cell-058-012,0,0,1.0,DFO_3861_From_20110827_to_20110913,Tropical Storm Irene,2,32.351600646972656,10.128911972045898,4.0,3.277311371660098,41,0,0.0,0.0,False,1.201
cell-058-013,0,0,1.0,DFO_3861_From_20110827_to_20110913,Tropical Storm Irene,2,23.96052360534668,1.6591991186141968,1.0,3.9381979768083073,41,0,0.0,0.0,False,0.661
cell-058-014,0,0,1.0,DFO_3861_From_20110827_to_20110913,Tropical Storm Irene,2,28.129959106445312,5.473358631134033,2.0,3.3446302112042066,41,0,45.73907155255128,27.6778130351967,False,0.929
cell-058-015,0,0,1.0,DFO_3861_From_20110827_to_20110913,Tropical Storm Irene,2,27.013545989990234,8.60035228729248,1.0,2.517995696928108,41,0,120.04291635931308,20.702605474973097,False,0.857
cell-058-016,0,0,1.0,DFO_3861_From_20110827_to_20110913,Tropical Storm Irene,2,24.85753059387207,10.976883888244629,1.0,2.2829704466124703,41,0,92.71800762694329,0.0,False,0.718
cell-058-017,0,0,1.0,DFO_3861_From_20110827_to_20110913,Tropical Storm Irene,2,24.99155616760254,3.8269124031066895,2.0,3.6639693654014724,22,32,95.71213517405822,0.0,False,0.727
cell-058-018,0,0,1.0,DFO_3861_From_20110827_to_20110913,Tropical Storm Irene,2,35.1442756652832,6.298072814941406,3.0,3.503504433347186,23,75,148.05164981447288,0.0,False,1.381
cell-058-019,0,0,1.0,DFO_3861_From_20110827_to_20110913,Tropical Storm Irene,2,36.43273162841797,0.5259508490562439,1.0,4.647043139328652,22,40,231.75072764774657,0.0,False,1.464
cell-058-020,0,0,1.0,DFO_3861_From_20110827_to_20110913,Tropical Storm Irene,2,26.81682014465332,17.476722717285156,8.0,3.32160964344067,23,56,196.73870719497413,0.0,False,0.845
cell-058-021,0,0,1.0,DFO_3861_From_20110827_to_20110913,Tropical Storm Irene,2,28.856521606445312,3.0138535499572754,2.0,3.8688000402223977,22,42,131.12022841731937,0.0,False,0.976
cell-058-022,0,0,1.0,DFO_3861_From_20110827_to_20110913,Tropical Storm Irene,2,23.480316162109375,11.221421241760254,5.0,3.3600847732844157,22,33,73.6976762559084,0.0,False,0.63
cell-058-023,0,0,1.0,DFO_3861_From_20110827_to_20110913,Tropical Storm Irene,2,15.99437427520752,14.878520965576172,11.0,3.773428270797071,21,18,21.937701936358287,0.0,False,0.148
cell-058-024,0,0,1.0,DFO_3861_From_20110827_to_20110913,Tropical Storm Irene,2,10.088238716125488,1.651354193687439,2.0,4.347186009164185,23,69,0.0,0.0,True,-0.233
cell-058-025,0,0,1.0,DFO_3861_From_20110827_to_20110913,Tropical Storm Irene,2,7.160393714904785,1.7152421474456787,5.0,5.0119969985606145,21,5,0.0,0.0,True,-0.421
cell-058-026,0,0,1.0,DFO_3861_From_20110827_to_20110913,Tropical Storm Irene,2,12.830293655395508,5.097606658935547,7.0,4.390003200268567,22,44,83.04845109244343,0.0,False,-0.056
cell-058-027,0,0,1.0,DFO_3861_From_20110827_to_20110913,Tropical Storm Irene,2,23.866214752197266,5.394267559051514,2.0,3.3578804238067437,22,48,183.04845109244343,0.0,False,0.655
cell-058-028,0,0,1.0,DFO_3861_From_20110827_to_20110913,Tropical Storm Irene,2,21.43916130065918,4.579373836517334,2.0,3.5054943149102,21,11,283.04845109244343,0.0,False,0.498
cell-058-029,0,0,1.0,DFO_3861_From_20110827_to_20110913,Tropical Storm Irene,2,22.733266830444336,24.19707679748535,2.0,1.8765409993445903,22,25,383.04845109244343,0.0,False,0.582
cell-058-030,0,0,1.0,DFO_3861_From_20110827_to_20110913,Tropical Storm Irene,2,27.512985229492188,3.0118508338928223,3.0,4.157041803939066,24,84,483.04845109244343,0.0,False,0.89
cell-058-031,0,0,1.0,DFO_3861_From_20110827_to_20110913,Tropical Storm Irene,2,24.875064849853516,5.351922512054443,2.0,3.3650459059223996,22,28,583.0484510924434,0.0,False,0.72
cell-058-032,0,0,1.0,DFO_3861_From_20110827_to_20110913,Tropical Storm Irene,2,26.72660255432129,2.417769193649292,3.0,4.338524832938789,23,75,627.3915646415071,0.0,False,0.839
cell-058-033,0,0,1.0,DFO_3861_From_20110827_to_20110913,Tropical Storm Irene,2,21.067062377929688,4.350497722625732,66.0,6.657208369434357,24,84,544.1213618434297,0.0,False,0.474
cell-058-034,0,0,1.0,DFO_3861_From_20110827_to_20110913,Tropical Storm Irene,2,18.48413848876953,2.279942512512207,3.0,4.385763128910386,22,36,462.5016319356892,0.0,False,0.308
cell-058-035,0,0,1.0,DFO_3861_From_20110827_to_20110913,Tropical Storm Irene,2,16.44060707092285,1.5729342699050903,9.0,5.587072460987286,23,63,382.93522358929204,0.0,True,0.176
cell-058-036,0,0,1.0,DFO_3861_From_20110827_to_20110913,Tropical Storm Irene,2,18.29523468017578,1.530381441116333,2.0,4.40313994452917,23,53,300.9825671482439,0.0,False,0.296
cell-059-011,0,0,1.0,DFO_3861_From_20110827_to_20110913,Tropical Storm Irene,2,38.402034759521484,7.2316107749938965,1.0,2.6817252541304444,41,0,0.0,0.0,False,1.591
cell-059-012,0,0,1.0,DFO_3861_From_20110827_to_20110913,Tropical Storm Irene,2,36.80365753173828,3.4174232482910156,2.0,3.7619360244502915,41,0,32.717896770131695,0.0,False,1.488
cell-059-013,0,0,1.0,DFO_3861_From_20110827_to_20110913,Tropical Storm Irene,2,23.197656631469727,8.057622909545898,7.0,3.9661719190286564,41,0,0.0,0.0,False,0.612
cell-059-014,0,0,1.0,DFO_3861_From_20110827_to_20110913,Tropical Storm Irene,2,29.183568954467773,7.1779255867004395,2.0,3.094168860529266,41,0,29.52399784862064,25.10142221939424,False,0.997
cell-059-015,0,0,1.0,DFO_3861_From_20110827_to_20110913,Tropical Storm Irene,2,28.98515510559082,2.571894407272339,1.0,3.595057658174399,41,0,129.52399784862064,0.0,False,0.984
cell-059-016,0,0,1.0,DFO_3861_From_20110827_to_20110913,Tropical Storm Irene,2,27.37996482849121,2.3790903091430664,1.0,3.6584116591269047,41,0,192.7180076269433,0.0,False,0.881
cell-059-017,0,0,1.0,DFO_3861_From_20110827_to_20110913,Tropical Storm Irene,2,26.392568588256836,4.355389595031738,4.0,4.060956499283256,22,45,194.17624557336012,0.0,False,0.817
cell-059-018,0,0,1.0,DFO_3861_From_20110827_to_20110913,Tropical Storm Irene,2,33.07982635498047,3.271106004714966,3.0,4.087065955500101,22,35,226.94821323000937,0.0,False,1.248
cell-059-019,0,0,1.0,DFO_3861_From_20110827_to_20110913,Tropical Storm Irene,2,31.86713218688965,1.8897651433944702,107.0,7.82881224452953,23,50,289.33117048991284,0.0,False,1.17
cell-059-020,0,0,1.0,DFO_3861_From_20110827_to_20110913,Tropical Storm Irene,2,29.574485778808594,11.648078918457031,4.0,3.141242913583733,22,35,272.1814159831838,0.0,False,1.022
cell-059-021,0,0,1.0,DFO_3861_From_20110827_to_20110913,Tropical Storm Irene,2,27.20948600769043,3.047342538833618,2.0,3.859488064360822,24,92,212.87751566650357,0.0,False,0.87
cell-059-022,0,0,1.0,DFO_3861_From_20110827_to_20110913,Tropical Storm Irene,2,28.52863311767578,2.0154755115509033,1.0,3.7900001131819026,22,46,158.04546112035408,0.0,False,0.955
cell-059-023,0,0,1.0,DFO_3861_From_20110827_to_20110913,Tropical Storm Irene,2,24.360546112060547,5.1120829582214355,2.0,3.4066100836928075,21,10,93.15077618390531,0.0,False,0.686
cell-059-024,0,0,1.0,DFO_3861_From_20110827_to_20110913,Tropical Storm Irene,2,17.519506454467773,10.752387046813965,7.0,3.6893841198531336,21,3,0.0,0.0,True,0.246
cell-059-025,0,0,1.0,DFO_3861_From_20110827_to_20110913,Tropical Storm Irene,2,8.749957084655762,5.420575141906738,9.0,4.557426733125058,22,48,0.0,0.0,True,-0.319
cell-059-026,0,0,1.0,DFO_3861_From_20110827_to_20110913,Tropical Storm Irene,2,12.91596508026123,7.812133312225342,3.0,3.3022662187282394,21,11,89.61847069773602,0.0,True,-0.051
cell-059-027,0,0,1.0,DFO_3861_From_20110827_to_20110913,Tropical Storm Irene,2,21.702999114990234,3.925006866455078,1.0,3.2363825576944127,22,48,187.29351038072926,0.0,False,0.515
cell-059-028,0,0,1.0,DFO_3861_From_20110827_to_20110913,Tropical Storm Irene,2,28.49396324157715,5.6567535400390625,1.0,2.909086691350642,21,18,286.5569670603096,0.0,False,0.953
cell-059-029,0,0,1.0,DFO_3861_From_20110827_to_20110913,Tropical Storm Irene,2,24.397199630737305,3.274766683578491,3.0,4.086111812402074,22,37,386.0529975915827,0.0,False,0.689
cell-059-030,0,0,1.0,DFO_3861_From_20110827_to_20110913,Tropical Storm Irene,2,23.48509407043457,9.174331665039062,1.0,2.456290362081077,22,46,485.5490281228557,0.0,False,0.63
cell-059-031,0,0,1.0,DFO_3861_From_20110827_to_20110913,Tropical Storm Irene,2,24.98822021484375,9.903783798217773,2.0,2.788197983625256,21,4,585.1220678088708,0.0,False,0.727
cell-059-032,0,0,1.0,DFO_3861_From_20110827_to_20110913,Tropical Storm Irene,2,20.195556640625,3.839280366897583,2.0,3.6611533393829077,22,49,682.8895053663944,0.0,False,0.418
cell-059-033,0,0,1.0,DFO_3861_From_20110827_to_20110913,Tropical Storm Irene,2,17.328041076660156,0.7610854506492615,61.0,7.887113420260934,23,68,602.6418519737274,0.0,False,0.234
cell-059-034,0,0,1.0,DFO_3861_From_20110827_to_20110913,Tropical Storm Irene,2,17.577993392944336,0.49047303199768066,1.0,4.6798626343937615,24,86,522.1958195669127,0.0,False,0.25
cell-060-011,0,0,1.0,DFO_3861_From_20110827_to_20110913,Tropical Storm Irene,2,42.604366302490234,6.999082088470459,2.0,3.1177620401517467,41,0,6.416784058746446,0.0,False,1.861
cell-060-012,0,0,1.0,DFO_3861_From_20110827_to_20110913,Tropical Storm Irene,2,28.253570556640625,2.374828338623047,38.0,6.630272570518541,41,0,8.45649155776482,0.0,False,0.937
cell-060-013,0,0,1.0,DFO_3861_From_20110827_to_20110913,Tropical Storm Irene,2,17.749706268310547,5.211024761199951,58.0,6.368182707298774,41,0,0.0,0.0,False,0.261
cell-060-014,0,0,1.0,DFO_3861_From_20110827_to_20110913,Tropical Storm Irene,2,28.054231643676758,4.84697151184082,2.0,3.4546193483164895,41,0,45.40539018280189,0.0,False,0.924
cell-060-015,0,0,1.0,DFO_3861_From_20110827_to_20110913,Tropical Storm Irene,2,29.594209671020508,0.39023327827453613,1.0,4.7788713413776955,41,0,135.94439661477412,0.0,False,1.024
cell-060-016,0,0,1.0,DFO_3861_From_20110827_to_20110913,Tropical Storm Irene,2,23.76459312438965,2.8498058319091797,77.0,7.173800524038617,21,17,173.66918726453605,0.0,False,0.648
cell-060-017,0,0,1.0,DFO_3861_From_20110827_to_20110913,Tropical Storm Irene,2,26.61067771911621,3.130906105041504,56.0,6.781059624915881,22,26,170.66034235991538,0.0,False,0.831
cell-060-018,0,0,1.0,DFO_3861_From_20110827_to_20110913,Tropical Storm Irene,2,32.57627868652344,2.7229270935058594,2.0,3.9535421998401703,22,22,180.0864453456924,0.0,False,1.216
cell-060-019,0,0,1.0,DFO_3861_From_20110827_to_20110913,Tropical Storm Irene,2,35.935306549072266,3.04707670211792,3.0,4.147243659908609,23,52,216.1016292612756,0.0,False,1.432
cell-060-020,0,0,1.0,DFO_3861_From_20110827_to_20110913,Tropical Storm Irene,2,26.374309539794922,5.438899993896484,11.0,4.736676252774512,23,76,252.05398000866518,0.0,False,0.816
cell-060-021,0,0,1.0,DFO_3861_From_20110827_to_20110913,Tropical Storm Irene,2,25.77941131591797,5.378252029418945,4.0,3.8714101974053063,22,37,241.6501302783581,0.0,False,0.778
cell-060-022,0,0,1.0,DFO_3861_From_20110827_to_20110913,Tropical Storm Irene,2,28.39080047607422,4.131691932678223,2.0,3.596763631148656,22,44,163.82359839262674,0.0,False,0.946
cell-060-023,0,0,1.0,DFO_3861_From_20110827_to_20110913,Tropical Storm Irene,2,22.174055099487305,0.7281204462051392,1.0,4.478150696837739,23,52,68.75021916004329,0.0,False,0.546
cell-060-024,0,0,1.0,DFO_3861_From_20110827_to_20110913,Tropical Storm Irene,2,8.142800331115723,8.516178131103516,52.0,5.804501651977773,21,4,0.0,0.0,True,-0.358
cell-060-025,0,0,1.0,DFO_3861_From_20110827_to_20110913,Tropical Storm Irene,2,14.731163024902344,9.363629341125488,2.0,2.842171359720732,22,47,2.434874602873207,0.0,True,0.066
cell-060-026,0,0,1.0,DFO_3861_From_20110827_to_20110913,Tropical Storm Irene,2,13.345022201538086,7.832847595214844,2.0,3.012084826929332,22,49,97.83688066073493,0.0,False,-0.023
cell-060-027,0,0,1.0,DFO_3861_From_20110827_to_20110913,Tropical Storm Irene,2,26.39614486694336,6.796322822570801,1.0,2.739713564588436,21,3,195.93069783790816,0.0,False,0.818
cell-060-028,0,0,1.0,DFO_3861_From_20110827_to_20110913,Tropical Storm Irene,2,25.267885208129883,4.881993293762207,3.0,3.735827859184465,21,2,294.92614265948885,0.0,False,0.745
cell-060-029,0,0,1.0,DFO_3861_From_20110827_to_20110913,Tropical Storm Irene,2,25.280935287475586,17.130308151245117,2.0,2.243626880726039,21,5,394.4287272661066,0.0,False,0.746
cell-060-030,0,0,1.0,DFO_3861_From_20110827_to_20110913,Tropical Storm Irene,2,19.80251693725586,3.1165781021118164,2.0,3.8405048398573602,22,41,494.1321808600571,0.0,False,0.393
cell-060-031,0,0,1.0,DFO_3861_From_20110827_to_20110913,Tropical Storm Irene,2,19.101152420043945,2.8832736015319824,8.0,5.004568063054813,21,9,593.935352904903,0.0,False,0.348
cell-060-032,0,0,1.0,DFO_3861_From_20110827_to_20110913,Tropical Storm Irene,2,17.636133193969727,0.5375764966011047,14.0,6.651421664775524,22,49,693.7952109225223,0.0,False,0.253
cell-061-011,0,0,1.0,DFO_3861_From_20110827_to_20110913,Tropical Storm Irene,2,42.7806282043457,6.060725688934326,2.0,3.25126191146057,41,0,66.7225647376198,0.0,False,1.873
cell-061-012,0,0,1.0,DFO_3861_From_20110827_to_20110913,Tropical Storm Irene,2,25.128620147705078,7.612142086029053,14.0,4.648466183650452,41,0,9.78005334384038,0.0,False,0.736
cell-061-013,0,0,1.0,DFO_3861_From_20110827_to_20110913,Tropical Storm Irene,2,15.21789264678955,3.7158262729644775,4.0,4.200445701366561,41,0,0.0,0.0,True,0.098
cell-061-014,0,0,1.0,DFO_3861_From_20110827_to_20110913,Tropical Storm Irene,2,26.839885711669922,5.864401340484619,3.0,3.569213453744597,41,0,21.918759997384385,0.0,False,0.846
cell-061-015,0,0,1.0,DFO_3861_From_20110827_to_20110913,Tropical Storm Irene,2,25.51047134399414,4.703312397003174,7.0,4.462443503505219,22,42,102.98684113762152,0.0,False,0.761
cell-061-016,0,0,1.0,DFO_3861_From_20110827_to_20110913,Tropical Storm Irene,2,23.345247268676758,11.713096618652344,4.0,3.1357834147760717,21,2,74.50698912743938,0.0,False,0.621
cell-061-017,0,0,1.0,DFO_3861_From_20110827_to_20110913,Tropical Storm Irene,2,22.987390518188477,3.85178804397583,24.0,5.778577153818069,22,23,70.66034235991538,0.0,False,0.598
cell-061-018,0,0,1.0,DFO_3861_From_20110827_to_20110913,Tropical Storm Irene,2,27.198884963989258,3.334106922149658,31.0,6.150212439799075,22,34,82.07746242313709,0.0,False,0.869
cell-061-019,0,0,1.0,DFO_3861_From_20110827_to_20110913,Tropical Storm Irene,2,28.7097225189209,8.206161499023438,1.0,2.562574290117833,21,17,134.00197247637925,0.0,False,0.967
cell-061-020,0,0,1.0,DFO_3861_From_20110827_to_20110913,Tropical Storm Irene,2,19.470243453979492,8.519183158874512,6.0,3.7797842146162455,23,64,156.64457816400758,0.0,False,0.372
cell-061-021,0,0,1.0,DFO_3861_From_20110827_to_20110913,Tropical Storm Irene,2,22.977563858032227,9.94612979888916,3.0,3.0717621426687063,21,18,141.79739131986662,0.0,False,0.597
cell-061-022,0,0,1.0,DFO_3861_From_20110827_to_20110913,Tropical Storm Irene,2,22.911813735961914,3.7585456371307373,31.0,6.046802197012596,22,49,136.54546137706487,0.0,False,0.593
cell-061-023,0,0,1.0,DFO_3861_From_20110827_to_20110913,Tropical Storm Irene,2,17.316396713256836,10.464936256408691,3.0,3.02255833557985,22,20,59.56308882284064,0.0,True,0.233
cell-061-024,0,0,1.0,DFO_3861_From_20110827_to_20110913,Tropical Storm Irene,2,7.172116756439209,2.257528781890869,2.0,4.105977710544296,21,3,0.0,0.0,True,-0.42
cell-061-025,0,0,1.0,DFO_3861_From_20110827_to_20110913,Tropical Storm Irene,2,14.31906509399414,3.268447160720825,2.0,3.800077327869668,22,38,20.01389441175661,0.0,True,0.04
cell-061-026,0,0,1.0,DFO_3861_From_20110827_to_20110913,Tropical Storm Irene,2,20.11726951599121,8.325043678283691,2.0,2.9543942836422192,21,5,115.58655305842785,0.0,False,0.413
cell-061-027,0,0,1.0,DFO_3861_From_20110827_to_20110913,Tropical Storm Irene,2,15.504761695861816,4.271665096282959,5.0,4.260481094122094,23,75,215.13061161621746,0.0,False,0.116
cell-061-028,0,0,1.0,DFO_3861_From_20110827_to_20110913,Tropical Storm Irene,2,27.017080307006836,0.5310861468315125,1.0,4.64238066820255,22,21,314.9636627625587,0.0,False,0.858
cell-061-029,0,0,1.0,DFO_3861_From_20110827_to_20110913,Tropical Storm Irene,2,24.06186294555664,11.32365608215332,4.0,3.168900049730018,22,36,412.85815199968994,0.0,False,0.667
cell-061-030,0,0,1.0,DFO_3861_From_20110827_to_20110913,Tropical Storm Irene,2,19.45359230041504,0.5046186447143555,2.0,5.0721126015516855,22,42,509.83495453554264,0.0,False,0.37
cell-062-011,0,0,1.0,DFO_3861_From_20110827_to_20110913,Tropical Storm Irene,2,35.93174362182617,4.6698126792907715,44.0,6.196063806097694,41,0,145.5368501300948,0.0,False,1.432
cell-062-012,0,0,1.0,DFO_3861_From_20110827_to_20110913,Tropical Storm Irene,2,27.32781219482422,7.575313091278076,404.0,7.948867800842451,41,0,61.11200397226501,6.485109708737583,False,0.878
cell-062-013,0,0,1.0,DFO_3861_From_20110827_to_20110913,Tropical Storm Irene,2,17.653671264648438,11.325230598449707,5.0,3.3510856797530004,41,0,0.0,0.0,True,0.255
cell-062-014,0,0,1.0,DFO_3861_From_20110827_to_20110913,Tropical Storm Irene,2,13.230728149414062,5.926445007324219,6.0,4.1191662394371305,41,0,0.0,45.403790431213565,True,-0.03
cell-062-015,0,0,1.0,DFO_3861_From_20110827_to_20110913,Tropical Storm Irene,2,12.5272216796875,6.3247833251953125,7.0,4.192738789837765,90,0,9.514985535293818,0.0,True,-0.076
cell-062-016,0,0,1.0,DFO_3861_From_20110827_to_20110913,Tropical Storm Irene,2,15.226633071899414,6.044809341430664,1.0,2.8482178241864866,21,1,0.0,0.0,True,0.098
cell-062-017,0,0,1.0,DFO_3861_From_20110827_to_20110913,Tropical Storm Irene,2,11.865593910217285,12.646236419677734,11.0,3.935744109692658,22,28,0.0,0.0,True,-0.118
cell-062-018,0,0,1.0,DFO_3861_From_20110827_to_20110913,Tropical Storm Irene,2,20.278310775756836,9.810802459716797,17.0,4.589055361605244,22,42,2.7890568738803267,0.0,True,0.424
cell-062-019,0,0,1.0,DFO_3861_From_20110827_to_20110913,Tropical Storm Irene,2,21.22858428955078,8.961615562438965,2.0,2.8842041822504534,23,61,76.31848152206736,0.0,False,0.485
cell-062-020,0,0,1.0,DFO_3861_From_20110827_to_20110913,Tropical Storm Irene,2,15.835199356079102,5.132572174072266,8.0,4.50160462013778,22,45,70.76545683367505,0.0,False,0.137
cell-062-021,0,0,1.0,DFO_3861_From_20110827_to_20110913,Tropical Storm Irene,2,13.340009689331055,3.3437490463256836,7.0,4.761447245751369,23,65,41.979257311973974,0.0,False,-0.023
cell-062-022,0,0,1.0,DFO_3861_From_20110827_to_20110913,Tropical Storm Irene,2,13.058208465576172,4.684642314910889,10.0,4.7844586831380775,23,59,36.647831500466054,0.0,True,-0.041
cell-062-023,0,0,1.0,DFO_3861_From_20110827_to_20110913,Tropical Storm Irene,2,10.954289436340332,4.71456241607666,2.0,3.479474139615827,22,43,6.391754431014179,0.0,True,-0.177
cell-062-024,0,0,1.0,DFO_3861_From_20110827_to_20110913,Tropical Storm Irene,2,7.052371978759766,1.6046468019485474,7.0,5.349250385178431,21,15,0.0,0.0,True,-0.428
cell-062-025,0,0,1.0,DFO_3861_From_20110827_to_20110913,Tropical Storm Irene,2,11.036824226379395,3.3964178562164307,6.0,4.614525112810773,21,16,40.43110207977151,0.0,True,-0.172
cell-062-026,0,0,1.0,DFO_3861_From_20110827_to_20110913,Tropical Storm Irene,2,14.433247566223145,4.751187324523926,1.0,3.0670730716869894,22,48,140.4252929823837,0.0,False,0.047
cell-062-027,0,0,1.0,DFO_3861_From_20110827_to_20110913,Tropical Storm Irene,2,18.173585891723633,9.265108108520508,2.0,2.8523188391675722,21,1,240.41948388499586,0.0,False,0.288
cell-062-028,0,0,1.0,DFO_3861_From_20110827_to_20110913,Tropical Storm Irene,2,16.45114517211914,4.605788707733154,3.0,3.7880395306513286,21,5,334.9760386900538,0.0,False,0.177
cell-063-011,0,0,1.0,DFO_3861_From_20110827_to_20110913,Tropical Storm Irene,2,49.964027404785156,2.8165082931518555,2.0,3.9254970607204984,41,0,196.0536752647864,0.0,False,2.335
cell-063-012,0,0,1.0,DFO_3861_From_20110827_to_20110913,Tropical Storm Irene,2,37.87644577026367,6.656006336212158,4.0,3.6754134526040594,41,0,98.86914024915441,0.0,False,1.557
cell-063-013,0,0,1.0,DFO_3861_From_20110827_to_20110913,Tropical Storm Irene,2,16.750961303710938,11.131182670593262,15.0,4.348797676850604,41,0,16.62180127146778,0.0,True,0.196
cell-063-014,0,0,1.0,DFO_3861_From_20110827_to_20110913,Tropical Storm Irene,2,12.282206535339355,6.263377666473389,2.0,3.2209270454638945,90,0,0.0,41.2417557414225,True,-0.091
cell-063-015,0,0,1.0,DFO_3861_From_20110827_to_20110913,Tropical Storm Irene,2,12.655667304992676,11.004375457763672,7.0,3.666826601173196,31,0,0.0,0.0,True,-0.067
cell-063-016,0,0,1.0,DFO_3861_From_20110827_to_20110913,Tropical Storm Irene,2,16.18016242980957,13.981562614440918,9.0,3.653565459700954,41,0,0.0,1.2559410066467391,True,0.16
cell-063-017,0,0,1.0,DFO_3861_From_20110827_to_20110913,Tropical Storm Irene,2,15.49294376373291,6.04029655456543,17.0,5.046129805027351,41,0,0.0,30.4573015235186,True,0.115
cell-063-018,0,0,1.0,DFO_3861_From_20110827_to_20110913,Tropical Storm Irene,2,11.506930351257324,3.7965471744537354,1.0,3.265451433313706,22,28,0.0,0.0,True,-0.141
cell-063-019,0,0,1.0,DFO_3861_From_20110827_to_20110913,Tropical Storm Irene,2,12.237966537475586,2.994180202484131,12.0,5.340648074299286,21,13,0.0,0.0,True,-0.094
cell-063-020,0,0,1.0,DFO_3861_From_20110827_to_20110913,Tropical Storm Irene,2,9.986708641052246,4.821346759796143,11.0,4.845676529938769,21,2,0.0,0.0,True,-0.239
cell-063-021,0,0,1.0,DFO_3861_From_20110827_to_20110913,Tropical Storm Irene,2,7.968604564666748,1.2730059623718262,1222.0,10.544174123555091,21,2,0.0,0.0,True,-0.369
cell-063-022,0,0,1.0,DFO_3861_From_20110827_to_20110913,Tropical Storm Irene,2,9.487456321716309,4.127641677856445,4.0,4.108453761866462,21,14,0.0,0.0,True,-0.271
cell-063-023,0,0,1.0,DFO_3861_From_20110827_to_20110913,Tropical Storm Irene,2,8.426409721374512,2.6573801040649414,5.0,4.666809531815275,21,7,0.0,5.359006103128195,True,-0.34
cell-063-024,0,0,1.0,DFO_3861_From_20110827_to_20110913,Tropical Storm Irene,2,11.051837921142578,7.72121000289917,5.0,3.718773367095078,22,44,0.0,0.0,True,-0.171
cell-063-025,0,0,1.0,DFO_3861_From_20110827_to_20110913,Tropical Storm Irene,2,9.422758102416992,0.5561256408691406,1.0,4.61995247596726,21,10,60.25307780886273,0.0,True,-0.275
cell-063-026,0,0,1.0,DFO_3861_From_20110827_to_20110913,Tropical Storm Irene,2,12.221006393432617,2.1686697006225586,2.0,4.137909636989748,22,40,155.24653303627258,0.0,True,-0.095
cell-063-027,0,0,1.0,DFO_3861_From_20110827_to_20110913,Tropical Storm Irene,2,23.513343811035156,12.4794921875,4.0,3.0733947282065417,22,21,249.5809565484093,0.0,False,0.632
cell-063-028,0,0,1.0,DFO_3861_From_20110827_to_20110913,Tropical Storm Irene,2,19.8646240234375,1.1213194131851196,1.0,4.2140334007229034,22,46,347.0612264595824,0.0,False,0.397
cell-064-011,0,0,1.0,DFO_3861_From_20110827_to_20110913,Tropical Storm Irene,2,50.5759162902832,1.5440967082977295,5.0,5.089784082479082,41,0,135.90242553927777,0.0,False,2.375
cell-064-012,0,0,1.0,DFO_3861_From_20110827_to_20110913,Tropical Storm Irene,2,31.105009078979492,14.902063369750977,8.0,3.484151616430609,41,0,97.01594317820854,0.0,False,1.121
cell-064-013,0,0,1.0,DFO_3861_From_20110827_to_20110913,Tropical Storm Irene,2,14.944862365722656,5.39328670501709,149.0,7.270068754692915,90,0,0.0,0.0,True,0.08
cell-064-014,0,0,1.0,DFO_3861_From_20110827_to_20110913,Tropical Storm Irene,2,10.774398803710938,1.338486671447754,4.0,5.009678263182796,90,0,0.0,3.7032653326236704,True,-0.188
cell-064-015,0,0,1.0,DFO_3861_From_20110827_to_20110913,Tropical Storm Irene,2,15.635964393615723,2.8898556232452393,2.0,3.904049685115199,21,8,20.13979455632199,0.0,True,0.125
cell-064-016,0,0,1.0,DFO_3861_From_20110827_to_20110913,Tropical Storm Irene,2,25.847095489501953,9.169637680053711,3.0,3.1499277795623253,41,0,66.36446575820446,1.9545355412410572,False,0.782
cell-064-017,0,0,1.0,DFO_3861_From_20110827_to_20110913,Tropical Storm Irene,2,24.47480583190918,6.263632774353027,3.0,3.508571540363754,41,0,34.91429262836453,14.585117508308032,False,0.694
cell-064-018,0,0,1.0,DFO_3861_From_20110827_to_20110913,Tropical Storm Irene,2,17.82217025756836,13.606208801269531,3.0,2.7644611304430597,21,10,12.389474851079285,0.0,True,0.265
cell-064-019,0,0,1.0,DFO_3861_From_20110827_to_20110913,Tropical Storm Irene,2,11.649458885192871,3.1727118492126465,1.0,3.4199072365293084,21,6,0.0,0.0,True,-0.132
cell-064-020,0,0,1.0,DFO_3861_From_20110827_to_20110913,Tropical Storm Irene,2,11.535784721374512,3.2635867595672607,1.0,3.395881265263221,21,11,0.0,0.0,True,-0.139
cell-064-021,0,0,1.0,DFO_3861_From_20110827_to_20110913,Tropical Storm Irene,2,10.069344520568848,0.8597482442855835,9.0,5.991202082699187,21,5,25.461280524004874,0.0,True,-0.234
cell-064-022,0,0,1.0,DFO_3861_From_20110827_to_20110913,Tropical Storm Irene,2,18.180686950683594,3.0946109294891357,1.0,3.4410240075657956,41,0,57.77014250368915,0.0,False,0.289
cell-064-023,0,0,1.0,DFO_3861_From_20110827_to_20110913,Tropical Storm Irene,2,13.51583480834961,4.143043041229248,1.0,3.188879829456482,43,0,63.24979837613273,0.0,True,-0.012
cell-064-024,0,0,1.0,DFO_3861_From_20110827_to_20110913,Tropical Storm Irene,2,12.598968505859375,2.505077838897705,26.0,6.219253451513515,21,18,81.00233557755334,0.0,False,-0.071
cell-064-025,0,0,1.0,DFO_3861_From_20110827_to_20110913,Tropical Storm Irene,2,17.236347198486328,2.8695287704467773,1.0,3.504482666318939,43,0,121.91153968624748,0.0,False,0.228
cell-064-026,0,0,1.0,DFO_3861_From_20110827_to_20110913,Tropical Storm Irene,2,15.132394790649414,7.661649703979492,4.0,3.5437489955612325,22,25,192.58669151765247,0.0,True,0.092
cell-064-027,0,0,1.0,DFO_3861_From_20110827_to_20110913,Tropical Storm Irene,2,24.219074249267578,8.099004745483398,2.0,2.98049329254824,22,41,281.6324626010989,0.0,True,0.677
cell-064-028,0,0,1.0,DFO_3861_From_20110827_to_20110913,Tropical Storm Irene,2,23.564647674560547,15.771397590637207,5.0,3.0212814313767575,23,66,376.22340999970123,0.0,False,0.635
cell-065-012,0,0,1.0,DFO_3861_From_20110827_to_20110913,Tropical Storm Irene,2,29.496667861938477,12.148917198181152,1.0,2.1835823897101947,41,0,94.8676457221693,0.0,False,1.017
cell-065-013,0,0,1.0,DFO_3861_From_20110827_to_20110913,Tropical Storm Irene,2,14.695229530334473,3.322958469390869,13.0,5.3263982615795165,41,0,19.672063621324043,0.0,True,0.064
cell-065-014,0,0,1.0,DFO_3861_From_20110827_to_20110913,Tropical Storm Irene,2,12.455280303955078,4.3370819091796875,11.0,4.940162055381984,23,72,0.0,0.0,True,-0.08
cell-065-015,0,0,1.0,DFO_3861_From_20110827_to_20110913,Tropical Storm Irene,2,16.744041442871094,0.3100731074810028,1.0,4.865765821713292,24,81,65.03683122992516,0.0,False,0.196
cell-065-016,0,0,1.0,DFO_3861_From_20110827_to_20110913,Tropical Storm Irene,2,20.115760803222656,4.929388046264648,4.0,3.9502759036505797,43,0,153.91954880609663,0.0,False,0.413
cell-065-017,0,0,1.0,DFO_3861_From_20110827_to_20110913,Tropical Storm Irene,2,23.093441009521484,3.3326613903045654,12.0,5.2497968718092105,41,0,122.6357397897378,5.005178142222576,False,0.605
cell-065-018,0,0,1.0,DFO_3861_From_20110827_to_20110913,Tropical Storm Irene,2,18.611385345458984,3.755202054977417,22.0,5.717335070187628,21,5,103.88872432450687,0.0,False,0.316
cell-065-019,0,0,1.0,DFO_3861_From_20110827_to_20110913,Tropical Storm Irene,2,26.556365966796875,1.8207217454910278,1.0,3.868286363562914,21,4,54.54121942538768,0.0,False,0.828
cell-065-020,0,0,1.0,DFO_3861_From_20110827_to_20110913,Tropical Storm Irene,2,23.260744094848633,5.6150898933410645,2.0,3.321307631204471,21,4,54.59128993946099,0.0,False,0.616
cell-065-021,0,0,1.0,DFO_3861_From_20110827_to_20110913,Tropical Storm Irene,2,10.363940238952637,0.37870121002197266,471.0,10.254748612196188,22,20,108.84378972144265,0.0,True,-0.215
cell-065-022,0,0,1.0,DFO_3861_From_20110827_to_20110913,Tropical Storm Irene,2,18.410419464111328,8.125589370727539,3.0,3.2650717530327156,41,0,150.49243498499183,21.443182554240245,False,0.303
cell-065-023,0,0,1.0,DFO_3861_From_20110827_to_20110913,Tropical Storm Irene,2,24.517553329467773,0.433202862739563,1.0,4.73522426791106,21,1,163.1474282527315,0.0,False,0.697
cell-065-024,0,0,1.0,DFO_3861_From_20110827_to_20110913,Tropical Storm Irene,2,24.163097381591797,8.828109741210938,1.0,2.493076382603977,21,7,172.37799161077376,0.0,False,0.674
cell-065-025,0,0,1.0,DFO_3861_From_20110827_to_20110913,Tropical Storm Irene,2,14.185351371765137,1.5330406427383423,13.0,5.942320873110548,41,0,214.37645253303614,0.0,False,0.031
cell-065-026,0,0,1.0,DFO_3861_From_20110827_to_20110913,Tropical Storm Irene,2,18.18805694580078,6.927771091461182,2.0,3.1273216922957907,41,0,261.12156870257394,3.013058161160638,True,0.289
cell-065-027,0,0,1.0,DFO_3861_From_20110827_to_20110913,Tropical Storm Irene,2,22.81101417541504,7.025106906890869,3.0,3.4019772622896096,41,0,332.2825362289402,36.87271293159574,True,0.587
cell-066-013,0,0,1.0,DFO_3861_From_20110827_to_20110913,Tropical Storm Irene,2,12.423192024230957,11.974851608276367,8.0,3.7018617662272435,90,0,0.0,0.0,True,-0.082
cell-066-014,0,0,1.0,DFO_3861_From_20110827_to_20110913,Tropical Storm Irene,2,14.795733451843262,1.4048748016357422,1.0,4.05923021061919,23,64,0.0,0.0,True,0.071
cell-066-015,0,0,1.0,DFO_3861_From_20110827_to_20110913,Tropical Storm Irene,2,15.669543266296387,2.851149320602417,1.0,3.509845609473151,24,88,69.0510151422177,0.0,False,0.127
cell-066-016,0,0,1.0,DFO_3861_From_20110827_to_20110913,Tropical Storm Irene,2,27.552845001220703,2.721583843231201,8.0,5.052562827431631,24,91,166.87269600233648,0.0,False,0.892
cell-066-017,0,0,1.0,DFO_3861_From_20110827_to_20110913,Tropical Storm Irene,2,33.137046813964844,2.9888875484466553,2.0,3.8757987377357703,43,0,219.46843903125858,21.91147672466468,False,1.252
cell-066-018,0,0,1.0,DFO_3861_From_20110827_to_20110913,Tropical Storm Irene,2,31.89462661743164,9.884007453918457,2.0,2.7901264602804163,21,3,179.54010356566437,0.0,False,1.172
cell-066-019,0,0,1.0,DFO_3861_From_20110827_to_20110913,Tropical Storm Irene,2,25.388172149658203,1.3310109376907349,38.0,7.067722397420531,21,3,154.54121942538768,0.0,False,0.753
cell-066-020,0,0,1.0,DFO_3861_From_20110827_to_20110913,Tropical Storm Irene,2,29.21499252319336,3.989326238632202,1.0,3.22213603520093,21,2,154.55889758383964,0.0,False,0.999
cell-066-021,0,0,1.0,DFO_3861_From_20110827_to_20110913,Tropical Storm Irene,2,14.67905330657959,7.921792984008789,6.0,3.8487185184503625,21,2,185.35363648637434,0.0,False,0.063
cell-066-022,0,0,1.0,DFO_3861_From_20110827_to_20110913,Tropical Storm Irene,2,22.250022888183594,4.17090368270874,5.0,4.281579878957277,41,0,245.3505655097327,19.800661834771745,False,0.551
cell-066-023,0,0,1.0,DFO_3861_From_20110827_to_20110913,Tropical Storm Irene,2,21.115219116210938,5.605630397796631,2.0,3.322847814740763,21,2,263.03855506592134,36.63423565199027,False,0.478
cell-066-024,0,0,1.0,DFO_3861_From_20110827_to_20110913,Tropical Storm Irene,2,27.252599716186523,12.841497421264648,3.0,2.8219629708756493,41,0,269.91128770820285,0.0,False,0.873
cell-066-025,0,0,1.0,DFO_3861_From_20110827_to_20110913,Tropical Storm Irene,2,24.188138961791992,7.3379998207092285,1.0,2.668033252853877,43,0,303.9117123889868,0.0,False,0.675
cell-066-026,0,0,1.0,DFO_3861_From_20110827_to_20110913,Tropical Storm Irene,2,19.431129455566406,9.315391540527344,2.0,2.8471276768718132,90,0,345.36837367319936,90.74448024248704,False,0.369
cell-067-014,0,0,1.0,DFO_3861_From_20110827_to_20110913,Tropical Storm Irene,2,14.30113697052002,0.34838247299194336,1.0,4.8232954145434155,23,57,6.880424835020676,0.0,True,0.039
cell-067-015,0,0,1.0,DFO_3861_From_20110827_to_20110913,Tropical Storm Irene,2,19.773334503173828,22.71529769897461,14.0,3.5552282434636666,23,56,106.88042483502068,0.0,False,0.391
cell-067-016,0,0,1.0,DFO_3861_From_20110827_to_20110913,Tropical Storm Irene,2,31.1333065032959,10.3590669631958,9.0,3.9487079335083677,41,0,193.37115419705415,0.0,False,1.123
cell-067-017,0,0,1.0,DFO_3861_From_20110827_to_20110913,Tropical Storm Irene,2,39.39939498901367,2.4250166416168213,1.0,3.6429540889465146,23,57,287.39358079944304,0.0,False,1.655
cell-067-018,0,0,1.0,DFO_3861_From_20110827_to_20110913,Tropical Storm Irene,2,36.01121520996094,2.460871696472168,2.0,4.036514573299294,22,21,271.4340261186235,0.0,False,1.437
cell-067-019,0,0,1.0,DFO_3861_From_20110827_to_20110913,Tropical Storm Irene,2,30.964706420898438,11.00135326385498,4.0,3.1970906986662904,22,22,254.54121942538768,0.0,False,1.112
cell-067-020,0,0,1.0,DFO_3861_From_20110827_to_20110913,Tropical Storm Irene,2,25.74927520751953,8.822356224060059,2.0,2.8991637431027586,22,21,254.55195286504753,0.0,False,0.776
cell-067-021,0,0,1.0,DFO_3861_From_20110827_to_20110913,Tropical Storm Irene,2,17.975696563720703,10.420491218566895,4.0,3.249829705481847,21,2,274.3432420232008,0.0,False,0.275
cell-067-022,0,0,1.0,DFO_3861_From_20110827_to_20110913,Tropical Storm Irene,2,24.545860290527344,13.51353645324707,2.0,2.483592992178235,21,2,324.26164343147747,69.37378046053766,False,0.698
cell-067-023,0,0,1.0,DFO_3861_From_20110827_to_20110913,Tropical Storm Irene,2,26.242023468017578,1.9182435274124146,38.0,6.798735873571032,43,0,362.8912940244128,17.094475589459762,False,0.808
cell-067-024,0,0,1.0,DFO_3861_From_20110827_to_20110913,Tropical Storm Irene,2,35.55360794067383,5.475667476654053,3.0,3.631927999081037,22,26,368.7682666293787,0.0,False,1.407
cell-068-017,0,0,1.0,DFO_3861_From_20110827_to_20110913,Tropical Storm Irene,2,39.72706604003906,2.8474667072296143,2.0,3.9163888365534287,21,9,302.28973971051164,0.0,False,1.676
cell-068-018,0,0,1.0,DFO_3861_From_20110827_to_20110913,Tropical Storm Irene,2,35.169349670410156,7.427273750305176,2.0,3.062146947453,21,18,367.58413442445413,0.0,False,1.383
cell-068-019,0,0,1.0,DFO_3861_From_20110827_to_20110913,Tropical Storm Irene,2,29.77330780029297,7.932934761047363,7.0,3.9809217203781952,22,23,354.5412194253877,0.0,False,1.035
cell-068-020,0,0,1.0,DFO_3861_From_20110827_to_20110913,Tropical Storm Irene,2,25.16036033630371,5.968099594116211,2.0,3.265431723852627,21,16,354.5489255271928,0.0,False,0.738
cell-068-021,0,0,1.0,DFO_3861_From_20110827_to_20110913,Tropical Storm Irene,2,19.998451232910156,8.066854476928711,2.0,2.984258945007369,21,1,369.0155258642623,27.357254521100167,False,0.406
