{"type": "FeatureCollection", "properties": {"gridModelId": "feature-grid-v1", "cellSizeMeters": 250.0, "generatedAt": "2026-09-22T14:36:59.822044+00:00", "projectedCrs": "EPSG:32618", "isSynthetic": false}, "features": [{"type": "Feature", "geometry": {"type": "Polygon", "coordinates": [[[-73.76118339356236, 40.911548634194816], [-73.75821545889457, 40.911516709443106], [-73.75817332410669, 40.913768273367886], [-73.76114135941613, 40.9138002006379], [-73.76118339356236, 40.911548634194816]]]}, "properties": {"cellId": "cell-000-000", "centroid": [-73.759678, 40.912658], "coverageTier": "unsupported", "elevationM": -0.11900000274181366, "slopeDegrees": 0.0005728056421503425, "landCoverClass": 11, "imperviousPct": 0, "distanceToWaterM": 43.74576423607596, "distanceToRoadM": 0.0, "femaSfha": true, "relativeElevationZ": -0.884}}, {"type": "Feature", "geometry": {"type": "Polygon", "coordinates": [[[-73.75821545889457, 40.911516709443106], [-73.75524752899595, 40.911484708330526], [-73.75520529356703, 40.91373626973099], [-73.75817332410669, 40.913768273367886], [-73.75821545889457, 40.911516709443106]]]}, "properties": {"cellId": "cell-000-001", "centroid": [-73.75671, 40.912626], "coverageTier": "unsupported", "elevationM": 0.36751726269721985, "slopeDegrees": 7.173440933227539, "landCoverClass": 23, "imperviousPct": 58, "distanceToWaterM": 0.0, "distanceToRoadM": 0.0, "femaSfha": true, "relativeElevationZ": -0.853}}, {"type": "Feature", "geometry": {"type": "Polygon", "coordinates": [[[-73.75524752899595, 40.911484708330526], [-73.75227960387787, 40.911452630857454], [-73.75223726780854, 40.91370418972757], [-73.75520529356703, 40.91373626973099], [-73.75524752899595, 40.911484708330526]]]}, "properties": {"cellId": "cell-000-002", "centroid": [-73.753742, 40.912594], "coverageTier": "unsupported", "elevationM": -1.3794054985046387, "slopeDegrees": 1.161430835723877, "landCoverClass": 11, "imperviousPct": 0, "distanceToWaterM": 0.0, "distanceToRoadM": 0.0, "femaSfha": true, "relativeElevationZ": -0.966}}, {"type": "Feature", "geometry": {"type": "Polygon", "coordinates": [[[-73.75227960387787, 40.911452630857454], [-73.74931168355172, 40.91142047702421], [-73.74926924684259, 40.91367203335798], [-73.75223726780854, 40.91370418972757], [-73.75227960387787, 40.911452630857454]]]}, "properties": {"cellId": "cell-000-003", "centroid": [-73.750774, 40.912562], "coverageTier": "unsupported", "elevationM": -1.506100058555603, "slopeDegrees": 0.0, "landCoverClass": 11, "imperviousPct": 0, "distanceToWaterM": 5.0101747688316065, "distanceToRoadM": 68.92138592712581, "femaSfha": true, "relativeElevationZ": -0.974}}, {"type": "Feature", "geometry": {"type": "Polygon", "coordinates": [[[-73.74931168355172, 40.91142047702421], [-73.7463437680289, 40.91138824683119], [-73.74630123068057, 40.91363980062259], [-73.74926924684259, 40.91367203335798], [-73.74931168355172, 40.91142047702421]]]}, "properties": {"cellId": "cell-000-004", "centroid": [-73.747806, 40.91253], "coverageTier": "unsupported", "elevationM": 0.003817453747615218, "slopeDegrees": 0.012899345718324184, "landCoverClass": 11, "imperviousPct": 0, "distanceToWaterM": 186.91868669652268, "distanceToRoadM": 169.80477625922984, "femaSfha": false, "relativeElevationZ": -0.876}}, {"type": "Feature", "geometry": {"type": "Polygon", "coordinates": [[[-73.7463437680289, 40.91138824683119], [-73.74337585732077, 40.91135594027872], [-73.74333321933388, 40.91360749152173], [-73.74630123068057, 40.91363980062259], [-73.7463437680289, 40.91138824683119]]]}, "properties": {"cellId": "cell-000-005", "centroid": [-73.744839, 40.912498], "coverageTier": "unsupported", "elevationM": -0.025713609531521797, "slopeDegrees": 0.13306748867034912, "landCoverClass": 11, "imperviousPct": 0, "distanceToWaterM": 433.88699323327603, "distanceToRoadM": 292.79224865764706, "femaSfha": false, "relativeElevationZ": -0.878}}, {"type": "Feature", "geometry": {"type": "Polygon", "coordinates": [[[-73.74337585732077, 40.91135594027872], [-73.74040795143874, 40.91132355736719], [-73.7403652128139, 40.91357510605579], [-73.74333321933388, 40.91360749152173], [-73.74337585732077, 40.91135594027872]]]}, "properties": {"cellId": "cell-000-006", "centroid": [-73.741871, 40.912466], "coverageTier": "unsupported", "elevationM": -0.31663987040519714, "slopeDegrees": 0.6250471472740173, "landCoverClass": 11, "imperviousPct": 0, "distanceToWaterM": 683.0646018918511, "distanceToRoadM": 444.7398752195294, "femaSfha": false, "relativeElevationZ": -0.897}}, {"type": "Feature", "geometry": {"type": "Polygon", "coordinates": [[[-73.74040795143874, 40.91132355736719], [-73.73744005039416, 40.91129109809693], [-73.737397211132, 40.9135426442251], [-73.7403652128139, 40.91357510605579], [-73.74040795143874, 40.91132355736719]]]}, "properties": {"cellId": "cell-000-007", "centroid": [-73.738903, 40.912433], "coverageTier": "unsupported", "elevationM": -1.0352754592895508, "slopeDegrees": 0.7225820422172546, "landCoverClass": 11, "imperviousPct": 0, "distanceToWaterM": 932.6824635524854, "distanceToRoadM": 569.4763553765836, "femaSfha": false, "relativeElevationZ": -0.944}}, {"type": "Feature", "geometry": {"type": "Polygon", "coordinates": [[[-73.73744005039416, 40.91129109809693], [-73.73447215419844, 40.91125856246832], [-73.73442921429961, 40.91351010603003], [-73.737397211132, 40.9135426442251], [-73.73744005039416, 40.91129109809693]]]}, "properties": {"cellId": "cell-000-008", "centroid": [-73.735935, 40.912401], "coverageTier": "unsupported", "elevationM": -0.0010031471028923988, "slopeDegrees": 0.011169787496328354, "landCoverClass": 11, "imperviousPct": 0, "distanceToWaterM": 1182.4617986552435, "distanceToRoadM": 739.3187848113565, "femaSfha": false, "relativeElevationZ": -0.876}}, {"type": "Feature", "geometry": {"type": "Polygon", "coordinates": [[[-73.73447215419844, 40.91125856246832], [-73.73150426286297, 40.91122595048172], [-73.73146122232805, 40.91347749147094], [-73.73442921429961, 40.91351010603003], [-73.73447215419844, 40.91125856246832]]]}, "properties": {"cellId": "cell-000-009", "centroid": [-73.732967, 40.912368], "coverageTier": "unsupported", "elevationM": 0.0, "slopeDegrees": 0.0, "landCoverClass": 11, "imperviousPct": 0, "distanceToWaterM": 1432.318132517931, "distanceToRoadM": 943.2280204105444, "femaSfha": false, "relativeElevationZ": -0.876}}, {"type": "Feature", "geometry": {"type": "Polygon", "coordinates": [[[-73.73150426286297, 40.91122595048172], [-73.7285363763991, 40.91119326213748], [-73.72849323522877, 40.91344480054821], [-73.73146122232805, 40.91347749147094], [-73.73150426286297, 40.91122595048172]]]}, "properties": {"cellId": "cell-000-010", "centroid": [-73.729999, 40.912335], "coverageTier": "unsupported", "elevationM": 0.0, "slopeDegrees": 0.0, "landCoverClass": 11, "imperviousPct": 0, "distanceToWaterM": 1682.2171560771558, "distanceToRoadM": 994.1580991169991, "femaSfha": false, "relativeElevationZ": -0.876}}, {"type": "Feature", "geometry": {"type": "Polygon", "coordinates": [[[-73.7285363763991, 40.91119326213748], [-73.72556849481826, 40.911160497435965], [-73.72552525301309, 40.913412033262155], [-73.72849323522877, 40.91344480054821], [-73.7285363763991, 40.91119326213748]]]}, "properties": {"cellId": "cell-000-011", "centroid": [-73.727031, 40.912303], "coverageTier": "unsupported", "elevationM": 0.0, "slopeDegrees": 0.0, "landCoverClass": 11, "imperviousPct": 0, "distanceToWaterM": 1927.1982826343547, "distanceToRoadM": 1088.9424854506976, "femaSfha": false, "relativeElevationZ": -0.876}}, {"type": "Feature", "geometry": {"type": "Polygon", "coordinates": [[[-73.72556849481826, 40.911160497435965], [-73.72260061813182, 40.91112765637754], [-73.72255727569245, 40.913379189613195], [-73.72552525301309, 40.913412033262155], [-73.72556849481826, 40.911160497435965]]]}, "properties": {"cellId": "cell-000-012", "centroid": [-73.724063, 40.91227], "coverageTier": "unsupported", "elevationM": 0.0, "slopeDegrees": 0.0, "landCoverClass": 11, "imperviousPct": 0, "distanceToWaterM": 2091.5940300580282, "distanceToRoadM": 1228.1046971651726, "femaSfha": false, "relativeElevationZ": -0.876}}, {"type": "Feature", "geometry": {"type": "Polygon", "coordinates": [[[-73.72260061813182, 40.91112765637754], [-73.71963274635114, 40.91109473896256], [-73.71958930327823, 40.91334626960167], [-73.72255727569245, 40.913379189613195], [-73.72260061813182, 40.91112765637754]]]}, "properties": {"cellId": "cell-000-013", "centroid": [-73.721095, 40.912237], "coverageTier": "unsupported", "elevationM": 0.0, "slopeDegrees": 0.0, "landCoverClass": 11, "imperviousPct": 0, "distanceToWaterM": 2240.2476010248065, "distanceToRoadM": 1398.4586364203906, "femaSfha": false, "relativeElevationZ": -0.876}}, {"type": "Feature", "geometry": {"type": "Polygon", "coordinates": [[[-73.71963274635114, 40.91109473896256], [-73.71666487948761, 40.91106174519141], [-73.71662133578178, 40.913313273227935], [-73.71958930327823, 40.91334626960167], [-73.71963274635114, 40.91109473896256]]]}, "properties": {"cellId": "cell-000-014", "centroid": [-73.718127, 40.912204], "coverageTier": "unsupported", "elevationM": 0.0, "slopeDegrees": 0.0, "landCoverClass": 11, "imperviousPct": 0, "distanceToWaterM": 2240.3651237855033, "distanceToRoadM": 1590.0100529111114, "femaSfha": false, "relativeElevationZ": -0.876}}, {"type": "Feature", "geometry": {"type": "Polygon", "coordinates": [[[-73.71666487948761, 40.91106174519141], [-73.71369701755263, 40.91102867506442], [-73.71365337321451, 40.91328020049236], [-73.71662133578178, 40.913313273227935], [-73.71666487948761, 40.91106174519141]]]}, "properties": {"cellId": "cell-000-015", "centroid": [-73.715159, 40.912171], "coverageTier": "unsupported", "elevationM": 0.0, "slopeDegrees": 0.0, "landCoverClass": 11, "imperviousPct": 0, "distanceToWaterM": 2256.814012664027, "distanceToRoadM": 1795.9892480017838, "femaSfha": false, "relativeElevationZ": -0.876}}, {"type": "Feature", "geometry": {"type": "Polygon", "coordinates": [[[-73.71369701755263, 40.91102867506442], [-73.71072916055758, 40.910995528582006], [-73.71068541558782, 40.91324705139531], [-73.71365337321451, 40.91328020049236], [-73.71369701755263, 40.91102867506442]]]}, "properties": {"cellId": "cell-000-016", "centroid": [-73.712191, 40.912138], "coverageTier": "unsupported", "elevationM": 0.0, "slopeDegrees": 0.0, "landCoverClass": 11, "imperviousPct": 0, "distanceToWaterM": 2300.4745353163507, "distanceToRoadM": 1989.3808907059774, "femaSfha": false, "relativeElevationZ": -0.876}}, {"type": "Feature", "geometry": {"type": "Polygon", "coordinates": [[[-73.71072916055758, 40.910995528582006], [-73.70776130851382, 40.9109623057445], [-73.70771746291305, 40.91321382593716], [-73.71068541558782, 40.91324705139531], [-73.71072916055758, 40.910995528582006]]]}, "properties": {"cellId": "cell-000-017", "centroid": [-73.709223, 40.912105], "coverageTier": "unsupported", "elevationM": 0.0, "slopeDegrees": 0.0, "landCoverClass": 11, "imperviousPct": 0, "distanceToWaterM": 2369.843177832924, "distanceToRoadM": 2136.406230160171, "femaSfha": false, "relativeElevationZ": -0.876}}, {"type": "Feature", "geometry": {"type": "Polygon", "coordinates": [[[-73.70776130851382, 40.9109623057445], [-73.70479346143277, 40.91092900655227], [-73.70474951520163, 40.913180524118275], [-73.70771746291305, 40.91321382593716], [-73.70776130851382, 40.9109623057445]]]}, "properties": {"cellId": "cell-000-018", "centroid": [-73.706255, 40.912071], "coverageTier": "unsupported", "elevationM": 0.0, "slopeDegrees": 0.0, "landCoverClass": 11, "imperviousPct": 0, "distanceToWaterM": 2462.7485229725594, "distanceToRoadM": 2301.2663540382027, "femaSfha": false, "relativeElevationZ": -0.876}}, {"type": "Feature", "geometry": {"type": "Polygon", "coordinates": [[[-73.70479346143277, 40.91092900655227], [-73.7018256193258, 40.91089563100571], [-73.70178157246491, 40.913147145939035], [-73.70474951520163, 40.913180524118275], [-73.70479346143277, 40.91092900655227]]]}, "properties": {"cellId": "cell-000-019", "centroid": [-73.703288, 40.912038], "coverageTier": "unsupported", "elevationM": null, "slopeDegrees": null, "landCoverClass": null, "imperviousPct": null, "distanceToWaterM": 2576.6458598895188, "distanceToRoadM": 2480.203661009051, "femaSfha": false, "relativeElevationZ": null}}, {"type": "Feature", "geometry": {"type": "Polygon", "coordinates": [[[-73.76114135941613, 40.9138002006379], [-73.75817332410669, 40.913768273367886], [-73.75813118454903, 40.91601983637484], [-73.7610993205115, 40.91605176616332], [-73.76114135941613, 40.9138002006379]]]}, "properties": {"cellId": "cell-001-000", "centroid": [-73.759636, 40.91491], "coverageTier": "unsupported", "elevationM": 0.09143213927745819, "slopeDegrees": 4.481917381286621, "landCoverClass": 23, "imperviousPct": 61, "distanceToWaterM": 183.03024202929961, "distanceToRoadM": 0.0, "femaSfha": true, "relativeElevationZ": -0.87}}, {"type": "Feature", "geometry": {"type": "Polygon", "coordinates": [[[-73.75817332410669, 40.913768273367886], [-73.75520529356703, 40.91373626973099], [-73.75516305335695, 40.915987830213474], [-73.75813118454903, 40.91601983637484], [-73.75817332410669, 40.913768273367886]]]}, "properties": {"cellId": "cell-001-001", "centroid": [-73.756668, 40.914878], "coverageTier": "unsupported", "elevationM": -0.11900000274181366, "slopeDegrees": 0.0, "landCoverClass": 11, "imperviousPct": 0, "distanceToWaterM": 39.57518863957375, "distanceToRoadM": 15.518556600436568, "femaSfha": true, "relativeElevationZ": -0.884}}, {"type": "Feature", "geometry": {"type": "Polygon", "coordinates": [[[-73.75520529356703, 40.91373626973099], [-73.75223726780854, 40.91370418972757], [-73.75219492694664, 40.915955747679554], [-73.75516305335695, 40.915987830213474], [-73.75520529356703, 40.91373626973099]]]}, "properties": {"cellId": "cell-001-002", "centroid": [-73.7537, 40.914846], "coverageTier": "unsupported", "elevationM": 5.970067024230957, "slopeDegrees": 2.723684310913086, "landCoverClass": 22, "imperviousPct": 30, "distanceToWaterM": 0.0, "distanceToRoadM": 0.0, "femaSfha": true, "relativeElevationZ": -0.488}}, {"type": "Feature", "geometry": {"type": "Polygon", "coordinates": [[[-73.75223726780854, 40.91370418972757], [-73.74926924684259, 40.91367203335798], [-73.74922680532951, 40.915923588773445], [-73.75219492694664, 40.915955747679554], [-73.75223726780854, 40.91370418972757]]]}, "properties": {"cellId": "cell-001-003", "centroid": [-73.750732, 40.914814], "coverageTier": "unsupported", "elevationM": 4.5056257247924805, "slopeDegrees": 9.05543327331543, "landCoverClass": 95, "imperviousPct": 0, "distanceToWaterM": 0.0, "distanceToRoadM": 0.0, "femaSfha": true, "relativeElevationZ": -0.583}}, {"type": "Feature", "geometry": {"type": "Polygon", "coordinates": [[[-73.74926924684259, 40.91367203335798], [-73.74630123068057, 40.91363980062259], [-73.74625868851693, 40.91589135349551], [-73.74922680532951, 40.915923588773445], [-73.74926924684259, 40.91367203335798]]]}, "properties": {"cellId": "cell-001-004", "centroid": [-73.747764, 40.914782], "coverageTier": "unsupported", "elevationM": -1.5061999559402466, "slopeDegrees": 0.0, "landCoverClass": 11, "imperviousPct": 0, "distanceToWaterM": 181.63865492132027, "distanceToRoadM": 22.892051900736988, "femaSfha": true, "relativeElevationZ": -0.974}}, {"type": "Feature", "geometry": {"type": "Polygon", "coordinates": [[[-73.74630123068057, 40.91363980062259], [-73.74333321933388, 40.91360749152173], [-73.7432905765203, 40.91585904184609], [-73.74625868851693, 40.91589135349551], [-73.74630123068057, 40.91363980062259]]]}, "properties": {"cellId": "cell-001-005", "centroid": [-73.744796, 40.914749], "coverageTier": "unsupported", "elevationM": -1.506169080734253, "slopeDegrees": 1.5025641459942563e-06, "landCoverClass": 11, "imperviousPct": 0, "distanceToWaterM": 431.63865492132027, "distanceToRoadM": 102.35959140668112, "femaSfha": true, "relativeElevationZ": -0.974}}, {"type": "Feature", "geometry": {"type": "Polygon", "coordinates": [[[-73.74333321933388, 40.91360749152173], [-73.7403652128139, 40.91357510605579], [-73.74032246935097, 40.915826653825555], [-73.7432905765203, 40.91585904184609], [-73.74333321933388, 40.91360749152173]]]}, "properties": {"cellId": "cell-001-006", "centroid": [-73.741828, 40.914717], "coverageTier": "unsupported", "elevationM": -1.5061336755752563, "slopeDegrees": 1.7007872884278186e-05, "landCoverClass": 11, "imperviousPct": 0, "distanceToWaterM": 681.6386549213203, "distanceToRoadM": 226.17703707593608, "femaSfha": false, "relativeElevationZ": -0.974}}, {"type": "Feature", "geometry": {"type": "Polygon", "coordinates": [[[-73.7403652128139, 40.91357510605579], [-73.737397211132, 40.9135426442251], [-73.73735436702037, 40.915794189434244], [-73.74032246935097, 40.915826653825555], [-73.7403652128139, 40.91357510605579]]]}, "properties": {"cellId": "cell-001-007", "centroid": [-73.73886, 40.914685], "coverageTier": "unsupported", "elevationM": -1.5061075687408447, "slopeDegrees": 3.4934615541715175e-05, "landCoverClass": 11, "imperviousPct": 0, "distanceToWaterM": 931.6386549213203, "distanceToRoadM": 388.4210681659859, "femaSfha": false, "relativeElevationZ": -0.974}}, {"type": "Feature", "geometry": {"type": "Polygon", "coordinates": [[[-73.737397211132, 40.9135426442251], [-73.73442921429961, 40.91351010603003], [-73.7343862695399, 40.915761648672564], [-73.73735436702037, 40.915794189434244], [-73.737397211132, 40.9135426442251]]]}, "properties": {"cellId": "cell-001-008", "centroid": [-73.735892, 40.914652], "coverageTier": "unsupported", "elevationM": -0.1018228530883789, "slopeDegrees": 0.4108961820602417, "landCoverClass": 11, "imperviousPct": 0, "distanceToWaterM": 1181.6386549213203, "distanceToRoadM": 602.561691414768, "femaSfha": false, "relativeElevationZ": -0.883}}, {"type": "Feature", "geometry": {"type": "Polygon", "coordinates": [[[-73.73442921429961, 40.91351010603003], [-73.73146122232805, 40.91347749147094], [-73.73141817692088, 40.91572903154082], [-73.7343862695399, 40.915761648672564], [-73.73442921429961, 40.91351010603003]]]}, "properties": {"cellId": "cell-001-009", "centroid": [-73.732924, 40.91462], "coverageTier": "unsupported", "elevationM": 0.0, "slopeDegrees": 0.0, "landCoverClass": 11, "imperviousPct": 0, "distanceToWaterM": 1431.6386549213203, "distanceToRoadM": 707.1023067453476, "femaSfha": false, "relativeElevationZ": -0.876}}, {"type": "Feature", "geometry": {"type": "Polygon", "coordinates": [[[-73.73146122232805, 40.91347749147094], [-73.72849323522877, 40.91344480054821], [-73.72845008917476, 40.9156963380394], [-73.73141817692088, 40.91572903154082], [-73.73146122232805, 40.91347749147094]]]}, "properties": {"cellId": "cell-001-010", "centroid": [-73.729956, 40.914587], "coverageTier": "unsupported", "elevationM": 0.0, "slopeDegrees": 0.0, "landCoverClass": 11, "imperviousPct": 0, "distanceToWaterM": 1576.5358478817677, "distanceToRoadM": 756.5970412208927, "femaSfha": false, "relativeElevationZ": -0.876}}, {"type": "Feature", "geometry": {"type": "Polygon", "coordinates": [[[-73.72849323522877, 40.91344480054821], [-73.72552525301309, 40.913412033262155], [-73.72548200631292, 40.915663568168675], [-73.72845008917476, 40.9156963380394], [-73.72849323522877, 40.91344480054821]]]}, "properties": {"cellId": "cell-001-011", "centroid": [-73.726988, 40.914554], "coverageTier": "unsupported", "elevationM": 0.0, "slopeDegrees": 0.0, "landCoverClass": 11, "imperviousPct": 0, "distanceToWaterM": 1738.1420096303586, "distanceToRoadM": 877.4306202565687, "femaSfha": false, "relativeElevationZ": -0.876}}, {"type": "Feature", "geometry": {"type": "Polygon", "coordinates": [[[-73.72552525301309, 40.913412033262155], [-73.72255727569245, 40.913379189613195], [-73.7225139283467, 40.915630721929], [-73.72548200631292, 40.915663568168675], [-73.72552525301309, 40.913412033262155]]]}, "properties": {"cellId": "cell-001-012", "centroid": [-73.72402, 40.914521], "coverageTier": "unsupported", "elevationM": 0.0, "slopeDegrees": 0.0, "landCoverClass": 11, "imperviousPct": 0, "distanceToWaterM": 1918.804318222012, "distanceToRoadM": 1045.1458768724317, "femaSfha": false, "relativeElevationZ": -0.876}}, {"type": "Feature", "geometry": {"type": "Polygon", "coordinates": [[[-73.72255727569245, 40.913379189613195], [-73.71958930327823, 40.91334626960167], [-73.71954585528754, 40.91559779932073], [-73.7225139283467, 40.915630721929], [-73.72255727569245, 40.913379189613195]]]}, "properties": {"cellId": "cell-001-013", "centroid": [-73.721052, 40.914489], "coverageTier": "unsupported", "elevationM": 0.0, "slopeDegrees": 0.0, "landCoverClass": 11, "imperviousPct": 0, "distanceToWaterM": 1990.2476010248065, "distanceToRoadM": 1240.8768329383308, "femaSfha": false, "relativeElevationZ": -0.876}}, {"type": "Feature", "geometry": {"type": "Polygon", "coordinates": [[[-73.71958930327823, 40.91334626960167], [-73.71662133578178, 40.913313273227935], [-73.71657778714679, 40.91556480034423], [-73.71954585528754, 40.91559779932073], [-73.71958930327823, 40.91334626960167]]]}, "properties": {"cellId": "cell-001-014", "centroid": [-73.718084, 40.914456], "coverageTier": "unsupported", "elevationM": 0.0, "slopeDegrees": 0.0, "landCoverClass": 11, "imperviousPct": 0, "distanceToWaterM": 1990.37988518826, "distanceToRoadM": 1453.348108714041, "femaSfha": false, "relativeElevationZ": -0.876}}, {"type": "Feature", "geometry": {"type": "Polygon", "coordinates": [[[-73.71662133578178, 40.913313273227935], [-73.71365337321451, 40.91328020049236], [-73.71360972393585, 40.91553172499988], [-73.71657778714679, 40.91556480034423], [-73.71662133578178, 40.913313273227935]]]}, "properties": {"cellId": "cell-001-015", "centroid": [-73.715116, 40.914423], "coverageTier": "unsupported", "elevationM": 0.0, "slopeDegrees": 0.0, "landCoverClass": 11, "imperviousPct": 0, "distanceToWaterM": 2008.8767227593394, "distanceToRoadM": 1644.8325549494405, "femaSfha": false, "relativeElevationZ": -0.876}}, {"type": "Feature", "geometry": {"type": "Polygon", "coordinates": [[[-73.71365337321451, 40.91328020049236], [-73.71068541558782, 40.91324705139531], [-73.71064166566612, 40.91549857328805], [-73.71360972393585, 40.91553172499988], [-73.71365337321451, 40.91328020049236]]]}, "properties": {"cellId": "cell-001-016", "centroid": [-73.712148, 40.914389], "coverageTier": "unsupported", "elevationM": 0.0, "slopeDegrees": 0.0, "landCoverClass": 11, "imperviousPct": 0, "distanceToWaterM": 2057.804482239889, "distanceToRoadM": 1785.3426136538794, "femaSfha": false, "relativeElevationZ": -0.876}}, {"type": "Feature", "geometry": {"type": "Polygon", "coordinates": [[[-73.71068541558782, 40.91324705139531], [-73.70771746291305, 40.91321382593716], [-73.70767361234896, 40.91546534520908], [-73.71064166566612, 40.91549857328805], [-73.71068541558782, 40.91324705139531]]]}, "properties": {"cellId": "cell-001-017", "centroid": [-73.70918, 40.914356], "coverageTier": "unsupported", "elevationM": 0.0, "slopeDegrees": 0.0, "landCoverClass": 11, "imperviousPct": 0, "distanceToWaterM": 2135.0721034683697, "distanceToRoadM": 1947.830459790983, "femaSfha": false, "relativeElevationZ": -0.876}}, {"type": "Feature", "geometry": {"type": "Polygon", "coordinates": [[[-73.70771746291305, 40.91321382593716], [-73.70474951520163, 40.913180524118275], [-73.70470556399576, 40.915432040763356], [-73.70767361234896, 40.91546534520908], [-73.70771746291305, 40.91321382593716]]]}, "properties": {"cellId": "cell-001-018", "centroid": [-73.706212, 40.914323], "coverageTier": "unsupported", "elevationM": 0.0, "slopeDegrees": 0.0, "landCoverClass": 11, "imperviousPct": 0, "distanceToWaterM": 2237.745849485844, "distanceToRoadM": 2127.1157565741414, "femaSfha": false, "relativeElevationZ": -0.876}}, {"type": "Feature", "geometry": {"type": "Polygon", "coordinates": [[[-73.70474951520163, 40.913180524118275], [-73.70178157246491, 40.913147145939035], [-73.70173752061793, 40.91539865995125], [-73.70470556399576, 40.915432040763356], [-73.70474951520163, 40.913180524118275]]]}, "properties": {"cellId": "cell-001-019", "centroid": [-73.703244, 40.91429], "coverageTier": "unsupported", "elevationM": null, "slopeDegrees": null, "landCoverClass": null, "imperviousPct": null, "distanceToWaterM": 2362.515626778666, "distanceToRoadM": 2319.4121869740306, "femaSfha": false, "relativeElevationZ": null}}, {"type": "Feature", "geometry": {"type": "Polygon", "coordinates": [[[-73.7610993205115, 40.91605176616332], [-73.75813118454903, 40.91601983637484], [-73.75808904022098, 40.918271398464], [-73.76105727684788, 40.918303330771096], [-73.7610993205115, 40.91605176616332]]]}, "properties": {"cellId": "cell-002-000", "centroid": [-73.759594, 40.917162], "coverageTier": "unsupported", "elevationM": 9.64854907989502, "slopeDegrees": 5.314375877380371, "landCoverClass": 21, "imperviousPct": 2, "distanceToWaterM": 113.79976879130118, "distanceToRoadM": 0.0, "femaSfha": true, "relativeElevationZ": -0.249}}, {"type": "Feature", "geometry": {"type": "Polygon", "coordinates": [[[-73.75813118454903, 40.91601983637484], [-73.75516305335695, 40.915987830213474], [-73.75512080836509, 40.91823938977798], [-73.75808904022098, 40.918271398464], [-73.75813118454903, 40.91601983637484]]]}, "properties": {"cellId": "cell-002-001", "centroid": [-73.756626, 40.91713], "coverageTier": "unsupported", "elevationM": 1.4528286457061768, "slopeDegrees": 5.28330135345459, "landCoverClass": 95, "imperviousPct": 0, "distanceToWaterM": 0.0, "distanceToRoadM": 0.0, "femaSfha": true, "relativeElevationZ": -0.782}}, {"type": "Feature", "geometry": {"type": "Polygon", "coordinates": [[[-73.75516305335695, 40.915987830213474], [-73.75219492694664, 40.915955747679554], [-73.7521525812916, 40.918207304713384], [-73.75512080836509, 40.91823938977798], [-73.75516305335695, 40.915987830213474]]]}, "properties": {"cellId": "cell-002-002", "centroid": [-73.753658, 40.917098], "coverageTier": "unsupported", "elevationM": 4.296250343322754, "slopeDegrees": 5.803548812866211, "landCoverClass": 21, "imperviousPct": 12, "distanceToWaterM": 0.0, "distanceToRoadM": 0.0, "femaSfha": true, "relativeElevationZ": -0.597}}, {"type": "Feature", "geometry": {"type": "Polygon", "coordinates": [[[-73.75219492694664, 40.915955747679554], [-73.74922680532951, 40.915923588773445], [-73.74918435901189, 40.91817514327059], [-73.7521525812916, 40.918207304713384], [-73.75219492694664, 40.915955747679554]]]}, "properties": {"cellId": "cell-002-003", "centroid": [-73.75069, 40.917065], "coverageTier": "unsupported", "elevationM": 11.99489688873291, "slopeDegrees": 3.561190128326416, "landCoverClass": 22, "imperviousPct": 20, "distanceToWaterM": 197.8565273731947, "distanceToRoadM": 0.0, "femaSfha": true, "relativeElevationZ": -0.097}}, {"type": "Feature", "geometry": {"type": "Polygon", "coordinates": [[[-73.74922680532951, 40.915923588773445], [-73.74625868851693, 40.91589135349551], [-73.74621614153735, 40.91814290544994], [-73.74918435901189, 40.91817514327059], [-73.74922680532951, 40.915923588773445]]]}, "properties": {"cellId": "cell-002-004", "centroid": [-73.747721, 40.917033], "coverageTier": "unsupported", "elevationM": -1.5061999559402466, "slopeDegrees": 0.0, "landCoverClass": 11, "imperviousPct": 0, "distanceToWaterM": 274.55761098373654, "distanceToRoadM": 0.0, "femaSfha": true, "relativeElevationZ": -0.974}}, {"type": "Feature", "geometry": {"type": "Polygon", "coordinates": [[[-73.74625868851693, 40.91589135349551], [-73.7432905765203, 40.91585904184609], [-73.74324792887936, 40.91811059125177], [-73.74621614153735, 40.91814290544994], [-73.74625868851693, 40.91589135349551]]]}, "properties": {"cellId": "cell-002-005", "centroid": [-73.744753, 40.917001], "coverageTier": "unsupported", "elevationM": -1.506199598312378, "slopeDegrees": 4.507692210609093e-06, "landCoverClass": 21, "imperviousPct": 1, "distanceToWaterM": 478.22715231337185, "distanceToRoadM": 0.0, "femaSfha": true, "relativeElevationZ": -0.974}}, {"type": "Feature", "geometry": {"type": "Polygon", "coordinates": [[[-73.7432905765203, 40.91585904184609], [-73.74032246935097, 40.915826653825555], [-73.74027972104935, 40.918078200676476], [-73.74324792887936, 40.91811059125177], [-73.7432905765203, 40.91585904184609]]]}, "properties": {"cellId": "cell-002-006", "centroid": [-73.741785, 40.916969], "coverageTier": "unsupported", "elevationM": -1.506180763244629, "slopeDegrees": 1.878205148386769e-05, "landCoverClass": 11, "imperviousPct": 0, "distanceToWaterM": 712.0537456333034, "distanceToRoadM": 44.20717926435248, "femaSfha": true, "relativeElevationZ": -0.974}}, {"type": "Feature", "geometry": {"type": "Polygon", "coordinates": [[[-73.74032246935097, 40.915826653825555], [-73.73735436702037, 40.915794189434244], [-73.73731151805866, 40.918045733724405], [-73.74027972104935, 40.918078200676476], [-73.74032246935097, 40.915826653825555]]]}, "properties": {"cellId": "cell-002-007", "centroid": [-73.738817, 40.916936], "coverageTier": "unsupported", "elevationM": -1.5061650276184082, "slopeDegrees": 3.419158747419715e-05, "landCoverClass": 11, "imperviousPct": 0, "distanceToWaterM": 954.1173219950874, "distanceToRoadM": 290.263697044355, "femaSfha": false, "relativeElevationZ": -0.974}}, {"type": "Feature", "geometry": {"type": "Polygon", "coordinates": [[[-73.73735436702037, 40.915794189434244], [-73.7343862695399, 40.915761648672564], [-73.7343433199187, 40.91801319039592], [-73.73731151805866, 40.918045733724405], [-73.73735436702037, 40.915794189434244]]]}, "properties": {"cellId": "cell-002-008", "centroid": [-73.735849, 40.916904], "coverageTier": "validated", "elevationM": -0.9276440143585205, "slopeDegrees": 0.9459310173988342, "landCoverClass": 11, "imperviousPct": 0, "distanceToWaterM": 1105.0633342655906, "distanceToRoadM": 456.82248651143163, "femaSfha": false, "relativeElevationZ": -0.937}}, {"type": "Feature", "geometry": {"type": "Polygon", "coordinates": [[[-73.7343862695399, 40.915761648672564], [-73.73141817692088, 40.91572903154082], [-73.73137512664084, 40.91798057069135], [-73.7343433199187, 40.91801319039592], [-73.7343862695399, 40.915761648672564]]]}, "properties": {"cellId": "cell-002-009", "centroid": [-73.732881, 40.916871], "coverageTier": "validated", "elevationM": 0.0, "slopeDegrees": 0.0, "landCoverClass": 11, "imperviousPct": 0, "distanceToWaterM": 1227.5330295856656, "distanceToRoadM": 457.2553214002827, "femaSfha": false, "relativeElevationZ": -0.876}}, {"type": "Feature", "geometry": {"type": "Polygon", "coordinates": [[[-73.73141817692088, 40.91572903154082], [-73.72845008917476, 40.9156963380394], [-73.7284069382365, 40.917947874611095], [-73.73137512664084, 40.91798057069135], [-73.73141817692088, 40.91572903154082]]]}, "properties": {"cellId": "cell-002-010", "centroid": [-73.729913, 40.916838], "coverageTier": "unsupported", "elevationM": 0.0, "slopeDegrees": 0.0, "landCoverClass": 11, "imperviousPct": 0, "distanceToWaterM": 1384.741746575635, "distanceToRoadM": 530.5919708481212, "femaSfha": false, "relativeElevationZ": -0.876}}, {"type": "Feature", "geometry": {"type": "Polygon", "coordinates": [[[-73.72845008917476, 40.9156963380394], [-73.72548200631292, 40.915663568168675], [-73.72543875471706, 40.9179151021555], [-73.7284069382365, 40.917947874611095], [-73.72845008917476, 40.9156963380394]]]}, "properties": {"cellId": "cell-002-011", "centroid": [-73.726944, 40.916806], "coverageTier": "unsupported", "elevationM": 0.0, "slopeDegrees": 0.0, "landCoverClass": 11, "imperviousPct": 0, "distanceToWaterM": 1566.2637296109867, "distanceToRoadM": 692.0789334375893, "femaSfha": false, "relativeElevationZ": -0.876}}, {"type": "Feature", "geometry": {"type": "Polygon", "coordinates": [[[-73.72548200631292, 40.915663568168675], [-73.7225139283467, 40.915630721929], [-73.7224705760939, 40.917882253324926], [-73.72543875471706, 40.9179151021555], [-73.72548200631292, 40.915663568168675]]]}, "properties": {"cellId": "cell-002-012", "centroid": [-73.723976, 40.916773], "coverageTier": "unsupported", "elevationM": 0.0, "slopeDegrees": 0.0, "landCoverClass": 11, "imperviousPct": 0, "distanceToWaterM": 1754.997061811602, "distanceToRoadM": 895.2198951585742, "femaSfha": false, "relativeElevationZ": -0.876}}, {"type": "Feature", "geometry": {"type": "Polygon", "coordinates": [[[-73.7225139283467, 40.915630721929], [-73.71954585528754, 40.91559779932073], [-73.71950240237841, 40.91784932811975], [-73.7224705760939, 40.917882253324926], [-73.7225139283467, 40.915630721929]]]}, "properties": {"cellId": "cell-002-013", "centroid": [-73.721008, 40.91674], "coverageTier": "unsupported", "elevationM": 0.0, "slopeDegrees": 0.0, "landCoverClass": 11, "imperviousPct": 0, "distanceToWaterM": 1740.2476010248065, "distanceToRoadM": 1117.5258705136746, "femaSfha": false, "relativeElevationZ": -0.876}}, {"type": "Feature", "geometry": {"type": "Polygon", "coordinates": [[[-73.71954585528754, 40.91559779932073], [-73.71657778714679, 40.91556480034423], [-73.71653423358197, 40.91781632654033], [-73.71950240237841, 40.91784932811975], [-73.71954585528754, 40.91559779932073]]]}, "properties": {"cellId": "cell-002-014", "centroid": [-73.71804, 40.916707], "coverageTier": "unsupported", "elevationM": 0.0, "slopeDegrees": 0.0, "landCoverClass": 11, "imperviousPct": 0, "distanceToWaterM": 1740.398887281197, "distanceToRoadM": 1302.4813012792317, "femaSfha": false, "relativeElevationZ": -0.876}}, {"type": "Feature", "geometry": {"type": "Polygon", "coordinates": [[[-73.71657778714679, 40.91556480034423], [-73.71360972393585, 40.91553172499988], [-73.71356606971598, 40.91778324858702], [-73.71653423358197, 40.91781632654033], [-73.71657778714679, 40.91556480034423]]]}, "properties": {"cellId": "cell-002-015", "centroid": [-73.715072, 40.916674], "coverageTier": "unsupported", "elevationM": 0.0, "slopeDegrees": 0.0, "landCoverClass": 11, "imperviousPct": 0, "distanceToWaterM": 1761.5226046610644, "distanceToRoadM": 1435.501625213199, "femaSfha": false, "relativeElevationZ": -0.876}}, {"type": "Feature", "geometry": {"type": "Polygon", "coordinates": [[[-73.71360972393585, 40.91553172499988], [-73.71064166566612, 40.91549857328805], [-73.7105979107918, 40.91775009426022], [-73.71356606971598, 40.91778324858702], [-73.71360972393585, 40.91553172499988]]]}, "properties": {"cellId": "cell-002-016", "centroid": [-73.712104, 40.916641], "coverageTier": "unsupported", "elevationM": 0.0, "slopeDegrees": 0.0, "landCoverClass": 11, "imperviousPct": 0, "distanceToWaterM": 1817.1228595266125, "distanceToRoadM": 1594.4466651320836, "femaSfha": false, "relativeElevationZ": -0.876}}, {"type": "Feature", "geometry": {"type": "Polygon", "coordinates": [[[-73.71064166566612, 40.91549857328805], [-73.70767361234896, 40.91546534520908], [-73.70762975682086, 40.91771686356025], [-73.7105979107918, 40.91775009426022], [-73.71064166566612, 40.91549857328805]]]}, "properties": {"cellId": "cell-002-017", "centroid": [-73.709136, 40.916608], "coverageTier": "unsupported", "elevationM": 0.0, "slopeDegrees": 0.0, "landCoverClass": 11, "imperviousPct": 0, "distanceToWaterM": 1904.1819993100569, "distanceToRoadM": 1774.2132576579586, "femaSfha": false, "relativeElevationZ": -0.876}}, {"type": "Feature", "geometry": {"type": "Polygon", "coordinates": [[[-73.70767361234896, 40.91546534520908], [-73.70470556399576, 40.915432040763356], [-73.70466160781454, 40.91768355648752], [-73.70762975682086, 40.91771686356025], [-73.70767361234896, 40.91546534520908]]]}, "properties": {"cellId": "cell-002-018", "centroid": [-73.706168, 40.916574], "coverageTier": "unsupported", "elevationM": 0.0, "slopeDegrees": 0.0, "landCoverClass": 11, "imperviousPct": 0, "distanceToWaterM": 2018.6338663508839, "distanceToRoadM": 1969.2344032305905, "femaSfha": false, "relativeElevationZ": -0.876}}, {"type": "Feature", "geometry": {"type": "Polygon", "coordinates": [[[-73.70470556399576, 40.915432040763356], [-73.70173752061793, 40.91539865995125], [-73.70169346378421, 40.917650173042375], [-73.70466160781454, 40.91768355648752], [-73.70470556399576, 40.915432040763356]]]}, "properties": {"cellId": "cell-002-019", "centroid": [-73.7032, 40.916541], "coverageTier": "unsupported", "elevationM": null, "slopeDegrees": null, "landCoverClass": null, "imperviousPct": null, "distanceToWaterM": 2156.1206567029108, "distanceToRoadM": 2175.5311043707497, "femaSfha": false, "relativeElevationZ": null}}, {"type": "Feature", "geometry": {"type": "Polygon", "coordinates": [[[-73.76105727684788, 40.918303330771096], [-73.75808904022098, 40.918271398464], [-73.75804689112194, 40.92052295963531], [-73.76101522842464, 40.920554894461226], [-73.76105727684788, 40.918303330771096]]]}, "properties": {"cellId": "cell-003-000", "centroid": [-73.759552, 40.919413], "coverageTier": "unsupported", "elevationM": 2.896141290664673, "slopeDegrees": 5.0632429122924805, "landCoverClass": 21, "imperviousPct": 3, "distanceToWaterM": 1.7546006721177658, "distanceToRoadM": 0.0, "femaSfha": true, "relativeElevationZ": -0.688}}, {"type": "Feature", "geometry": {"type": "Polygon", "coordinates": [[[-73.75808904022098, 40.918271398464], [-73.75512080836509, 40.91823938977798], [-73.75507855859084, 40.92049094842448], [-73.75804689112194, 40.92052295963531], [-73.75808904022098, 40.918271398464]]]}, "properties": {"cellId": "cell-003-001", "centroid": [-73.756584, 40.919381], "coverageTier": "unsupported", "elevationM": 5.282324314117432, "slopeDegrees": 3.2051682472229004, "landCoverClass": 22, "imperviousPct": 26, "distanceToWaterM": 0.0, "distanceToRoadM": 0.0, "femaSfha": true, "relativeElevationZ": -0.533}}, {"type": "Feature", "geometry": {"type": "Polygon", "coordinates": [[[-73.75512080836509, 40.91823938977798], [-73.7521525812916, 40.918207304713384], [-73.75211023084276, 40.92045886082905], [-73.75507855859084, 40.92049094842448], [-73.75512080836509, 40.91823938977798]]]}, "properties": {"cellId": "cell-003-002", "centroid": [-73.753616, 40.919349], "coverageTier": "unsupported", "elevationM": 9.05429458618164, "slopeDegrees": 5.2348527908325195, "landCoverClass": 22, "imperviousPct": 31, "distanceToWaterM": 0.0, "distanceToRoadM": 0.0, "femaSfha": true, "relativeElevationZ": -0.288}}, {"type": "Feature", "geometry": {"type": "Polygon", "coordinates": [[[-73.7521525812916, 40.918207304713384], [-73.74918435901189, 40.91817514327059], [-73.74914190788908, 40.92042669684938], [-73.75211023084276, 40.92045886082905], [-73.7521525812916, 40.918207304713384]]]}, "properties": {"cellId": "cell-003-003", "centroid": [-73.750647, 40.919317], "coverageTier": "unsupported", "elevationM": 7.618555545806885, "slopeDegrees": 0.976110577583313, "landCoverClass": 22, "imperviousPct": 35, "distanceToWaterM": 221.07223067164887, "distanceToRoadM": 0.0, "femaSfha": false, "relativeElevationZ": -0.381}}, {"type": "Feature", "geometry": {"type": "Polygon", "coordinates": [[[-73.74918435901189, 40.91817514327059], [-73.74621614153735, 40.91814290544994], [-73.7461735897412, 40.920394456485845], [-73.74914190788908, 40.92042669684938], [-73.74918435901189, 40.91817514327059]]]}, "properties": {"cellId": "cell-003-004", "centroid": [-73.747679, 40.919285], "coverageTier": "unsupported", "elevationM": 6.806481838226318, "slopeDegrees": 2.1325974464416504, "landCoverClass": 21, "imperviousPct": 16, "distanceToWaterM": 471.07223067164887, "distanceToRoadM": 0.0, "femaSfha": false, "relativeElevationZ": -0.434}}, {"type": "Feature", "geometry": {"type": "Polygon", "coordinates": [[[-73.74621614153735, 40.91814290544994], [-73.74324792887936, 40.91811059125177], [-73.74320527641049, 40.920362139738785], [-73.7461735897412, 40.920394456485845], [-73.74621614153735, 40.91814290544994]]]}, "properties": {"cellId": "cell-003-005", "centroid": [-73.744711, 40.919253], "coverageTier": "unsupported", "elevationM": 5.0733771324157715, "slopeDegrees": 2.439227819442749, "landCoverClass": 22, "imperviousPct": 26, "distanceToWaterM": 627.80928276229, "distanceToRoadM": 0.0, "femaSfha": true, "relativeElevationZ": -0.547}}, {"type": "Feature", "geometry": {"type": "Polygon", "coordinates": [[[-73.74324792887936, 40.91811059125177], [-73.74027972104935, 40.918078200676476], [-73.74023696790836, 40.92032974660855], [-73.74320527641049, 40.920362139738785], [-73.74324792887936, 40.91811059125177]]]}, "properties": {"cellId": "cell-003-006", "centroid": [-73.741742, 40.91922], "coverageTier": "unsupported", "elevationM": -1.5061999559402466, "slopeDegrees": 0.0, "landCoverClass": 11, "imperviousPct": 0, "distanceToWaterM": 760.9111498938873, "distanceToRoadM": 38.63533044862561, "femaSfha": true, "relativeElevationZ": -0.974}}, {"type": "Feature", "geometry": {"type": "Polygon", "coordinates": [[[-73.74027972104935, 40.918078200676476], [-73.73731151805866, 40.918045733724405], [-73.73726866424619, 40.92029727709552], [-73.74023696790836, 40.92032974660855], [-73.74027972104935, 40.918078200676476]]]}, "properties": {"cellId": "cell-003-007", "centroid": [-73.738774, 40.919188], "coverageTier": "validated", "elevationM": -1.5061999559402466, "slopeDegrees": 0.0, "landCoverClass": 11, "imperviousPct": 0, "distanceToWaterM": 785.8352446955168, "distanceToRoadM": 288.6353304486256, "femaSfha": false, "relativeElevationZ": -0.974}}, {"type": "Feature", "geometry": {"type": "Polygon", "coordinates": [[[-73.73731151805866, 40.918045733724405], [-73.7343433199187, 40.91801319039592], [-73.73430036543537, 40.92026473120006], [-73.73726866424619, 40.92029727709552], [-73.73731151805866, 40.918045733724405]]]}, "properties": {"cellId": "cell-003-008", "centroid": [-73.735806, 40.919155], "coverageTier": "validated", "elevationM": -1.494146704673767, "slopeDegrees": 0.13138648867607117, "landCoverClass": 11, "imperviousPct": 0, "distanceToWaterM": 882.1617752947817, "distanceToRoadM": 206.82248651143163, "femaSfha": false, "relativeElevationZ": -0.974}}, {"type": "Feature", "geometry": {"type": "Polygon", "coordinates": [[[-73.7343433199187, 40.91801319039592], [-73.73137512664084, 40.91798057069135], [-73.7313320714873, 40.920232108922505], [-73.73430036543537, 40.92026473120006], [-73.7343433199187, 40.91801319039592]]]}, "properties": {"cellId": "cell-003-009", "centroid": [-73.732838, 40.919123], "coverageTier": "validated", "elevationM": -0.008534655906260014, "slopeDegrees": 0.015465286560356617, "landCoverClass": 11, "imperviousPct": 0, "distanceToWaterM": 1031.4464425149852, "distanceToRoadM": 207.7767688967176, "femaSfha": false, "relativeElevationZ": -0.877}}, {"type": "Feature", "geometry": {"type": "Polygon", "coordinates": [[[-73.73137512664084, 40.91798057069135], [-73.7284069382365, 40.917947874611095], [-73.72836378241335, 40.92019941026322], [-73.7313320714873, 40.920232108922505], [-73.73137512664084, 40.91798057069135]]]}, "properties": {"cellId": "cell-003-010", "centroid": [-73.729869, 40.91909], "coverageTier": "validated", "elevationM": -0.04200577363371849, "slopeDegrees": 0.19217237830162048, "landCoverClass": 11, "imperviousPct": 0, "distanceToWaterM": 1214.3122044031331, "distanceToRoadM": 340.0244054075789, "femaSfha": false, "relativeElevationZ": -0.879}}, {"type": "Feature", "geometry": {"type": "Polygon", "coordinates": [[[-73.7284069382365, 40.917947874611095], [-73.72543875471706, 40.9179151021555], [-73.72539549822494, 40.920166635222586], [-73.72836378241335, 40.92019941026322], [-73.7284069382365, 40.917947874611095]]]}, "properties": {"cellId": "cell-003-011", "centroid": [-73.726901, 40.919057], "coverageTier": "unsupported", "elevationM": -0.47036871314048767, "slopeDegrees": 0.7005001902580261, "landCoverClass": 11, "imperviousPct": 0, "distanceToWaterM": 1417.8245645170543, "distanceToRoadM": 559.5194427831755, "femaSfha": false, "relativeElevationZ": -0.907}}, {"type": "Feature", "geometry": {"type": "Polygon", "coordinates": [[[-73.72543875471706, 40.9179151021555], [-73.7224705760939, 40.917882253324926], [-73.72242721893343, 40.92013378380096], [-73.72539549822494, 40.920166635222586], [-73.72543875471706, 40.9179151021555]]]}, "properties": {"cellId": "cell-003-012", "centroid": [-73.723933, 40.919024], "coverageTier": "unsupported", "elevationM": -1.2058573961257935, "slopeDegrees": 0.5944140553474426, "landCoverClass": 11, "imperviousPct": 0, "distanceToWaterM": 1507.4451520552755, "distanceToRoadM": 797.1871909608262, "femaSfha": false, "relativeElevationZ": -0.955}}, {"type": "Feature", "geometry": {"type": "Polygon", "coordinates": [[[-73.7224705760939, 40.917882253324926], [-73.71950240237841, 40.91784932811975], [-73.71945894455021, 40.9201008559987], [-73.72242721893343, 40.92013378380096], [-73.7224705760939, 40.917882253324926]]]}, "properties": {"cellId": "cell-003-013", "centroid": [-73.720965, 40.918992], "coverageTier": "unsupported", "elevationM": 0.0, "slopeDegrees": 0.0, "landCoverClass": 11, "imperviousPct": 0, "distanceToWaterM": 1490.2476010248065, "distanceToRoadM": 962.1995859981471, "femaSfha": false, "relativeElevationZ": -0.876}}, {"type": "Feature", "geometry": {"type": "Polygon", "coordinates": [[[-73.71950240237841, 40.91784932811975], [-73.71653423358197, 40.91781632654033], [-73.71649067508669, 40.92006785181618], [-73.71945894455021, 40.9201008559987], [-73.71950240237841, 40.91784932811975]]]}, "properties": {"cellId": "cell-003-014", "centroid": [-73.717997, 40.918959], "coverageTier": "unsupported", "elevationM": 0.0, "slopeDegrees": 0.0, "landCoverClass": 11, "imperviousPct": 0, "distanceToWaterM": 1490.4242638716082, "distanceToRoadM": 1088.063226035604, "femaSfha": false, "relativeElevationZ": -0.876}}, {"type": "Feature", "geometry": {"type": "Polygon", "coordinates": [[[-73.71653423358197, 40.91781632654033], [-73.71356606971598, 40.91778324858702], [-73.71352241055428, 40.92003477125375], [-73.71649067508669, 40.92006785181618], [-73.71653423358197, 40.91781632654033]]]}, "properties": {"cellId": "cell-003-015", "centroid": [-73.715028, 40.918926], "coverageTier": "unsupported", "elevationM": 0.0, "slopeDegrees": 0.0, "landCoverClass": 11, "imperviousPct": 0, "distanceToWaterM": 1515.037321724946, "distanceToRoadM": 1241.1594723532078, "femaSfha": false, "relativeElevationZ": -0.876}}, {"type": "Feature", "geometry": {"type": "Polygon", "coordinates": [[[-73.71356606971598, 40.91778324858702], [-73.7105979107918, 40.91775009426022], [-73.7105541509643, 40.920001614311786], [-73.71352241055428, 40.92003477125375], [-73.71356606971598, 40.91778324858702]]]}, "properties": {"cellId": "cell-003-016", "centroid": [-73.71206, 40.918892], "coverageTier": "unsupported", "elevationM": 0.0, "slopeDegrees": 0.0, "landCoverClass": 11, "imperviousPct": 0, "distanceToWaterM": 1579.3390029065229, "distanceToRoadM": 1421.63424460462, "femaSfha": false, "relativeElevationZ": -0.876}}, {"type": "Feature", "geometry": {"type": "Polygon", "coordinates": [[[-73.7105979107918, 40.91775009426022], [-73.70762975682086, 40.91771686356025], [-73.70758589632818, 40.91996838099065], [-73.7105541509643, 40.920001614311786], [-73.7105979107918, 40.91775009426022]]]}, "properties": {"cellId": "cell-003-017", "centroid": [-73.709092, 40.918859], "coverageTier": "unsupported", "elevationM": 0.0, "slopeDegrees": 0.0, "landCoverClass": 11, "imperviousPct": 0, "distanceToWaterM": 1678.7749360721473, "distanceToRoadM": 1620.5231799175917, "femaSfha": false, "relativeElevationZ": -0.876}}, {"type": "Feature", "geometry": {"type": "Polygon", "coordinates": [[[-73.70762975682086, 40.91771686356025], [-73.70466160781454, 40.91768355648752], [-73.70461764665733, 40.91993507129074], [-73.70758589632818, 40.91996838099065], [-73.70762975682086, 40.91771686356025]]]}, "properties": {"cellId": "cell-003-018", "centroid": [-73.706124, 40.918826], "coverageTier": "unsupported", "elevationM": 0.0, "slopeDegrees": 0.0, "landCoverClass": 11, "imperviousPct": 0, "distanceToWaterM": 1807.5560533124042, "distanceToRoadM": 1831.978937615795, "femaSfha": false, "relativeElevationZ": -0.876}}, {"type": "Feature", "geometry": {"type": "Polygon", "coordinates": [[[-73.70466160781454, 40.91768355648752], [-73.70169346378421, 40.917650173042375], [-73.7016494019631, 40.91990168521237], [-73.70461764665733, 40.91993507129074], [-73.70466160781454, 40.91768355648752]]]}, "properties": {"cellId": "cell-003-019", "centroid": [-73.703156, 40.918793], "coverageTier": "unsupported", "elevationM": null, "slopeDegrees": null, "landCoverClass": null, "imperviousPct": null, "distanceToWaterM": 1959.9062441220465, "distanceToRoadM": 2052.12043483943, "femaSfha": false, "relativeElevationZ": null}}, {"type": "Feature", "geometry": {"type": "Polygon", "coordinates": [[[-73.76101522842464, 40.920554894461226], [-73.75804689112194, 40.92052295963531], [-73.75800473725127, 40.92277451988879], [-73.76097317524116, 40.92280645723364], [-73.76101522842464, 40.920554894461226]]]}, "properties": {"cellId": "cell-004-000", "centroid": [-73.75951, 40.921665], "coverageTier": "unsupported", "elevationM": 2.0133042335510254, "slopeDegrees": 0.7689119577407837, "landCoverClass": 21, "imperviousPct": 10, "distanceToWaterM": 0.0, "distanceToRoadM": 0.0, "femaSfha": true, "relativeElevationZ": -0.746}}, {"type": "Feature", "geometry": {"type": "Polygon", "coordinates": [[[-73.75804689112194, 40.92052295963531], [-73.75507855859084, 40.92049094842448], [-73.75503630403358, 40.92274250615295], [-73.75800473725127, 40.92277451988879], [-73.75804689112194, 40.92052295963531]]]}, "properties": {"cellId": "cell-004-001", "centroid": [-73.756542, 40.921633], "coverageTier": "unsupported", "elevationM": 2.847661256790161, "slopeDegrees": 2.7270562648773193, "landCoverClass": 22, "imperviousPct": 22, "distanceToWaterM": 0.0, "distanceToRoadM": 0.0, "femaSfha": true, "relativeElevationZ": -0.691}}, {"type": "Feature", "geometry": {"type": "Polygon", "coordinates": [[[-73.75507855859084, 40.92049094842448], [-73.75211023084276, 40.92045886082905], [-73.75206787559952, 40.92271041602652], [-73.75503630403358, 40.92274250615295], [-73.75507855859084, 40.92049094842448]]]}, "properties": {"cellId": "cell-004-002", "centroid": [-73.753573, 40.921601], "coverageTier": "unsupported", "elevationM": 13.357178688049316, "slopeDegrees": 0.5969333052635193, "landCoverClass": 22, "imperviousPct": 45, "distanceToWaterM": 48.26589255922424, "distanceToRoadM": 0.0, "femaSfha": false, "relativeElevationZ": -0.008}}, {"type": "Feature", "geometry": {"type": "Polygon", "coordinates": [[[-73.75211023084276, 40.92045886082905], [-73.74914190788908, 40.92042669684938], [-73.74909945196049, 40.922678249509815], [-73.75206787559952, 40.92271041602652], [-73.75211023084276, 40.92045886082905]]]}, "properties": {"cellId": "cell-004-003", "centroid": [-73.750605, 40.921569], "coverageTier": "unsupported", "elevationM": 12.428479194641113, "slopeDegrees": 2.6996853351593018, "landCoverClass": 22, "imperviousPct": 27, "distanceToWaterM": 250.2052208379452, "distanceToRoadM": 0.0, "femaSfha": false, "relativeElevationZ": -0.068}}, {"type": "Feature", "geometry": {"type": "Polygon", "coordinates": [[[-73.74914190788908, 40.92042669684938], [-73.7461735897412, 40.920394456485845], [-73.74613103312787, 40.92264600660322], [-73.74909945196049, 40.922678249509815], [-73.74914190788908, 40.92042669684938]]]}, "properties": {"cellId": "cell-004-004", "centroid": [-73.747636, 40.921536], "coverageTier": "unsupported", "elevationM": 7.279396057128906, "slopeDegrees": 0.1369047462940216, "landCoverClass": 22, "imperviousPct": 40, "distanceToWaterM": 490.69989312671487, "distanceToRoadM": 0.0, "femaSfha": false, "relativeElevationZ": -0.403}}, {"type": "Feature", "geometry": {"type": "Polygon", "coordinates": [[[-73.7461735897412, 40.920394456485845], [-73.74320527641049, 40.920362139738785], [-73.74316261911305, 40.92261368730708], [-73.74613103312787, 40.92264600660322], [-73.7461735897412, 40.920394456485845]]]}, "properties": {"cellId": "cell-004-005", "centroid": [-73.744668, 40.921504], "coverageTier": "unsupported", "elevationM": 4.669003486633301, "slopeDegrees": 3.8854663372039795, "landCoverClass": 22, "imperviousPct": 34, "distanceToWaterM": 513.7208297053384, "distanceToRoadM": 0.0, "femaSfha": true, "relativeElevationZ": -0.573}}, {"type": "Feature", "geometry": {"type": "Polygon", "coordinates": [[[-73.74320527641049, 40.920362139738785], [-73.74023696790836, 40.92032974660855], [-73.74019420992742, 40.92258129162175], [-73.74316261911305, 40.92261368730708], [-73.74320527641049, 40.920362139738785]]]}, "properties": {"cellId": "cell-004-006", "centroid": [-73.7417, 40.921472], "coverageTier": "validated", "elevationM": -1.5061999559402466, "slopeDegrees": 0.0, "landCoverClass": 11, "imperviousPct": 0, "distanceToWaterM": 510.9111498938873, "distanceToRoadM": 83.75601918203756, "femaSfha": true, "relativeElevationZ": -0.974}}, {"type": "Feature", "geometry": {"type": "Polygon", "coordinates": [[[-73.74023696790836, 40.92032974660855], [-73.73726866424619, 40.92029727709552], [-73.73722580558238, 40.92254881954759], [-73.74019420992742, 40.92258129162175], [-73.74023696790836, 40.92032974660855]]]}, "properties": {"cellId": "cell-004-007", "centroid": [-73.738731, 40.921439], "coverageTier": "validated", "elevationM": -1.5061843395233154, "slopeDegrees": 8.63974400999723e-06, "landCoverClass": 11, "imperviousPct": 0, "distanceToWaterM": 547.3403482831493, "distanceToRoadM": 202.8048824591557, "femaSfha": true, "relativeElevationZ": -0.974}}, {"type": "Feature", "geometry": {"type": "Polygon", "coordinates": [[[-73.73726866424619, 40.92029727709552], [-73.73430036543537, 40.92026473120006], [-73.73425740608931, 40.92251627108499], [-73.73722580558238, 40.92254881954759], [-73.73726866424619, 40.92029727709552]]]}, "properties": {"cellId": "cell-004-008", "centroid": [-73.735763, 40.921407], "coverageTier": "validated", "elevationM": -1.506100058555603, "slopeDegrees": 0.00013673333160113543, "landCoverClass": 11, "imperviousPct": 0, "distanceToWaterM": 678.4200931902718, "distanceToRoadM": 0.0, "femaSfha": true, "relativeElevationZ": -0.974}}, {"type": "Feature", "geometry": {"type": "Polygon", "coordinates": [[[-73.73430036543537, 40.92026473120006], [-73.7313320714873, 40.920232108922505], [-73.73128901145962, 40.92248364623427], [-73.73425740608931, 40.92251627108499], [-73.73430036543537, 40.92026473120006]]]}, "properties": {"cellId": "cell-004-009", "centroid": [-73.732795, 40.921374], "coverageTier": "validated", "elevationM": -1.5060865879058838, "slopeDegrees": 0.000846264127176255, "landCoverClass": 11, "imperviousPct": 0, "distanceToWaterM": 863.6701852153258, "distanceToRoadM": 19.8908211592352, "femaSfha": true, "relativeElevationZ": -0.974}}, {"type": "Feature", "geometry": {"type": "Polygon", "coordinates": [[[-73.7313320714873, 40.920232108922505], [-73.72836378241335, 40.92019941026322], [-73.72832062170468, 40.9224509449958], [-73.73128901145962, 40.92248364623427], [-73.7313320714873, 40.920232108922505]]]}, "properties": {"cellId": "cell-004-010", "centroid": [-73.729826, 40.921342], "coverageTier": "validated", "elevationM": -1.506100058555603, "slopeDegrees": 0.0, "landCoverClass": 11, "imperviousPct": 0, "distanceToWaterM": 1075.4527208647776, "distanceToRoadM": 269.8908211592352, "femaSfha": false, "relativeElevationZ": -0.974}}, {"type": "Feature", "geometry": {"type": "Polygon", "coordinates": [[[-73.72836378241335, 40.92019941026322], [-73.72539549822494, 40.920166635222586], [-73.72535223683589, 40.92241816736995], [-73.72832062170468, 40.9224509449958], [-73.72836378241335, 40.92019941026322]]]}, "properties": {"cellId": "cell-004-011", "centroid": [-73.726858, 40.921309], "coverageTier": "unsupported", "elevationM": -1.506100058555603, "slopeDegrees": 0.0, "landCoverClass": 11, "imperviousPct": 0, "distanceToWaterM": 1300.8731378581967, "distanceToRoadM": 492.2809204726267, "femaSfha": false, "relativeElevationZ": -0.974}}, {"type": "Feature", "geometry": {"type": "Polygon", "coordinates": [[[-73.72539549822494, 40.920166635222586], [-73.72242721893343, 40.92013378380096], [-73.72238385686465, 40.92238531335709], [-73.72535223683589, 40.92241816736995], [-73.72539549822494, 40.920166635222586]]]}, "properties": {"cellId": "cell-004-012", "centroid": [-73.72389, 40.921276], "coverageTier": "unsupported", "elevationM": -1.506100058555603, "slopeDegrees": 0.0, "landCoverClass": 11, "imperviousPct": 0, "distanceToWaterM": 1260.8596614780524, "distanceToRoadM": 636.5520767446844, "femaSfha": false, "relativeElevationZ": -0.974}}, {"type": "Feature", "geometry": {"type": "Polygon", "coordinates": [[[-73.72242721893343, 40.92013378380096], [-73.71945894455021, 40.9201008559987], [-73.71941548180234, 40.92235238295758], [-73.72238385686465, 40.92238531335709], [-73.72242721893343, 40.92013378380096]]]}, "properties": {"cellId": "cell-004-013", "centroid": [-73.720921, 40.921243], "coverageTier": "unsupported", "elevationM": 0.004026323556900024, "slopeDegrees": 0.0003634948516264558, "landCoverClass": 11, "imperviousPct": 0, "distanceToWaterM": 1240.2476010248065, "distanceToRoadM": 744.4319381066318, "femaSfha": false, "relativeElevationZ": -0.876}}, {"type": "Feature", "geometry": {"type": "Polygon", "coordinates": [[[-73.71945894455021, 40.9201008559987], [-73.71649067508669, 40.92006785181618], [-73.71644711166036, 40.92231937617177], [-73.71941548180234, 40.92235238295758], [-73.71945894455021, 40.9201008559987]]]}, "properties": {"cellId": "cell-004-014", "centroid": [-73.717953, 40.92121], "coverageTier": "unsupported", "elevationM": 0.0, "slopeDegrees": 0.0, "landCoverClass": 11, "imperviousPct": 0, "distanceToWaterM": 1240.4598686877466, "distanceToRoadM": 888.0841760066236, "femaSfha": false, "relativeElevationZ": -0.876}}, {"type": "Feature", "geometry": {"type": "Polygon", "coordinates": [[[-73.71649067508669, 40.92006785181618], [-73.71352241055428, 40.92003477125375], [-73.71347874645008, 40.922286293000035], [-73.71644711166036, 40.92231937617177], [-73.71649067508669, 40.92006785181618]]]}, "properties": {"cellId": "cell-004-015", "centroid": [-73.714985, 40.921177], "coverageTier": "unsupported", "elevationM": 0.0, "slopeDegrees": 0.0, "landCoverClass": 11, "imperviousPct": 0, "distanceToWaterM": 1269.9268820318334, "distanceToRoadM": 1069.698633829095, "femaSfha": false, "relativeElevationZ": -0.876}}, {"type": "Feature", "geometry": {"type": "Polygon", "coordinates": [[[-73.71352241055428, 40.92003477125375], [-73.7105541509643, 40.920001614311786], [-73.71051038618293, 40.92225313344276], [-73.71347874645008, 40.922286293000035], [-73.71352241055428, 40.92003477125375]]]}, "properties": {"cellId": "cell-004-016", "centroid": [-73.712016, 40.921144], "coverageTier": "unsupported", "elevationM": 0.0, "slopeDegrees": 0.0, "landCoverClass": 11, "imperviousPct": 0, "distanceToWaterM": 1345.9895562705406, "distanceToRoadM": 1274.4828827542196, "femaSfha": false, "relativeElevationZ": -0.876}}, {"type": "Feature", "geometry": {"type": "Polygon", "coordinates": [[[-73.7105541509643, 40.920001614311786], [-73.70758589632818, 40.91996838099065], [-73.70754203087026, 40.922219897500284], [-73.71051038618293, 40.92225313344276], [-73.7105541509643, 40.920001614311786]]]}, "properties": {"cellId": "cell-004-017", "centroid": [-73.709048, 40.921111], "coverageTier": "unsupported", "elevationM": 0.0, "slopeDegrees": 0.0, "landCoverClass": 11, "imperviousPct": 0, "distanceToWaterM": 1461.390257758563, "distanceToRoadM": 1493.1035026585332, "femaSfha": false, "relativeElevationZ": -0.876}}, {"type": "Feature", "geometry": {"type": "Polygon", "coordinates": [[[-73.70758589632818, 40.91996838099065], [-73.70461764665733, 40.91993507129074], [-73.70457368052348, 40.92218658517299], [-73.70754203087026, 40.922219897500284], [-73.70758589632818, 40.91996838099065]]]}, "properties": {"cellId": "cell-004-018", "centroid": [-73.70608, 40.921077], "coverageTier": "unsupported", "elevationM": 0.0, "slopeDegrees": 0.0, "landCoverClass": 11, "imperviousPct": 0, "distanceToWaterM": 1607.680032019404, "distanceToRoadM": 1720.293440337681, "femaSfha": false, "relativeElevationZ": -0.876}}, {"type": "Feature", "geometry": {"type": "Polygon", "coordinates": [[[-73.70461764665733, 40.91993507129074], [-73.7016494019631, 40.91990168521237], [-73.70160533515397, 40.92215319646124], [-73.70457368052348, 40.92218658517299], [-73.70461764665733, 40.91993507129074]]]}, "properties": {"cellId": "cell-004-019", "centroid": [-73.703112, 40.921044], "coverageTier": "unsupported", "elevationM": null, "slopeDegrees": null, "landCoverClass": null, "imperviousPct": null, "distanceToWaterM": 1777.24750252636, "distanceToRoadM": 1953.0645079173726, "femaSfha": false, "relativeElevationZ": null}}, {"type": "Feature", "geometry": {"type": "Polygon", "coordinates": [[[-73.76097317524116, 40.92280645723364], [-73.75800473725127, 40.92277451988879], [-73.75796257860836, 40.92502607922439], [-73.76093111729685, 40.92505801908839], [-73.76097317524116, 40.92280645723364]]]}, "properties": {"cellId": "cell-005-000", "centroid": [-73.759468, 40.923916], "coverageTier": "unsupported", "elevationM": 3.639112949371338, "slopeDegrees": 1.194995641708374, "landCoverClass": 22, "imperviousPct": 27, "distanceToWaterM": 39.53806002251804, "distanceToRoadM": 0.0, "femaSfha": true, "relativeElevationZ": -0.64}}, {"type": "Feature", "geometry": {"type": "Polygon", "coordinates": [[[-73.75800473725127, 40.92277451988879], [-73.75503630403358, 40.92274250615295], [-73.7549940446927, 40.92499406296341], [-73.75796257860836, 40.92502607922439], [-73.75800473725127, 40.92277451988879]]]}, "properties": {"cellId": "cell-005-001", "centroid": [-73.756499, 40.923884], "coverageTier": "unsupported", "elevationM": 2.896578073501587, "slopeDegrees": 5.758935928344727, "landCoverClass": 21, "imperviousPct": 3, "distanceToWaterM": 0.0, "distanceToRoadM": 0.0, "femaSfha": true, "relativeElevationZ": -0.688}}, {"type": "Feature", "geometry": {"type": "Polygon", "coordinates": [[[-73.75503630403358, 40.92274250615295], [-73.75206787559952, 40.92271041602652], [-73.75202551556127, 40.92496197030578], [-73.7549940446927, 40.92499406296341], [-73.75503630403358, 40.92274250615295]]]}, "properties": {"cellId": "cell-005-002", "centroid": [-73.753531, 40.923852], "coverageTier": "unsupported", "elevationM": 12.2476806640625, "slopeDegrees": 2.513946294784546, "landCoverClass": 21, "imperviousPct": 17, "distanceToWaterM": 91.01918630604632, "distanceToRoadM": 0.0, "femaSfha": false, "relativeElevationZ": -0.08}}, {"type": "Feature", "geometry": {"type": "Polygon", "coordinates": [[[-73.75206787559952, 40.92271041602652], [-73.74909945196049, 40.922678249509815], [-73.74905699122549, 40.92492980125189], [-73.75202551556127, 40.92496197030578], [-73.75206787559952, 40.92271041602652]]]}, "properties": {"cellId": "cell-005-003", "centroid": [-73.750562, 40.92382], "coverageTier": "unsupported", "elevationM": 13.8618803024292, "slopeDegrees": 3.721622943878174, "landCoverClass": 21, "imperviousPct": 18, "distanceToWaterM": 341.0191863060463, "distanceToRoadM": 0.0, "femaSfha": false, "relativeElevationZ": 0.025}}, {"type": "Feature", "geometry": {"type": "Polygon", "coordinates": [[[-73.74909945196049, 40.922678249509815], [-73.74613103312787, 40.92264600660322], [-73.74608847169674, 40.924897555802055], [-73.74905699122549, 40.92492980125189], [-73.74909945196049, 40.922678249509815]]]}, "properties": {"cellId": "cell-005-004", "centroid": [-73.747594, 40.923788], "coverageTier": "unsupported", "elevationM": 7.347982406616211, "slopeDegrees": 8.145612716674805, "landCoverClass": 21, "imperviousPct": 7, "distanceToWaterM": 386.1039061833474, "distanceToRoadM": 0.0, "femaSfha": true, "relativeElevationZ": -0.399}}, {"type": "Feature", "geometry": {"type": "Polygon", "coordinates": [[[-73.74613103312787, 40.92264600660322], [-73.74316261911305, 40.92261368730708], [-73.7431199569864, 40.92486523395666], [-73.74608847169674, 40.924897555802055], [-73.74613103312787, 40.92264600660322]]]}, "properties": {"cellId": "cell-005-005", "centroid": [-73.744626, 40.923756], "coverageTier": "unsupported", "elevationM": -1.3083217144012451, "slopeDegrees": 4.260687828063965, "landCoverClass": 95, "imperviousPct": 0, "distanceToWaterM": 266.37101179782616, "distanceToRoadM": 0.0, "femaSfha": true, "relativeElevationZ": -0.961}}, {"type": "Feature", "geometry": {"type": "Polygon", "coordinates": [[[-73.74316261911305, 40.92261368730708], [-73.74019420992742, 40.92258129162175], [-73.74015144710589, 40.924832835716074], [-73.7431199569864, 40.92486523395666], [-73.74316261911305, 40.92261368730708]]]}, "properties": {"cellId": "cell-005-006", "centroid": [-73.741657, 40.923723], "coverageTier": "validated", "elevationM": -1.506100058555603, "slopeDegrees": 0.0, "landCoverClass": 11, "imperviousPct": 0, "distanceToWaterM": 260.91114989388734, "distanceToRoadM": 99.93026967736631, "femaSfha": true, "relativeElevationZ": -0.974}}, {"type": "Feature", "geometry": {"type": "Polygon", "coordinates": [[[-73.74019420992742, 40.92258129162175], [-73.73722580558238, 40.92254881954759], [-73.7371829420666, 40.92480036108062], [-73.74015144710589, 40.924832835716074], [-73.74019420992742, 40.92258129162175]]]}, "properties": {"cellId": "cell-005-007", "centroid": [-73.738689, 40.923691], "coverageTier": "validated", "elevationM": -1.506100058555603, "slopeDegrees": 0.0, "landCoverClass": 11, "imperviousPct": 0, "distanceToWaterM": 326.5361877522545, "distanceToRoadM": 201.9536872812314, "femaSfha": true, "relativeElevationZ": -0.974}}, {"type": "Feature", "geometry": {"type": "Polygon", "coordinates": [[[-73.73722580558238, 40.92254881954759], [-73.73425740608931, 40.92251627108499], [-73.73421444187989, 40.924767810050696], [-73.7371829420666, 40.92480036108062], [-73.73722580558238, 40.92254881954759]]]}, "properties": {"cellId": "cell-005-008", "centroid": [-73.73572, 40.923658], "coverageTier": "validated", "elevationM": -1.506100058555603, "slopeDegrees": 0.0014000141527503729, "landCoverClass": 11, "imperviousPct": 0, "distanceToWaterM": 517.0089437305253, "distanceToRoadM": 0.0, "femaSfha": true, "relativeElevationZ": -0.974}}, {"type": "Feature", "geometry": {"type": "Polygon", "coordinates": [[[-73.73425740608931, 40.92251627108499], [-73.73128901145962, 40.92248364623427], [-73.73124594655718, 40.92473518262663], [-73.73421444187989, 40.924767810050696], [-73.73425740608931, 40.92251627108499]]]}, "properties": {"cellId": "cell-005-009", "centroid": [-73.732752, 40.923626], "coverageTier": "validated", "elevationM": -1.506100058555603, "slopeDegrees": 0.1223411038517952, "landCoverClass": 95, "imperviousPct": 0, "distanceToWaterM": 743.6199391375485, "distanceToRoadM": 0.0, "femaSfha": true, "relativeElevationZ": -0.974}}, {"type": "Feature", "geometry": {"type": "Polygon", "coordinates": [[[-73.73128901145962, 40.92248364623427], [-73.72832062170468, 40.9224509449958], [-73.72827745610986, 40.9247024788088], [-73.73124594655718, 40.92473518262663], [-73.73128901145962, 40.92248364623427]]]}, "properties": {"cellId": "cell-005-010", "centroid": [-73.729783, 40.923593], "coverageTier": "validated", "elevationM": -1.506100058555603, "slopeDegrees": 0.0, "landCoverClass": 11, "imperviousPct": 0, "distanceToWaterM": 981.6531871636282, "distanceToRoadM": 158.97699757749052, "femaSfha": true, "relativeElevationZ": -0.974}}, {"type": "Feature", "geometry": {"type": "Polygon", "coordinates": [[[-73.72832062170468, 40.9224509449958], [-73.72535223683589, 40.92241816736995], [-73.72530897054932, 40.92466969859757], [-73.72827745610986, 40.9247024788088], [-73.72832062170468, 40.9224509449958]]]}, "properties": {"cellId": "cell-005-011", "centroid": [-73.726815, 40.92356], "coverageTier": "validated", "elevationM": -1.506100058555603, "slopeDegrees": 0.0, "landCoverClass": 11, "imperviousPct": 0, "distanceToWaterM": 1083.585392903646, "distanceToRoadM": 359.77429489418864, "femaSfha": false, "relativeElevationZ": -0.974}}, {"type": "Feature", "geometry": {"type": "Polygon", "coordinates": [[[-73.72535223683589, 40.92241816736995], [-73.72238385686465, 40.92238531335709], [-73.72234048988695, 40.924636841993305], [-73.72530897054932, 40.92466969859757], [-73.72535223683589, 40.92241816736995]]]}, "properties": {"cellId": "cell-005-012", "centroid": [-73.723846, 40.923528], "coverageTier": "validated", "elevationM": -1.506100058555603, "slopeDegrees": 0.0, "landCoverClass": 11, "imperviousPct": 0, "distanceToWaterM": 1015.9445287170682, "distanceToRoadM": 403.18299150655577, "femaSfha": false, "relativeElevationZ": -0.974}}, {"type": "Feature", "geometry": {"type": "Polygon", "coordinates": [[[-73.72238385686465, 40.92238531335709], [-73.71941548180234, 40.92235238295758], [-73.71937201413415, 40.92460390899635], [-73.72234048988695, 40.924636841993305], [-73.72238385686465, 40.92238531335709]]]}, "properties": {"cellId": "cell-005-013", "centroid": [-73.720878, 40.923495], "coverageTier": "unsupported", "elevationM": -0.14678438007831573, "slopeDegrees": 0.4941348731517792, "landCoverClass": 11, "imperviousPct": 0, "distanceToWaterM": 990.2476010248065, "distanceToRoadM": 535.6399644673965, "femaSfha": false, "relativeElevationZ": -0.886}}, {"type": "Feature", "geometry": {"type": "Polygon", "coordinates": [[[-73.71941548180234, 40.92235238295758], [-73.71644711166036, 40.92231937617177], [-73.7164035433023, 40.92457089960708], [-73.71937201413415, 40.92460390899635], [-73.71941548180234, 40.92235238295758]]]}, "properties": {"cellId": "cell-005-014", "centroid": [-73.71791, 40.923462], "coverageTier": "unsupported", "elevationM": 0.0, "slopeDegrees": 0.0, "landCoverClass": 11, "imperviousPct": 0, "distanceToWaterM": 990.5134452961345, "distanceToRoadM": 719.3513807584686, "femaSfha": false, "relativeElevationZ": -0.876}}, {"type": "Feature", "geometry": {"type": "Polygon", "coordinates": [[[-73.71644711166036, 40.92231937617177], [-73.71347874645008, 40.922286293000035], [-73.7134350774028, 40.92453781382589], [-73.7164035433023, 40.92457089960708], [-73.71644711166036, 40.92231937617177]]]}, "properties": {"cellId": "cell-005-015", "centroid": [-73.714941, 40.923429], "coverageTier": "unsupported", "elevationM": 0.0, "slopeDegrees": 0.0, "landCoverClass": 11, "imperviousPct": 0, "distanceToWaterM": 1027.1759757678772, "distanceToRoadM": 934.0866449194044, "femaSfha": false, "relativeElevationZ": -0.876}}, {"type": "Feature", "geometry": {"type": "Polygon", "coordinates": [[[-73.71347874645008, 40.922286293000035], [-73.71051038618293, 40.92225313344276], [-73.71046661644706, 40.924504651653095], [-73.7134350774028, 40.92453781382589], [-73.71347874645008, 40.922286293000035]]]}, "properties": {"cellId": "cell-005-016", "centroid": [-73.711973, 40.923395], "coverageTier": "unsupported", "elevationM": 0.0, "slopeDegrees": 0.0, "landCoverClass": 11, "imperviousPct": 0, "distanceToWaterM": 1119.850027939886, "distanceToRoadM": 1163.000133892711, "femaSfha": false, "relativeElevationZ": -0.876}}, {"type": "Feature", "geometry": {"type": "Polygon", "coordinates": [[[-73.71051038618293, 40.92225313344276], [-73.70754203087026, 40.922219897500284], [-73.70749816044643, 40.92447141308911], [-73.71046661644706, 40.924504651653095], [-73.71051038618293, 40.92225313344276]]]}, "properties": {"cellId": "cell-005-017", "centroid": [-73.709004, 40.923362], "coverageTier": "unsupported", "elevationM": 0.0, "slopeDegrees": 0.0, "landCoverClass": 11, "imperviousPct": 0, "distanceToWaterM": 1256.199699474266, "distanceToRoadM": 1399.1500143487608, "femaSfha": false, "relativeElevationZ": -0.876}}, {"type": "Feature", "geometry": {"type": "Polygon", "coordinates": [[[-73.70754203087026, 40.922219897500284], [-73.70457368052348, 40.92218658517299], [-73.70452970941234, 40.924438098134274], [-73.70749816044643, 40.92447141308911], [-73.70754203087026, 40.922219897500284]]]}, "properties": {"cellId": "cell-005-018", "centroid": [-73.706036, 40.923329], "coverageTier": "unsupported", "elevationM": 0.0, "slopeDegrees": 0.0, "landCoverClass": 11, "imperviousPct": 0, "distanceToWaterM": 1423.7314651441502, "distanceToRoadM": 1639.2131760353593, "femaSfha": false, "relativeElevationZ": -0.876}}, {"type": "Feature", "geometry": {"type": "Polygon", "coordinates": [[[-73.70457368052348, 40.92218658517299], [-73.70160533515397, 40.92215319646124], [-73.70156126335617, 40.92440470678896], [-73.70452970941234, 40.924438098134274], [-73.70457368052348, 40.92218658517299]]]}, "properties": {"cellId": "cell-005-019", "centroid": [-73.703067, 40.923296], "coverageTier": "unsupported", "elevationM": null, "slopeDegrees": null, "landCoverClass": null, "imperviousPct": null, "distanceToWaterM": 1612.7569205319755, "distanceToRoadM": 1881.7969431498643, "femaSfha": false, "relativeElevationZ": null}}, {"type": "Feature", "geometry": {"type": "Polygon", "coordinates": [[[-73.76093111729685, 40.92505801908839], [-73.75796257860836, 40.92502607922439], [-73.7579204151926, 40.92727763764213], [-73.7608890545911, 40.927309580025415], [-73.76093111729685, 40.92505801908839]]]}, "properties": {"cellId": "cell-006-000", "centroid": [-73.759426, 40.926168], "coverageTier": "unsupported", "elevationM": 4.745896816253662, "slopeDegrees": 0.3798913061618805, "landCoverClass": 21, "imperviousPct": 19, "distanceToWaterM": 39.58803068746439, "distanceToRoadM": 0.0, "femaSfha": true, "relativeElevationZ": -0.568}}, {"type": "Feature", "geometry": {"type": "Polygon", "coordinates": [[[-73.75796257860836, 40.92502607922439], [-73.7549940446927, 40.92499406296341], [-73.75495178056755, 40.927245618855814], [-73.7579204151926, 40.92727763764213], [-73.75796257860836, 40.92502607922439]]]}, "properties": {"cellId": "cell-006-001", "centroid": [-73.756457, 40.926136], "coverageTier": "unsupported", "elevationM": 4.401544094085693, "slopeDegrees": 3.4215922355651855, "landCoverClass": 22, "imperviousPct": 30, "distanceToWaterM": 0.0, "distanceToRoadM": 0.0, "femaSfha": true, "relativeElevationZ": -0.59}}, {"type": "Feature", "geometry": {"type": "Polygon", "coordinates": [[[-73.7549940446927, 40.92499406296341], [-73.75202551556127, 40.92496197030578], [-73.75198315072738, 40.927213523666836], [-73.75495178056755, 40.927245618855814], [-73.7549940446927, 40.92499406296341]]]}, "properties": {"cellId": "cell-006-002", "centroid": [-73.753489, 40.926104], "coverageTier": "unsupported", "elevationM": 15.16830825805664, "slopeDegrees": 2.0575568675994873, "landCoverClass": 22, "imperviousPct": 47, "distanceToWaterM": 92.49722720467778, "distanceToRoadM": 0.0, "femaSfha": false, "relativeElevationZ": 0.11}}, {"type": "Feature", "geometry": {"type": "Polygon", "coordinates": [[[-73.75202551556127, 40.92496197030578], [-73.74905699122549, 40.92492980125189], [-73.74901452568346, 40.92718135207556], [-73.75198315072738, 40.927213523666836], [-73.75202551556127, 40.92496197030578]]]}, "properties": {"cellId": "cell-006-003", "centroid": [-73.75052, 40.926072], "coverageTier": "unsupported", "elevationM": 12.898268699645996, "slopeDegrees": 2.2584664821624756, "landCoverClass": 22, "imperviousPct": 35, "distanceToWaterM": 341.4166518984933, "distanceToRoadM": 0.0, "femaSfha": false, "relativeElevationZ": -0.038}}, {"type": "Feature", "geometry": {"type": "Polygon", "coordinates": [[[-73.74905699122549, 40.92492980125189], [-73.74608847169674, 40.924897555802055], [-73.74604590544718, 40.927149104082346], [-73.74901452568346, 40.92718135207556], [-73.74905699122549, 40.92492980125189]]]}, "properties": {"cellId": "cell-006-004", "centroid": [-73.747551, 40.926039], "coverageTier": "unsupported", "elevationM": 6.747722148895264, "slopeDegrees": 5.082635402679443, "landCoverClass": 22, "imperviousPct": 26, "distanceToWaterM": 203.9526035369386, "distanceToRoadM": 0.0, "femaSfha": true, "relativeElevationZ": -0.438}}, {"type": "Feature", "geometry": {"type": "Polygon", "coordinates": [[[-73.74608847169674, 40.924897555802055], [-73.7431199569864, 40.92486523395666], [-73.74307729002996, 40.92711677968753], [-73.74604590544718, 40.927149104082346], [-73.74608847169674, 40.924897555802055]]]}, "properties": {"cellId": "cell-006-005", "centroid": [-73.744583, 40.926007], "coverageTier": "validated", "elevationM": -1.280150055885315, "slopeDegrees": 3.657464027404785, "landCoverClass": 95, "imperviousPct": 0, "distanceToWaterM": 39.04827020071033, "distanceToRoadM": 0.0, "femaSfha": true, "relativeElevationZ": -0.96}}, {"type": "Feature", "geometry": {"type": "Polygon", "coordinates": [[[-73.7431199569864, 40.92486523395666], [-73.74015144710589, 40.924832835716074], [-73.74010867944315, 40.9270843788915], [-73.74307729002996, 40.92711677968753], [-73.7431199569864, 40.92486523395666]]]}, "properties": {"cellId": "cell-006-006", "centroid": [-73.741614, 40.925975], "coverageTier": "validated", "elevationM": -1.506100058555603, "slopeDegrees": 0.0, "landCoverClass": 11, "imperviousPct": 0, "distanceToWaterM": 10.911149893887341, "distanceToRoadM": 59.89527303224895, "femaSfha": true, "relativeElevationZ": -0.974}}, {"type": "Feature", "geometry": {"type": "Polygon", "coordinates": [[[-73.74015144710589, 40.924832835716074], [-73.7371829420666, 40.92480036108062], [-73.73714007369819, 40.927051901694576], [-73.74010867944315, 40.9270843788915], [-73.74015144710589, 40.924832835716074]]]}, "properties": {"cellId": "cell-006-007", "centroid": [-73.738646, 40.925942], "coverageTier": "validated", "elevationM": -1.506100058555603, "slopeDegrees": 0.0, "landCoverClass": 11, "imperviousPct": 0, "distanceToWaterM": 196.64767215716515, "distanceToRoadM": 182.51055688690394, "femaSfha": true, "relativeElevationZ": -0.974}}, {"type": "Feature", "geometry": {"type": "Polygon", "coordinates": [[[-73.7371829420666, 40.92480036108062], [-73.73421444187989, 40.924767810050696], [-73.73417147280647, 40.92701934809715], [-73.73714007369819, 40.927051901694576], [-73.7371829420666, 40.92480036108062]]]}, "properties": {"cellId": "cell-006-008", "centroid": [-73.735677, 40.92591], "coverageTier": "validated", "elevationM": -1.506100058555603, "slopeDegrees": 0.0, "landCoverClass": 11, "imperviousPct": 0, "distanceToWaterM": 446.4780766738831, "distanceToRoadM": 0.0, "femaSfha": true, "relativeElevationZ": -0.974}}, {"type": "Feature", "geometry": {"type": "Polygon", "coordinates": [[[-73.73421444187989, 40.924767810050696], [-73.73124594655718, 40.92473518262663], [-73.73120287677935, 40.926986718099585], [-73.73417147280647, 40.92701934809715], [-73.73421444187989, 40.924767810050696]]]}, "properties": {"cellId": "cell-006-009", "centroid": [-73.732709, 40.925877], "coverageTier": "validated", "elevationM": 3.0195860862731934, "slopeDegrees": 1.2918915748596191, "landCoverClass": 23, "imperviousPct": 68, "distanceToWaterM": 678.8344048595126, "distanceToRoadM": 0.0, "femaSfha": true, "relativeElevationZ": -0.68}}, {"type": "Feature", "geometry": {"type": "Polygon", "coordinates": [[[-73.73124594655718, 40.92473518262663], [-73.72827745610986, 40.9247024788088], [-73.72823428562825, 40.926954011702215], [-73.73120287677935, 40.926986718099585], [-73.73124594655718, 40.92473518262663]]]}, "properties": {"cellId": "cell-006-010", "centroid": [-73.72974, 40.925845], "coverageTier": "validated", "elevationM": -1.506100058555603, "slopeDegrees": 0.0, "landCoverClass": 11, "imperviousPct": 0, "distanceToWaterM": 819.7809430783843, "distanceToRoadM": 126.75130862714846, "femaSfha": true, "relativeElevationZ": -0.974}}, {"type": "Feature", "geometry": {"type": "Polygon", "coordinates": [[[-73.72827745610986, 40.9247024788088], [-73.72530897054932, 40.92466969859757], [-73.72526569936456, 40.92692122890543], [-73.72823428562825, 40.926954011702215], [-73.72827745610986, 40.9247024788088]]]}, "properties": {"cellId": "cell-006-011", "centroid": [-73.726772, 40.925812], "coverageTier": "validated", "elevationM": -1.506100058555603, "slopeDegrees": 0.0, "landCoverClass": 11, "imperviousPct": 0, "distanceToWaterM": 836.7722252186502, "distanceToRoadM": 109.77429489418864, "femaSfha": true, "relativeElevationZ": -0.974}}, {"type": "Feature", "geometry": {"type": "Polygon", "coordinates": [[[-73.72530897054932, 40.92466969859757], [-73.72234048988695, 40.924636841993305], [-73.72229711799967, 40.926888369709566], [-73.72526569936456, 40.92692122890543], [-73.72530897054932, 40.92466969859757]]]}, "properties": {"cellId": "cell-006-012", "centroid": [-73.723803, 40.925779], "coverageTier": "validated", "elevationM": -1.506100058555603, "slopeDegrees": 0.0, "landCoverClass": 11, "imperviousPct": 0, "distanceToWaterM": 774.2864359639412, "distanceToRoadM": 187.42155531289345, "femaSfha": true, "relativeElevationZ": -0.974}}, {"type": "Feature", "geometry": {"type": "Polygon", "coordinates": [[[-73.72234048988695, 40.924636841993305], [-73.71937201413415, 40.92460390899635], [-73.71932854154498, 40.92685543411502], [-73.72229711799967, 40.926888369709566], [-73.72234048988695, 40.924636841993305]]]}, "properties": {"cellId": "cell-006-013", "centroid": [-73.720835, 40.925746], "coverageTier": "validated", "elevationM": -0.9675997495651245, "slopeDegrees": 1.0007375478744507, "landCoverClass": 11, "imperviousPct": 0, "distanceToWaterM": 740.2476010248065, "distanceToRoadM": 375.07019447351246, "femaSfha": false, "relativeElevationZ": -0.939}}, {"type": "Feature", "geometry": {"type": "Polygon", "coordinates": [[[-73.71937201413415, 40.92460390899635], [-73.7164035433023, 40.92457089960708], [-73.71635997001191, 40.92682242212213], [-73.71932854154498, 40.92685543411502], [-73.71937201413415, 40.92460390899635]]]}, "properties": {"cellId": "cell-006-014", "centroid": [-73.717866, 40.925713], "coverageTier": "unsupported", "elevationM": 0.0, "slopeDegrees": 0.0, "landCoverClass": 11, "imperviousPct": 0, "distanceToWaterM": 740.6031898392115, "distanceToRoadM": 608.8381854790395, "femaSfha": false, "relativeElevationZ": -0.876}}, {"type": "Feature", "geometry": {"type": "Polygon", "coordinates": [[[-73.7164035433023, 40.92457089960708], [-73.7134350774028, 40.92453781382589], [-73.71339140341179, 40.92678933373128], [-73.71635997001191, 40.92682242212213], [-73.7164035433023, 40.92457089960708]]]}, "properties": {"cellId": "cell-006-015", "centroid": [-73.714897, 40.92568], "coverageTier": "unsupported", "elevationM": 0.0, "slopeDegrees": 0.0, "landCoverClass": 11, "imperviousPct": 0, "distanceToWaterM": 788.9655788957384, "distanceToRoadM": 851.3658642778987, "femaSfha": false, "relativeElevationZ": -0.876}}, {"type": "Feature", "geometry": {"type": "Polygon", "coordinates": [[[-73.7134350774028, 40.92453781382589], [-73.71046661644706, 40.924504651653095], [-73.71042284175606, 40.92675616894282], [-73.71339140341179, 40.92678933373128], [-73.7134350774028, 40.92453781382589]]]}, "properties": {"cellId": "cell-006-016", "centroid": [-73.711929, 40.925647], "coverageTier": "unsupported", "elevationM": 0.0, "slopeDegrees": 0.0, "landCoverClass": 11, "imperviousPct": 0, "distanceToWaterM": 906.3334290229839, "distanceToRoadM": 1095.9544834290039, "femaSfha": false, "relativeElevationZ": -0.876}}, {"type": "Feature", "geometry": {"type": "Polygon", "coordinates": [[[-73.71046661644706, 40.924504651653095], [-73.70749816044643, 40.92447141308911], [-73.7074542850561, 40.926722927757126], [-73.71042284175606, 40.92675616894282], [-73.71046661644706, 40.924504651653095]]]}, "properties": {"cellId": "cell-006-017", "centroid": [-73.70896, 40.925614], "coverageTier": "unsupported", "elevationM": 0.0, "slopeDegrees": 0.0, "landCoverClass": 11, "imperviousPct": 0, "distanceToWaterM": 1070.2401059794165, "distanceToRoadM": 1340.4195492365832, "femaSfha": false, "relativeElevationZ": -0.876}}, {"type": "Feature", "geometry": {"type": "Polygon", "coordinates": [[[-73.70749816044643, 40.92447141308911], [-73.70452970941234, 40.924438098134274], [-73.7044857333233, 40.92668961017457], [-73.7074542850561, 40.926722927757126], [-73.70749816044643, 40.92447141308911]]]}, "properties": {"cellId": "cell-006-018", "centroid": [-73.705992, 40.925581], "coverageTier": "unsupported", "elevationM": 0.0, "slopeDegrees": 0.0, "landCoverClass": 11, "imperviousPct": 0, "distanceToWaterM": 1262.6905734696468, "distanceToRoadM": 1585.388653177036, "femaSfha": false, "relativeElevationZ": -0.876}}, {"type": "Feature", "geometry": {"type": "Polygon", "coordinates": [[[-73.70452970941234, 40.924438098134274], [-73.70156126335617, 40.92440470678896], [-73.70151718656908, 40.92665621619552], [-73.7044857333233, 40.92668961017457], [-73.70452970941234, 40.924438098134274]]]}, "properties": {"cellId": "cell-006-019", "centroid": [-73.703023, 40.925547], "coverageTier": "unsupported", "elevationM": null, "slopeDegrees": null, "landCoverClass": null, "imperviousPct": null, "distanceToWaterM": 1472.535596925038, "distanceToRoadM": 1831.7177171358549, "femaSfha": false, "relativeElevationZ": null}}, {"type": "Feature", "geometry": {"type": "Polygon", "coordinates": [[[-73.7608890545911, 40.927309580025415], [-73.7579204151926, 40.92727763764213], [-73.75787824700338, 40.92952919514196], [-73.76084698712326, 40.929561140044726], [-73.7608890545911, 40.927309580025415]]]}, "properties": {"cellId": "cell-007-000", "centroid": [-73.759384, 40.928419], "coverageTier": "unsupported", "elevationM": 6.182284355163574, "slopeDegrees": 2.176577091217041, "landCoverClass": 22, "imperviousPct": 21, "distanceToWaterM": 0.0, "distanceToRoadM": 0.0, "femaSfha": true, "relativeElevationZ": -0.474}}, {"type": "Feature", "geometry": {"type": "Polygon", "coordinates": [[[-73.7579204151926, 40.92727763764213], [-73.75495178056755, 40.927245618855814], [-73.75490951165757, 40.92949717383015], [-73.75787824700338, 40.92952919514196], [-73.7579204151926, 40.92727763764213]]]}, "properties": {"cellId": "cell-007-001", "centroid": [-73.756415, 40.928387], "coverageTier": "unsupported", "elevationM": 7.683996200561523, "slopeDegrees": 0.654541015625, "landCoverClass": 22, "imperviousPct": 33, "distanceToWaterM": 0.0, "distanceToRoadM": 0.0, "femaSfha": true, "relativeElevationZ": -0.377}}, {"type": "Feature", "geometry": {"type": "Polygon", "coordinates": [[[-73.75495178056755, 40.927245618855814], [-73.75198315072738, 40.927213523666836], [-73.75194078109723, 40.929465076109665], [-73.75490951165757, 40.92949717383015], [-73.75495178056755, 40.927245618855814]]]}, "properties": {"cellId": "cell-007-002", "centroid": [-73.753446, 40.928355], "coverageTier": "unsupported", "elevationM": 18.482065200805664, "slopeDegrees": 4.118551731109619, "landCoverClass": 23, "imperviousPct": 73, "distanceToWaterM": 144.15653982380692, "distanceToRoadM": 0.0, "femaSfha": false, "relativeElevationZ": 0.325}}, {"type": "Feature", "geometry": {"type": "Polygon", "coordinates": [[[-73.75198315072738, 40.927213523666836], [-73.74901452568346, 40.92718135207556], [-73.74897205533378, 40.929432901980846], [-73.75194078109723, 40.929465076109665], [-73.75198315072738, 40.927213523666836]]]}, "properties": {"cellId": "cell-007-003", "centroid": [-73.750478, 40.928323], "coverageTier": "unsupported", "elevationM": 15.440359115600586, "slopeDegrees": 0.4296819865703583, "landCoverClass": 22, "imperviousPct": 42, "distanceToWaterM": 267.8222233482632, "distanceToRoadM": 0.0, "femaSfha": false, "relativeElevationZ": 0.128}}, {"type": "Feature", "geometry": {"type": "Polygon", "coordinates": [[[-73.74901452568346, 40.92718135207556], [-73.74604590544718, 40.927149104082346], [-73.74600333437859, 40.929400651444055], [-73.74897205533378, 40.929432901980846], [-73.74901452568346, 40.92718135207556]]]}, "properties": {"cellId": "cell-007-004", "centroid": [-73.747509, 40.928291], "coverageTier": "unsupported", "elevationM": 3.547250747680664, "slopeDegrees": 0.9620643258094788, "landCoverClass": 22, "imperviousPct": 24, "distanceToWaterM": 158.15811303257942, "distanceToRoadM": 0.0, "femaSfha": true, "relativeElevationZ": -0.646}}, {"type": "Feature", "geometry": {"type": "Polygon", "coordinates": [[[-73.74604590544718, 40.927149104082346], [-73.74307729002996, 40.92711677968753], [-73.74303461824306, 40.929368324499656], [-73.74600333437859, 40.929400651444055], [-73.74604590544718, 40.927149104082346]]]}, "properties": {"cellId": "cell-007-005", "centroid": [-73.74454, 40.928259], "coverageTier": "validated", "elevationM": -1.4751660823822021, "slopeDegrees": 1.350113868713379, "landCoverClass": 11, "imperviousPct": 0, "distanceToWaterM": 0.0, "distanceToRoadM": 0.0, "femaSfha": true, "relativeElevationZ": -0.972}}, {"type": "Feature", "geometry": {"type": "Polygon", "coordinates": [[[-73.74307729002996, 40.92711677968753], [-73.74010867944315, 40.9270843788915], [-73.74006590693858, 40.929335921147995], [-73.74303461824306, 40.929368324499656], [-73.74307729002996, 40.92711677968753]]]}, "properties": {"cellId": "cell-007-006", "centroid": [-73.741572, 40.928226], "coverageTier": "validated", "elevationM": 2.621577024459839, "slopeDegrees": 0.5733705163002014, "landCoverClass": 22, "imperviousPct": 26, "distanceToWaterM": 0.0, "distanceToRoadM": 0.0, "femaSfha": true, "relativeElevationZ": -0.706}}, {"type": "Feature", "geometry": {"type": "Polygon", "coordinates": [[[-73.74010867944315, 40.9270843788915], [-73.73714007369819, 40.927051901694576], [-73.73709720047657, 40.929303441389436], [-73.74006590693858, 40.929335921147995], [-73.74010867944315, 40.9270843788915]]]}, "properties": {"cellId": "cell-007-007", "centroid": [-73.738603, 40.928194], "coverageTier": "validated", "elevationM": -1.506100058555603, "slopeDegrees": 0.0, "landCoverClass": 11, "imperviousPct": 0, "distanceToWaterM": 196.34473197115585, "distanceToRoadM": 0.0, "femaSfha": true, "relativeElevationZ": -0.974}}, {"type": "Feature", "geometry": {"type": "Polygon", "coordinates": [[[-73.73714007369819, 40.927051901694576], [-73.73417147280647, 40.92701934809715], [-73.73412849886842, 40.929270885224355], [-73.73709720047657, 40.929303441389436], [-73.73714007369819, 40.927051901694576]]]}, "properties": {"cellId": "cell-007-008", "centroid": [-73.735634, 40.928161], "coverageTier": "validated", "elevationM": -1.506100058555603, "slopeDegrees": 0.0, "landCoverClass": 11, "imperviousPct": 0, "distanceToWaterM": 349.99511047975045, "distanceToRoadM": 0.0, "femaSfha": true, "relativeElevationZ": -0.974}}, {"type": "Feature", "geometry": {"type": "Polygon", "coordinates": [[[-73.73417147280647, 40.92701934809715], [-73.73120287677935, 40.926986718099585], [-73.7311598021255, 40.9292382526531], [-73.73412849886842, 40.929270885224355], [-73.73417147280647, 40.92701934809715]]]}, "properties": {"cellId": "cell-007-009", "centroid": [-73.732666, 40.928129], "coverageTier": "validated", "elevationM": 1.6466190814971924, "slopeDegrees": 6.9847917556762695, "landCoverClass": 23, "imperviousPct": 50, "distanceToWaterM": 467.1378557896247, "distanceToRoadM": 0.0, "femaSfha": true, "relativeElevationZ": -0.769}}, {"type": "Feature", "geometry": {"type": "Polygon", "coordinates": [[[-73.73120287677935, 40.926986718099585], [-73.72823428562825, 40.926954011702215], [-73.72819111025923, 40.92920554367602], [-73.7311598021255, 40.9292382526531], [-73.73120287677935, 40.926986718099585]]]}, "properties": {"cellId": "cell-007-010", "centroid": [-73.729697, 40.928096], "coverageTier": "validated", "elevationM": -1.2826640605926514, "slopeDegrees": 2.9951417446136475, "landCoverClass": 95, "imperviousPct": 0, "distanceToWaterM": 654.7146622126112, "distanceToRoadM": 0.0, "femaSfha": true, "relativeElevationZ": -0.96}}, {"type": "Feature", "geometry": {"type": "Polygon", "coordinates": [[[-73.72823428562825, 40.926954011702215], [-73.72526569936456, 40.92692122890543], [-73.72522242328101, 40.9291727582935], [-73.72819111025923, 40.92920554367602], [-73.72823428562825, 40.926954011702215]]]}, "properties": {"cellId": "cell-007-011", "centroid": [-73.726728, 40.928063], "coverageTier": "validated", "elevationM": 4.022693157196045, "slopeDegrees": 1.3581525087356567, "landCoverClass": 23, "imperviousPct": 53, "distanceToWaterM": 592.6366594133322, "distanceToRoadM": 0.0, "femaSfha": true, "relativeElevationZ": -0.615}}, {"type": "Feature", "geometry": {"type": "Polygon", "coordinates": [[[-73.72526569936456, 40.92692122890543], [-73.72229711799967, 40.926888369709566], [-73.72225374120221, 40.92913989650589], [-73.72522242328101, 40.9291727582935], [-73.72526569936456, 40.92692122890543]]]}, "properties": {"cellId": "cell-007-012", "centroid": [-73.72376, 40.928031], "coverageTier": "validated", "elevationM": -1.506100058555603, "slopeDegrees": 0.0, "landCoverClass": 11, "imperviousPct": 0, "distanceToWaterM": 540.27371248779, "distanceToRoadM": 70.67285065971144, "femaSfha": true, "relativeElevationZ": -0.974}}, {"type": "Feature", "geometry": {"type": "Polygon", "coordinates": [[[-73.72229711799967, 40.926888369709566], [-73.71932854154498, 40.92685543411502], [-73.71928506403424, 40.92910695831355], [-73.72225374120221, 40.92913989650589], [-73.72229711799967, 40.926888369709566]]]}, "properties": {"cellId": "cell-007-013", "centroid": [-73.720791, 40.927998], "coverageTier": "validated", "elevationM": -1.4988371133804321, "slopeDegrees": 0.09042789041996002, "landCoverClass": 11, "imperviousPct": 0, "distanceToWaterM": 490.2476010248065, "distanceToRoadM": 311.16955306469725, "femaSfha": false, "relativeElevationZ": -0.974}}, {"type": "Feature", "geometry": {"type": "Polygon", "coordinates": [[[-73.71932854154498, 40.92685543411502], [-73.71635997001191, 40.92682242212213], [-73.71631639178851, 40.92907394371686], [-73.71928506403424, 40.92910695831355], [-73.71932854154498, 40.92685543411502]]]}, "properties": {"cellId": "cell-007-014", "centroid": [-73.717822, 40.927965], "coverageTier": "validated", "elevationM": 0.0, "slopeDegrees": 0.0, "landCoverClass": 11, "imperviousPct": 0, "distanceToWaterM": 490.7843561969063, "distanceToRoadM": 559.9634848821612, "femaSfha": false, "relativeElevationZ": -0.876}}, {"type": "Feature", "geometry": {"type": "Polygon", "coordinates": [[[-73.71635997001191, 40.92682242212213], [-73.71339140341179, 40.92678933373128], [-73.71334772447639, 40.92904085271619], [-73.71631639178851, 40.92907394371686], [-73.71635997001191, 40.92682242212213]]]}, "properties": {"cellId": "cell-007-015", "centroid": [-73.714854, 40.927932], "coverageTier": "unsupported", "elevationM": 0.0, "slopeDegrees": 0.0, "landCoverClass": 11, "imperviousPct": 0, "distanceToWaterM": 561.1086206519058, "distanceToRoadM": 809.5009067618549, "femaSfha": false, "relativeElevationZ": -0.876}}, {"type": "Feature", "geometry": {"type": "Polygon", "coordinates": [[[-73.71339140341179, 40.92678933373128], [-73.71042284175606, 40.92675616894282], [-73.71037906210928, 40.929007685311866], [-73.71334772447639, 40.92904085271619], [-73.71339140341179, 40.92678933373128]]]}, "properties": {"cellId": "cell-007-016", "centroid": [-73.711885, 40.927899], "coverageTier": "unsupported", "elevationM": 0.0, "slopeDegrees": 0.0, "landCoverClass": 11, "imperviousPct": 0, "distanceToWaterM": 716.809935793413, "distanceToRoadM": 1050.7623444365956, "femaSfha": false, "relativeElevationZ": -0.876}}, {"type": "Feature", "geometry": {"type": "Polygon", "coordinates": [[[-73.71042284175606, 40.92675616894282], [-73.7074542850561, 40.926722927757126], [-73.70741040469859, 40.928974441504316], [-73.71037906210928, 40.929007685311866], [-73.71042284175606, 40.92675616894282]]]}, "properties": {"cellId": "cell-007-017", "centroid": [-73.708917, 40.927865], "coverageTier": "unsupported", "elevationM": 0.0, "slopeDegrees": 0.0, "landCoverClass": 11, "imperviousPct": 0, "distanceToWaterM": 915.3087369485935, "distanceToRoadM": 1284.7170845853082, "femaSfha": false, "relativeElevationZ": -0.876}}, {"type": "Feature", "geometry": {"type": "Polygon", "coordinates": [[[-73.7074542850561, 40.926722927757126], [-73.7044857333233, 40.92668961017457], [-73.70444175225569, 40.92894112129386], [-73.70741040469859, 40.928974441504316], [-73.7074542850561, 40.926722927757126]]]}, "properties": {"cellId": "cell-007-018", "centroid": [-73.705948, 40.927832], "coverageTier": "unsupported", "elevationM": 0.0, "slopeDegrees": 0.0, "landCoverClass": 11, "imperviousPct": 0, "distanceToWaterM": 1134.3560657116009, "distanceToRoadM": 1523.7763846328817, "femaSfha": false, "relativeElevationZ": -0.876}}, {"type": "Feature", "geometry": {"type": "Polygon", "coordinates": [[[-73.7044857333233, 40.92668961017457], [-73.70151718656908, 40.92665621619552], [-73.70147310479202, 40.9289077246809], [-73.70444175225569, 40.92894112129386], [-73.7044857333233, 40.92668961017457]]]}, "properties": {"cellId": "cell-007-019", "centroid": [-73.702979, 40.927799], "coverageTier": "unsupported", "elevationM": null, "slopeDegrees": null, "landCoverClass": null, "imperviousPct": null, "distanceToWaterM": 1364.0884442362872, "distanceToRoadM": 1765.868328416459, "femaSfha": false, "relativeElevationZ": null}}, {"type": "Feature", "geometry": {"type": "Polygon", "coordinates": [[[-73.76084698712326, 40.929561140044726], [-73.75787824700338, 40.92952919514196], [-73.75783607404009, 40.93178075172389], [-73.76080491489274, 40.931812699146285], [-73.76084698712326, 40.929561140044726]]]}, "properties": {"cellId": "cell-008-000", "centroid": [-73.759342, 40.930671], "coverageTier": "unsupported", "elevationM": 18.034677505493164, "slopeDegrees": 13.658106803894043, "landCoverClass": 21, "imperviousPct": 10, "distanceToWaterM": 163.7306942762807, "distanceToRoadM": 0.0, "femaSfha": false, "relativeElevationZ": 0.296}}, {"type": "Feature", "geometry": {"type": "Polygon", "coordinates": [[[-73.75787824700338, 40.92952919514196], [-73.75490951165757, 40.92949717383015], [-73.7548672379621, 40.93174872788641], [-73.75783607404009, 40.93178075172389], [-73.75787824700338, 40.92952919514196]]]}, "properties": {"cellId": "cell-008-001", "centroid": [-73.756373, 40.930639], "coverageTier": "unsupported", "elevationM": 15.156096458435059, "slopeDegrees": 0.6790871024131775, "landCoverClass": 22, "imperviousPct": 28, "distanceToWaterM": 195.96471563759388, "distanceToRoadM": 0.0, "femaSfha": false, "relativeElevationZ": 0.109}}, {"type": "Feature", "geometry": {"type": "Polygon", "coordinates": [[[-73.75490951165757, 40.92949717383015], [-73.75194078109723, 40.929465076109665], [-73.75189840667024, 40.93171662763422], [-73.7548672379621, 40.93174872788641], [-73.75490951165757, 40.92949717383015]]]}, "properties": {"cellId": "cell-008-002", "centroid": [-73.753404, 40.930607], "coverageTier": "unsupported", "elevationM": 11.54932975769043, "slopeDegrees": 1.096430778503418, "landCoverClass": 23, "imperviousPct": 67, "distanceToWaterM": 242.67448979719043, "distanceToRoadM": 0.0, "femaSfha": false, "relativeElevationZ": -0.125}}, {"type": "Feature", "geometry": {"type": "Polygon", "coordinates": [[[-73.75194078109723, 40.929465076109665], [-73.74897205533378, 40.929432901980846], [-73.74892958017583, 40.93168445096769], [-73.75189840667024, 40.93171662763422], [-73.75194078109723, 40.929465076109665]]]}, "properties": {"cellId": "cell-008-003", "centroid": [-73.750435, 40.930575], "coverageTier": "unsupported", "elevationM": 8.51765251159668, "slopeDegrees": 3.904270887374878, "landCoverClass": 23, "imperviousPct": 71, "distanceToWaterM": 22.933768646409035, "distanceToRoadM": 0.0, "femaSfha": true, "relativeElevationZ": -0.323}}, {"type": "Feature", "geometry": {"type": "Polygon", "coordinates": [[[-73.74897205533378, 40.929432901980846], [-73.74600333437859, 40.929400651444055], [-73.74596075849031, 40.93165219788717], [-73.74892958017583, 40.93168445096769], [-73.74897205533378, 40.929432901980846]]]}, "properties": {"cellId": "cell-008-004", "centroid": [-73.747466, 40.930543], "coverageTier": "validated", "elevationM": 9.998104095458984, "slopeDegrees": 1.615506887435913, "landCoverClass": 22, "imperviousPct": 26, "distanceToWaterM": 16.66448339447379, "distanceToRoadM": 0.0, "femaSfha": true, "relativeElevationZ": -0.226}}, {"type": "Feature", "geometry": {"type": "Polygon", "coordinates": [[[-73.74600333437859, 40.929400651444055], [-73.74303461824306, 40.929368324499656], [-73.7429919416251, 40.931619868393], [-73.74596075849031, 40.93165219788717], [-73.74600333437859, 40.929400651444055]]]}, "properties": {"cellId": "cell-008-005", "centroid": [-73.744498, 40.93051], "coverageTier": "validated", "elevationM": 1.867436170578003, "slopeDegrees": 0.3839227259159088, "landCoverClass": 21, "imperviousPct": 7, "distanceToWaterM": 0.0, "distanceToRoadM": 0.0, "femaSfha": true, "relativeElevationZ": -0.755}}, {"type": "Feature", "geometry": {"type": "Polygon", "coordinates": [[[-73.74303461824306, 40.929368324499656], [-73.74006590693858, 40.929335921147995], [-73.74002312959156, 40.93158746248557], [-73.7429919416251, 40.931619868393], [-73.74303461824306, 40.929368324499656]]]}, "properties": {"cellId": "cell-008-006", "centroid": [-73.741529, 40.930478], "coverageTier": "validated", "elevationM": 2.000452756881714, "slopeDegrees": 1.7216662168502808, "landCoverClass": 22, "imperviousPct": 23, "distanceToWaterM": 0.0, "distanceToRoadM": 0.0, "femaSfha": true, "relativeElevationZ": -0.746}}, {"type": "Feature", "geometry": {"type": "Polygon", "coordinates": [[[-73.74006590693858, 40.929335921147995], [-73.73709720047657, 40.929303441389436], [-73.73705432240111, 40.931554980165195], [-73.74002312959156, 40.93158746248557], [-73.74006590693858, 40.929335921147995]]]}, "properties": {"cellId": "cell-008-007", "centroid": [-73.73856, 40.930445], "coverageTier": "validated", "elevationM": 5.159916877746582, "slopeDegrees": 5.742607593536377, "landCoverClass": 22, "imperviousPct": 20, "distanceToWaterM": 86.65814134292305, "distanceToRoadM": 0.0, "femaSfha": true, "relativeElevationZ": -0.541}}, {"type": "Feature", "geometry": {"type": "Polygon", "coordinates": [[[-73.73709720047657, 40.929303441389436], [-73.73412849886842, 40.929270885224355], [-73.73408552006512, 40.93152242143228], [-73.73705432240111, 40.931554980165195], [-73.73709720047657, 40.929303441389436]]]}, "properties": {"cellId": "cell-008-008", "centroid": [-73.735591, 40.930413], "coverageTier": "validated", "elevationM": 0.06353504210710526, "slopeDegrees": 7.377037525177002, "landCoverClass": 23, "imperviousPct": 69, "distanceToWaterM": 119.97815629926659, "distanceToRoadM": 0.0, "femaSfha": true, "relativeElevationZ": -0.872}}, {"type": "Feature", "geometry": {"type": "Polygon", "coordinates": [[[-73.73412849886842, 40.929270885224355], [-73.7311598021255, 40.9292382526531], [-73.73111672259502, 40.93148978628717], [-73.73408552006512, 40.93152242143228], [-73.73412849886842, 40.929270885224355]]]}, "properties": {"cellId": "cell-008-009", "centroid": [-73.732623, 40.93038], "coverageTier": "validated", "elevationM": -1.4709826707839966, "slopeDegrees": 1.0440728664398193, "landCoverClass": 11, "imperviousPct": 0, "distanceToWaterM": 315.38797973266765, "distanceToRoadM": 0.0, "femaSfha": true, "relativeElevationZ": -0.972}}, {"type": "Feature", "geometry": {"type": "Polygon", "coordinates": [[[-73.7311598021255, 40.9292382526531], [-73.72819111025923, 40.92920554367602], [-73.72814793000218, 40.931457074730204], [-73.73111672259502, 40.93148978628717], [-73.7311598021255, 40.9292382526531]]]}, "properties": {"cellId": "cell-008-010", "centroid": [-73.729654, 40.930348], "coverageTier": "validated", "elevationM": 6.545597076416016, "slopeDegrees": 1.789899468421936, "landCoverClass": 21, "imperviousPct": 7, "distanceToWaterM": 511.93972815235344, "distanceToRoadM": 0.0, "femaSfha": true, "relativeElevationZ": -0.451}}, {"type": "Feature", "geometry": {"type": "Polygon", "coordinates": [[[-73.72819111025923, 40.92920554367602], [-73.72522242328101, 40.9291727582935], [-73.725179142298, 40.931424286761775], [-73.72814793000218, 40.931457074730204], [-73.72819111025923, 40.92920554367602]]]}, "properties": {"cellId": "cell-008-011", "centroid": [-73.726685, 40.930315], "coverageTier": "validated", "elevationM": 5.667242527008057, "slopeDegrees": 1.0770395994186401, "landCoverClass": 22, "imperviousPct": 28, "distanceToWaterM": 356.7193059869573, "distanceToRoadM": 0.0, "femaSfha": true, "relativeElevationZ": -0.508}}, {"type": "Feature", "geometry": {"type": "Polygon", "coordinates": [[[-73.72522242328101, 40.9291727582935], [-73.72225374120221, 40.92913989650589], [-73.72221035949391, 40.93139142238223], [-73.725179142298, 40.931424286761775], [-73.72522242328101, 40.9291727582935]]]}, "properties": {"cellId": "cell-008-012", "centroid": [-73.723716, 40.930282], "coverageTier": "validated", "elevationM": -1.4707599878311157, "slopeDegrees": 0.3830414116382599, "landCoverClass": 11, "imperviousPct": 0, "distanceToWaterM": 322.9390936335549, "distanceToRoadM": 58.38082992192358, "femaSfha": true, "relativeElevationZ": -0.972}}, {"type": "Feature", "geometry": {"type": "Polygon", "coordinates": [[[-73.72225374120221, 40.92913989650589], [-73.71928506403424, 40.92910695831355], [-73.71924158160128, 40.93135848159195], [-73.72221035949391, 40.93139142238223], [-73.72225374120221, 40.92913989650589]]]}, "properties": {"cellId": "cell-008-013", "centroid": [-73.720748, 40.930249], "coverageTier": "validated", "elevationM": -1.506100058555603, "slopeDegrees": 0.0, "landCoverClass": 11, "imperviousPct": 0, "distanceToWaterM": 240.2476010248065, "distanceToRoadM": 269.4348253160312, "femaSfha": true, "relativeElevationZ": -0.974}}, {"type": "Feature", "geometry": {"type": "Polygon", "coordinates": [[[-73.71928506403424, 40.92910695831355], [-73.71631639178851, 40.92907394371686], [-73.7162728086315, 40.931325464391286], [-73.71924158160128, 40.93135848159195], [-73.71928506403424, 40.92910695831355]]]}, "properties": {"cellId": "cell-008-014", "centroid": [-73.717779, 40.930216], "coverageTier": "validated", "elevationM": -0.0009715714259073138, "slopeDegrees": 0.011770438402891159, "landCoverClass": 11, "imperviousPct": 0, "distanceToWaterM": 241.34101138266686, "distanceToRoadM": 494.1538095944694, "femaSfha": false, "relativeElevationZ": -0.876}}, {"type": "Feature", "geometry": {"type": "Polygon", "coordinates": [[[-73.71631639178851, 40.92907394371686], [-73.71334772447639, 40.92904085271619], [-73.71330404059597, 40.93129237078059], [-73.7162728086315, 40.931325464391286], [-73.71631639178851, 40.92907394371686]]]}, "properties": {"cellId": "cell-008-015", "centroid": [-73.71481, 40.930183], "coverageTier": "unsupported", "elevationM": 0.0, "slopeDegrees": 0.0, "landCoverClass": 11, "imperviousPct": 0, "distanceToWaterM": 363.6194214525416, "distanceToRoadM": 735.2444970730551, "femaSfha": false, "relativeElevationZ": -0.876}}, {"type": "Feature", "geometry": {"type": "Polygon", "coordinates": [[[-73.71334772447639, 40.92904085271619], [-73.71037906210928, 40.929007685311866], [-73.7103352775061, 40.931259200760266], [-73.71330404059597, 40.93129237078059], [-73.71334772447639, 40.92904085271619]]]}, "properties": {"cellId": "cell-008-016", "centroid": [-73.711842, 40.93015], "coverageTier": "unsupported", "elevationM": 0.0, "slopeDegrees": 0.0, "landCoverClass": 11, "imperviousPct": 0, "distanceToWaterM": 575.4934261481652, "distanceToRoadM": 980.8062772105878, "femaSfha": false, "relativeElevationZ": -0.876}}, {"type": "Feature", "geometry": {"type": "Polygon", "coordinates": [[[-73.71037906210928, 40.929007685311866], [-73.70741040469859, 40.928974441504316], [-73.70736651937328, 40.93122595433066], [-73.7103352775061, 40.931259200760266], [-73.71037906210928, 40.929007685311866]]]}, "properties": {"cellId": "cell-008-017", "centroid": [-73.708873, 40.930117], "coverageTier": "unsupported", "elevationM": 0.0, "slopeDegrees": 0.0, "landCoverClass": 11, "imperviousPct": 0, "distanceToWaterM": 809.4234265339904, "distanceToRoadM": 1213.2273883174066, "femaSfha": false, "relativeElevationZ": -0.876}}, {"type": "Feature", "geometry": {"type": "Polygon", "coordinates": [[[-73.70741040469859, 40.928974441504316], [-73.70444175225569, 40.92894112129386], [-73.7043977662089, 40.931192631492124], [-73.70736651937328, 40.93122595433066], [-73.70741040469859, 40.928974441504316]]]}, "properties": {"cellId": "cell-008-018", "centroid": [-73.705904, 40.930084], "coverageTier": "unsupported", "elevationM": 0.0, "slopeDegrees": 0.0, "landCoverClass": 11, "imperviousPct": 0, "distanceToWaterM": 1050.7806066464582, "distanceToRoadM": 1451.0676008483235, "femaSfha": false, "relativeElevationZ": -0.876}}, {"type": "Feature", "geometry": {"type": "Polygon", "coordinates": [[[-73.70444175225569, 40.92894112129386], [-73.70147310479202, 40.9289077246809], [-73.70142901802437, 40.93115923224507], [-73.7043977662089, 40.931192631492124], [-73.70444175225569, 40.92894112129386]]]}, "properties": {"cellId": "cell-008-019", "centroid": [-73.702935, 40.93005], "coverageTier": "unsupported", "elevationM": null, "slopeDegrees": null, "landCoverClass": null, "imperviousPct": null, "distanceToWaterM": 1290.2373810602487, "distanceToRoadM": 1531.3268497763584, "femaSfha": false, "relativeElevationZ": null}}, {"type": "Feature", "geometry": {"type": "Polygon", "coordinates": [[[-73.76080491489274, 40.931812699146285], [-73.75783607404009, 40.93178075172389], [-73.75779389630208, 40.934032307387895], [-73.76076283789894, 40.93406425733011], [-73.76080491489274, 40.931812699146285]]]}, "properties": {"cellId": "cell-009-000", "centroid": [-73.759299, 40.932923], "coverageTier": "unsupported", "elevationM": 17.986352920532227, "slopeDegrees": 0.3032190799713135, "landCoverClass": 24, "imperviousPct": 100, "distanceToWaterM": 413.7306942762807, "distanceToRoadM": 0.0, "femaSfha": false, "relativeElevationZ": 0.293}}, {"type": "Feature", "geometry": {"type": "Polygon", "coordinates": [[[-73.75783607404009, 40.93178075172389], [-73.7548672379621, 40.93174872788641], [-73.75482495948054, 40.93400028102458], [-73.75779389630208, 40.934032307387895], [-73.75783607404009, 40.93178075172389]]]}, "properties": {"cellId": "cell-009-001", "centroid": [-73.756331, 40.932891], "coverageTier": "unsupported", "elevationM": 13.870637893676758, "slopeDegrees": 5.564815521240234, "landCoverClass": 22, "imperviousPct": 29, "distanceToWaterM": 437.47839772532205, "distanceToRoadM": 0.0, "femaSfha": false, "relativeElevationZ": 0.025}}, {"type": "Feature", "geometry": {"type": "Polygon", "coordinates": [[[-73.7548672379621, 40.93174872788641], [-73.75189840667024, 40.93171662763422], [-73.75185602744573, 40.93396817824054], [-73.75482495948054, 40.93400028102458], [-73.7548672379621, 40.93174872788641]]]}, "properties": {"cellId": "cell-009-002", "centroid": [-73.753362, 40.932858], "coverageTier": "unsupported", "elevationM": 8.395615577697754, "slopeDegrees": 1.8349225521087646, "landCoverClass": 21, "imperviousPct": 8, "distanceToWaterM": 241.09820538270287, "distanceToRoadM": 0.0, "femaSfha": false, "relativeElevationZ": -0.331}}, {"type": "Feature", "geometry": {"type": "Polygon", "coordinates": [[[-73.75189840667024, 40.93171662763422], [-73.74892958017583, 40.93168445096769], [-73.74888710020899, 40.933935999036116], [-73.75185602744573, 40.93396817824054], [-73.75189840667024, 40.93171662763422]]]}, "properties": {"cellId": "cell-009-003", "centroid": [-73.750393, 40.932826], "coverageTier": "unsupported", "elevationM": 11.912864685058594, "slopeDegrees": 4.3100128173828125, "landCoverClass": 21, "imperviousPct": 10, "distanceToWaterM": 0.0, "distanceToRoadM": 0.0, "femaSfha": true, "relativeElevationZ": -0.102}}, {"type": "Feature", "geometry": {"type": "Polygon", "coordinates": [[[-73.74892958017583, 40.93168445096769], [-73.74596075849031, 40.93165219788717], [-73.74591817778179, 40.93390374341169], [-73.74888710020899, 40.933935999036116], [-73.74892958017583, 40.93168445096769]]]}, "properties": {"cellId": "cell-009-004", "centroid": [-73.747424, 40.932794], "coverageTier": "validated", "elevationM": 2.362980604171753, "slopeDegrees": 1.6390091180801392, "landCoverClass": 21, "imperviousPct": 18, "distanceToWaterM": 0.0, "distanceToRoadM": 0.0, "femaSfha": true, "relativeElevationZ": -0.723}}, {"type": "Feature", "geometry": {"type": "Polygon", "coordinates": [[[-73.74596075849031, 40.93165219788717], [-73.7429919416251, 40.931619868393], [-73.74294926017546, 40.93387141136759], [-73.74591817778179, 40.93390374341169], [-73.74596075849031, 40.93165219788717]]]}, "properties": {"cellId": "cell-009-005", "centroid": [-73.744455, 40.932762], "coverageTier": "validated", "elevationM": 2.9997756481170654, "slopeDegrees": 0.27498239278793335, "landCoverClass": 23, "imperviousPct": 72, "distanceToWaterM": 0.0, "distanceToRoadM": 0.0, "femaSfha": true, "relativeElevationZ": -0.681}}, {"type": "Feature", "geometry": {"type": "Polygon", "coordinates": [[[-73.7429919416251, 40.931619868393], [-73.74002312959156, 40.93158746248557], [-73.73998034740146, 40.93383900290419], [-73.74294926017546, 40.93387141136759], [-73.7429919416251, 40.931619868393]]]}, "properties": {"cellId": "cell-009-006", "centroid": [-73.741486, 40.932729], "coverageTier": "validated", "elevationM": 2.4917490482330322, "slopeDegrees": 2.668900728225708, "landCoverClass": 21, "imperviousPct": 4, "distanceToWaterM": 0.0, "distanceToRoadM": 0.0, "femaSfha": true, "relativeElevationZ": -0.714}}, {"type": "Feature", "geometry": {"type": "Polygon", "coordinates": [[[-73.74002312959156, 40.93158746248557], [-73.73705432240111, 40.931554980165195], [-73.73701143947115, 40.933806518021846], [-73.73998034740146, 40.93383900290419], [-73.74002312959156, 40.93158746248557]]]}, "properties": {"cellId": "cell-009-007", "centroid": [-73.738517, 40.932697], "coverageTier": "validated", "elevationM": -0.6684228181838989, "slopeDegrees": 1.4859764575958252, "landCoverClass": 21, "imperviousPct": 16, "distanceToWaterM": 0.0, "distanceToRoadM": 0.0, "femaSfha": true, "relativeElevationZ": -0.92}}, {"type": "Feature", "geometry": {"type": "Polygon", "coordinates": [[[-73.73705432240111, 40.931554980165195], [-73.73408552006512, 40.93152242143228], [-73.73404253639595, 40.93377395672092], [-73.73701143947115, 40.933806518021846], [-73.73705432240111, 40.931554980165195]]]}, "properties": {"cellId": "cell-009-008", "centroid": [-73.735548, 40.932664], "coverageTier": "validated", "elevationM": 3.4698169231414795, "slopeDegrees": 4.666257381439209, "landCoverClass": 21, "imperviousPct": 8, "distanceToWaterM": 24.66119675221853, "distanceToRoadM": 0.0, "femaSfha": true, "relativeElevationZ": -0.651}}, {"type": "Feature", "geometry": {"type": "Polygon", "coordinates": [[[-73.73408552006512, 40.93152242143228], [-73.73111672259502, 40.93148978628717], [-73.73107363818725, 40.933741319001776], [-73.73404253639595, 40.93377395672092], [-73.73408552006512, 40.93152242143228]]]}, "properties": {"cellId": "cell-009-009", "centroid": [-73.73258, 40.932632], "coverageTier": "validated", "elevationM": 2.464578628540039, "slopeDegrees": 0.8715907335281372, "landCoverClass": 21, "imperviousPct": 11, "distanceToWaterM": 269.63515616505646, "distanceToRoadM": 0.0, "femaSfha": true, "relativeElevationZ": -0.716}}, {"type": "Feature", "geometry": {"type": "Polygon", "coordinates": [[[-73.73111672259502, 40.93148978628717], [-73.72814793000218, 40.931457074730204], [-73.72810474485645, 40.933708604864755], [-73.73107363818725, 40.933741319001776], [-73.73111672259502, 40.93148978628717]]]}, "properties": {"cellId": "cell-009-010", "centroid": [-73.729611, 40.932599], "coverageTier": "validated", "elevationM": 8.828875541687012, "slopeDegrees": 1.1403391361236572, "landCoverClass": 21, "imperviousPct": 3, "distanceToWaterM": 395.40058316860905, "distanceToRoadM": 0.0, "femaSfha": true, "relativeElevationZ": -0.302}}, {"type": "Feature", "geometry": {"type": "Polygon", "coordinates": [[[-73.72814793000218, 40.931457074730204], [-73.725179142298, 40.931424286761775], [-73.72513585641495, 40.93367581431025], [-73.72810474485645, 40.933708604864755], [-73.72814793000218, 40.931457074730204]]]}, "properties": {"cellId": "cell-009-011", "centroid": [-73.726642, 40.932566], "coverageTier": "validated", "elevationM": 6.622949123382568, "slopeDegrees": 0.7129396200180054, "landCoverClass": 22, "imperviousPct": 40, "distanceToWaterM": 162.7840256096812, "distanceToRoadM": 0.0, "femaSfha": true, "relativeElevationZ": -0.446}}, {"type": "Feature", "geometry": {"type": "Polygon", "coordinates": [[[-73.725179142298, 40.931424286761775], [-73.72221035949391, 40.93139142238223], [-73.72216697287415, 40.933642947338605], [-73.72513585641495, 40.93367581431025], [-73.725179142298, 40.931424286761775]]]}, "properties": {"cellId": "cell-009-012", "centroid": [-73.723673, 40.932534], "coverageTier": "validated", "elevationM": 1.3676948547363281, "slopeDegrees": 10.19790267944336, "landCoverClass": 22, "imperviousPct": 37, "distanceToWaterM": 72.93909363355488, "distanceToRoadM": 0.0, "femaSfha": true, "relativeElevationZ": -0.787}}, {"type": "Feature", "geometry": {"type": "Polygon", "coordinates": [[[-73.72221035949391, 40.93139142238223], [-73.71924158160128, 40.93135848159195], [-73.71919809424544, 40.93361000395019], [-73.72216697287415, 40.933642947338605], [-73.72221035949391, 40.93139142238223]]]}, "properties": {"cellId": "cell-009-013", "centroid": [-73.720704, 40.932501], "coverageTier": "validated", "elevationM": -1.506100058555603, "slopeDegrees": 0.0, "landCoverClass": 11, "imperviousPct": 0, "distanceToWaterM": 0.0, "distanceToRoadM": 213.0708875250565, "femaSfha": true, "relativeElevationZ": -0.974}}, {"type": "Feature", "geometry": {"type": "Polygon", "coordinates": [[[-73.71924158160128, 40.93135848159195], [-73.7162728086315, 40.931325464391286], [-73.71622922054023, 40.93357698414537], [-73.71919809424544, 40.93361000395019], [-73.71924158160128, 40.93135848159195]]]}, "properties": {"cellId": "cell-009-014", "centroid": [-73.717735, 40.932468], "coverageTier": "validated", "elevationM": -0.05226583778858185, "slopeDegrees": 0.2358841747045517, "landCoverClass": 11, "imperviousPct": 0, "distanceToWaterM": 22.71287083590869, "distanceToRoadM": 423.1943125481176, "femaSfha": false, "relativeElevationZ": -0.88}}, {"type": "Feature", "geometry": {"type": "Polygon", "coordinates": [[[-73.7162728086315, 40.931325464391286], [-73.71330404059597, 40.93129237078059], [-73.7132603517699, 40.933543887924515], [-73.71622922054023, 40.93357698414537], [-73.7162728086315, 40.931325464391286]]]}, "properties": {"cellId": "cell-009-015", "centroid": [-73.714767, 40.932435], "coverageTier": "unsupported", "elevationM": 0.0, "slopeDegrees": 0.0, "landCoverClass": 11, "imperviousPct": 0, "distanceToWaterM": 272.7128708359087, "distanceToRoadM": 661.6418310848456, "femaSfha": false, "relativeElevationZ": -0.876}}, {"type": "Feature", "geometry": {"type": "Polygon", "coordinates": [[[-73.71330404059597, 40.93129237078059], [-73.7103352775061, 40.931259200760266], [-73.71029148794587, 40.93351071528799], [-73.7132603517699, 40.933543887924515], [-73.71330404059597, 40.93129237078059]]]}, "properties": {"cellId": "cell-009-016", "centroid": [-73.711798, 40.932402], "coverageTier": "unsupported", "elevationM": 0.0, "slopeDegrees": 0.0, "landCoverClass": 11, "imperviousPct": 0, "distanceToWaterM": 522.7128708359087, "distanceToRoadM": 906.3368022482266, "femaSfha": false, "relativeElevationZ": -0.876}}, {"type": "Feature", "geometry": {"type": "Polygon", "coordinates": [[[-73.7103352775061, 40.931259200760266], [-73.70736651937328, 40.93122595433066], [-73.70732262907953, 40.93347746623615], [-73.71029148794587, 40.93351071528799], [-73.7103352775061, 40.931259200760266]]]}, "properties": {"cellId": "cell-009-017", "centroid": [-73.708829, 40.932368], "coverageTier": "unsupported", "elevationM": 0.0, "slopeDegrees": 0.0, "landCoverClass": 11, "imperviousPct": 0, "distanceToWaterM": 760.8154362862837, "distanceToRoadM": 1153.3095358912865, "femaSfha": false, "relativeElevationZ": -0.876}}, {"type": "Feature", "geometry": {"type": "Polygon", "coordinates": [[[-73.70736651937328, 40.93122595433066], [-73.7043977662089, 40.931192631492124], [-73.70435377518226, 40.933444140769375], [-73.70732262907953, 40.93347746623615], [-73.70736651937328, 40.93122595433066]]]}, "properties": {"cellId": "cell-009-018", "centroid": [-73.70586, 40.932335], "coverageTier": "unsupported", "elevationM": 0.0006570820696651936, "slopeDegrees": 0.010874626226723194, "landCoverClass": 11, "imperviousPct": 0, "distanceToWaterM": 938.0045579213921, "distanceToRoadM": 1253.7061406466348, "femaSfha": false, "relativeElevationZ": -0.876}}, {"type": "Feature", "geometry": {"type": "Polygon", "coordinates": [[[-73.7043977662089, 40.931192631492124], [-73.70142901802437, 40.93115923224507], [-73.70138492626548, 40.93341073888803], [-73.70435377518226, 40.933444140769375], [-73.7043977662089, 40.931192631492124]]]}, "properties": {"cellId": "cell-009-019", "centroid": [-73.702891, 40.932302], "coverageTier": "unsupported", "elevationM": null, "slopeDegrees": null, "landCoverClass": null, "imperviousPct": null, "distanceToWaterM": 1142.7444916826876, "distanceToRoadM": 1286.8507131571464, "femaSfha": false, "relativeElevationZ": null}}, {"type": "Feature", "geometry": {"type": "Polygon", "coordinates": [[[-73.76076283789894, 40.93406425733011], [-73.75779389630208, 40.934032307387895], [-73.75775171378879, 40.936283862133955], [-73.76072075614121, 40.936315814596156], [-73.76076283789894, 40.93406425733011]]]}, "properties": {"cellId": "cell-010-000", "centroid": [-73.759257, 40.935174], "coverageTier": "unsupported", "elevationM": 13.39340591430664, "slopeDegrees": 1.8164105415344238, "landCoverClass": 23, "imperviousPct": 52, "distanceToWaterM": 661.9462172625331, "distanceToRoadM": 0.0, "femaSfha": false, "relativeElevationZ": -0.006}}, {"type": "Feature", "geometry": {"type": "Polygon", "coordinates": [[[-73.75779389630208, 40.934032307387895], [-73.75482495948054, 40.93400028102458], [-73.75478267621229, 40.93625183324465], [-73.75775171378879, 40.936283862133955], [-73.75779389630208, 40.934032307387895]]]}, "properties": {"cellId": "cell-010-001", "centroid": [-73.756288, 40.935142], "coverageTier": "unsupported", "elevationM": 11.775618553161621, "slopeDegrees": 1.2887003421783447, "landCoverClass": 24, "imperviousPct": 96, "distanceToWaterM": 538.9651455509226, "distanceToRoadM": 0.0, "femaSfha": false, "relativeElevationZ": -0.111}}, {"type": "Feature", "geometry": {"type": "Polygon", "coordinates": [[[-73.75482495948054, 40.93400028102458], [-73.75185602744573, 40.93396817824054], [-73.7518136434231, 40.93621972792858], [-73.75478267621229, 40.93625183324465], [-73.75482495948054, 40.93400028102458]]]}, "properties": {"cellId": "cell-010-002", "centroid": [-73.753319, 40.93511], "coverageTier": "unsupported", "elevationM": 13.296855926513672, "slopeDegrees": 1.939012885093689, "landCoverClass": 21, "imperviousPct": 19, "distanceToWaterM": 326.9027351539555, "distanceToRoadM": 0.0, "femaSfha": false, "relativeElevationZ": -0.012}}, {"type": "Feature", "geometry": {"type": "Polygon", "coordinates": [[[-73.75185602744573, 40.93396817824054], [-73.74888710020899, 40.933935999036116], [-73.74884461543265, 40.93618754618609], [-73.7518136434231, 40.93621972792858], [-73.75185602744573, 40.93396817824054]]]}, "properties": {"cellId": "cell-010-003", "centroid": [-73.75035, 40.935078], "coverageTier": "unsupported", "elevationM": 12.306711196899414, "slopeDegrees": 3.787797689437866, "landCoverClass": 22, "imperviousPct": 28, "distanceToWaterM": 142.12485778290667, "distanceToRoadM": 0.0, "femaSfha": false, "relativeElevationZ": -0.076}}, {"type": "Feature", "geometry": {"type": "Polygon", "coordinates": [[[-73.74888710020899, 40.933935999036116], [-73.74591817778179, 40.93390374341169], [-73.74587559225233, 40.93615528801759], [-73.74884461543265, 40.93618754618609], [-73.74888710020899, 40.933935999036116]]]}, "properties": {"cellId": "cell-010-004", "centroid": [-73.747381, 40.935046], "coverageTier": "validated", "elevationM": 3.8009727001190186, "slopeDegrees": 1.6396609544754028, "landCoverClass": 24, "imperviousPct": 85, "distanceToWaterM": 58.41637281887233, "distanceToRoadM": 0.0, "femaSfha": true, "relativeElevationZ": -0.629}}, {"type": "Feature", "geometry": {"type": "Polygon", "coordinates": [[[-73.74591817778179, 40.93390374341169], [-73.74294926017546, 40.93387141136759], [-73.74290657389353, 40.93612295342339], [-73.74587559225233, 40.93615528801759], [-73.74591817778179, 40.93390374341169]]]}, "properties": {"cellId": "cell-010-005", "centroid": [-73.744412, 40.935013], "coverageTier": "validated", "elevationM": 2.5735206604003906, "slopeDegrees": 1.4931634664535522, "landCoverClass": 23, "imperviousPct": 57, "distanceToWaterM": 0.0, "distanceToRoadM": 0.0, "femaSfha": true, "relativeElevationZ": -0.709}}, {"type": "Feature", "geometry": {"type": "Polygon", "coordinates": [[[-73.74294926017546, 40.93387141136759], [-73.73998034740146, 40.93383900290419], [-73.73993756036765, 40.93609054240385], [-73.74290657389353, 40.93612295342339], [-73.74294926017546, 40.93387141136759]]]}, "properties": {"cellId": "cell-010-006", "centroid": [-73.741443, 40.934981], "coverageTier": "validated", "elevationM": 2.974048376083374, "slopeDegrees": 2.9342517852783203, "landCoverClass": 42, "imperviousPct": 0, "distanceToWaterM": 0.0, "distanceToRoadM": 0.0, "femaSfha": true, "relativeElevationZ": -0.683}}, {"type": "Feature", "geometry": {"type": "Polygon", "coordinates": [[[-73.73998034740146, 40.93383900290419], [-73.73701143947115, 40.933806518021846], [-73.7369685516861, 40.93605805495936], [-73.73993756036765, 40.93609054240385], [-73.73998034740146, 40.93383900290419]]]}, "properties": {"cellId": "cell-010-007", "centroid": [-73.738474, 40.934949], "coverageTier": "validated", "elevationM": 0.0023074063938111067, "slopeDegrees": 0.5402578711509705, "landCoverClass": 21, "imperviousPct": 11, "distanceToWaterM": 0.0, "distanceToRoadM": 0.0, "femaSfha": true, "relativeElevationZ": -0.876}}, {"type": "Feature", "geometry": {"type": "Polygon", "coordinates": [[[-73.73701143947115, 40.933806518021846], [-73.73404253639595, 40.93377395672092], [-73.73399954786028, 40.936025491090255], [-73.7369685516861, 40.93605805495936], [-73.73701143947115, 40.933806518021846]]]}, "properties": {"cellId": "cell-010-008", "centroid": [-73.735506, 40.934916], "coverageTier": "validated", "elevationM": 0.17667308449745178, "slopeDegrees": 0.4880925416946411, "landCoverClass": 21, "imperviousPct": 4, "distanceToWaterM": 18.5726633007871, "distanceToRoadM": 0.0, "femaSfha": true, "relativeElevationZ": -0.865}}, {"type": "Feature", "geometry": {"type": "Polygon", "coordinates": [[[-73.73404253639595, 40.93377395672092], [-73.73107363818725, 40.933741319001776], [-73.7310305489016, 40.9359928507969], [-73.73399954786028, 40.936025491090255], [-73.73404253639595, 40.93377395672092]]]}, "properties": {"cellId": "cell-010-009", "centroid": [-73.732537, 40.934883], "coverageTier": "validated", "elevationM": 3.9156463146209717, "slopeDegrees": 4.467867851257324, "landCoverClass": 21, "imperviousPct": 9, "distanceToWaterM": 248.26953845453625, "distanceToRoadM": 0.0, "femaSfha": true, "relativeElevationZ": -0.622}}, {"type": "Feature", "geometry": {"type": "Polygon", "coordinates": [[[-73.73107363818725, 40.933741319001776], [-73.72810474485645, 40.933708604864755], [-73.72806155482142, 40.935960134079664], [-73.7310305489016, 40.9359928507969], [-73.73107363818725, 40.933741319001776]]]}, "properties": {"cellId": "cell-010-010", "centroid": [-73.729568, 40.934851], "coverageTier": "validated", "elevationM": 6.31579065322876, "slopeDegrees": 1.5978670120239258, "landCoverClass": 21, "imperviousPct": 1, "distanceToWaterM": 383.0124497739598, "distanceToRoadM": 0.0, "femaSfha": false, "relativeElevationZ": -0.466}}, {"type": "Feature", "geometry": {"type": "Polygon", "coordinates": [[[-73.72810474485645, 40.933708604864755], [-73.72513585641495, 40.93367581431025], [-73.7250925656312, 40.9359273409389], [-73.72806155482142, 40.935960134079664], [-73.72810474485645, 40.933708604864755]]]}, "properties": {"cellId": "cell-010-011", "centroid": [-73.726599, 40.934818], "coverageTier": "validated", "elevationM": 7.049269199371338, "slopeDegrees": 1.2344388961791992, "landCoverClass": 21, "imperviousPct": 6, "distanceToWaterM": 133.01244977395982, "distanceToRoadM": 0.0, "femaSfha": false, "relativeElevationZ": -0.418}}, {"type": "Feature", "geometry": {"type": "Polygon", "coordinates": [[[-73.72513585641495, 40.93367581431025], [-73.72216697287415, 40.933642947338605], [-73.72212358134229, 40.93589447137498], [-73.7250925656312, 40.9359273409389], [-73.72513585641495, 40.93367581431025]]]}, "properties": {"cellId": "cell-010-012", "centroid": [-73.72363, 40.934785], "coverageTier": "validated", "elevationM": 2.2453672885894775, "slopeDegrees": 5.400854587554932, "landCoverClass": 23, "imperviousPct": 73, "distanceToWaterM": 0.0, "distanceToRoadM": 0.0, "femaSfha": true, "relativeElevationZ": -0.73}}, {"type": "Feature", "geometry": {"type": "Polygon", "coordinates": [[[-73.72216697287415, 40.933642947338605], [-73.71919809424544, 40.93361000395019], [-73.71915460196611, 40.935861525388255], [-73.72212358134229, 40.93589447137498], [-73.72216697287415, 40.933642947338605]]]}, "properties": {"cellId": "cell-010-013", "centroid": [-73.720661, 40.934752], "coverageTier": "validated", "elevationM": -1.506100058555603, "slopeDegrees": 0.0, "landCoverClass": 11, "imperviousPct": 0, "distanceToWaterM": 0.0, "distanceToRoadM": 142.35297293646727, "femaSfha": true, "relativeElevationZ": -0.974}}, {"type": "Feature", "geometry": {"type": "Polygon", "coordinates": [[[-73.71919809424544, 40.93361000395019], [-73.71622922054023, 40.93357698414537], [-73.71618562751407, 40.93582850297911], [-73.71915460196611, 40.935861525388255], [-73.71919809424544, 40.93361000395019]]]}, "properties": {"cellId": "cell-010-014", "centroid": [-73.717692, 40.934719], "coverageTier": "validated", "elevationM": -0.6655988693237305, "slopeDegrees": 1.1109302043914795, "landCoverClass": 11, "imperviousPct": 0, "distanceToWaterM": 22.879190603891885, "distanceToRoadM": 368.8442325264968, "femaSfha": false, "relativeElevationZ": -0.92}}, {"type": "Feature", "geometry": {"type": "Polygon", "coordinates": [[[-73.71622922054023, 40.93357698414537], [-73.7132603517699, 40.933543887924515], [-73.71321665799755, 40.93579540414791], [-73.71618562751407, 40.93582850297911], [-73.71622922054023, 40.93357698414537]]]}, "properties": {"cellId": "cell-010-015", "centroid": [-73.714723, 40.934686], "coverageTier": "unsupported", "elevationM": 0.0, "slopeDegrees": 0.0, "landCoverClass": 11, "imperviousPct": 0, "distanceToWaterM": 272.72677312769196, "distanceToRoadM": 613.4609369561796, "femaSfha": false, "relativeElevationZ": -0.876}}, {"type": "Feature", "geometry": {"type": "Polygon", "coordinates": [[[-73.7132603517699, 40.933543887924515], [-73.71029148794587, 40.93351071528799], [-73.71024769342795, 40.935762228895], [-73.71321665799755, 40.93579540414791], [-73.7132603517699, 40.933543887924515]]]}, "properties": {"cellId": "cell-010-016", "centroid": [-73.711754, 40.934653], "coverageTier": "unsupported", "elevationM": 0.0, "slopeDegrees": 0.0, "landCoverClass": 11, "imperviousPct": 0, "distanceToWaterM": 411.0719879626738, "distanceToRoadM": 861.1751125492696, "femaSfha": false, "relativeElevationZ": -0.876}}, {"type": "Feature", "geometry": {"type": "Polygon", "coordinates": [[[-73.71029148794587, 40.93351071528799], [-73.70732262907953, 40.93347746623615], [-73.70727873381666, 40.93572897722076], [-73.71024769342795, 40.935762228895], [-73.71029148794587, 40.93351071528799]]]}, "properties": {"cellId": "cell-010-017", "centroid": [-73.708785, 40.93462], "coverageTier": "unsupported", "elevationM": 0.0, "slopeDegrees": 0.0, "landCoverClass": 11, "imperviousPct": 0, "distanceToWaterM": 587.3607084895981, "distanceToRoadM": 1002.933792129159, "femaSfha": false, "relativeElevationZ": -0.876}}, {"type": "Feature", "geometry": {"type": "Polygon", "coordinates": [[[-73.70732262907953, 40.93347746623615], [-73.70435377518226, 40.933444140769375], [-73.70430977917512, 40.93569564912557], [-73.70727873381666, 40.93572897722076], [-73.70732262907953, 40.93347746623615]]]}, "properties": {"cellId": "cell-010-018", "centroid": [-73.705816, 40.934587], "coverageTier": "unsupported", "elevationM": -1.099777102470398, "slopeDegrees": 0.9188375473022461, "landCoverClass": 11, "imperviousPct": 0, "distanceToWaterM": 803.74437756492, "distanceToRoadM": 1003.8933828859263, "femaSfha": false, "relativeElevationZ": -0.948}}, {"type": "Feature", "geometry": {"type": "Polygon", "coordinates": [[[-73.70435377518226, 40.933444140769375], [-73.70138492626548, 40.93341073888803], [-73.7013408295147, 40.93566224460978], [-73.70430977917512, 40.93569564912557], [-73.70435377518226, 40.933444140769375]]]}, "properties": {"cellId": "cell-010-019", "centroid": [-73.702847, 40.934553], "coverageTier": "unsupported", "elevationM": null, "slopeDegrees": null, "landCoverClass": null, "imperviousPct": null, "distanceToWaterM": 1035.3827538920275, "distanceToRoadM": 1044.9916722443895, "femaSfha": false, "relativeElevationZ": null}}, {"type": "Feature", "geometry": {"type": "Polygon", "coordinates": [[[-73.76072075614121, 40.936315814596156], [-73.75775171378879, 40.936283862133955], [-73.75770952649957, 40.93853541596208], [-73.76067866961897, 40.93856737094442], [-73.76072075614121, 40.936315814596156]]]}, "properties": {"cellId": "cell-011-000", "centroid": [-73.759215, 40.937426], "coverageTier": "unsupported", "elevationM": 24.19508934020996, "slopeDegrees": 7.796178340911865, "landCoverClass": 21, "imperviousPct": 10, "distanceToWaterM": 680.721934188088, "distanceToRoadM": 0.0, "femaSfha": false, "relativeElevationZ": 0.697}}, {"type": "Feature", "geometry": {"type": "Polygon", "coordinates": [[[-73.75775171378879, 40.936283862133955], [-73.75478267621229, 40.93625183324465], [-73.7547403881567, 40.938503384546586], [-73.75770952649957, 40.93853541596208], [-73.75775171378879, 40.936283862133955]]]}, "properties": {"cellId": "cell-011-001", "centroid": [-73.756246, 40.937394], "coverageTier": "unsupported", "elevationM": 14.273462295532227, "slopeDegrees": 3.37424898147583, "landCoverClass": 22, "imperviousPct": 36, "distanceToWaterM": 574.7550058784399, "distanceToRoadM": 0.0, "femaSfha": false, "relativeElevationZ": 0.052}}, {"type": "Feature", "geometry": {"type": "Polygon", "coordinates": [[[-73.75478267621229, 40.93625183324465], [-73.7518136434231, 40.93621972792858], [-73.75177125460178, 40.938471276698316], [-73.7547403881567, 40.938503384546586], [-73.75478267621229, 40.93625183324465]]]}, "properties": {"cellId": "cell-011-002", "centroid": [-73.753277, 40.937362], "coverageTier": "unsupported", "elevationM": 15.132081031799316, "slopeDegrees": 5.720284461975098, "landCoverClass": 22, "imperviousPct": 20, "distanceToWaterM": 495.22101177290835, "distanceToRoadM": 0.0, "femaSfha": false, "relativeElevationZ": 0.107}}, {"type": "Feature", "geometry": {"type": "Polygon", "coordinates": [[[-73.7518136434231, 40.93621972792858], [-73.74884461543265, 40.93618754618609], [-73.7488021258462, 40.938439092417624], [-73.75177125460178, 40.938471276698316], [-73.7518136434231, 40.93621972792858]]]}, "properties": {"cellId": "cell-011-003", "centroid": [-73.750308, 40.937329], "coverageTier": "validated", "elevationM": 16.960216522216797, "slopeDegrees": 1.9618394374847412, "landCoverClass": 22, "imperviousPct": 29, "distanceToWaterM": 343.1938459796671, "distanceToRoadM": 0.0, "femaSfha": false, "relativeElevationZ": 0.226}}, {"type": "Feature", "geometry": {"type": "Polygon", "coordinates": [[[-73.74884461543265, 40.93618754618609], [-73.74587559225233, 40.93615528801759], [-73.74583300190135, 40.93840683170486], [-73.7488021258462, 40.938439092417624], [-73.74884461543265, 40.93618754618609]]]}, "properties": {"cellId": "cell-011-004", "centroid": [-73.747339, 40.937297], "coverageTier": "validated", "elevationM": 5.141425609588623, "slopeDegrees": 7.695683002471924, "landCoverClass": 22, "imperviousPct": 32, "distanceToWaterM": 245.74183324162766, "distanceToRoadM": 0.0, "femaSfha": false, "relativeElevationZ": -0.542}}, {"type": "Feature", "geometry": {"type": "Polygon", "coordinates": [[[-73.74587559225233, 40.93615528801759], [-73.74290657389353, 40.93612295342339], [-73.74286388277865, 40.938374494560385], [-73.74583300190135, 40.93840683170486], [-73.74587559225233, 40.93615528801759]]]}, "properties": {"cellId": "cell-011-005", "centroid": [-73.74437, 40.937265], "coverageTier": "validated", "elevationM": 8.558568000793457, "slopeDegrees": 8.783283233642578, "landCoverClass": 21, "imperviousPct": 16, "distanceToWaterM": 14.010876367916353, "distanceToRoadM": 0.0, "femaSfha": true, "relativeElevationZ": -0.32}}, {"type": "Feature", "geometry": {"type": "Polygon", "coordinates": [[[-73.74290657389353, 40.93612295342339], [-73.73993756036765, 40.93609054240385], [-73.73989476848952, 40.93834208098455], [-73.74286388277865, 40.938374494560385], [-73.74290657389353, 40.93612295342339]]]}, "properties": {"cellId": "cell-011-006", "centroid": [-73.741401, 40.937233], "coverageTier": "validated", "elevationM": 3.2809579372406006, "slopeDegrees": 4.160253047943115, "landCoverClass": 21, "imperviousPct": 7, "distanceToWaterM": 0.0, "distanceToRoadM": 0.0, "femaSfha": true, "relativeElevationZ": -0.663}}, {"type": "Feature", "geometry": {"type": "Polygon", "coordinates": [[[-73.73993756036765, 40.93609054240385], [-73.7369685516861, 40.93605805495936], [-73.73692565904533, 40.938309590977724], [-73.73989476848952, 40.93834208098455], [-73.73993756036765, 40.93609054240385]]]}, "properties": {"cellId": "cell-011-007", "centroid": [-73.738432, 40.9372], "coverageTier": "validated", "elevationM": 1.8277329206466675, "slopeDegrees": 4.375447750091553, "landCoverClass": 21, "imperviousPct": 3, "distanceToWaterM": 0.0, "distanceToRoadM": 0.0, "femaSfha": true, "relativeElevationZ": -0.758}}, {"type": "Feature", "geometry": {"type": "Polygon", "coordinates": [[[-73.7369685516861, 40.93605805495936], [-73.73399954786028, 40.936025491090255], [-73.73395655445748, 40.93827702454027], [-73.73692565904533, 40.938309590977724], [-73.7369685516861, 40.93605805495936]]]}, "properties": {"cellId": "cell-011-008", "centroid": [-73.735463, 40.937168], "coverageTier": "validated", "elevationM": 4.068178176879883, "slopeDegrees": 9.198945999145508, "landCoverClass": 21, "imperviousPct": 13, "distanceToWaterM": 0.0, "distanceToRoadM": 0.0, "femaSfha": true, "relativeElevationZ": -0.612}}, {"type": "Feature", "geometry": {"type": "Polygon", "coordinates": [[[-73.73399954786028, 40.936025491090255], [-73.7310305489016, 40.9359928507969], [-73.7309874547374, 40.93824438167254], [-73.73395655445748, 40.93827702454027], [-73.73399954786028, 40.936025491090255]]]}, "properties": {"cellId": "cell-011-009", "centroid": [-73.732494, 40.937135], "coverageTier": "validated", "elevationM": 8.445137023925781, "slopeDegrees": 1.7548518180847168, "landCoverClass": 22, "imperviousPct": 23, "distanceToWaterM": 166.4801430576481, "distanceToRoadM": 0.0, "femaSfha": false, "relativeElevationZ": -0.327}}, {"type": "Feature", "geometry": {"type": "Polygon", "coordinates": [[[-73.7310305489016, 40.9359928507969], [-73.72806155482142, 40.935960134079664], [-73.72801835989648, 40.938211662374904], [-73.7309874547374, 40.93824438167254], [-73.7310305489016, 40.9359928507969]]]}, "properties": {"cellId": "cell-011-010", "centroid": [-73.729524, 40.937102], "coverageTier": "validated", "elevationM": 7.532859802246094, "slopeDegrees": 2.9481186866760254, "landCoverClass": 21, "imperviousPct": 8, "distanceToWaterM": 185.34747336898, "distanceToRoadM": 0.0, "femaSfha": true, "relativeElevationZ": -0.387}}, {"type": "Feature", "geometry": {"type": "Polygon", "coordinates": [[[-73.72806155482142, 40.935960134079664], [-73.7250925656312, 40.9359273409389], [-73.72504926994611, 40.93817886664771], [-73.72801835989648, 40.938211662374904], [-73.72806155482142, 40.935960134079664]]]}, "properties": {"cellId": "cell-011-011", "centroid": [-73.726555, 40.93707], "coverageTier": "validated", "elevationM": 4.226685523986816, "slopeDegrees": 0.1900041550397873, "landCoverClass": 22, "imperviousPct": 29, "distanceToWaterM": 195.19045574268964, "distanceToRoadM": 0.0, "femaSfha": true, "relativeElevationZ": -0.602}}, {"type": "Feature", "geometry": {"type": "Polygon", "coordinates": [[[-73.7250925656312, 40.9359273409389], [-73.72212358134229, 40.93589447137498], [-73.7220801848977, 40.938145994491336], [-73.72504926994611, 40.93817886664771], [-73.7250925656312, 40.9359273409389]]]}, "properties": {"cellId": "cell-011-012", "centroid": [-73.723586, 40.937037], "coverageTier": "validated", "elevationM": 4.198980808258057, "slopeDegrees": 4.510888576507568, "landCoverClass": 21, "imperviousPct": 8, "distanceToWaterM": 137.97286707814783, "distanceToRoadM": 0.0, "femaSfha": true, "relativeElevationZ": -0.603}}, {"type": "Feature", "geometry": {"type": "Polygon", "coordinates": [[[-73.72212358134229, 40.93589447137498], [-73.71915460196611, 40.935861525388255], [-73.71911110476266, 40.93811304590615], [-73.7220801848977, 40.938145994491336], [-73.72212358134229, 40.93589447137498]]]}, "properties": {"cellId": "cell-011-013", "centroid": [-73.720617, 40.937004], "coverageTier": "validated", "elevationM": -1.506100058555603, "slopeDegrees": 0.0, "landCoverClass": 11, "imperviousPct": 0, "distanceToWaterM": 177.66615009161666, "distanceToRoadM": 105.57650660618674, "femaSfha": true, "relativeElevationZ": -0.974}}, {"type": "Feature", "geometry": {"type": "Polygon", "coordinates": [[[-73.71915460196611, 40.935861525388255], [-73.71618562751407, 40.93582850297911], [-73.71614202955237, 40.9380800208925], [-73.71911110476266, 40.93811304590615], [-73.71915460196611, 40.935861525388255]]]}, "properties": {"cellId": "cell-011-014", "centroid": [-73.717648, 40.936971], "coverageTier": "validated", "elevationM": -1.4422181844711304, "slopeDegrees": 0.32646211981773376, "landCoverClass": 11, "imperviousPct": 0, "distanceToWaterM": 95.49989782026508, "distanceToRoadM": 355.57650660618674, "femaSfha": false, "relativeElevationZ": -0.97}}, {"type": "Feature", "geometry": {"type": "Polygon", "coordinates": [[[-73.71618562751407, 40.93582850297911], [-73.71321665799755, 40.93579540414791], [-73.71317295927825, 40.93804691945076], [-73.71614202955237, 40.9380800208925], [-73.71618562751407, 40.93582850297911]]]}, "properties": {"cellId": "cell-011-015", "centroid": [-73.714679, 40.936938], "coverageTier": "validated", "elevationM": 0.0, "slopeDegrees": 0.0, "landCoverClass": 11, "imperviousPct": 0, "distanceToWaterM": 92.69505242817104, "distanceToRoadM": 596.7748051434517, "femaSfha": false, "relativeElevationZ": -0.876}}, {"type": "Feature", "geometry": {"type": "Polygon", "coordinates": [[[-73.71321665799755, 40.93579540414791], [-73.71024769342795, 40.935762228895], [-73.7102038939517, 40.93801374158131], [-73.71317295927825, 40.93804691945076], [-73.71321665799755, 40.93579540414791]]]}, "properties": {"cellId": "cell-011-016", "centroid": [-73.71171, 40.936905], "coverageTier": "unsupported", "elevationM": 0.0, "slopeDegrees": 0.0, "landCoverClass": 11, "imperviousPct": 0, "distanceToWaterM": 245.2196017317928, "distanceToRoadM": 713.3911637817214, "femaSfha": false, "relativeElevationZ": -0.876}}, {"type": "Feature", "geometry": {"type": "Polygon", "coordinates": [[[-73.71024769342795, 40.935762228895], [-73.70727873381666, 40.93572897722076], [-73.70723483358411, 40.9379804872845], [-73.7102038939517, 40.93801374158131], [-73.71024769342795, 40.935762228895]]]}, "properties": {"cellId": "cell-011-017", "centroid": [-73.708741, 40.936871], "coverageTier": "unsupported", "elevationM": 0.0, "slopeDegrees": 0.0, "landCoverClass": 11, "imperviousPct": 0, "distanceToWaterM": 485.94760588289466, "distanceToRoadM": 752.933792129159, "femaSfha": true, "relativeElevationZ": -0.876}}, {"type": "Feature", "geometry": {"type": "Polygon", "coordinates": [[[-73.70727873381666, 40.93572897722076], [-73.70430977917512, 40.93569564912557], [-73.70426577818688, 40.937947156560696], [-73.70723483358411, 40.9379804872845], [-73.70727873381666, 40.93572897722076]]]}, "properties": {"cellId": "cell-011-018", "centroid": [-73.705772, 40.936838], "coverageTier": "unsupported", "elevationM": -0.18804097175598145, "slopeDegrees": 0.5490993857383728, "landCoverClass": 11, "imperviousPct": 0, "distanceToWaterM": 732.9102934555737, "distanceToRoadM": 754.2047210865355, "femaSfha": true, "relativeElevationZ": -0.889}}, {"type": "Feature", "geometry": {"type": "Polygon", "coordinates": [[[-73.70430977917512, 40.93569564912557], [-73.7013408295147, 40.93566224460978], [-73.7012967277714, 40.93791374941028], [-73.70426577818688, 40.937947156560696], [-73.70430977917512, 40.93569564912557]]]}, "properties": {"cellId": "cell-011-019", "centroid": [-73.702803, 40.936805], "coverageTier": "unsupported", "elevationM": null, "slopeDegrees": null, "landCoverClass": null, "imperviousPct": null, "distanceToWaterM": 981.4122074046935, "distanceToRoadM": 808.1029836395826, "femaSfha": true, "relativeElevationZ": null}}, {"type": "Feature", "geometry": {"type": "Polygon", "coordinates": [[[-73.76067866961897, 40.93856737094442], [-73.75770952649957, 40.93853541596208], [-73.75766733443382, 40.94078696887223], [-73.7606365783316, 40.940818926374895], [-73.76067866961897, 40.93856737094442]]]}, "properties": {"cellId": "cell-012-000", "centroid": [-73.759173, 40.939677], "coverageTier": "unsupported", "elevationM": 25.655521392822266, "slopeDegrees": 1.5176308155059814, "landCoverClass": 21, "imperviousPct": 10, "distanceToWaterM": 488.88047734650877, "distanceToRoadM": 0.0, "femaSfha": false, "relativeElevationZ": 0.792}}, {"type": "Feature", "geometry": {"type": "Polygon", "coordinates": [[[-73.75770952649957, 40.93853541596208], [-73.7547403881567, 40.938503384546586], [-73.75469809531317, 40.9407549349304], [-73.75766733443382, 40.94078696887223], [-73.75770952649957, 40.93853541596208]]]}, "properties": {"cellId": "cell-012-001", "centroid": [-73.756204, 40.939645], "coverageTier": "unsupported", "elevationM": 24.20956802368164, "slopeDegrees": 1.4447858333587646, "landCoverClass": 22, "imperviousPct": 47, "distanceToWaterM": 341.7187855167681, "distanceToRoadM": 0.0, "femaSfha": false, "relativeElevationZ": 0.698}}, {"type": "Feature", "geometry": {"type": "Polygon", "coordinates": [[[-73.7547403881567, 40.938503384546586], [-73.75177125460178, 40.938471276698316], [-73.75172886098109, 40.940722824549766], [-73.75469809531317, 40.9407549349304], [-73.7547403881567, 40.938503384546586]]]}, "properties": {"cellId": "cell-012-002", "centroid": [-73.753235, 40.939613], "coverageTier": "unsupported", "elevationM": 14.034854888916016, "slopeDegrees": 7.495655059814453, "landCoverClass": 23, "imperviousPct": 70, "distanceToWaterM": 299.9285418288782, "distanceToRoadM": 0.0, "femaSfha": false, "relativeElevationZ": 0.036}}, {"type": "Feature", "geometry": {"type": "Polygon", "coordinates": [[[-73.75177125460178, 40.938471276698316], [-73.7488021258462, 40.938439092417624], [-73.74875963144898, 40.94069063773067], [-73.75172886098109, 40.940722824549766], [-73.75177125460178, 40.938471276698316]]]}, "properties": {"cellId": "cell-012-003", "centroid": [-73.750265, 40.939581], "coverageTier": "validated", "elevationM": 8.824201583862305, "slopeDegrees": 2.903782606124878, "landCoverClass": 22, "imperviousPct": 20, "distanceToWaterM": 303.74499855493127, "distanceToRoadM": 0.0, "femaSfha": false, "relativeElevationZ": -0.303}}, {"type": "Feature", "geometry": {"type": "Polygon", "coordinates": [[[-73.7488021258462, 40.938439092417624], [-73.74583300190135, 40.93840683170486], [-73.74579040672822, 40.94065837447347], [-73.74875963144898, 40.94069063773067], [-73.7488021258462, 40.938439092417624]]]}, "properties": {"cellId": "cell-012-004", "centroid": [-73.747296, 40.939549], "coverageTier": "validated", "elevationM": 16.793399810791016, "slopeDegrees": 6.105147361755371, "landCoverClass": 22, "imperviousPct": 30, "distanceToWaterM": 266.23348930131476, "distanceToRoadM": 0.0, "femaSfha": false, "relativeElevationZ": 0.215}}, {"type": "Feature", "geometry": {"type": "Polygon", "coordinates": [[[-73.74583300190135, 40.93840683170486], [-73.74286388277865, 40.938374494560385], [-73.74282118683024, 40.94062603477856], [-73.74579040672822, 40.94065837447347], [-73.74583300190135, 40.93840683170486]]]}, "properties": {"cellId": "cell-012-005", "centroid": [-73.744327, 40.939516], "coverageTier": "validated", "elevationM": 8.521462440490723, "slopeDegrees": 0.6096648573875427, "landCoverClass": 24, "imperviousPct": 92, "distanceToWaterM": 21.364989383413135, "distanceToRoadM": 0.0, "femaSfha": false, "relativeElevationZ": -0.322}}, {"type": "Feature", "geometry": {"type": "Polygon", "coordinates": [[[-73.74286388277865, 40.938374494560385], [-73.73989476848952, 40.93834208098455], [-73.73985197176643, 40.94059361864626], [-73.74282118683024, 40.94062603477856], [-73.74286388277865, 40.938374494560385]]]}, "properties": {"cellId": "cell-012-006", "centroid": [-73.741358, 40.939484], "coverageTier": "validated", "elevationM": 11.283232688903809, "slopeDegrees": 5.236565113067627, "landCoverClass": 23, "imperviousPct": 53, "distanceToWaterM": 4.904303529299796, "distanceToRoadM": 0.0, "femaSfha": true, "relativeElevationZ": -0.143}}, {"type": "Feature", "geometry": {"type": "Polygon", "coordinates": [[[-73.73989476848952, 40.93834208098455], [-73.73692565904533, 40.938309590977724], [-73.73688276154819, 40.94056112607694], [-73.73985197176643, 40.94059361864626], [-73.73989476848952, 40.93834208098455]]]}, "properties": {"cellId": "cell-012-007", "centroid": [-73.738389, 40.939452], "coverageTier": "validated", "elevationM": 10.651731491088867, "slopeDegrees": 8.021830558776855, "landCoverClass": 23, "imperviousPct": 61, "distanceToWaterM": 29.817250879595296, "distanceToRoadM": 0.0, "femaSfha": true, "relativeElevationZ": -0.184}}, {"type": "Feature", "geometry": {"type": "Polygon", "coordinates": [[[-73.73692565904533, 40.938309590977724], [-73.73395655445748, 40.93827702454027], [-73.73391355618693, 40.940528557070955], [-73.73688276154819, 40.94056112607694], [-73.73692565904533, 40.938309590977724]]]}, "properties": {"cellId": "cell-012-008", "centroid": [-73.73542, 40.939419], "coverageTier": "validated", "elevationM": 9.66727352142334, "slopeDegrees": 1.488694429397583, "landCoverClass": 22, "imperviousPct": 33, "distanceToWaterM": 4.458331402391195, "distanceToRoadM": 0.0, "femaSfha": true, "relativeElevationZ": -0.248}}, {"type": "Feature", "geometry": {"type": "Polygon", "coordinates": [[[-73.73395655445748, 40.93827702454027], [-73.7309874547374, 40.93824438167254], [-73.73094435569406, 40.94049591162867], [-73.73391355618693, 40.940528557070955], [-73.73395655445748, 40.93827702454027]]]}, "properties": {"cellId": "cell-012-009", "centroid": [-73.73245, 40.939386], "coverageTier": "validated", "elevationM": 9.422066688537598, "slopeDegrees": 2.1244678497314453, "landCoverClass": 21, "imperviousPct": 16, "distanceToWaterM": 5.441256604040973, "distanceToRoadM": 0.0, "femaSfha": true, "relativeElevationZ": -0.264}}, {"type": "Feature", "geometry": {"type": "Polygon", "coordinates": [[[-73.7309874547374, 40.93824438167254], [-73.72801835989648, 40.938211662374904], [-73.72797516008097, 40.94046318975046], [-73.73094435569406, 40.94049591162867], [-73.7309874547374, 40.93824438167254]]]}, "properties": {"cellId": "cell-012-010", "centroid": [-73.729481, 40.939354], "coverageTier": "validated", "elevationM": 2.2941524982452393, "slopeDegrees": 1.0103365182876587, "landCoverClass": 21, "imperviousPct": 18, "distanceToWaterM": 0.0, "distanceToRoadM": 0.0, "femaSfha": true, "relativeElevationZ": -0.727}}, {"type": "Feature", "geometry": {"type": "Polygon", "coordinates": [[[-73.72801835989648, 40.938211662374904], [-73.72504926994611, 40.93817886664771], [-73.72500596935907, 40.94043039143667], [-73.72797516008097, 40.94046318975046], [-73.72801835989648, 40.938211662374904]]]}, "properties": {"cellId": "cell-012-011", "centroid": [-73.726512, 40.939321], "coverageTier": "validated", "elevationM": 4.989196300506592, "slopeDegrees": 3.24662184715271, "landCoverClass": 22, "imperviousPct": 46, "distanceToWaterM": 96.59696236077824, "distanceToRoadM": 0.0, "femaSfha": true, "relativeElevationZ": -0.552}}, {"type": "Feature", "geometry": {"type": "Polygon", "coordinates": [[[-73.72504926994611, 40.93817886664771], [-73.7220801848977, 40.938145994491336], [-73.72203678353976, 40.94039751668768], [-73.72500596935907, 40.94043039143667], [-73.72504926994611, 40.93817886664771]]]}, "properties": {"cellId": "cell-012-012", "centroid": [-73.723543, 40.939288], "coverageTier": "validated", "elevationM": -0.0929543599486351, "slopeDegrees": 7.023349285125732, "landCoverClass": 23, "imperviousPct": 69, "distanceToWaterM": 41.22756274850316, "distanceToRoadM": 0.0, "femaSfha": true, "relativeElevationZ": -0.882}}, {"type": "Feature", "geometry": {"type": "Polygon", "coordinates": [[[-73.7220801848977, 40.938145994491336], [-73.71911110476266, 40.93811304590615], [-73.71906760263445, 40.94036456550383], [-73.72203678353976, 40.94039751668768], [-73.7220801848977, 40.938145994491336]]]}, "properties": {"cellId": "cell-012-013", "centroid": [-73.720574, 40.939255], "coverageTier": "validated", "elevationM": -1.506100058555603, "slopeDegrees": 0.0, "landCoverClass": 11, "imperviousPct": 0, "distanceToWaterM": 0.0, "distanceToRoadM": 122.62383027043984, "femaSfha": true, "relativeElevationZ": -0.974}}, {"type": "Feature", "geometry": {"type": "Polygon", "coordinates": [[[-73.71911110476266, 40.93811304590615], [-73.71614202955237, 40.9380800208925], [-73.71609842665453, 40.940331537885505], [-73.71906760263445, 40.94036456550383], [-73.71911110476266, 40.93811304590615]]]}, "properties": {"cellId": "cell-012-014", "centroid": [-73.717605, 40.939222], "coverageTier": "validated", "elevationM": -1.506100058555603, "slopeDegrees": 0.0, "landCoverClass": 11, "imperviousPct": 0, "distanceToWaterM": 0.0, "distanceToRoadM": 284.51112966801975, "femaSfha": false, "relativeElevationZ": -0.974}}, {"type": "Feature", "geometry": {"type": "Polygon", "coordinates": [[[-73.71614202955237, 40.9380800208925], [-73.71317295927825, 40.93804691945076], [-73.7131292556114, 40.940298433833064], [-73.71609842665453, 40.940331537885505], [-73.71614202955237, 40.9380800208925]]]}, "properties": {"cellId": "cell-012-015", "centroid": [-73.714636, 40.939189], "coverageTier": "validated", "elevationM": 0.0012169202091172338, "slopeDegrees": 0.01212227065116167, "landCoverClass": 11, "imperviousPct": 0, "distanceToWaterM": 0.0, "distanceToRoadM": 366.47429547704786, "femaSfha": false, "relativeElevationZ": -0.876}}, {"type": "Feature", "geometry": {"type": "Polygon", "coordinates": [[[-73.71317295927825, 40.93804691945076], [-73.7102038939517, 40.93801374158131], [-73.71016008951649, 40.94026525334689], [-73.7131292556114, 40.940298433833064], [-73.71317295927825, 40.93804691945076]]]}, "properties": {"cellId": "cell-012-016", "centroid": [-73.711667, 40.939156], "coverageTier": "unsupported", "elevationM": 0.0, "slopeDegrees": 0.0, "landCoverClass": 11, "imperviousPct": 0, "distanceToWaterM": 227.02484517963603, "distanceToRoadM": 530.7960950399186, "femaSfha": false, "relativeElevationZ": -0.876}}, {"type": "Feature", "geometry": {"type": "Polygon", "coordinates": [[[-73.7102038939517, 40.93801374158131], [-73.70723483358411, 40.9379804872845], [-73.70719092838117, 40.94023199642732], [-73.71016008951649, 40.94026525334689], [-73.7102038939517, 40.93801374158131]]]}, "properties": {"cellId": "cell-012-017", "centroid": [-73.708697, 40.939123], "coverageTier": "unsupported", "elevationM": 0.0, "slopeDegrees": 0.0, "landCoverClass": 11, "imperviousPct": 0, "distanceToWaterM": 477.02484517963603, "distanceToRoadM": 502.93379212915903, "femaSfha": true, "relativeElevationZ": -0.876}}, {"type": "Feature", "geometry": {"type": "Polygon", "coordinates": [[[-73.70723483358411, 40.9379804872845], [-73.70426577818688, 40.937947156560696], [-73.70422177221687, 40.940198663074746], [-73.70719092838117, 40.94023199642732], [-73.70723483358411, 40.9379804872845]]]}, "properties": {"cellId": "cell-012-018", "centroid": [-73.705728, 40.93909], "coverageTier": "unsupported", "elevationM": 2.6662497520446777, "slopeDegrees": 0.03380543738603592, "landCoverClass": 11, "imperviousPct": 0, "distanceToWaterM": 727.024845179636, "distanceToRoadM": 504.8243243112288, "femaSfha": true, "relativeElevationZ": -0.703}}, {"type": "Feature", "geometry": {"type": "Polygon", "coordinates": [[[-73.70426577818688, 40.937947156560696], [-73.7012967277714, 40.93791374941028], [-73.70125262103495, 40.94016525328954], [-73.70422177221687, 40.940198663074746], [-73.70426577818688, 40.937947156560696]]]}, "properties": {"cellId": "cell-012-019", "centroid": [-73.702759, 40.939056], "coverageTier": "unsupported", "elevationM": null, "slopeDegrees": null, "landCoverClass": null, "imperviousPct": null, "distanceToWaterM": 977.024845179636, "distanceToRoadM": 582.1556693342683, "femaSfha": true, "relativeElevationZ": null}}, {"type": "Feature", "geometry": {"type": "Polygon", "coordinates": [[[-73.7606365783316, 40.940818926374895], [-73.75766733443382, 40.94078696887223], [-73.7576251375909, 40.9430385208644], [-73.76059448227848, 40.94307048088755], [-73.7606365783316, 40.940818926374895]]]}, "properties": {"cellId": "cell-013-000", "centroid": [-73.759131, 40.941929], "coverageTier": "unsupported", "elevationM": 32.67763900756836, "slopeDegrees": 2.51609206199646, "landCoverClass": 22, "imperviousPct": 24, "distanceToWaterM": 239.55850597750396, "distanceToRoadM": 0.0, "femaSfha": false, "relativeElevationZ": 1.248}}, {"type": "Feature", "geometry": {"type": "Polygon", "coordinates": [[[-73.75766733443382, 40.94078696887223], [-73.75469809531317, 40.9407549349304], [-73.7546557976811, 40.94300648439606], [-73.7576251375909, 40.9430385208644], [-73.75766733443382, 40.94078696887223]]]}, "properties": {"cellId": "cell-013-001", "centroid": [-73.756162, 40.941897], "coverageTier": "unsupported", "elevationM": 23.499975204467773, "slopeDegrees": 4.717496395111084, "landCoverClass": 21, "imperviousPct": 15, "distanceToWaterM": 137.07710695500316, "distanceToRoadM": 0.0, "femaSfha": false, "relativeElevationZ": 0.652}}, {"type": "Feature", "geometry": {"type": "Polygon", "coordinates": [[[-73.75469809531317, 40.9407549349304], [-73.75172886098109, 40.940722824549766], [-73.75168646256046, 40.942974371482876], [-73.7546557976811, 40.94300648439606], [-73.75469809531317, 40.9407549349304]]]}, "properties": {"cellId": "cell-013-002", "centroid": [-73.753192, 40.941865], "coverageTier": "validated", "elevationM": 16.708187103271484, "slopeDegrees": 14.255794525146484, "landCoverClass": 21, "imperviousPct": 17, "distanceToWaterM": 49.928541828878224, "distanceToRoadM": 0.0, "femaSfha": true, "relativeElevationZ": 0.21}}, {"type": "Feature", "geometry": {"type": "Polygon", "coordinates": [[[-73.75172886098109, 40.940722824549766], [-73.74875963144898, 40.94069063773067], [-73.7487171322404, 40.94294218212522], [-73.75168646256046, 40.942974371482876], [-73.75172886098109, 40.940722824549766]]]}, "properties": {"cellId": "cell-013-003", "centroid": [-73.750223, 40.941833], "coverageTier": "validated", "elevationM": 14.479509353637695, "slopeDegrees": 0.23024003207683563, "landCoverClass": 23, "imperviousPct": 56, "distanceToWaterM": 60.36132880309538, "distanceToRoadM": 0.0, "femaSfha": true, "relativeElevationZ": 0.065}}, {"type": "Feature", "geometry": {"type": "Polygon", "coordinates": [[[-73.74875963144898, 40.94069063773067], [-73.74579040672822, 40.94065837447347], [-73.74574780673234, 40.94290991632344], [-73.7487171322404, 40.94294218212522], [-73.74875963144898, 40.94069063773067]]]}, "properties": {"cellId": "cell-013-004", "centroid": [-73.747254, 40.9418], "coverageTier": "validated", "elevationM": 12.97633171081543, "slopeDegrees": 3.3249614238739014, "landCoverClass": 23, "imperviousPct": 62, "distanceToWaterM": 188.55073175570453, "distanceToRoadM": 0.0, "femaSfha": false, "relativeElevationZ": -0.033}}, {"type": "Feature", "geometry": {"type": "Polygon", "coordinates": [[[-73.74579040672822, 40.94065837447347], [-73.74282118683024, 40.94062603477856], [-73.74277848604764, 40.942877574077905], [-73.74574780673234, 40.94290991632344], [-73.74579040672822, 40.94065837447347]]]}, "properties": {"cellId": "cell-013-005", "centroid": [-73.744284, 40.941768], "coverageTier": "validated", "elevationM": 12.08177375793457, "slopeDegrees": 0.5711972117424011, "landCoverClass": 23, "imperviousPct": 71, "distanceToWaterM": 256.2728096843572, "distanceToRoadM": 0.0, "femaSfha": false, "relativeElevationZ": -0.091}}, {"type": "Feature", "geometry": {"type": "Polygon", "coordinates": [[[-73.74282118683024, 40.94062603477856], [-73.73985197176643, 40.94059361864626], [-73.73980917019777, 40.94284515538896], [-73.74277848604764, 40.942877574077905], [-73.74282118683024, 40.94062603477856]]]}, "properties": {"cellId": "cell-013-006", "centroid": [-73.741315, 40.941736], "coverageTier": "validated", "elevationM": 11.462652206420898, "slopeDegrees": 1.2396690845489502, "landCoverClass": 23, "imperviousPct": 69, "distanceToWaterM": 254.90430352929977, "distanceToRoadM": 0.0, "femaSfha": false, "relativeElevationZ": -0.131}}, {"type": "Feature", "geometry": {"type": "Polygon", "coordinates": [[[-73.73985197176643, 40.94059361864626], [-73.73688276154819, 40.94056112607694], [-73.73683985919408, 40.94281266025697], [-73.73980917019777, 40.94284515538896], [-73.73985197176643, 40.94059361864626]]]}, "properties": {"cellId": "cell-013-007", "centroid": [-73.738346, 40.941703], "coverageTier": "validated", "elevationM": 4.356849670410156, "slopeDegrees": 1.7755993604660034, "landCoverClass": 22, "imperviousPct": 49, "distanceToWaterM": 164.2864029331054, "distanceToRoadM": 0.0, "femaSfha": true, "relativeElevationZ": -0.593}}, {"type": "Feature", "geometry": {"type": "Polygon", "coordinates": [[[-73.73688276154819, 40.94056112607694], [-73.73391355618693, 40.940528557070955], [-73.733870553048, 40.94278008868229], [-73.73683985919408, 40.94281266025697], [-73.73688276154819, 40.94056112607694]]]}, "properties": {"cellId": "cell-013-008", "centroid": [-73.735377, 40.941671], "coverageTier": "validated", "elevationM": 5.782424449920654, "slopeDegrees": 3.7606279850006104, "landCoverClass": 22, "imperviousPct": 37, "distanceToWaterM": 66.66022884960776, "distanceToRoadM": 0.0, "femaSfha": true, "relativeElevationZ": -0.5}}, {"type": "Feature", "geometry": {"type": "Polygon", "coordinates": [[[-73.73391355618693, 40.940528557070955], [-73.73094435569406, 40.94049591162867], [-73.73090125177093, 40.9427474406653], [-73.733870553048, 40.94278008868229], [-73.73391355618693, 40.940528557070955]]]}, "properties": {"cellId": "cell-013-009", "centroid": [-73.732407, 40.941638], "coverageTier": "validated", "elevationM": 2.0924437046051025, "slopeDegrees": 0.5298416614532471, "landCoverClass": 24, "imperviousPct": 98, "distanceToWaterM": 0.0, "distanceToRoadM": 0.0, "femaSfha": true, "relativeElevationZ": -0.74}}, {"type": "Feature", "geometry": {"type": "Polygon", "coordinates": [[[-73.73094435569406, 40.94049591162867], [-73.72797516008097, 40.94046318975046], [-73.72793195537427, 40.942714716206325], [-73.73090125177093, 40.9427474406653], [-73.73094435569406, 40.94049591162867]]]}, "properties": {"cellId": "cell-013-010", "centroid": [-73.729438, 40.941605], "coverageTier": "validated", "elevationM": -1.5061999559402466, "slopeDegrees": 0.0, "landCoverClass": 24, "imperviousPct": 97, "distanceToWaterM": 0.0, "distanceToRoadM": 0.0, "femaSfha": true, "relativeElevationZ": -0.974}}, {"type": "Feature", "geometry": {"type": "Polygon", "coordinates": [[[-73.72797516008097, 40.94046318975046], [-73.72500596935907, 40.94043039143667], [-73.72496266386943, 40.942681915305755], [-73.72793195537427, 40.942714716206325], [-73.72797516008097, 40.94046318975046]]]}, "properties": {"cellId": "cell-013-011", "centroid": [-73.726469, 40.941573], "coverageTier": "validated", "elevationM": -1.506100058555603, "slopeDegrees": 0.0, "landCoverClass": 11, "imperviousPct": 0, "distanceToWaterM": 0.0, "distanceToRoadM": 0.0, "femaSfha": true, "relativeElevationZ": -0.974}}, {"type": "Feature", "geometry": {"type": "Polygon", "coordinates": [[[-73.72500596935907, 40.94043039143667], [-73.72203678353976, 40.94039751668768], [-73.72199337726784, 40.94264903796397], [-73.72496266386943, 40.942681915305755], [-73.72500596935907, 40.94043039143667]]]}, "properties": {"cellId": "cell-013-012", "centroid": [-73.7235, 40.94154], "coverageTier": "validated", "elevationM": -1.506100058555603, "slopeDegrees": 0.0, "landCoverClass": 11, "imperviousPct": 0, "distanceToWaterM": 0.0, "distanceToRoadM": 0.0, "femaSfha": true, "relativeElevationZ": -0.974}}, {"type": "Feature", "geometry": {"type": "Polygon", "coordinates": [[[-73.72203678353976, 40.94039751668768], [-73.71906760263445, 40.94036456550383], [-73.71902409558083, 40.9426160841813], [-73.72199337726784, 40.94264903796397], [-73.72203678353976, 40.94039751668768]]]}, "properties": {"cellId": "cell-013-013", "centroid": [-73.72053, 40.941507], "coverageTier": "validated", "elevationM": -1.506100058555603, "slopeDegrees": 0.0, "landCoverClass": 23, "imperviousPct": 62, "distanceToWaterM": 0.0, "distanceToRoadM": 0.0, "femaSfha": true, "relativeElevationZ": -0.974}}, {"type": "Feature", "geometry": {"type": "Polygon", "coordinates": [[[-73.71906760263445, 40.94036456550383], [-73.71609842665453, 40.940331537885505], [-73.71605481881987, 40.942583053958124], [-73.71902409558083, 40.9426160841813], [-73.71906760263445, 40.94036456550383]]]}, "properties": {"cellId": "cell-013-014", "centroid": [-73.717561, 40.941474], "coverageTier": "validated", "elevationM": -1.506100058555603, "slopeDegrees": 0.0, "landCoverClass": 11, "imperviousPct": 0, "distanceToWaterM": 48.65015037728342, "distanceToRoadM": 67.27560273464769, "femaSfha": true, "relativeElevationZ": -0.974}}, {"type": "Feature", "geometry": {"type": "Polygon", "coordinates": [[[-73.71609842665453, 40.940331537885505], [-73.7131292556114, 40.940298433833064], [-73.71308554699635, 40.94254994729481], [-73.71605481881987, 40.942583053958124], [-73.71609842665453, 40.940331537885505]]]}, "properties": {"cellId": "cell-013-015", "centroid": [-73.714592, 40.941441], "coverageTier": "validated", "elevationM": 0.004053058568388224, "slopeDegrees": 0.014329210855066776, "landCoverClass": 11, "imperviousPct": 0, "distanceToWaterM": 138.52786350307002, "distanceToRoadM": 178.9443953772357, "femaSfha": true, "relativeElevationZ": -0.876}}, {"type": "Feature", "geometry": {"type": "Polygon", "coordinates": [[[-73.7131292556114, 40.940298433833064], [-73.71016008951649, 40.94026525334689], [-73.71011628012168, 40.94251676419172], [-73.71308554699635, 40.94254994729481], [-73.7131292556114, 40.940298433833064]]]}, "properties": {"cellId": "cell-013-016", "centroid": [-73.711623, 40.941408], "coverageTier": "validated", "elevationM": 0.0, "slopeDegrees": 0.0, "landCoverClass": 11, "imperviousPct": 0, "distanceToWaterM": 276.1976228344726, "distanceToRoadM": 284.208560872823, "femaSfha": true, "relativeElevationZ": -0.876}}, {"type": "Feature", "geometry": {"type": "Polygon", "coordinates": [[[-73.71016008951649, 40.94026525334689], [-73.70719092838117, 40.94023199642732], [-73.70714701820722, 40.94248350464923], [-73.71011628012168, 40.94251676419172], [-73.71016008951649, 40.94026525334689]]]}, "properties": {"cellId": "cell-013-017", "centroid": [-73.708654, 40.941374], "coverageTier": "unsupported", "elevationM": 0.0, "slopeDegrees": 0.0, "landCoverClass": 11, "imperviousPct": 0, "distanceToWaterM": 502.2922948336273, "distanceToRoadM": 252.93379212915895, "femaSfha": true, "relativeElevationZ": -0.876}}, {"type": "Feature", "geometry": {"type": "Polygon", "coordinates": [[[-73.70719092838117, 40.94023199642732], [-73.70422177221687, 40.940198663074746], [-73.70417776126443, 40.9424501686677], [-73.70714701820722, 40.94248350464923], [-73.70719092838117, 40.94023199642732]]]}, "properties": {"cellId": "cell-013-018", "centroid": [-73.705684, 40.941341], "coverageTier": "unsupported", "elevationM": 0.8842713236808777, "slopeDegrees": 6.252612113952637, "landCoverClass": 11, "imperviousPct": 0, "distanceToWaterM": 743.8480839788791, "distanceToRoadM": 256.6523631750904, "femaSfha": true, "relativeElevationZ": -0.819}}, {"type": "Feature", "geometry": {"type": "Polygon", "coordinates": [[[-73.70422177221687, 40.940198663074746], [-73.70125262103495, 40.94016525328954], [-73.70120850930469, 40.94241675624751], [-73.70417776126443, 40.9424501686677], [-73.70422177221687, 40.940198663074746]]]}, "properties": {"cellId": "cell-013-019", "centroid": [-73.702715, 40.941308], "coverageTier": "unsupported", "elevationM": null, "slopeDegrees": null, "landCoverClass": null, "imperviousPct": null, "distanceToWaterM": 989.6071920862679, "distanceToRoadM": 386.7539857023826, "femaSfha": true, "relativeElevationZ": null}}, {"type": "Feature", "geometry": {"type": "Polygon", "coordinates": [[[-73.76059448227848, 40.94307048088755], [-73.7576251375909, 40.9430385208644], [-73.75758293597022, 40.945290071938565], [-73.76055238145898, 40.94532203448237], [-73.76059448227848, 40.94307048088755]]]}, "properties": {"cellId": "cell-014-000", "centroid": [-73.759089, 40.94418], "coverageTier": "unsupported", "elevationM": 26.805240631103516, "slopeDegrees": 6.168806552886963, "landCoverClass": 21, "imperviousPct": 9, "distanceToWaterM": 0.0, "distanceToRoadM": 0.0, "femaSfha": true, "relativeElevationZ": 0.866}}, {"type": "Feature", "geometry": {"type": "Polygon", "coordinates": [[[-73.7576251375909, 40.9430385208644], [-73.7546557976811, 40.94300648439606], [-73.75461349525983, 40.94525803294354], [-73.75758293597022, 40.945290071938565], [-73.7576251375909, 40.9430385208644]]]}, "properties": {"cellId": "cell-014-001", "centroid": [-73.756119, 40.944148], "coverageTier": "unsupported", "elevationM": 23.190013885498047, "slopeDegrees": 5.385833740234375, "landCoverClass": 22, "imperviousPct": 26, "distanceToWaterM": 1.8937490261070753, "distanceToRoadM": 0.0, "femaSfha": true, "relativeElevationZ": 0.631}}, {"type": "Feature", "geometry": {"type": "Polygon", "coordinates": [[[-73.7546557976811, 40.94300648439606], [-73.75168646256046, 40.942974371482876], [-73.75164405933923, 40.94522591749765], [-73.75461349525983, 40.94525803294354], [-73.7546557976811, 40.94300648439606]]]}, "properties": {"cellId": "cell-014-002", "centroid": [-73.75315, 40.944116], "coverageTier": "validated", "elevationM": 17.176719665527344, "slopeDegrees": 1.5471166372299194, "landCoverClass": 22, "imperviousPct": 23, "distanceToWaterM": 0.0, "distanceToRoadM": 0.0, "femaSfha": true, "relativeElevationZ": 0.24}}, {"type": "Feature", "geometry": {"type": "Polygon", "coordinates": [[[-73.75168646256046, 40.942974371482876], [-73.7487171322404, 40.94294218212522], [-73.74867462821983, 40.94519372560127], [-73.75164405933923, 40.94522591749765], [-73.75168646256046, 40.942974371482876]]]}, "properties": {"cellId": "cell-014-003", "centroid": [-73.750181, 40.944084], "coverageTier": "validated", "elevationM": 11.155745506286621, "slopeDegrees": 1.2171984910964966, "landCoverClass": 24, "imperviousPct": 84, "distanceToWaterM": 0.0, "distanceToRoadM": 0.0, "femaSfha": true, "relativeElevationZ": -0.151}}, {"type": "Feature", "geometry": {"type": "Polygon", "coordinates": [[[-73.7487171322404, 40.94294218212522], [-73.74574780673234, 40.94290991632344], [-73.74570520191304, 40.945161457254734], [-73.74867462821983, 40.94519372560127], [-73.7487171322404, 40.94294218212522]]]}, "properties": {"cellId": "cell-014-004", "centroid": [-73.747211, 40.944052], "coverageTier": "validated", "elevationM": 12.099100112915039, "slopeDegrees": 3.237036943435669, "landCoverClass": 22, "imperviousPct": 35, "distanceToWaterM": 70.96383776536085, "distanceToRoadM": 0.0, "femaSfha": false, "relativeElevationZ": -0.09}}, {"type": "Feature", "geometry": {"type": "Polygon", "coordinates": [[[-73.74574780673234, 40.94290991632344], [-73.74277848604764, 40.942877574077905], [-73.74273578043027, 40.9451291124584], [-73.74570520191304, 40.945161457254734], [-73.74574780673234, 40.94290991632344]]]}, "properties": {"cellId": "cell-014-005", "centroid": [-73.744242, 40.94402], "coverageTier": "validated", "elevationM": 12.423629760742188, "slopeDegrees": 1.6968361139297485, "landCoverClass": 23, "imperviousPct": 52, "distanceToWaterM": 199.75253843259614, "distanceToRoadM": 0.0, "femaSfha": false, "relativeElevationZ": -0.069}}, {"type": "Feature", "geometry": {"type": "Polygon", "coordinates": [[[-73.74277848604764, 40.942877574077905], [-73.73980917019777, 40.94284515538896], [-73.73976636378289, 40.94509669121263], [-73.74273578043027, 40.9451291124584], [-73.74277848604764, 40.942877574077905]]]}, "properties": {"cellId": "cell-014-006", "centroid": [-73.741272, 40.943987], "coverageTier": "validated", "elevationM": 15.941059112548828, "slopeDegrees": 3.684253692626953, "landCoverClass": 23, "imperviousPct": 68, "distanceToWaterM": 371.7717404606519, "distanceToRoadM": 0.0, "femaSfha": false, "relativeElevationZ": 0.16}}, {"type": "Feature", "geometry": {"type": "Polygon", "coordinates": [[[-73.73980917019777, 40.94284515538896], [-73.73683985919408, 40.94281266025697], [-73.73679695198237, 40.94506419351781], [-73.73976636378289, 40.94509669121263], [-73.73980917019777, 40.94284515538896]]]}, "properties": {"cellId": "cell-014-007", "centroid": [-73.738303, 40.943955], "coverageTier": "validated", "elevationM": 3.218726396560669, "slopeDegrees": 0.48098382353782654, "landCoverClass": 23, "imperviousPct": 56, "distanceToWaterM": 121.77174046065193, "distanceToRoadM": 0.0, "femaSfha": true, "relativeElevationZ": -0.667}}, {"type": "Feature", "geometry": {"type": "Polygon", "coordinates": [[[-73.73683985919408, 40.94281266025697], [-73.733870553048, 40.94278008868229], [-73.73382754504006, 40.945031619374255], [-73.73679695198237, 40.94506419351781], [-73.73683985919408, 40.94281266025697]]]}, "properties": {"cellId": "cell-014-008", "centroid": [-73.735334, 40.943922], "coverageTier": "validated", "elevationM": -1.5061999559402466, "slopeDegrees": 0.0, "landCoverClass": 11, "imperviousPct": 0, "distanceToWaterM": 0.0, "distanceToRoadM": 0.0, "femaSfha": true, "relativeElevationZ": -0.974}}, {"type": "Feature", "geometry": {"type": "Polygon", "coordinates": [[[-73.733870553048, 40.94278008868229], [-73.73090125177093, 40.9427474406653], [-73.73085814296739, 40.944998968782365], [-73.73382754504006, 40.945031619374255], [-73.733870553048, 40.94278008868229]]]}, "properties": {"cellId": "cell-014-009", "centroid": [-73.732364, 40.94389], "coverageTier": "validated", "elevationM": 2.3491697311401367, "slopeDegrees": 0.3370901942253113, "landCoverClass": 23, "imperviousPct": 59, "distanceToWaterM": 0.0, "distanceToRoadM": 0.0, "femaSfha": true, "relativeElevationZ": -0.724}}, {"type": "Feature", "geometry": {"type": "Polygon", "coordinates": [[[-73.73090125177093, 40.9427474406653], [-73.72793195537427, 40.942714716206325], [-73.72788874577576, 40.94496624174249], [-73.73085814296739, 40.944998968782365], [-73.73090125177093, 40.9427474406653]]]}, "properties": {"cellId": "cell-014-010", "centroid": [-73.729395, 40.943857], "coverageTier": "validated", "elevationM": -1.5061999559402466, "slopeDegrees": 0.03062676265835762, "landCoverClass": 11, "imperviousPct": 0, "distanceToWaterM": 0.0, "distanceToRoadM": 0.0, "femaSfha": true, "relativeElevationZ": -0.974}}, {"type": "Feature", "geometry": {"type": "Polygon", "coordinates": [[[-73.72793195537427, 40.942714716206325], [-73.72496266386943, 40.942681915305755], [-73.72491935347658, 40.94493343825497], [-73.72788874577576, 40.94496624174249], [-73.72793195537427, 40.942714716206325]]]}, "properties": {"cellId": "cell-014-011", "centroid": [-73.726426, 40.943824], "coverageTier": "validated", "elevationM": 4.905869007110596, "slopeDegrees": 3.7460973262786865, "landCoverClass": 22, "imperviousPct": 38, "distanceToWaterM": 0.0, "distanceToRoadM": 0.0, "femaSfha": true, "relativeElevationZ": -0.557}}, {"type": "Feature", "geometry": {"type": "Polygon", "coordinates": [[[-73.72496266386943, 40.942681915305755], [-73.72199337726784, 40.94264903796397], [-73.72194996608127, 40.9449005583202], [-73.72491935347658, 40.94493343825497], [-73.72496266386943, 40.942681915305755]]]}, "properties": {"cellId": "cell-014-012", "centroid": [-73.723456, 40.943791], "coverageTier": "validated", "elevationM": -0.05667908862233162, "slopeDegrees": 2.1273159980773926, "landCoverClass": 95, "imperviousPct": 0, "distanceToWaterM": 0.0, "distanceToRoadM": 0.0, "femaSfha": true, "relativeElevationZ": -0.88}}, {"type": "Feature", "geometry": {"type": "Polygon", "coordinates": [[[-73.72199337726784, 40.94264903796397], [-73.71902409558083, 40.9426160841813], [-73.7189805836012, 40.94486760193853], [-73.72194996608127, 40.9449005583202], [-73.72199337726784, 40.94264903796397]]]}, "properties": {"cellId": "cell-014-013", "centroid": [-73.720487, 40.943758], "coverageTier": "validated", "elevationM": 4.0101094245910645, "slopeDegrees": 3.6297993659973145, "landCoverClass": 90, "imperviousPct": 0, "distanceToWaterM": 49.995489959583374, "distanceToRoadM": 0.0, "femaSfha": true, "relativeElevationZ": -0.616}}, {"type": "Feature", "geometry": {"type": "Polygon", "coordinates": [[[-73.71902409558083, 40.9426160841813], [-73.71605481881987, 40.942583053958124], [-73.7160112060478, 40.944834569110334], [-73.7189805836012, 40.94486760193853], [-73.71902409558083, 40.9426160841813]]]}, "properties": {"cellId": "cell-014-014", "centroid": [-73.717518, 40.943725], "coverageTier": "validated", "elevationM": 1.6207705736160278, "slopeDegrees": 3.9175846576690674, "landCoverClass": 22, "imperviousPct": 41, "distanceToWaterM": 257.6886857877065, "distanceToRoadM": 0.0, "femaSfha": true, "relativeElevationZ": -0.771}}, {"type": "Feature", "geometry": {"type": "Polygon", "coordinates": [[[-73.71605481881987, 40.942583053958124], [-73.71308554699635, 40.94254994729481], [-73.71304183343247, 40.94480145983598], [-73.7160112060478, 40.944834569110334], [-73.71605481881987, 40.942583053958124]]]}, "properties": {"cellId": "cell-014-015", "centroid": [-73.714548, 40.943692], "coverageTier": "validated", "elevationM": -0.47303059697151184, "slopeDegrees": 1.1175905466079712, "landCoverClass": 11, "imperviousPct": 0, "distanceToWaterM": 371.8130895318068, "distanceToRoadM": 39.22025715321558, "femaSfha": true, "relativeElevationZ": -0.907}}, {"type": "Feature", "geometry": {"type": "Polygon", "coordinates": [[[-73.71308554699635, 40.94254994729481], [-73.71011628012168, 40.94251676419172], [-73.71007246576661, 40.9447682741158], [-73.71304183343247, 40.94480145983598], [-73.71308554699635, 40.94254994729481]]]}, "properties": {"cellId": "cell-014-016", "centroid": [-73.711579, 40.943659], "coverageTier": "validated", "elevationM": -0.19963033497333527, "slopeDegrees": 0.44806161522865295, "landCoverClass": 11, "imperviousPct": 0, "distanceToWaterM": 466.30204872520994, "distanceToRoadM": 34.208560872823, "femaSfha": true, "relativeElevationZ": -0.889}}, {"type": "Feature", "geometry": {"type": "Polygon", "coordinates": [[[-73.71011628012168, 40.94251676419172], [-73.70714701820722, 40.94248350464923], [-73.70710310306164, 40.94473501195021], [-73.71007246576661, 40.9447682741158], [-73.71011628012168, 40.94251676419172]]]}, "properties": {"cellId": "cell-014-017", "centroid": [-73.70861, 40.943626], "coverageTier": "validated", "elevationM": -0.8293424248695374, "slopeDegrees": 0.8411509394645691, "landCoverClass": 11, "imperviousPct": 0, "distanceToWaterM": 627.2559471500817, "distanceToRoadM": 2.9337921291589737, "femaSfha": true, "relativeElevationZ": -0.93}}, {"type": "Feature", "geometry": {"type": "Polygon", "coordinates": [[[-73.70714701820722, 40.94248350464923], [-73.70417776126443, 40.9424501686677], [-73.70413374532896, 40.94470167333956], [-73.70710310306164, 40.94473501195021], [-73.70714701820722, 40.94248350464923]]]}, "properties": {"cellId": "cell-014-018", "centroid": [-73.70564, 40.943593], "coverageTier": "unsupported", "elevationM": -1.3754807710647583, "slopeDegrees": 0.3773110508918762, "landCoverClass": 11, "imperviousPct": 0, "distanceToWaterM": 833.3441340916513, "distanceToRoadM": 41.08076208790295, "femaSfha": true, "relativeElevationZ": -0.966}}, {"type": "Feature", "geometry": {"type": "Polygon", "coordinates": [[[-73.70417776126443, 40.9424501686677], [-73.70120850930469, 40.94241675624751], [-73.70116439257997, 40.94466825828421], [-73.70413374532896, 40.94470167333956], [-73.70417776126443, 40.9424501686677]]]}, "properties": {"cellId": "cell-014-019", "centroid": [-73.702671, 40.943559], "coverageTier": "unsupported", "elevationM": null, "slopeDegrees": null, "landCoverClass": null, "imperviousPct": null, "distanceToWaterM": 1058.5248548875845, "distanceToRoadM": 215.85203915689524, "femaSfha": true, "relativeElevationZ": null}}, {"type": "Feature", "geometry": {"type": "Polygon", "coordinates": [[[-73.76055238145898, 40.94532203448237], [-73.75758293597022, 40.945290071938565], [-73.75754072957115, 40.947541622094725], [-73.76051027587252, 40.94757358715936], [-73.76055238145898, 40.94532203448237]]]}, "properties": {"cellId": "cell-015-000", "centroid": [-73.759047, 40.946432], "coverageTier": "unsupported", "elevationM": 30.885923385620117, "slopeDegrees": 7.623335838317871, "landCoverClass": 22, "imperviousPct": 41, "distanceToWaterM": 0.0, "distanceToRoadM": 0.0, "femaSfha": true, "relativeElevationZ": 1.132}}, {"type": "Feature", "geometry": {"type": "Polygon", "coordinates": [[[-73.75758293597022, 40.945290071938565], [-73.75461349525983, 40.94525803294354], [-73.75457118804879, 40.94750958057285], [-73.75754072957115, 40.947541622094725], [-73.75758293597022, 40.945290071938565]]]}, "properties": {"cellId": "cell-015-001", "centroid": [-73.756077, 40.9464], "coverageTier": "validated", "elevationM": 22.15593910217285, "slopeDegrees": 3.2221384048461914, "landCoverClass": 23, "imperviousPct": 52, "distanceToWaterM": 0.0, "distanceToRoadM": 0.0, "femaSfha": true, "relativeElevationZ": 0.564}}, {"type": "Feature", "geometry": {"type": "Polygon", "coordinates": [[[-73.75461349525983, 40.94525803294354], [-73.75164405933923, 40.94522591749765], [-73.75160165131682, 40.94747746259409], [-73.75457118804879, 40.94750958057285], [-73.75461349525983, 40.94525803294354]]]}, "properties": {"cellId": "cell-015-002", "centroid": [-73.753108, 40.946368], "coverageTier": "validated", "elevationM": 26.68089485168457, "slopeDegrees": 7.917987823486328, "landCoverClass": 21, "imperviousPct": 9, "distanceToWaterM": 0.0, "distanceToRoadM": 0.0, "femaSfha": true, "relativeElevationZ": 0.858}}, {"type": "Feature", "geometry": {"type": "Polygon", "coordinates": [[[-73.75164405933923, 40.94522591749765], [-73.74867462821983, 40.94519372560127], [-73.74863211938667, 40.94744526815879], [-73.75160165131682, 40.94747746259409], [-73.75164405933923, 40.94522591749765]]]}, "properties": {"cellId": "cell-015-003", "centroid": [-73.750138, 40.946336], "coverageTier": "validated", "elevationM": 26.3458194732666, "slopeDegrees": 8.113128662109375, "landCoverClass": 21, "imperviousPct": 3, "distanceToWaterM": 0.0, "distanceToRoadM": 0.0, "femaSfha": true, "relativeElevationZ": 0.837}}, {"type": "Feature", "geometry": {"type": "Polygon", "coordinates": [[[-73.74867462821983, 40.94519372560127], [-73.74570520191304, 40.945161457254734], [-73.74566259226975, 40.947412997267314], [-73.74863211938667, 40.94744526815879], [-73.74867462821983, 40.94519372560127]]]}, "properties": {"cellId": "cell-015-004", "centroid": [-73.747169, 40.946303], "coverageTier": "validated", "elevationM": 13.877608299255371, "slopeDegrees": 5.957454681396484, "landCoverClass": 22, "imperviousPct": 23, "distanceToWaterM": 0.0, "distanceToRoadM": 0.0, "femaSfha": true, "relativeElevationZ": 0.026}}, {"type": "Feature", "geometry": {"type": "Polygon", "coordinates": [[[-73.74570520191304, 40.945161457254734], [-73.74273578043027, 40.9451291124584], [-73.74269306997746, 40.94738064992003], [-73.74566259226975, 40.947412997267314], [-73.74570520191304, 40.945161457254734]]]}, "properties": {"cellId": "cell-015-005", "centroid": [-73.744199, 40.946271], "coverageTier": "validated", "elevationM": 11.688749313354492, "slopeDegrees": 2.356441020965576, "landCoverClass": 24, "imperviousPct": 83, "distanceToWaterM": 155.79212686848777, "distanceToRoadM": 0.0, "femaSfha": false, "relativeElevationZ": -0.116}}, {"type": "Feature", "geometry": {"type": "Polygon", "coordinates": [[[-73.74273578043027, 40.9451291124584], [-73.73976636378289, 40.94509669121263], [-73.73972355252121, 40.94734822611728], [-73.74269306997746, 40.94738064992003], [-73.74273578043027, 40.9451291124584]]]}, "properties": {"cellId": "cell-015-006", "centroid": [-73.74123, 40.946239], "coverageTier": "validated", "elevationM": 16.275470733642578, "slopeDegrees": 4.220452308654785, "landCoverClass": 22, "imperviousPct": 42, "distanceToWaterM": 397.15981903762724, "distanceToRoadM": 0.0, "femaSfha": false, "relativeElevationZ": 0.182}}, {"type": "Feature", "geometry": {"type": "Polygon", "coordinates": [[[-73.73976636378289, 40.94509669121263], [-73.73679695198237, 40.94506419351781], [-73.73675403991243, 40.94731572585944], [-73.73972355252121, 40.94734822611728], [-73.73976636378289, 40.94509669121263]]]}, "properties": {"cellId": "cell-015-007", "centroid": [-73.73826, 40.946206], "coverageTier": "validated", "elevationM": 17.55967903137207, "slopeDegrees": 11.07669448852539, "landCoverClass": 22, "imperviousPct": 27, "distanceToWaterM": 185.33766920859574, "distanceToRoadM": 0.0, "femaSfha": false, "relativeElevationZ": 0.265}}, {"type": "Feature", "geometry": {"type": "Polygon", "coordinates": [[[-73.73679695198237, 40.94506419351781], [-73.73382754504006, 40.945031619374255], [-73.73378453216247, 40.94728314914685], [-73.73675403991243, 40.94731572585944], [-73.73679695198237, 40.94506419351781]]]}, "properties": {"cellId": "cell-015-008", "centroid": [-73.735291, 40.946174], "coverageTier": "validated", "elevationM": 4.939489364624023, "slopeDegrees": 1.152409315109253, "landCoverClass": 24, "imperviousPct": 91, "distanceToWaterM": 139.7200588779524, "distanceToRoadM": 0.0, "femaSfha": true, "relativeElevationZ": -0.555}}, {"type": "Feature", "geometry": {"type": "Polygon", "coordinates": [[[-73.73382754504006, 40.945031619374255], [-73.73085814296739, 40.944998968782365], [-73.73081502928281, 40.94725049597989], [-73.73378453216247, 40.94728314914685], [-73.73382754504006, 40.945031619374255]]]}, "properties": {"cellId": "cell-015-009", "centroid": [-73.732321, 40.946141], "coverageTier": "validated", "elevationM": 2.5106537342071533, "slopeDegrees": 0.623972475528717, "landCoverClass": 22, "imperviousPct": 43, "distanceToWaterM": 14.386212423483066, "distanceToRoadM": 0.0, "femaSfha": true, "relativeElevationZ": -0.713}}, {"type": "Feature", "geometry": {"type": "Polygon", "coordinates": [[[-73.73085814296739, 40.944998968782365], [-73.72788874577576, 40.94496624174249], [-73.7278455312848, 40.947217766358904], [-73.73081502928281, 40.94725049597989], [-73.73085814296739, 40.944998968782365]]]}, "properties": {"cellId": "cell-015-010", "centroid": [-73.729352, 40.946108], "coverageTier": "validated", "elevationM": -1.5061999559402466, "slopeDegrees": 0.0, "landCoverClass": 11, "imperviousPct": 0, "distanceToWaterM": 0.0, "distanceToRoadM": 0.0, "femaSfha": true, "relativeElevationZ": -0.974}}, {"type": "Feature", "geometry": {"type": "Polygon", "coordinates": [[[-73.72788874577576, 40.94496624174249], [-73.72491935347658, 40.94493343825497], [-73.72487603817987, 40.94718496028428], [-73.7278455312848, 40.947217766358904], [-73.72788874577576, 40.94496624174249]]]}, "properties": {"cellId": "cell-015-011", "centroid": [-73.726382, 40.946076], "coverageTier": "validated", "elevationM": 7.606592655181885, "slopeDegrees": 1.8124802112579346, "landCoverClass": 21, "imperviousPct": 11, "distanceToWaterM": 89.6642053801117, "distanceToRoadM": 0.0, "femaSfha": true, "relativeElevationZ": -0.382}}, {"type": "Feature", "geometry": {"type": "Polygon", "coordinates": [[[-73.72491935347658, 40.94493343825497], [-73.72194996608127, 40.9449005583202], [-73.72190654997942, 40.94715207775636], [-73.72487603817987, 40.94718496028428], [-73.72491935347658, 40.94493343825497]]]}, "properties": {"cellId": "cell-015-012", "centroid": [-73.723413, 40.946043], "coverageTier": "validated", "elevationM": 11.123090744018555, "slopeDegrees": 0.4419844448566437, "landCoverClass": 22, "imperviousPct": 35, "distanceToWaterM": 0.0, "distanceToRoadM": 0.0, "femaSfha": true, "relativeElevationZ": -0.153}}, {"type": "Feature", "geometry": {"type": "Polygon", "coordinates": [[[-73.72194996608127, 40.9449005583202], [-73.7189805836012, 40.94486760193853], [-73.71893706669489, 40.94711911877552], [-73.72190654997942, 40.94715207775636], [-73.72194996608127, 40.9449005583202]]]}, "properties": {"cellId": "cell-015-013", "centroid": [-73.720444, 40.94601], "coverageTier": "validated", "elevationM": 2.724512815475464, "slopeDegrees": 3.224069833755493, "landCoverClass": 90, "imperviousPct": 0, "distanceToWaterM": 0.0, "distanceToRoadM": 0.0, "femaSfha": true, "relativeElevationZ": -0.699}}, {"type": "Feature", "geometry": {"type": "Polygon", "coordinates": [[[-73.7189805836012, 40.94486760193853], [-73.7160112060478, 40.944834569110334], [-73.71596758833763, 40.947086083342114], [-73.71893706669489, 40.94711911877552], [-73.7189805836012, 40.94486760193853]]]}, "properties": {"cellId": "cell-015-014", "centroid": [-73.717474, 40.945977], "coverageTier": "validated", "elevationM": 1.7600189447402954, "slopeDegrees": 8.519189834594727, "landCoverClass": 23, "imperviousPct": 52, "distanceToWaterM": 177.28460243344307, "distanceToRoadM": 0.0, "femaSfha": true, "relativeElevationZ": -0.762}}, {"type": "Feature", "geometry": {"type": "Polygon", "coordinates": [[[-73.7160112060478, 40.944834569110334], [-73.71304183343247, 40.94480145983598], [-73.7129981149191, 40.94705297145652], [-73.71596758833763, 40.947086083342114], [-73.7160112060478, 40.944834569110334]]]}, "properties": {"cellId": "cell-015-015", "centroid": [-73.714505, 40.945944], "coverageTier": "validated", "elevationM": 2.9877920150756836, "slopeDegrees": 2.024911642074585, "landCoverClass": 22, "imperviousPct": 33, "distanceToWaterM": 385.78772744452465, "distanceToRoadM": 0.0, "femaSfha": true, "relativeElevationZ": -0.682}}, {"type": "Feature", "geometry": {"type": "Polygon", "coordinates": [[[-73.71304183343247, 40.94480145983598], [-73.71007246576661, 40.9447682741158], [-73.71002864645068, 40.94701978311911], [-73.7129981149191, 40.94705297145652], [-73.71304183343247, 40.94480145983598]]]}, "properties": {"cellId": "cell-015-016", "centroid": [-73.711535, 40.945911], "coverageTier": "validated", "elevationM": 1.4089137315750122, "slopeDegrees": 0.8841763734817505, "landCoverClass": 21, "imperviousPct": 19, "distanceToWaterM": 596.6557639989313, "distanceToRoadM": 0.0, "femaSfha": true, "relativeElevationZ": -0.785}}, {"type": "Feature", "geometry": {"type": "Polygon", "coordinates": [[[-73.71007246576661, 40.9447682741158], [-73.70710310306164, 40.94473501195021], [-73.70705918294377, 40.94698651833024], [-73.71002864645068, 40.94701978311911], [-73.71007246576661, 40.9447682741158]]]}, "properties": {"cellId": "cell-015-017", "centroid": [-73.708566, 40.945877], "coverageTier": "validated", "elevationM": 1.964232087135315, "slopeDegrees": 0.5298011302947998, "landCoverClass": 21, "imperviousPct": 17, "distanceToWaterM": 812.1591574445619, "distanceToRoadM": 0.0, "femaSfha": true, "relativeElevationZ": -0.749}}, {"type": "Feature", "geometry": {"type": "Polygon", "coordinates": [[[-73.70710310306164, 40.94473501195021], [-73.70413374532896, 40.94470167333956], [-73.7040897244098, 40.946953177090265], [-73.70705918294377, 40.94698651833024], [-73.70710310306164, 40.94473501195021]]]}, "properties": {"cellId": "cell-015-018", "centroid": [-73.705596, 40.945844], "coverageTier": "unsupported", "elevationM": 0.9958927631378174, "slopeDegrees": 9.329689979553223, "landCoverClass": 95, "imperviousPct": 0, "distanceToWaterM": 980.109646728813, "distanceToRoadM": 0.0, "femaSfha": true, "relativeElevationZ": -0.812}}, {"type": "Feature", "geometry": {"type": "Polygon", "coordinates": [[[-73.70413374532896, 40.94470167333956], [-73.70116439257997, 40.94466825828421], [-73.70112027086016, 40.94691975939959], [-73.7040897244098, 40.946953177090265], [-73.70413374532896, 40.94470167333956]]]}, "properties": {"cellId": "cell-015-019", "centroid": [-73.702627, 40.945811], "coverageTier": "unsupported", "elevationM": null, "slopeDegrees": null, "landCoverClass": null, "imperviousPct": null, "distanceToWaterM": 1177.5514180708612, "distanceToRoadM": 89.14735955081414, "femaSfha": true, "relativeElevationZ": null}}, {"type": "Feature", "geometry": {"type": "Polygon", "coordinates": [[[-73.76051027587252, 40.94757358715936], [-73.75754072957115, 40.947541622094725], [-73.75749851839308, 40.949793171332864], [-73.76046816551847, 40.94982513891849], [-73.76051027587252, 40.94757358715936]]]}, "properties": {"cellId": "cell-016-000", "centroid": [-73.759004, 40.948683], "coverageTier": "unsupported", "elevationM": 33.90178298950195, "slopeDegrees": 9.445793151855469, "landCoverClass": 22, "imperviousPct": 30, "distanceToWaterM": 0.0, "distanceToRoadM": 0.0, "femaSfha": true, "relativeElevationZ": 1.328}}, {"type": "Feature", "geometry": {"type": "Polygon", "coordinates": [[[-73.75754072957115, 40.947541622094725], [-73.75457118804879, 40.94750958057285], [-73.75452887604732, 40.94976112728396], [-73.75749851839308, 40.949793171332864], [-73.75754072957115, 40.947541622094725]]]}, "properties": {"cellId": "cell-016-001", "centroid": [-73.756035, 40.948651], "coverageTier": "validated", "elevationM": 31.699453353881836, "slopeDegrees": 7.5555644035339355, "landCoverClass": 22, "imperviousPct": 46, "distanceToWaterM": 0.0, "distanceToRoadM": 0.0, "femaSfha": true, "relativeElevationZ": 1.185}}, {"type": "Feature", "geometry": {"type": "Polygon", "coordinates": [[[-73.75457118804879, 40.94750958057285], [-73.75160165131682, 40.94747746259409], [-73.75155923849258, 40.94972900677214], [-73.75452887604732, 40.94976112728396], [-73.75457118804879, 40.94750958057285]]]}, "properties": {"cellId": "cell-016-002", "centroid": [-73.753065, 40.948619], "coverageTier": "validated", "elevationM": 32.89672088623047, "slopeDegrees": 4.475095272064209, "landCoverClass": 22, "imperviousPct": 20, "distanceToWaterM": 194.36034935086602, "distanceToRoadM": 0.0, "femaSfha": false, "relativeElevationZ": 1.263}}, {"type": "Feature", "geometry": {"type": "Polygon", "coordinates": [[[-73.75160165131682, 40.94747746259409], [-73.74863211938667, 40.94744526815879], [-73.74858960574028, 40.94969680979777], [-73.75155923849258, 40.94972900677214], [-73.75160165131682, 40.94747746259409]]]}, "properties": {"cellId": "cell-016-003", "centroid": [-73.750096, 40.948587], "coverageTier": "validated", "elevationM": 19.659812927246094, "slopeDegrees": 1.515243649482727, "landCoverClass": 22, "imperviousPct": 35, "distanceToWaterM": 87.54732903396099, "distanceToRoadM": 0.0, "femaSfha": false, "relativeElevationZ": 0.402}}, {"type": "Feature", "geometry": {"type": "Polygon", "coordinates": [[[-73.74863211938667, 40.94744526815879], [-73.74566259226975, 40.947412997267314], [-73.74561997780182, 40.949664536361205], [-73.74858960574028, 40.94969680979777], [-73.74863211938667, 40.94744526815879]]]}, "properties": {"cellId": "cell-016-004", "centroid": [-73.747126, 40.948555], "coverageTier": "validated", "elevationM": 7.865314483642578, "slopeDegrees": 3.149834156036377, "landCoverClass": 22, "imperviousPct": 47, "distanceToWaterM": 0.0, "distanceToRoadM": 0.0, "femaSfha": true, "relativeElevationZ": -0.365}}, {"type": "Feature", "geometry": {"type": "Polygon", "coordinates": [[[-73.74566259226975, 40.947412997267314], [-73.74269306997746, 40.94738064992003], [-73.74265035468862, 40.94963218646278], [-73.74561997780182, 40.949664536361205], [-73.74566259226975, 40.947412997267314]]]}, "properties": {"cellId": "cell-016-005", "centroid": [-73.744156, 40.948523], "coverageTier": "validated", "elevationM": 9.459403991699219, "slopeDegrees": 0.43196120858192444, "landCoverClass": 24, "imperviousPct": 97, "distanceToWaterM": 64.35020597739071, "distanceToRoadM": 0.0, "femaSfha": true, "relativeElevationZ": -0.261}}, {"type": "Feature", "geometry": {"type": "Polygon", "coordinates": [[[-73.74269306997746, 40.94738064992003], [-73.73972355252121, 40.94734822611728], [-73.73968073641208, 40.94959976010287], [-73.74265035468862, 40.94963218646278], [-73.74269306997746, 40.94738064992003]]]}, "properties": {"cellId": "cell-016-006", "centroid": [-73.741187, 40.94849], "coverageTier": "validated", "elevationM": 13.904474258422852, "slopeDegrees": 3.478158473968506, "landCoverClass": 22, "imperviousPct": 23, "distanceToWaterM": 180.54092531837523, "distanceToRoadM": 0.0, "femaSfha": true, "relativeElevationZ": 0.028}}, {"type": "Feature", "geometry": {"type": "Polygon", "coordinates": [[[-73.73972355252121, 40.94734822611728], [-73.73675403991243, 40.94731572585944], [-73.73671112298362, 40.949567257281835], [-73.73968073641208, 40.94959976010287], [-73.73972355252121, 40.94734822611728]]]}, "properties": {"cellId": "cell-016-007", "centroid": [-73.738217, 40.948458], "coverageTier": "validated", "elevationM": 23.687217712402344, "slopeDegrees": 8.308052062988281, "landCoverClass": 23, "imperviousPct": 66, "distanceToWaterM": 188.34109643651533, "distanceToRoadM": 0.0, "femaSfha": false, "relativeElevationZ": 0.664}}, {"type": "Feature", "geometry": {"type": "Polygon", "coordinates": [[[-73.73675403991243, 40.94731572585944], [-73.73378453216247, 40.94728314914685], [-73.73374151441463, 40.94953467800004], [-73.73671112298362, 40.949567257281835], [-73.73675403991243, 40.94731572585944]]]}, "properties": {"cellId": "cell-016-008", "centroid": [-73.735248, 40.948425], "coverageTier": "validated", "elevationM": 15.841949462890625, "slopeDegrees": 9.321996688842773, "landCoverClass": 23, "imperviousPct": 53, "distanceToWaterM": 87.82153676613234, "distanceToRoadM": 0.0, "femaSfha": false, "relativeElevationZ": 0.154}}, {"type": "Feature", "geometry": {"type": "Polygon", "coordinates": [[[-73.73378453216247, 40.94728314914685], [-73.73081502928281, 40.94725049597989], [-73.73077191071654, 40.94950202225783], [-73.73374151441463, 40.94953467800004], [-73.73378453216247, 40.94728314914685]]]}, "properties": {"cellId": "cell-016-009", "centroid": [-73.732278, 40.948393], "coverageTier": "validated", "elevationM": -1.34506356716156, "slopeDegrees": 4.634015083312988, "landCoverClass": 24, "imperviousPct": 89, "distanceToWaterM": 0.0, "distanceToRoadM": 0.0, "femaSfha": true, "relativeElevationZ": -0.964}}, {"type": "Feature", "geometry": {"type": "Polygon", "coordinates": [[[-73.73081502928281, 40.94725049597989], [-73.7278455312848, 40.947217766358904], [-73.72780231190076, 40.94946929005559], [-73.73077191071654, 40.94950202225783], [-73.73081502928281, 40.94725049597989]]]}, "properties": {"cellId": "cell-016-010", "centroid": [-73.729309, 40.94836], "coverageTier": "validated", "elevationM": -1.4946039915084839, "slopeDegrees": 2.0681159496307373, "landCoverClass": 24, "imperviousPct": 99, "distanceToWaterM": 0.0, "distanceToRoadM": 0.0, "femaSfha": true, "relativeElevationZ": -0.974}}, {"type": "Feature", "geometry": {"type": "Polygon", "coordinates": [[[-73.7278455312848, 40.947217766358904], [-73.72487603817987, 40.94718496028428], [-73.72483271797867, 40.94943648139367], [-73.72780231190076, 40.94946929005559], [-73.7278455312848, 40.947217766358904]]]}, "properties": {"cellId": "cell-016-011", "centroid": [-73.726339, 40.948327], "coverageTier": "validated", "elevationM": 4.0547404289245605, "slopeDegrees": 3.3482491970062256, "landCoverClass": 21, "imperviousPct": 12, "distanceToWaterM": 0.0, "distanceToRoadM": 0.0, "femaSfha": true, "relativeElevationZ": -0.613}}, {"type": "Feature", "geometry": {"type": "Polygon", "coordinates": [[[-73.72487603817987, 40.94718496028428], [-73.72190654997942, 40.94715207775636], [-73.72186312896172, 40.949403596272425], [-73.72483271797867, 40.94943648139367], [-73.72487603817987, 40.94718496028428]]]}, "properties": {"cellId": "cell-016-012", "centroid": [-73.72337, 40.948294], "coverageTier": "validated", "elevationM": 9.29935073852539, "slopeDegrees": 2.062980890274048, "landCoverClass": 21, "imperviousPct": 13, "distanceToWaterM": 0.0, "distanceToRoadM": 0.0, "femaSfha": true, "relativeElevationZ": -0.272}}, {"type": "Feature", "geometry": {"type": "Polygon", "coordinates": [[[-73.72190654997942, 40.94715207775636], [-73.71893706669489, 40.94711911877552], [-73.71889354486127, 40.949370634692244], [-73.72186312896172, 40.949403596272425], [-73.72190654997942, 40.94715207775636]]]}, "properties": {"cellId": "cell-016-013", "centroid": [-73.7204, 40.948261], "coverageTier": "validated", "elevationM": 1.0838696956634521, "slopeDegrees": 1.6239820718765259, "landCoverClass": 95, "imperviousPct": 0, "distanceToWaterM": 0.0, "distanceToRoadM": 0.0, "femaSfha": true, "relativeElevationZ": -0.806}}, {"type": "Feature", "geometry": {"type": "Polygon", "coordinates": [[[-73.71893706669489, 40.94711911877552], [-73.71596758833763, 40.947086083342114], [-73.71592396568877, 40.949337596653464], [-73.71889354486127, 40.949370634692244], [-73.71893706669489, 40.94711911877552]]]}, "properties": {"cellId": "cell-016-014", "centroid": [-73.717431, 40.948228], "coverageTier": "validated", "elevationM": 6.919507026672363, "slopeDegrees": 4.3160247802734375, "landCoverClass": 22, "imperviousPct": 22, "distanceToWaterM": 38.078168845700716, "distanceToRoadM": 0.0, "femaSfha": true, "relativeElevationZ": -0.427}}, {"type": "Feature", "geometry": {"type": "Polygon", "coordinates": [[[-73.71596758833763, 40.947086083342114], [-73.7129981149191, 40.94705297145652], [-73.71295439145563, 40.949304482156464], [-73.71592396568877, 40.949337596653464], [-73.71596758833763, 40.947086083342114]]]}, "properties": {"cellId": "cell-016-015", "centroid": [-73.714461, 40.948195], "coverageTier": "validated", "elevationM": 0.13975776731967926, "slopeDegrees": 11.007037162780762, "landCoverClass": 21, "imperviousPct": 3, "distanceToWaterM": 255.3533849712527, "distanceToRoadM": 0.0, "femaSfha": true, "relativeElevationZ": -0.867}}, {"type": "Feature", "geometry": {"type": "Polygon", "coordinates": [[[-73.7129981149191, 40.94705297145652], [-73.71002864645068, 40.94701978311911], [-73.70998482217321, 40.94927129120161], [-73.71295439145563, 40.949304482156464], [-73.7129981149191, 40.94705297145652]]]}, "properties": {"cellId": "cell-016-016", "centroid": [-73.711491, 40.948162], "coverageTier": "validated", "elevationM": 9.102981567382812, "slopeDegrees": 4.148622512817383, "landCoverClass": 21, "imperviousPct": 3, "distanceToWaterM": 466.77022740746196, "distanceToRoadM": 0.0, "femaSfha": true, "relativeElevationZ": -0.285}}, {"type": "Feature", "geometry": {"type": "Polygon", "coordinates": [[[-73.71002864645068, 40.94701978311911], [-73.70705918294377, 40.94698651833024], [-73.70701525785297, 40.9492380237893], [-73.70998482217321, 40.94927129120161], [-73.71002864645068, 40.94701978311911]]]}, "properties": {"cellId": "cell-016-017", "centroid": [-73.708522, 40.948129], "coverageTier": "validated", "elevationM": 7.4079084396362305, "slopeDegrees": 1.852205514907837, "landCoverClass": 22, "imperviousPct": 37, "distanceToWaterM": 689.7417531750406, "distanceToRoadM": 0.0, "femaSfha": true, "relativeElevationZ": -0.395}}, {"type": "Feature", "geometry": {"type": "Polygon", "coordinates": [[[-73.70705918294377, 40.94698651833024], [-73.7040897244098, 40.946953177090265], [-73.70404569850629, 40.94920467991985], [-73.70701525785297, 40.9492380237893], [-73.70705918294377, 40.94698651833024]]]}, "properties": {"cellId": "cell-016-018", "centroid": [-73.705552, 40.948096], "coverageTier": "unsupported", "elevationM": 9.018733978271484, "slopeDegrees": 7.094297885894775, "landCoverClass": 21, "imperviousPct": 2, "distanceToWaterM": 924.5519371455346, "distanceToRoadM": 0.0, "femaSfha": true, "relativeElevationZ": -0.29}}, {"type": "Feature", "geometry": {"type": "Polygon", "coordinates": [[[-73.7040897244098, 40.946953177090265], [-73.70112027086016, 40.94691975939959], [-73.7010761441446, 40.94917125959366], [-73.70404569850629, 40.94920467991985], [-73.7040897244098, 40.946953177090265]]]}, "properties": {"cellId": "cell-016-019", "centroid": [-73.702583, 40.948062], "coverageTier": "unsupported", "elevationM": null, "slopeDegrees": null, "landCoverClass": null, "imperviousPct": null, "distanceToWaterM": 1165.2702407319284, "distanceToRoadM": 0.0, "femaSfha": true, "relativeElevationZ": null}}, {"type": "Feature", "geometry": {"type": "Polygon", "coordinates": [[[-73.76046816551847, 40.94982513891849], [-73.75749851839308, 40.949793171332864], [-73.7574563024354, 40.95204471965296], [-73.7604260503962, 40.95207668975976], [-73.76046816551847, 40.94982513891849]]]}, "properties": {"cellId": "cell-017-000", "centroid": [-73.758962, 40.950935], "coverageTier": "unsupported", "elevationM": 25.8968563079834, "slopeDegrees": 3.557319402694702, "landCoverClass": 21, "imperviousPct": 2, "distanceToWaterM": 0.0, "distanceToRoadM": 0.0, "femaSfha": true, "relativeElevationZ": 0.807}}, {"type": "Feature", "geometry": {"type": "Polygon", "coordinates": [[[-73.75749851839308, 40.949793171332864], [-73.75452887604732, 40.94976112728396], [-73.75448655925484, 40.952012673076865], [-73.7574563024354, 40.95204471965296], [-73.75749851839308, 40.949793171332864]]]}, "properties": {"cellId": "cell-017-001", "centroid": [-73.755993, 40.950903], "coverageTier": "unsupported", "elevationM": 28.73573112487793, "slopeDegrees": 7.5773491859436035, "landCoverClass": 21, "imperviousPct": 3, "distanceToWaterM": 6.434540159301832, "distanceToRoadM": 0.0, "femaSfha": true, "relativeElevationZ": 0.992}}, {"type": "Feature", "geometry": {"type": "Polygon", "coordinates": [[[-73.75452887604732, 40.94976112728396], [-73.75155923849258, 40.94972900677214], [-73.7515168208659, 40.95198055003184], [-73.75448655925484, 40.952012673076865], [-73.75452887604732, 40.94976112728396]]]}, "properties": {"cellId": "cell-017-002", "centroid": [-73.753023, 40.950871], "coverageTier": "validated", "elevationM": 34.904022216796875, "slopeDegrees": 1.4742841720581055, "landCoverClass": 21, "imperviousPct": 5, "distanceToWaterM": 256.43454015930183, "distanceToRoadM": 0.0, "femaSfha": false, "relativeElevationZ": 1.393}}, {"type": "Feature", "geometry": {"type": "Polygon", "coordinates": [[[-73.75155923849258, 40.94972900677214], [-73.74858960574028, 40.94969680979777], [-73.74854708728004, 40.95194835051822], [-73.7515168208659, 40.95198055003184], [-73.75155923849258, 40.94972900677214]]]}, "properties": {"cellId": "cell-017-003", "centroid": [-73.750053, 40.950839], "coverageTier": "validated", "elevationM": 38.734275817871094, "slopeDegrees": 2.6072962284088135, "landCoverClass": 22, "imperviousPct": 30, "distanceToWaterM": 144.00059250486328, "distanceToRoadM": 0.0, "femaSfha": false, "relativeElevationZ": 1.642}}, {"type": "Feature", "geometry": {"type": "Polygon", "coordinates": [[[-73.74858960574028, 40.94969680979777], [-73.74561997780182, 40.949664536361205], [-73.74557735850864, 40.951916074536356], [-73.74854708728004, 40.95194835051822], [-73.74858960574028, 40.94969680979777]]]}, "properties": {"cellId": "cell-017-004", "centroid": [-73.747084, 40.950806], "coverageTier": "validated", "elevationM": 9.727893829345703, "slopeDegrees": 6.974854946136475, "landCoverClass": 22, "imperviousPct": 23, "distanceToWaterM": 0.0, "distanceToRoadM": 0.0, "femaSfha": true, "relativeElevationZ": -0.244}}, {"type": "Feature", "geometry": {"type": "Polygon", "coordinates": [[[-73.74561997780182, 40.949664536361205], [-73.74265035468862, 40.94963218646278], [-73.74260763456311, 40.95188372208665], [-73.74557735850864, 40.951916074536356], [-73.74561997780182, 40.949664536361205]]]}, "properties": {"cellId": "cell-017-005", "centroid": [-73.744114, 40.950774], "coverageTier": "validated", "elevationM": 8.935391426086426, "slopeDegrees": 0.6551334261894226, "landCoverClass": 24, "imperviousPct": 91, "distanceToWaterM": 0.0, "distanceToRoadM": 0.0, "femaSfha": true, "relativeElevationZ": -0.295}}, {"type": "Feature", "geometry": {"type": "Polygon", "coordinates": [[[-73.74265035468862, 40.94963218646278], [-73.73968073641208, 40.94959976010287], [-73.73963791545486, 40.951851293169405], [-73.74260763456311, 40.95188372208665], [-73.74265035468862, 40.94963218646278]]]}, "properties": {"cellId": "cell-017-006", "centroid": [-73.741144, 40.950742], "coverageTier": "validated", "elevationM": 6.359316825866699, "slopeDegrees": 0.5654361248016357, "landCoverClass": 24, "imperviousPct": 99, "distanceToWaterM": 0.0, "distanceToRoadM": 0.0, "femaSfha": true, "relativeElevationZ": -0.463}}, {"type": "Feature", "geometry": {"type": "Polygon", "coordinates": [[[-73.73968073641208, 40.94959976010287], [-73.73671112298362, 40.949567257281835], [-73.73666820119533, 40.951818787785015], [-73.73963791545486, 40.951851293169405], [-73.73968073641208, 40.94959976010287]]]}, "properties": {"cellId": "cell-017-007", "centroid": [-73.738174, 40.950709], "coverageTier": "validated", "elevationM": 8.197376251220703, "slopeDegrees": 5.218185901641846, "landCoverClass": 23, "imperviousPct": 73, "distanceToWaterM": 3.0243642569446543, "distanceToRoadM": 0.0, "femaSfha": true, "relativeElevationZ": -0.343}}, {"type": "Feature", "geometry": {"type": "Polygon", "coordinates": [[[-73.73671112298362, 40.949567257281835], [-73.73374151441463, 40.94953467800004], [-73.7336984917959, 40.95178620593383], [-73.73666820119533, 40.951818787785015], [-73.73671112298362, 40.949567257281835]]]}, "properties": {"cellId": "cell-017-008", "centroid": [-73.735205, 40.950677], "coverageTier": "validated", "elevationM": 14.234283447265625, "slopeDegrees": 1.7220683097839355, "landCoverClass": 24, "imperviousPct": 97, "distanceToWaterM": 0.0, "distanceToRoadM": 0.0, "femaSfha": true, "relativeElevationZ": 0.049}}, {"type": "Feature", "geometry": {"type": "Polygon", "coordinates": [[[-73.73374151441463, 40.94953467800004], [-73.73077191071654, 40.94950202225783], [-73.73072878726798, 40.951753547616214], [-73.7336984917959, 40.95178620593383], [-73.73374151441463, 40.94953467800004]]]}, "properties": {"cellId": "cell-017-009", "centroid": [-73.732235, 40.950644], "coverageTier": "validated", "elevationM": 2.8097541332244873, "slopeDegrees": 7.873346328735352, "landCoverClass": 23, "imperviousPct": 72, "distanceToWaterM": 0.0, "distanceToRoadM": 0.0, "femaSfha": true, "relativeElevationZ": -0.694}}, {"type": "Feature", "geometry": {"type": "Polygon", "coordinates": [[[-73.73077191071654, 40.94950202225783], [-73.72780231190076, 40.94946929005559], [-73.727759087623, 40.951720812832534], [-73.73072878726798, 40.951753547616214], [-73.73077191071654, 40.94950202225783]]]}, "properties": {"cellId": "cell-017-010", "centroid": [-73.729266, 40.950611], "coverageTier": "validated", "elevationM": 15.9867525100708, "slopeDegrees": 3.042175531387329, "landCoverClass": 24, "imperviousPct": 95, "distanceToWaterM": 86.023925095913, "distanceToRoadM": 0.0, "femaSfha": true, "relativeElevationZ": 0.163}}, {"type": "Feature", "geometry": {"type": "Polygon", "coordinates": [[[-73.72780231190076, 40.94946929005559], [-73.72483271797867, 40.94943648139367], [-73.72478939287235, 40.951688001583136], [-73.727759087623, 40.951720812832534], [-73.72780231190076, 40.94946929005559]]]}, "properties": {"cellId": "cell-017-011", "centroid": [-73.726296, 40.950579], "coverageTier": "validated", "elevationM": 5.954611778259277, "slopeDegrees": 4.332179546356201, "landCoverClass": 23, "imperviousPct": 51, "distanceToWaterM": 0.0, "distanceToRoadM": 0.0, "femaSfha": true, "relativeElevationZ": -0.489}}, {"type": "Feature", "geometry": {"type": "Polygon", "coordinates": [[[-73.72483271797867, 40.94943648139367], [-73.72186312896172, 40.949403596272425], [-73.72181970302746, 40.951655113868405], [-73.72478939287235, 40.951688001583136], [-73.72483271797867, 40.94943648139367]]]}, "properties": {"cellId": "cell-017-012", "centroid": [-73.723326, 40.950546], "coverageTier": "validated", "elevationM": 2.115973949432373, "slopeDegrees": 0.49101778864860535, "landCoverClass": 21, "imperviousPct": 3, "distanceToWaterM": 0.0, "distanceToRoadM": 0.0, "femaSfha": true, "relativeElevationZ": -0.739}}, {"type": "Feature", "geometry": {"type": "Polygon", "coordinates": [[[-73.72186312896172, 40.949403596272425], [-73.71889354486127, 40.949370634692244], [-73.71885001809974, 40.951622149688696], [-73.72181970302746, 40.951655113868405], [-73.72186312896172, 40.949403596272425]]]}, "properties": {"cellId": "cell-017-013", "centroid": [-73.720357, 40.950513], "coverageTier": "validated", "elevationM": 10.240002632141113, "slopeDegrees": 0.7976712584495544, "landCoverClass": 21, "imperviousPct": 8, "distanceToWaterM": 0.0, "distanceToRoadM": 0.0, "femaSfha": true, "relativeElevationZ": -0.211}}, {"type": "Feature", "geometry": {"type": "Polygon", "coordinates": [[[-73.71889354486127, 40.949370634692244], [-73.71592396568877, 40.949337596653464], [-73.71588033810058, 40.951589109044356], [-73.71885001809974, 40.951622149688696], [-73.71889354486127, 40.949370634692244]]]}, "properties": {"cellId": "cell-017-014", "centroid": [-73.717387, 40.95048], "coverageTier": "validated", "elevationM": 6.709453105926514, "slopeDegrees": 6.352359294891357, "landCoverClass": 23, "imperviousPct": 50, "distanceToWaterM": 0.0, "distanceToRoadM": 0.0, "femaSfha": true, "relativeElevationZ": -0.44}}, {"type": "Feature", "geometry": {"type": "Polygon", "coordinates": [[[-73.71592396568877, 40.949337596653464], [-73.71295439145563, 40.949304482156464], [-73.7129106630414, 40.95155599193579], [-73.71588033810058, 40.951589109044356], [-73.71592396568877, 40.949337596653464]]]}, "properties": {"cellId": "cell-017-015", "centroid": [-73.714417, 40.950447], "coverageTier": "validated", "elevationM": 9.727232933044434, "slopeDegrees": 0.9110385179519653, "landCoverClass": 21, "imperviousPct": 10, "distanceToWaterM": 134.51684788843727, "distanceToRoadM": 0.0, "femaSfha": true, "relativeElevationZ": -0.244}}, {"type": "Feature", "geometry": {"type": "Polygon", "coordinates": [[[-73.71295439145563, 40.949304482156464], [-73.70998482217321, 40.94927129120161], [-73.7099409929336, 40.95152279836335], [-73.7129106630414, 40.95155599193579], [-73.71295439145563, 40.949304482156464]]]}, "properties": {"cellId": "cell-017-016", "centroid": [-73.711448, 40.950414], "coverageTier": "validated", "elevationM": 12.338418006896973, "slopeDegrees": 3.8974368572235107, "landCoverClass": 21, "imperviousPct": 11, "distanceToWaterM": 382.29992391017703, "distanceToRoadM": 0.0, "femaSfha": true, "relativeElevationZ": -0.074}}, {"type": "Feature", "geometry": {"type": "Polygon", "coordinates": [[[-73.70998482217321, 40.94927129120161], [-73.70701525785297, 40.9492380237893], [-73.70697132778861, 40.95148952832738], [-73.7099409929336, 40.95152279836335], [-73.70998482217321, 40.94927129120161]]]}, "properties": {"cellId": "cell-017-017", "centroid": [-73.708478, 40.95038], "coverageTier": "validated", "elevationM": 13.469564437866211, "slopeDegrees": 1.09738290309906, "landCoverClass": 21, "imperviousPct": 6, "distanceToWaterM": 631.8320039991748, "distanceToRoadM": 0.0, "femaSfha": false, "relativeElevationZ": -0.001}}, {"type": "Feature", "geometry": {"type": "Polygon", "coordinates": [[[-73.70701525785297, 40.9492380237893], [-73.70404569850629, 40.94920467991985], [-73.70400166761782, 40.951456181828284], [-73.70697132778861, 40.95148952832738], [-73.70701525785297, 40.9492380237893]]]}, "properties": {"cellId": "cell-017-018", "centroid": [-73.705508, 40.950347], "coverageTier": "unsupported", "elevationM": 17.68549156188965, "slopeDegrees": 2.641676187515259, "landCoverClass": 21, "imperviousPct": 5, "distanceToWaterM": 881.6292478890996, "distanceToRoadM": 0.0, "femaSfha": false, "relativeElevationZ": 0.273}}, {"type": "Feature", "geometry": {"type": "Polygon", "coordinates": [[[-73.70404569850629, 40.94920467991985], [-73.7010761441446, 40.94917125959366], [-73.70103201243265, 40.9514227588664], [-73.70400166761782, 40.951456181828284], [-73.70404569850629, 40.94920467991985]]]}, "properties": {"cellId": "cell-017-019", "centroid": [-73.702539, 40.950314], "coverageTier": "unsupported", "elevationM": null, "slopeDegrees": null, "landCoverClass": null, "imperviousPct": null, "distanceToWaterM": 1131.5091173170536, "distanceToRoadM": 0.0, "femaSfha": true, "relativeElevationZ": null}}, {"type": "Feature", "geometry": {"type": "Polygon", "coordinates": [[[-73.7604260503962, 40.95207668975976], [-73.7574563024354, 40.95204471965296], [-73.75741408169749, 40.95429626705501], [-73.76038393050511, 40.954328239683136], [-73.7604260503962, 40.95207668975976]]]}, "properties": {"cellId": "cell-018-000", "centroid": [-73.75892, 40.953186], "coverageTier": "unsupported", "elevationM": 28.438146591186523, "slopeDegrees": 4.707803249359131, "landCoverClass": 21, "imperviousPct": 17, "distanceToWaterM": 0.0, "distanceToRoadM": 0.0, "femaSfha": true, "relativeElevationZ": 0.973}}, {"type": "Feature", "geometry": {"type": "Polygon", "coordinates": [[[-73.7574563024354, 40.95204471965296], [-73.75448655925484, 40.952012673076865], [-73.75444423767071, 40.954264217951554], [-73.75741408169749, 40.95429626705501], [-73.7574563024354, 40.95204471965296]]]}, "properties": {"cellId": "cell-018-001", "centroid": [-73.75595, 40.953154], "coverageTier": "unsupported", "elevationM": 40.004730224609375, "slopeDegrees": 4.355099678039551, "landCoverClass": 21, "imperviousPct": 14, "distanceToWaterM": 50.558560469208416, "distanceToRoadM": 0.0, "femaSfha": false, "relativeElevationZ": 1.725}}, {"type": "Feature", "geometry": {"type": "Polygon", "coordinates": [[[-73.75448655925484, 40.952012673076865], [-73.7515168208659, 40.95198055003184], [-73.75147439843619, 40.95423209237313], [-73.75444423767071, 40.954264217951554], [-73.75448655925484, 40.952012673076865]]]}, "properties": {"cellId": "cell-018-002", "centroid": [-73.752981, 40.953122], "coverageTier": "validated", "elevationM": 32.71379470825195, "slopeDegrees": 2.260709524154663, "landCoverClass": 21, "imperviousPct": 8, "distanceToWaterM": 282.86947747102096, "distanceToRoadM": 0.0, "femaSfha": false, "relativeElevationZ": 1.251}}, {"type": "Feature", "geometry": {"type": "Polygon", "coordinates": [[[-73.7515168208659, 40.95198055003184], [-73.74854708728004, 40.95194835051822], [-73.74850456400534, 40.95419989032009], [-73.75147439843619, 40.95423209237313], [-73.7515168208659, 40.95198055003184]]]}, "properties": {"cellId": "cell-018-003", "centroid": [-73.750011, 40.95309], "coverageTier": "validated", "elevationM": 17.463830947875977, "slopeDegrees": 7.286924362182617, "landCoverClass": 21, "imperviousPct": 3, "distanceToWaterM": 277.69479439761426, "distanceToRoadM": 0.0, "femaSfha": false, "relativeElevationZ": 0.259}}, {"type": "Feature", "geometry": {"type": "Polygon", "coordinates": [[[-73.74854708728004, 40.95194835051822], [-73.74557735850864, 40.951916074536356], [-73.74553473438957, 40.954167611792805], [-73.74850456400534, 40.95419989032009], [-73.74854708728004, 40.95194835051822]]]}, "properties": {"cellId": "cell-018-004", "centroid": [-73.747041, 40.953058], "coverageTier": "validated", "elevationM": 15.640466690063477, "slopeDegrees": 13.523500442504883, "landCoverClass": 21, "imperviousPct": 14, "distanceToWaterM": 57.87704539952724, "distanceToRoadM": 0.0, "femaSfha": false, "relativeElevationZ": 0.141}}, {"type": "Feature", "geometry": {"type": "Polygon", "coordinates": [[[-73.74557735850864, 40.951916074536356], [-73.74260763456311, 40.95188372208665], [-73.7425649096003, 40.954135256791595], [-73.74553473438957, 40.954167611792805], [-73.74557735850864, 40.951916074536356]]]}, "properties": {"cellId": "cell-018-005", "centroid": [-73.744071, 40.953026], "coverageTier": "validated", "elevationM": 10.039725303649902, "slopeDegrees": 6.430807590484619, "landCoverClass": 23, "imperviousPct": 68, "distanceToWaterM": 0.0, "distanceToRoadM": 0.0, "femaSfha": true, "relativeElevationZ": -0.224}}, {"type": "Feature", "geometry": {"type": "Polygon", "coordinates": [[[-73.74260763456311, 40.95188372208665], [-73.73963791545486, 40.951851293169405], [-73.73959508964896, 40.95410282531686], [-73.7425649096003, 40.954135256791595], [-73.74260763456311, 40.95188372208665]]]}, "properties": {"cellId": "cell-018-006", "centroid": [-73.741101, 40.952993], "coverageTier": "validated", "elevationM": 7.2565436363220215, "slopeDegrees": 0.805297315120697, "landCoverClass": 23, "imperviousPct": 59, "distanceToWaterM": 0.0, "distanceToRoadM": 0.0, "femaSfha": true, "relativeElevationZ": -0.405}}, {"type": "Feature", "geometry": {"type": "Polygon", "coordinates": [[[-73.73963791545486, 40.951851293169405], [-73.73666820119533, 40.951818787785015], [-73.73662527454694, 40.954070317368945], [-73.73959508964896, 40.95410282531686], [-73.73963791545486, 40.951851293169405]]]}, "properties": {"cellId": "cell-018-007", "centroid": [-73.738132, 40.952961], "coverageTier": "validated", "elevationM": 7.490360736846924, "slopeDegrees": 0.10378614813089371, "landCoverClass": 24, "imperviousPct": 92, "distanceToWaterM": 0.0, "distanceToRoadM": 0.0, "femaSfha": true, "relativeElevationZ": -0.389}}, {"type": "Feature", "geometry": {"type": "Polygon", "coordinates": [[[-73.73666820119533, 40.951818787785015], [-73.7336984917959, 40.95178620593383], [-73.73365546430564, 40.954037732948194], [-73.73662527454694, 40.954070317368945], [-73.73666820119533, 40.951818787785015]]]}, "properties": {"cellId": "cell-018-008", "centroid": [-73.735162, 40.952928], "coverageTier": "validated", "elevationM": 11.250938415527344, "slopeDegrees": 6.747852802276611, "landCoverClass": 24, "imperviousPct": 87, "distanceToWaterM": 0.0, "distanceToRoadM": 0.0, "femaSfha": true, "relativeElevationZ": -0.145}}, {"type": "Feature", "geometry": {"type": "Polygon", "coordinates": [[[-73.7336984917959, 40.95178620593383], [-73.73072878726798, 40.951753547616214], [-73.7306856589365, 40.954005072055004], [-73.73365546430564, 40.954037732948194], [-73.7336984917959, 40.95178620593383]]]}, "properties": {"cellId": "cell-018-009", "centroid": [-73.732192, 40.952896], "coverageTier": "validated", "elevationM": 17.660737991333008, "slopeDegrees": 4.604724407196045, "landCoverClass": 22, "imperviousPct": 48, "distanceToWaterM": 15.624300794249493, "distanceToRoadM": 0.0, "femaSfha": false, "relativeElevationZ": 0.272}}, {"type": "Feature", "geometry": {"type": "Polygon", "coordinates": [[[-73.73072878726798, 40.951753547616214], [-73.727759087623, 40.951720812832534], [-73.7277158584509, 40.9539723346897], [-73.7306856589365, 40.954005072055004], [-73.73072878726798, 40.951753547616214]]]}, "properties": {"cellId": "cell-018-010", "centroid": [-73.729222, 40.952863], "coverageTier": "validated", "elevationM": 19.480762481689453, "slopeDegrees": 1.685124397277832, "landCoverClass": 21, "imperviousPct": 5, "distanceToWaterM": 160.0463116759378, "distanceToRoadM": 0.0, "femaSfha": false, "relativeElevationZ": 0.39}}, {"type": "Feature", "geometry": {"type": "Polygon", "coordinates": [[[-73.727759087623, 40.951720812832534], [-73.72478939287235, 40.951688001583136], [-73.72474606286029, 40.953939520852664], [-73.7277158584509, 40.9539723346897], [-73.727759087623, 40.951720812832534]]]}, "properties": {"cellId": "cell-018-011", "centroid": [-73.726253, 40.95283], "coverageTier": "validated", "elevationM": 20.21112632751465, "slopeDegrees": 0.3994816839694977, "landCoverClass": 23, "imperviousPct": 65, "distanceToWaterM": 58.7637748872532, "distanceToRoadM": 0.0, "femaSfha": false, "relativeElevationZ": 0.438}}, {"type": "Feature", "geometry": {"type": "Polygon", "coordinates": [[[-73.72478939287235, 40.951688001583136], [-73.72181970302746, 40.951655113868405], [-73.72177627217606, 40.95390663054426], [-73.72474606286029, 40.953939520852664], [-73.72478939287235, 40.951688001583136]]]}, "properties": {"cellId": "cell-018-012", "centroid": [-73.723283, 40.952797], "coverageTier": "validated", "elevationM": 17.286212921142578, "slopeDegrees": 3.967935085296631, "landCoverClass": 22, "imperviousPct": 47, "distanceToWaterM": 0.0, "distanceToRoadM": 0.0, "femaSfha": true, "relativeElevationZ": 0.248}}, {"type": "Feature", "geometry": {"type": "Polygon", "coordinates": [[[-73.72181970302746, 40.951655113868405], [-73.71885001809974, 40.951622149688696], [-73.71880648640962, 40.953873663764846], [-73.72177627217606, 40.95390663054426], [-73.72181970302746, 40.951655113868405]]]}, "properties": {"cellId": "cell-018-013", "centroid": [-73.720313, 40.952764], "coverageTier": "validated", "elevationM": 7.025368690490723, "slopeDegrees": 3.5088589191436768, "landCoverClass": 22, "imperviousPct": 31, "distanceToWaterM": 0.0, "distanceToRoadM": 0.0, "femaSfha": true, "relativeElevationZ": -0.42}}, {"type": "Feature", "geometry": {"type": "Polygon", "coordinates": [[[-73.71885001809974, 40.951622149688696], [-73.71588033810058, 40.951589109044356], [-73.71583670557239, 40.953840620514804], [-73.71880648640962, 40.953873663764846], [-73.71885001809974, 40.951622149688696]]]}, "properties": {"cellId": "cell-018-014", "centroid": [-73.717343, 40.952731], "coverageTier": "validated", "elevationM": 4.233067512512207, "slopeDegrees": 2.6618967056274414, "landCoverClass": 21, "imperviousPct": 15, "distanceToWaterM": 0.0, "distanceToRoadM": 0.0, "femaSfha": true, "relativeElevationZ": -0.601}}, {"type": "Feature", "geometry": {"type": "Polygon", "coordinates": [[[-73.71588033810058, 40.951589109044356], [-73.7129106630414, 40.95155599193579], [-73.71286692967577, 40.95380750079448], [-73.71583670557239, 40.953840620514804], [-73.71588033810058, 40.951589109044356]]]}, "properties": {"cellId": "cell-018-015", "centroid": [-73.714374, 40.952698], "coverageTier": "validated", "elevationM": 6.743438720703125, "slopeDegrees": 1.2842656373977661, "landCoverClass": 21, "imperviousPct": 19, "distanceToWaterM": 130.32482434879057, "distanceToRoadM": 0.0, "femaSfha": false, "relativeElevationZ": -0.438}}, {"type": "Feature", "geometry": {"type": "Polygon", "coordinates": [[[-73.7129106630414, 40.95155599193579], [-73.7099409929336, 40.95152279836335], [-73.70989715873118, 40.95377430460426], [-73.71286692967577, 40.95380750079448], [-73.7129106630414, 40.95155599193579]]]}, "properties": {"cellId": "cell-018-016", "centroid": [-73.711404, 40.952665], "coverageTier": "validated", "elevationM": 6.719019412994385, "slopeDegrees": 1.0524495840072632, "landCoverClass": 21, "imperviousPct": 14, "distanceToWaterM": 380.32482434879057, "distanceToRoadM": 0.0, "femaSfha": false, "relativeElevationZ": -0.44}}, {"type": "Feature", "geometry": {"type": "Polygon", "coordinates": [[[-73.7099409929336, 40.95152279836335], [-73.70697132778861, 40.95148952832738], [-73.70692739275003, 40.953741031944475], [-73.70989715873118, 40.95377430460426], [-73.7099409929336, 40.95152279836335]]]}, "properties": {"cellId": "cell-018-017", "centroid": [-73.708434, 40.952632], "coverageTier": "validated", "elevationM": 8.232726097106934, "slopeDegrees": 1.9768024682998657, "landCoverClass": 22, "imperviousPct": 41, "distanceToWaterM": 630.3248243487906, "distanceToRoadM": 0.0, "femaSfha": false, "relativeElevationZ": -0.341}}, {"type": "Feature", "geometry": {"type": "Polygon", "coordinates": [[[-73.70697132778861, 40.95148952832738], [-73.70400166761782, 40.951456181828284], [-73.70395763174373, 40.95370768281553], [-73.70692739275003, 40.953741031944475], [-73.70697132778861, 40.95148952832738]]]}, "properties": {"cellId": "cell-018-018", "centroid": [-73.705465, 40.952599], "coverageTier": "unsupported", "elevationM": 19.104169845581055, "slopeDegrees": 0.48693209886550903, "landCoverClass": 41, "imperviousPct": 0, "distanceToWaterM": 880.3248243487906, "distanceToRoadM": 0.0, "femaSfha": false, "relativeElevationZ": 0.366}}, {"type": "Feature", "geometry": {"type": "Polygon", "coordinates": [[[-73.70400166761782, 40.951456181828284], [-73.70103201243265, 40.9514227588664], [-73.70098787572368, 40.9536742572178], [-73.70395763174373, 40.95370768281553], [-73.70400166761782, 40.951456181828284]]]}, "properties": {"cellId": "cell-018-019", "centroid": [-73.702495, 40.952565], "coverageTier": "unsupported", "elevationM": null, "slopeDegrees": null, "landCoverClass": null, "imperviousPct": null, "distanceToWaterM": 1130.3248243487906, "distanceToRoadM": 0.0, "femaSfha": false, "relativeElevationZ": null}}, {"type": "Feature", "geometry": {"type": "Polygon", "coordinates": [[[-73.76038393050511, 40.954328239683136], [-73.75741408169749, 40.95429626705501], [-73.75737185617872, 40.95654781353898], [-73.7603418058446, 40.95657978868861], [-73.76038393050511, 40.954328239683136]]]}, "properties": {"cellId": "cell-019-000", "centroid": [-73.758878, 40.955438], "coverageTier": "unsupported", "elevationM": 27.556779861450195, "slopeDegrees": 0.9620078802108765, "landCoverClass": 21, "imperviousPct": 8, "distanceToWaterM": 0.0, "distanceToRoadM": 0.0, "femaSfha": true, "relativeElevationZ": 0.915}}, {"type": "Feature", "geometry": {"type": "Polygon", "coordinates": [[[-73.75741408169749, 40.95429626705501], [-73.75444423767071, 40.954264217951554], [-73.75440191129431, 40.956515761908], [-73.75737185617872, 40.95654781353898], [-73.75741408169749, 40.95429626705501]]]}, "properties": {"cellId": "cell-019-001", "centroid": [-73.755908, 40.955406], "coverageTier": "unsupported", "elevationM": 43.16196823120117, "slopeDegrees": 7.042798042297363, "landCoverClass": 21, "imperviousPct": 9, "distanceToWaterM": 162.48256399098318, "distanceToRoadM": 0.0, "femaSfha": false, "relativeElevationZ": 1.93}}, {"type": "Feature", "geometry": {"type": "Polygon", "coordinates": [[[-73.75444423767071, 40.954264217951554], [-73.75147439843619, 40.95423209237313], [-73.75143197120278, 40.95648363379602], [-73.75440191129431, 40.956515761908], [-73.75444423767071, 40.954264217951554]]]}, "properties": {"cellId": "cell-019-002", "centroid": [-73.752938, 40.955374], "coverageTier": "unsupported", "elevationM": 44.373661041259766, "slopeDegrees": 0.784221887588501, "landCoverClass": 43, "imperviousPct": 0, "distanceToWaterM": 379.37812051255736, "distanceToRoadM": 0.0, "femaSfha": false, "relativeElevationZ": 2.009}}, {"type": "Feature", "geometry": {"type": "Polygon", "coordinates": [[[-73.75147439843619, 40.95423209237313], [-73.74850456400534, 40.95419989032009], [-73.74846203591554, 40.95645142920339], [-73.75143197120278, 40.95648363379602], [-73.75147439843619, 40.95423209237313]]]}, "properties": {"cellId": "cell-019-003", "centroid": [-73.749968, 40.955342], "coverageTier": "validated", "elevationM": 40.62112045288086, "slopeDegrees": 12.7178316116333, "landCoverClass": 41, "imperviousPct": 0, "distanceToWaterM": 304.00915649700545, "distanceToRoadM": 0.0, "femaSfha": false, "relativeElevationZ": 1.765}}, {"type": "Feature", "geometry": {"type": "Polygon", "coordinates": [[[-73.74850456400534, 40.95419989032009], [-73.74553473438957, 40.954167611792805], [-73.74549210544401, 40.956419148130486], [-73.74846203591554, 40.95645142920339], [-73.74850456400534, 40.95419989032009]]]}, "properties": {"cellId": "cell-019-004", "centroid": [-73.746998, 40.95531], "coverageTier": "validated", "elevationM": 27.53972816467285, "slopeDegrees": 11.650660514831543, "landCoverClass": 21, "imperviousPct": 15, "distanceToWaterM": 130.32147296964632, "distanceToRoadM": 0.0, "femaSfha": false, "relativeElevationZ": 0.914}}, {"type": "Feature", "geometry": {"type": "Polygon", "coordinates": [[[-73.74553473438957, 40.954167611792805], [-73.7425649096003, 40.954135256791595], [-73.7425221797996, 40.95638679057763], [-73.74549210544401, 40.956419148130486], [-73.74553473438957, 40.954167611792805]]]}, "properties": {"cellId": "cell-019-005", "centroid": [-73.744028, 40.955277], "coverageTier": "validated", "elevationM": 33.3940315246582, "slopeDegrees": 5.517316818237305, "landCoverClass": 22, "imperviousPct": 31, "distanceToWaterM": 125.93873251695187, "distanceToRoadM": 0.0, "femaSfha": false, "relativeElevationZ": 1.295}}, {"type": "Feature", "geometry": {"type": "Polygon", "coordinates": [[[-73.7425649096003, 40.954135256791595], [-73.73959508964896, 40.95410282531686], [-73.73955225899373, 40.956354356545226], [-73.7425221797996, 40.95638679057763], [-73.7425649096003, 40.954135256791595]]]}, "properties": {"cellId": "cell-019-006", "centroid": [-73.741059, 40.955245], "coverageTier": "validated", "elevationM": 9.437397956848145, "slopeDegrees": 3.7190399169921875, "landCoverClass": 24, "imperviousPct": 89, "distanceToWaterM": 143.37447244633518, "distanceToRoadM": 0.0, "femaSfha": true, "relativeElevationZ": -0.263}}, {"type": "Feature", "geometry": {"type": "Polygon", "coordinates": [[[-73.73959508964896, 40.95410282531686], [-73.73662527454694, 40.954070317368945], [-73.7365823430378, 40.95632184603361], [-73.73955225899373, 40.956354356545226], [-73.73959508964896, 40.95410282531686]]]}, "properties": {"cellId": "cell-019-007", "centroid": [-73.738089, 40.955212], "coverageTier": "validated", "elevationM": 6.450735569000244, "slopeDegrees": 1.0605345964431763, "landCoverClass": 23, "imperviousPct": 66, "distanceToWaterM": 0.0, "distanceToRoadM": 0.0, "femaSfha": true, "relativeElevationZ": -0.457}}, {"type": "Feature", "geometry": {"type": "Polygon", "coordinates": [[[-73.73662527454694, 40.954070317368945], [-73.73365546430564, 40.954037732948194], [-73.73361243194323, 40.95628925904313], [-73.7365823430378, 40.95632184603361], [-73.73662527454694, 40.954070317368945]]]}, "properties": {"cellId": "cell-019-008", "centroid": [-73.735119, 40.95518], "coverageTier": "validated", "elevationM": 7.482150554656982, "slopeDegrees": 3.18182110786438, "landCoverClass": 22, "imperviousPct": 31, "distanceToWaterM": 0.0, "distanceToRoadM": 0.0, "femaSfha": true, "relativeElevationZ": -0.39}}, {"type": "Feature", "geometry": {"type": "Polygon", "coordinates": [[[-73.73365546430564, 40.954037732948194], [-73.7306856589365, 40.954005072055004], [-73.73064252572144, 40.95625659557417], [-73.73361243194323, 40.95628925904313], [-73.73365546430564, 40.954037732948194]]]}, "properties": {"cellId": "cell-019-009", "centroid": [-73.732149, 40.955147], "coverageTier": "validated", "elevationM": 17.899057388305664, "slopeDegrees": 1.466033935546875, "landCoverClass": 21, "imperviousPct": 19, "distanceToWaterM": 61.58032135559731, "distanceToRoadM": 0.0, "femaSfha": false, "relativeElevationZ": 0.287}}, {"type": "Feature", "geometry": {"type": "Polygon", "coordinates": [[[-73.7306856589365, 40.954005072055004], [-73.7277158584509, 40.9539723346897], [-73.72767262438384, 40.95622385562709], [-73.73064252572144, 40.95625659557417], [-73.7306856589365, 40.954005072055004]]]}, "properties": {"cellId": "cell-019-010", "centroid": [-73.729179, 40.955114], "coverageTier": "validated", "elevationM": 18.44002914428711, "slopeDegrees": 1.5357435941696167, "landCoverClass": 22, "imperviousPct": 31, "distanceToWaterM": 308.02568600356625, "distanceToRoadM": 0.0, "femaSfha": false, "relativeElevationZ": 0.323}}, {"type": "Feature", "geometry": {"type": "Polygon", "coordinates": [[[-73.7277158584509, 40.9539723346897], [-73.72474606286029, 40.953939520852664], [-73.72470272794185, 40.95619103920224], [-73.72767262438384, 40.95622385562709], [-73.7277158584509, 40.9539723346897]]]}, "properties": {"cellId": "cell-019-011", "centroid": [-73.726209, 40.955082], "coverageTier": "validated", "elevationM": 17.68659019470215, "slopeDegrees": 3.8578903675079346, "landCoverClass": 22, "imperviousPct": 37, "distanceToWaterM": 228.15659782954077, "distanceToRoadM": 0.0, "femaSfha": false, "relativeElevationZ": 0.274}}, {"type": "Feature", "geometry": {"type": "Polygon", "coordinates": [[[-73.72474606286029, 40.953939520852664], [-73.72177627217606, 40.95390663054426], [-73.72173283640686, 40.956158146299984], [-73.72470272794185, 40.95619103920224], [-73.72474606286029, 40.953939520852664]]]}, "properties": {"cellId": "cell-019-012", "centroid": [-73.723239, 40.955049], "coverageTier": "validated", "elevationM": 16.31283950805664, "slopeDegrees": 1.9867395162582397, "landCoverClass": 23, "imperviousPct": 51, "distanceToWaterM": 95.0484367670319, "distanceToRoadM": 0.0, "femaSfha": false, "relativeElevationZ": 0.184}}, {"type": "Feature", "geometry": {"type": "Polygon", "coordinates": [[[-73.72177627217606, 40.95390663054426], [-73.71880648640962, 40.953873663764846], [-73.7187629497903, 40.95612517692071], [-73.72173283640686, 40.956158146299984], [-73.72177627217606, 40.95390663054426]]]}, "properties": {"cellId": "cell-019-013", "centroid": [-73.72027, 40.955016], "coverageTier": "validated", "elevationM": 12.803008079528809, "slopeDegrees": 4.187606334686279, "landCoverClass": 23, "imperviousPct": 66, "distanceToWaterM": 0.0, "distanceToRoadM": 0.0, "femaSfha": true, "relativeElevationZ": -0.044}}, {"type": "Feature", "geometry": {"type": "Polygon", "coordinates": [[[-73.71880648640962, 40.953873663764846], [-73.71583670557239, 40.953840620514804], [-73.71579306810358, 40.956092131064764], [-73.7187629497903, 40.95612517692071], [-73.71880648640962, 40.953873663764846]]]}, "properties": {"cellId": "cell-019-014", "centroid": [-73.7173, 40.954983], "coverageTier": "validated", "elevationM": 15.675873756408691, "slopeDegrees": 4.371221542358398, "landCoverClass": 23, "imperviousPct": 68, "distanceToWaterM": 0.0, "distanceToRoadM": 0.0, "femaSfha": true, "relativeElevationZ": 0.143}}, {"type": "Feature", "geometry": {"type": "Polygon", "coordinates": [[[-73.71583670557239, 40.953840620514804], [-73.71286692967577, 40.95380750079448], [-73.71282319135813, 40.9560590087325], [-73.71579306810358, 40.956092131064764], [-73.71583670557239, 40.953840620514804]]]}, "properties": {"cellId": "cell-019-015", "centroid": [-73.71433, 40.95495], "coverageTier": "validated", "elevationM": 15.215384483337402, "slopeDegrees": 3.2234129905700684, "landCoverClass": 21, "imperviousPct": 15, "distanceToWaterM": 144.658563864509, "distanceToRoadM": 0.0, "femaSfha": true, "relativeElevationZ": 0.113}}, {"type": "Feature", "geometry": {"type": "Polygon", "coordinates": [[[-73.71286692967577, 40.95380750079448], [-73.70989715873118, 40.95377430460426], [-73.70985331956533, 40.95602580992432], [-73.71282319135813, 40.9560590087325], [-73.71286692967577, 40.95380750079448]]]}, "properties": {"cellId": "cell-019-016", "centroid": [-73.71136, 40.954917], "coverageTier": "validated", "elevationM": 13.05874252319336, "slopeDegrees": 2.994809150695801, "landCoverClass": 21, "imperviousPct": 15, "distanceToWaterM": 379.459118400544, "distanceToRoadM": 0.0, "femaSfha": false, "relativeElevationZ": -0.027}}, {"type": "Feature", "geometry": {"type": "Polygon", "coordinates": [[[-73.70989715873118, 40.95377430460426], [-73.70692739275003, 40.953741031944475], [-73.7068834527366, 40.955992534640565], [-73.70985331956533, 40.95602580992432], [-73.70989715873118, 40.95377430460426]]]}, "properties": {"cellId": "cell-019-017", "centroid": [-73.70839, 40.954883], "coverageTier": "unsupported", "elevationM": 16.3171443939209, "slopeDegrees": 2.5112764835357666, "landCoverClass": 21, "imperviousPct": 5, "distanceToWaterM": 604.3122155045397, "distanceToRoadM": 0.0, "femaSfha": false, "relativeElevationZ": 0.185}}, {"type": "Feature", "geometry": {"type": "Polygon", "coordinates": [[[-73.70692739275003, 40.953741031944475], [-73.70395763174373, 40.95370768281553], [-73.70391359088339, 40.955959182881614], [-73.7068834527366, 40.955992534640565], [-73.70692739275003, 40.953741031944475]]]}, "properties": {"cellId": "cell-019-018", "centroid": [-73.705421, 40.95485], "coverageTier": "unsupported", "elevationM": 21.109712600708008, "slopeDegrees": 2.0488853454589844, "landCoverClass": 81, "imperviousPct": 0, "distanceToWaterM": 814.8279483220327, "distanceToRoadM": 0.0, "femaSfha": false, "relativeElevationZ": 0.496}}, {"type": "Feature", "geometry": {"type": "Polygon", "coordinates": [[[-73.70395763174373, 40.95370768281553], [-73.70098787572368, 40.9536742572178], [-73.70094373401706, 40.955925754647836], [-73.70391359088339, 40.955959182881614], [-73.70395763174373, 40.95370768281553]]]}, "properties": {"cellId": "cell-019-019", "centroid": [-73.702451, 40.954817], "coverageTier": "unsupported", "elevationM": null, "slopeDegrees": null, "landCoverClass": null, "imperviousPct": null, "distanceToWaterM": 1017.9469606815521, "distanceToRoadM": 0.0, "femaSfha": false, "relativeElevationZ": null}}, {"type": "Feature", "geometry": {"type": "Polygon", "coordinates": [[[-73.7603418058446, 40.95657978868861], [-73.75737185617872, 40.95654781353898], [-73.7573296258785, 40.95879935910488], [-73.76029967641402, 40.95883133677617], [-73.7603418058446, 40.95657978868861]]]}, "properties": {"cellId": "cell-020-000", "centroid": [-73.758836, 40.95769], "coverageTier": "unsupported", "elevationM": 32.22829818725586, "slopeDegrees": 4.299409866333008, "landCoverClass": 22, "imperviousPct": 43, "distanceToWaterM": 0.0, "distanceToRoadM": 0.0, "femaSfha": true, "relativeElevationZ": 1.219}}, {"type": "Feature", "geometry": {"type": "Polygon", "coordinates": [[[-73.75737185617872, 40.95654781353898], [-73.75440191129431, 40.956515761908], [-73.75435958012504, 40.95876730494619], [-73.7573296258785, 40.95879935910488], [-73.75737185617872, 40.95654781353898]]]}, "properties": {"cellId": "cell-020-001", "centroid": [-73.755866, 40.957658], "coverageTier": "unsupported", "elevationM": 45.73917770385742, "slopeDegrees": 7.953121185302734, "landCoverClass": 21, "imperviousPct": 12, "distanceToWaterM": 176.8827892177529, "distanceToRoadM": 0.0, "femaSfha": false, "relativeElevationZ": 2.098}}, {"type": "Feature", "geometry": {"type": "Polygon", "coordinates": [[[-73.75440191129431, 40.956515761908], [-73.75143197120278, 40.95648363379602], [-73.75138953916509, 40.95873517430048], [-73.75435958012504, 40.95876730494619], [-73.75440191129431, 40.956515761908]]]}, "properties": {"cellId": "cell-020-002", "centroid": [-73.752896, 40.957625], "coverageTier": "unsupported", "elevationM": 49.202877044677734, "slopeDegrees": 2.77024507522583, "landCoverClass": 21, "imperviousPct": 8, "distanceToWaterM": 184.99501330783295, "distanceToRoadM": 0.0, "femaSfha": false, "relativeElevationZ": 2.323}}, {"type": "Feature", "geometry": {"type": "Polygon", "coordinates": [[[-73.75143197120278, 40.95648363379602], [-73.74846203591554, 40.95645142920339], [-73.74841950301004, 40.958702967168094], [-73.75138953916509, 40.95873517430048], [-73.75143197120278, 40.95648363379602]]]}, "properties": {"cellId": "cell-020-003", "centroid": [-73.749926, 40.957593], "coverageTier": "validated", "elevationM": 42.313175201416016, "slopeDegrees": 1.628387451171875, "landCoverClass": 41, "imperviousPct": 0, "distanceToWaterM": 90.44578386098146, "distanceToRoadM": 3.6012622099490126, "femaSfha": false, "relativeElevationZ": 1.875}}, {"type": "Feature", "geometry": {"type": "Polygon", "coordinates": [[[-73.74846203591554, 40.95645142920339], [-73.74549210544401, 40.956419148130486], [-73.74544947167134, 40.95867068354941], [-73.74841950301004, 40.958702967168094], [-73.74846203591554, 40.95645142920339]]]}, "properties": {"cellId": "cell-020-004", "centroid": [-73.746956, 40.957561], "coverageTier": "validated", "elevationM": 33.451717376708984, "slopeDegrees": 3.7234444618225098, "landCoverClass": 21, "imperviousPct": 2, "distanceToWaterM": 0.0, "distanceToRoadM": 0.0, "femaSfha": false, "relativeElevationZ": 1.299}}, {"type": "Feature", "geometry": {"type": "Polygon", "coordinates": [[[-73.74549210544401, 40.956419148130486], [-73.7425221797996, 40.95638679057763], [-73.74247944516036, 40.958638323444745], [-73.74544947167134, 40.95867068354941], [-73.74549210544401, 40.956419148130486]]]}, "properties": {"cellId": "cell-020-005", "centroid": [-73.743986, 40.957529], "coverageTier": "validated", "elevationM": 26.053451538085938, "slopeDegrees": 2.464228391647339, "landCoverClass": 21, "imperviousPct": 14, "distanceToWaterM": 0.0, "distanceToRoadM": 0.0, "femaSfha": false, "relativeElevationZ": 0.818}}, {"type": "Feature", "geometry": {"type": "Polygon", "coordinates": [[[-73.7425221797996, 40.95638679057763], [-73.73955225899373, 40.956354356545226], [-73.73950942348856, 40.95860588685448], [-73.74247944516036, 40.958638323444745], [-73.7425221797996, 40.95638679057763]]]}, "properties": {"cellId": "cell-020-006", "centroid": [-73.741016, 40.957496], "coverageTier": "validated", "elevationM": 8.772366523742676, "slopeDegrees": 3.4665489196777344, "landCoverClass": 23, "imperviousPct": 67, "distanceToWaterM": 192.53761983301956, "distanceToRoadM": 0.0, "femaSfha": true, "relativeElevationZ": -0.306}}, {"type": "Feature", "geometry": {"type": "Polygon", "coordinates": [[[-73.73955225899373, 40.956354356545226], [-73.7365823430378, 40.95632184603361], [-73.7365394066673, 40.95857337377899], [-73.73950942348856, 40.95860588685448], [-73.73955225899373, 40.956354356545226]]]}, "properties": {"cellId": "cell-020-007", "centroid": [-73.738046, 40.957464], "coverageTier": "validated", "elevationM": 7.563172340393066, "slopeDegrees": 0.5680868029594421, "landCoverClass": 24, "imperviousPct": 89, "distanceToWaterM": 0.0, "distanceToRoadM": 0.0, "femaSfha": true, "relativeElevationZ": -0.385}}, {"type": "Feature", "geometry": {"type": "Polygon", "coordinates": [[[-73.7365823430378, 40.95632184603361], [-73.73361243194323, 40.95628925904313], [-73.73356939470806, 40.95854078421862], [-73.7365394066673, 40.95857337377899], [-73.7365823430378, 40.95632184603361]]]}, "properties": {"cellId": "cell-020-008", "centroid": [-73.735076, 40.957431], "coverageTier": "validated", "elevationM": 8.424479484558105, "slopeDegrees": 1.1741069555282593, "landCoverClass": 21, "imperviousPct": 19, "distanceToWaterM": 0.0, "distanceToRoadM": 0.0, "femaSfha": true, "relativeElevationZ": -0.329}}, {"type": "Feature", "geometry": {"type": "Polygon", "coordinates": [[[-73.73361243194323, 40.95628925904313], [-73.73064252572144, 40.95625659557417], [-73.7305993876222, 40.958508118173725], [-73.73356939470806, 40.95854078421862], [-73.73361243194323, 40.95628925904313]]]}, "properties": {"cellId": "cell-020-009", "centroid": [-73.732106, 40.957399], "coverageTier": "validated", "elevationM": 15.005498886108398, "slopeDegrees": 9.188910484313965, "landCoverClass": 22, "imperviousPct": 20, "distanceToWaterM": 114.60628097432551, "distanceToRoadM": 0.0, "femaSfha": false, "relativeElevationZ": 0.099}}, {"type": "Feature", "geometry": {"type": "Polygon", "coordinates": [[[-73.73064252572144, 40.95625659557417], [-73.72767262438384, 40.95622385562709], [-73.72762938542118, 40.95847537564468], [-73.7305993876222, 40.958508118173725], [-73.73064252572144, 40.95625659557417]]]}, "properties": {"cellId": "cell-020-010", "centroid": [-73.729136, 40.957366], "coverageTier": "validated", "elevationM": 20.541166305541992, "slopeDegrees": 1.5565918684005737, "landCoverClass": 22, "imperviousPct": 36, "distanceToWaterM": 361.89972266494794, "distanceToRoadM": 0.0, "femaSfha": false, "relativeElevationZ": 0.459}}, {"type": "Feature", "geometry": {"type": "Polygon", "coordinates": [[[-73.72767262438384, 40.95622385562709], [-73.72470272794185, 40.95619103920224], [-73.72465938811638, 40.95844255663183], [-73.72762938542118, 40.95847537564468], [-73.72767262438384, 40.95622385562709]]]}, "properties": {"cellId": "cell-020-011", "centroid": [-73.726166, 40.957333], "coverageTier": "validated", "elevationM": 14.57108211517334, "slopeDegrees": 3.4849071502685547, "landCoverClass": 23, "imperviousPct": 57, "distanceToWaterM": 430.23767216669626, "distanceToRoadM": 0.0, "femaSfha": false, "relativeElevationZ": 0.071}}, {"type": "Feature", "geometry": {"type": "Polygon", "coordinates": [[[-73.72470272794185, 40.95619103920224], [-73.72173283640686, 40.956158146299984], [-73.72168939571922, 40.95840966113557], [-73.72465938811638, 40.95844255663183], [-73.72470272794185, 40.95619103920224]]]}, "properties": {"cellId": "cell-020-012", "centroid": [-73.723196, 40.9573], "coverageTier": "validated", "elevationM": 14.051850318908691, "slopeDegrees": 0.977546215057373, "landCoverClass": 22, "imperviousPct": 40, "distanceToWaterM": 248.40001118301214, "distanceToRoadM": 0.0, "femaSfha": false, "relativeElevationZ": 0.037}}, {"type": "Feature", "geometry": {"type": "Polygon", "coordinates": [[[-73.72173283640686, 40.956158146299984], [-73.7187629497903, 40.95612517692071], [-73.71871940824114, 40.95837668915624], [-73.72168939571922, 40.95840966113557], [-73.72173283640686, 40.956158146299984]]]}, "properties": {"cellId": "cell-020-013", "centroid": [-73.720226, 40.957267], "coverageTier": "validated", "elevationM": 19.430740356445312, "slopeDegrees": 3.0466535091400146, "landCoverClass": 22, "imperviousPct": 47, "distanceToWaterM": 34.14612921246459, "distanceToRoadM": 0.0, "femaSfha": false, "relativeElevationZ": 0.387}}, {"type": "Feature", "geometry": {"type": "Polygon", "coordinates": [[[-73.7187629497903, 40.95612517692071], [-73.71579306810358, 40.956092131064764], [-73.71574942569352, 40.95834364069422], [-73.71871940824114, 40.95837668915624], [-73.7187629497903, 40.95612517692071]]]}, "properties": {"cellId": "cell-020-014", "centroid": [-73.717256, 40.957234], "coverageTier": "validated", "elevationM": 13.55597972869873, "slopeDegrees": 22.885902404785156, "landCoverClass": 21, "imperviousPct": 3, "distanceToWaterM": 0.0, "distanceToRoadM": 0.0, "femaSfha": true, "relativeElevationZ": 0.005}}, {"type": "Feature", "geometry": {"type": "Polygon", "coordinates": [[[-73.71579306810358, 40.956092131064764], [-73.71282319135813, 40.9560590087325], [-73.7127794480878, 40.95831051574986], [-73.71574942569352, 40.95834364069422], [-73.71579306810358, 40.956092131064764]]]}, "properties": {"cellId": "cell-020-015", "centroid": [-73.714286, 40.957201], "coverageTier": "validated", "elevationM": 8.795515060424805, "slopeDegrees": 0.2636191248893738, "landCoverClass": 90, "imperviousPct": 0, "distanceToWaterM": 46.58396850179588, "distanceToRoadM": 0.0, "femaSfha": true, "relativeElevationZ": -0.305}}, {"type": "Feature", "geometry": {"type": "Polygon", "coordinates": [[[-73.71282319135813, 40.9560590087325], [-73.70985331956533, 40.95602580992432], [-73.70980947543539, 40.95827731432354], [-73.7127794480878, 40.95831051574986], [-73.71282319135813, 40.9560590087325]]]}, "properties": {"cellId": "cell-020-016", "centroid": [-73.711316, 40.957168], "coverageTier": "validated", "elevationM": 15.21316146850586, "slopeDegrees": 1.4283281564712524, "landCoverClass": 23, "imperviousPct": 53, "distanceToWaterM": 260.04659702332964, "distanceToRoadM": 0.0, "femaSfha": true, "relativeElevationZ": 0.113}}, {"type": "Feature", "geometry": {"type": "Polygon", "coordinates": [[[-73.70985331956533, 40.95602580992432], [-73.7068834527366, 40.955992534640565], [-73.70683950774769, 40.95824403641563], [-73.70980947543539, 40.95827731432354], [-73.70985331956533, 40.95602580992432]]]}, "properties": {"cellId": "cell-020-017", "centroid": [-73.708346, 40.957135], "coverageTier": "unsupported", "elevationM": 20.342008590698242, "slopeDegrees": 3.0406551361083984, "landCoverClass": 21, "imperviousPct": 18, "distanceToWaterM": 467.40239496631483, "distanceToRoadM": 0.0, "femaSfha": false, "relativeElevationZ": 0.446}}, {"type": "Feature", "geometry": {"type": "Polygon", "coordinates": [[[-73.7068834527366, 40.955992534640565], [-73.70391359088339, 40.955959182881614], [-73.70386954503613, 40.95821068202649], [-73.70683950774769, 40.95824403641563], [-73.7068834527366, 40.955992534640565]]]}, "properties": {"cellId": "cell-020-018", "centroid": [-73.705377, 40.957102], "coverageTier": "unsupported", "elevationM": 28.16089630126953, "slopeDegrees": 3.497697114944458, "landCoverClass": 41, "imperviousPct": 0, "distanceToWaterM": 669.8122348710411, "distanceToRoadM": 0.0, "femaSfha": false, "relativeElevationZ": 0.955}}, {"type": "Feature", "geometry": {"type": "Polygon", "coordinates": [[[-73.70391359088339, 40.955959182881614], [-73.70094373401706, 40.955925754647836], [-73.7008995873121, 40.95817725115649], [-73.70386954503613, 40.95821068202649], [-73.70391359088339, 40.955959182881614]]]}, "properties": {"cellId": "cell-020-019", "centroid": [-73.702407, 40.957068], "coverageTier": "unsupported", "elevationM": null, "slopeDegrees": null, "landCoverClass": null, "imperviousPct": null, "distanceToWaterM": 817.7902496236459, "distanceToRoadM": 0.0, "femaSfha": false, "relativeElevationZ": null}}, {"type": "Feature", "geometry": {"type": "Polygon", "coordinates": [[[-73.76029967641402, 40.95883133677617], [-73.7573296258785, 40.95879935910488], [-73.75728739079618, 40.961050903752664], [-73.76025754221278, 40.96108288394581], [-73.76029967641402, 40.95883133677617]]]}, "properties": {"cellId": "cell-021-000", "centroid": [-73.758794, 40.959941], "coverageTier": "unsupported", "elevationM": 37.424522399902344, "slopeDegrees": 0.8118995428085327, "landCoverClass": 23, "imperviousPct": 67, "distanceToWaterM": 200.58073442610663, "distanceToRoadM": 0.0, "femaSfha": false, "relativeElevationZ": 1.557}}, {"type": "Feature", "geometry": {"type": "Polygon", "coordinates": [[[-73.7573296258785, 40.95879935910488], [-73.75435958012504, 40.95876730494619], [-73.75431724416228, 40.961018847066114], [-73.75728739079618, 40.961050903752664], [-73.7573296258785, 40.95879935910488]]]}, "properties": {"cellId": "cell-021-001", "centroid": [-73.755823, 40.959909], "coverageTier": "unsupported", "elevationM": 45.72258377075195, "slopeDegrees": 0.2025781273841858, "landCoverClass": 21, "imperviousPct": 7, "distanceToWaterM": 309.54139969146064, "distanceToRoadM": 0.0, "femaSfha": false, "relativeElevationZ": 2.096}}, {"type": "Feature", "geometry": {"type": "Polygon", "coordinates": [[[-73.75435958012504, 40.95876730494619], [-73.75138953916509, 40.95873517430048], [-73.75134710232248, 40.960986713886506], [-73.75431724416228, 40.961018847066114], [-73.75435958012504, 40.95876730494619]]]}, "properties": {"cellId": "cell-021-002", "centroid": [-73.752853, 40.959877], "coverageTier": "unsupported", "elevationM": 47.851539611816406, "slopeDegrees": 0.4703192114830017, "landCoverClass": 21, "imperviousPct": 6, "distanceToWaterM": 112.01517151411156, "distanceToRoadM": 0.0, "femaSfha": false, "relativeElevationZ": 2.235}}, {"type": "Feature", "geometry": {"type": "Polygon", "coordinates": [[[-73.75138953916509, 40.95873517430048], [-73.74841950301004, 40.958702967168094], [-73.74837696528823, 40.9609545042142], [-73.75134710232248, 40.960986713886506], [-73.75138953916509, 40.95873517430048]]]}, "properties": {"cellId": "cell-021-003", "centroid": [-73.749883, 40.959845], "coverageTier": "unsupported", "elevationM": 42.446746826171875, "slopeDegrees": 3.995007276535034, "landCoverClass": 42, "imperviousPct": 0, "distanceToWaterM": 0.0, "distanceToRoadM": 0.0, "femaSfha": false, "relativeElevationZ": 1.883}}, {"type": "Feature", "geometry": {"type": "Polygon", "coordinates": [[[-73.74841950301004, 40.958702967168094], [-73.74544947167134, 40.95867068354941], [-73.7454068330709, 40.96092221804953], [-73.74837696528823, 40.9609545042142], [-73.74841950301004, 40.958702967168094]]]}, "properties": {"cellId": "cell-021-004", "centroid": [-73.746913, 40.959813], "coverageTier": "validated", "elevationM": 37.17668914794922, "slopeDegrees": 14.40413761138916, "landCoverClass": 41, "imperviousPct": 0, "distanceToWaterM": 0.0, "distanceToRoadM": 0.0, "femaSfha": false, "relativeElevationZ": 1.541}}, {"type": "Feature", "geometry": {"type": "Polygon", "coordinates": [[[-73.74544947167134, 40.95867068354941], [-73.74247944516036, 40.958638323444745], [-73.74243670568197, 40.960889855392885], [-73.7454068330709, 40.96092221804953], [-73.74544947167134, 40.95867068354941]]]}, "properties": {"cellId": "cell-021-005", "centroid": [-73.743943, 40.95978], "coverageTier": "validated", "elevationM": 40.688453674316406, "slopeDegrees": 9.175736427307129, "landCoverClass": 21, "imperviousPct": 5, "distanceToWaterM": 11.55952374683693, "distanceToRoadM": 0.0, "femaSfha": false, "relativeElevationZ": 1.769}}, {"type": "Feature", "geometry": {"type": "Polygon", "coordinates": [[[-73.74247944516036, 40.958638323444745], [-73.73950942348856, 40.95860588685448], [-73.73946658313278, 40.96085741624462], [-73.74243670568197, 40.960889855392885], [-73.74247944516036, 40.958638323444745]]]}, "properties": {"cellId": "cell-021-006", "centroid": [-73.740973, 40.959748], "coverageTier": "validated", "elevationM": 14.623312950134277, "slopeDegrees": 21.03995132446289, "landCoverClass": 22, "imperviousPct": 39, "distanceToWaterM": 74.11464627925307, "distanceToRoadM": 0.0, "femaSfha": true, "relativeElevationZ": 0.074}}, {"type": "Feature", "geometry": {"type": "Polygon", "coordinates": [[[-73.73950942348856, 40.95860588685448], [-73.7365394066673, 40.95857337377899], [-73.73649646543483, 40.960824900605076], [-73.73946658313278, 40.96085741624462], [-73.73950942348856, 40.95860588685448]]]}, "properties": {"cellId": "cell-021-007", "centroid": [-73.738003, 40.959715], "coverageTier": "validated", "elevationM": 8.860827445983887, "slopeDegrees": 0.6953763961791992, "landCoverClass": 23, "imperviousPct": 50, "distanceToWaterM": 85.06433107110206, "distanceToRoadM": 0.0, "femaSfha": true, "relativeElevationZ": -0.3}}, {"type": "Feature", "geometry": {"type": "Polygon", "coordinates": [[[-73.7365394066673, 40.95857337377899], [-73.73356939470806, 40.95854078421862], [-73.73352635259948, 40.96079230847462], [-73.73649646543483, 40.960824900605076], [-73.7365394066673, 40.95857337377899]]]}, "properties": {"cellId": "cell-021-008", "centroid": [-73.735033, 40.959683], "coverageTier": "validated", "elevationM": 6.271839141845703, "slopeDegrees": 0.6377714276313782, "landCoverClass": 21, "imperviousPct": 10, "distanceToWaterM": 0.0, "distanceToRoadM": 0.0, "femaSfha": true, "relativeElevationZ": -0.469}}, {"type": "Feature", "geometry": {"type": "Polygon", "coordinates": [[[-73.73356939470806, 40.95854078421862], [-73.7305993876222, 40.958508118173725], [-73.73055624463815, 40.960759639853634], [-73.73352635259948, 40.96079230847462], [-73.73356939470806, 40.95854078421862]]]}, "properties": {"cellId": "cell-021-009", "centroid": [-73.732063, 40.95965], "coverageTier": "validated", "elevationM": 19.60620880126953, "slopeDegrees": 1.53224515914917, "landCoverClass": 23, "imperviousPct": 56, "distanceToWaterM": 108.26870436474856, "distanceToRoadM": 0.0, "femaSfha": false, "relativeElevationZ": 0.398}}, {"type": "Feature", "geometry": {"type": "Polygon", "coordinates": [[[-73.7305993876222, 40.958508118173725], [-73.72762938542118, 40.95847537564468], [-73.72758614156228, 40.96072689474244], [-73.73055624463815, 40.960759639853634], [-73.7305993876222, 40.958508118173725]]]}, "properties": {"cellId": "cell-021-010", "centroid": [-73.729093, 40.959618], "coverageTier": "validated", "elevationM": 17.293304443359375, "slopeDegrees": 1.6458804607391357, "landCoverClass": 22, "imperviousPct": 37, "distanceToWaterM": 286.7915823700493, "distanceToRoadM": 0.0, "femaSfha": false, "relativeElevationZ": 0.248}}, {"type": "Feature", "geometry": {"type": "Polygon", "coordinates": [[[-73.72762938542118, 40.95847537564468], [-73.72465938811638, 40.95844255663183], [-73.72461604338326, 40.96069407314144], [-73.72758614156228, 40.96072689474244], [-73.72762938542118, 40.95847537564468]]]}, "properties": {"cellId": "cell-021-011", "centroid": [-73.726123, 40.959585], "coverageTier": "validated", "elevationM": 20.192630767822266, "slopeDegrees": 1.754827618598938, "landCoverClass": 23, "imperviousPct": 62, "distanceToWaterM": 412.06396314380606, "distanceToRoadM": 0.0, "femaSfha": false, "relativeElevationZ": 0.437}}, {"type": "Feature", "geometry": {"type": "Polygon", "coordinates": [[[-73.72465938811638, 40.95844255663183], [-73.72168939571922, 40.95840966113557], [-73.72164595011253, 40.96066117505098], [-73.72461604338326, 40.96069407314144], [-73.72465938811638, 40.95844255663183]]]}, "properties": {"cellId": "cell-021-012", "centroid": [-73.723153, 40.959552], "coverageTier": "validated", "elevationM": 23.19816780090332, "slopeDegrees": 6.379110336303711, "landCoverClass": 23, "imperviousPct": 64, "distanceToWaterM": 383.6069081196116, "distanceToRoadM": 0.0, "femaSfha": false, "relativeElevationZ": 0.632}}, {"type": "Feature", "geometry": {"type": "Polygon", "coordinates": [[[-73.72168939571922, 40.95840966113557], [-73.71871940824114, 40.95837668915624], [-73.71867586176151, 40.96062820047144], [-73.72164595011253, 40.96066117505098], [-73.72168939571922, 40.95840966113557]]]}, "properties": {"cellId": "cell-021-013", "centroid": [-73.720183, 40.959519], "coverageTier": "validated", "elevationM": 19.949247360229492, "slopeDegrees": 6.5324530601501465, "landCoverClass": 22, "imperviousPct": 47, "distanceToWaterM": 163.7278161036539, "distanceToRoadM": 0.0, "femaSfha": false, "relativeElevationZ": 0.421}}, {"type": "Feature", "geometry": {"type": "Polygon", "coordinates": [[[-73.71871940824114, 40.95837668915624], [-73.71574942569352, 40.95834364069422], [-73.71570577834159, 40.96059514940316], [-73.71867586176151, 40.96062820047144], [-73.71871940824114, 40.95837668915624]]]}, "properties": {"cellId": "cell-021-014", "centroid": [-73.717213, 40.959486], "coverageTier": "validated", "elevationM": 13.034377098083496, "slopeDegrees": 8.569181442260742, "landCoverClass": 21, "imperviousPct": 5, "distanceToWaterM": 0.0, "distanceToRoadM": 0.0, "femaSfha": true, "relativeElevationZ": -0.029}}, {"type": "Feature", "geometry": {"type": "Polygon", "coordinates": [[[-73.71574942569352, 40.95834364069422], [-73.7127794480878, 40.95831051574986], [-73.71273569986418, 40.96056202184652], [-73.71570577834159, 40.96059514940316], [-73.71574942569352, 40.95834364069422]]]}, "properties": {"cellId": "cell-021-015", "centroid": [-73.714243, 40.959453], "coverageTier": "validated", "elevationM": 9.184041976928711, "slopeDegrees": 0.7595487833023071, "landCoverClass": 90, "imperviousPct": 0, "distanceToWaterM": 0.0, "distanceToRoadM": 0.0, "femaSfha": true, "relativeElevationZ": -0.279}}, {"type": "Feature", "geometry": {"type": "Polygon", "coordinates": [[[-73.7127794480878, 40.95831051574986], [-73.70980947543539, 40.95827731432354], [-73.70976562634074, 40.9605288178019], [-73.71273569986418, 40.96056202184652], [-73.7127794480878, 40.95831051574986]]]}, "properties": {"cellId": "cell-021-016", "centroid": [-73.711273, 40.95942], "coverageTier": "validated", "elevationM": 9.977866172790527, "slopeDegrees": 1.16081964969635, "landCoverClass": 21, "imperviousPct": 2, "distanceToWaterM": 117.05184487121957, "distanceToRoadM": 4.648165591039601, "femaSfha": true, "relativeElevationZ": -0.228}}, {"type": "Feature", "geometry": {"type": "Polygon", "coordinates": [[[-73.70980947543539, 40.95827731432354], [-73.70683950774769, 40.95824403641563], [-73.70679555778264, 40.96049553726965], [-73.70976562634074, 40.9605288178019], [-73.70980947543539, 40.95827731432354]]]}, "properties": {"cellId": "cell-021-017", "centroid": [-73.708303, 40.959386], "coverageTier": "unsupported", "elevationM": 15.833880424499512, "slopeDegrees": 7.297978401184082, "landCoverClass": 21, "imperviousPct": 16, "distanceToWaterM": 321.75024002950994, "distanceToRoadM": 0.0, "femaSfha": false, "relativeElevationZ": 0.153}}, {"type": "Feature", "geometry": {"type": "Polygon", "coordinates": [[[-73.70683950774769, 40.95824403641563], [-73.70386954503613, 40.95821068202649], [-73.70382549420133, 40.96046218025014], [-73.70679555778264, 40.96049553726965], [-73.70683950774769, 40.95824403641563]]]}, "properties": {"cellId": "cell-021-018", "centroid": [-73.705333, 40.959353], "coverageTier": "unsupported", "elevationM": 22.643051147460938, "slopeDegrees": 3.0745112895965576, "landCoverClass": 22, "imperviousPct": 35, "distanceToWaterM": 469.0848499507985, "distanceToRoadM": 0.0, "femaSfha": false, "relativeElevationZ": 0.596}}, {"type": "Feature", "geometry": {"type": "Polygon", "coordinates": [[[-73.70386954503613, 40.95821068202649], [-73.7008995873121, 40.95817725115649], [-73.70085543560819, 40.96042874674376], [-73.70382549420133, 40.96046218025014], [-73.70386954503613, 40.95821068202649]]]}, "properties": {"cellId": "cell-021-019", "centroid": [-73.702363, 40.95932], "coverageTier": "unsupported", "elevationM": null, "slopeDegrees": null, "landCoverClass": null, "imperviousPct": null, "distanceToWaterM": 619.0375399264113, "distanceToRoadM": 0.0, "femaSfha": false, "relativeElevationZ": null}}, {"type": "Feature", "geometry": {"type": "Polygon", "coordinates": [[[-73.76025754221278, 40.96108288394581], [-73.75728739079618, 40.961050903752664], [-73.75724515093117, 40.96330244748234], [-73.76021540324028, 40.963334430197484], [-73.76025754221278, 40.96108288394581]]]}, "properties": {"cellId": "cell-022-000", "centroid": [-73.758751, 40.962193], "coverageTier": "unsupported", "elevationM": 37.14063262939453, "slopeDegrees": 3.7096078395843506, "landCoverClass": 23, "imperviousPct": 52, "distanceToWaterM": 328.004119036776, "distanceToRoadM": 0.0, "femaSfha": false, "relativeElevationZ": 1.538}}, {"type": "Feature", "geometry": {"type": "Polygon", "coordinates": [[[-73.75728739079618, 40.961050903752664], [-73.75431724416228, 40.961018847066114], [-73.7542749034054, 40.96327038826775], [-73.75724515093117, 40.96330244748234], [-73.75728739079618, 40.961050903752664]]]}, "properties": {"cellId": "cell-022-001", "centroid": [-73.755781, 40.962161], "coverageTier": "unsupported", "elevationM": 48.46364212036133, "slopeDegrees": 0.4746619462966919, "landCoverClass": 21, "imperviousPct": 6, "distanceToWaterM": 294.0984551012516, "distanceToRoadM": 0.0, "femaSfha": false, "relativeElevationZ": 2.275}}, {"type": "Feature", "geometry": {"type": "Polygon", "coordinates": [[[-73.75431724416228, 40.961018847066114], [-73.75134710232248, 40.960986713886506], [-73.75130466067435, 40.96323825255407], [-73.7542749034054, 40.96327038826775], [-73.75431724416228, 40.961018847066114]]]}, "properties": {"cellId": "cell-022-002", "centroid": [-73.752811, 40.962129], "coverageTier": "unsupported", "elevationM": 51.54550552368164, "slopeDegrees": 2.1998379230499268, "landCoverClass": 21, "imperviousPct": 15, "distanceToWaterM": 44.0984551012516, "distanceToRoadM": 0.0, "femaSfha": false, "relativeElevationZ": 2.475}}, {"type": "Feature", "geometry": {"type": "Polygon", "coordinates": [[[-73.75134710232248, 40.960986713886506], [-73.74837696528823, 40.9609545042142], [-73.74833442274945, 40.96320604034167], [-73.75130466067435, 40.96323825255407], [-73.75134710232248, 40.960986713886506]]]}, "properties": {"cellId": "cell-022-003", "centroid": [-73.749841, 40.962096], "coverageTier": "unsupported", "elevationM": 44.643287658691406, "slopeDegrees": 1.1361870765686035, "landCoverClass": 23, "imperviousPct": 74, "distanceToWaterM": 0.0, "distanceToRoadM": 0.0, "femaSfha": false, "relativeElevationZ": 2.026}}, {"type": "Feature", "geometry": {"type": "Polygon", "coordinates": [[[-73.74837696528823, 40.9609545042142], [-73.7454068330709, 40.96092221804953], [-73.74536418964212, 40.96317375163087], [-73.74833442274945, 40.96320604034167], [-73.74837696528823, 40.9609545042142]]]}, "properties": {"cellId": "cell-022-004", "centroid": [-73.746871, 40.962064], "coverageTier": "validated", "elevationM": 43.78191375732422, "slopeDegrees": 1.8723253011703491, "landCoverClass": 21, "imperviousPct": 16, "distanceToWaterM": 0.0, "distanceToRoadM": 0.0, "femaSfha": false, "relativeElevationZ": 1.97}}, {"type": "Feature", "geometry": {"type": "Polygon", "coordinates": [[[-73.7454068330709, 40.96092221804953], [-73.74243670568197, 40.960889855392885], [-73.74239396136377, 40.963141386422066], [-73.74536418964212, 40.96317375163087], [-73.7454068330709, 40.96092221804953]]]}, "properties": {"cellId": "cell-022-005", "centroid": [-73.7439, 40.962032], "coverageTier": "validated", "elevationM": 27.659006118774414, "slopeDegrees": 0.8258130550384521, "landCoverClass": 41, "imperviousPct": 0, "distanceToWaterM": 0.0, "distanceToRoadM": 0.0, "femaSfha": false, "relativeElevationZ": 0.922}}, {"type": "Feature", "geometry": {"type": "Polygon", "coordinates": [[[-73.74243670568197, 40.960889855392885], [-73.73946658313278, 40.96085741624462], [-73.73942373792583, 40.963108944715614], [-73.74239396136377, 40.963141386422066], [-73.74243670568197, 40.960889855392885]]]}, "properties": {"cellId": "cell-022-006", "centroid": [-73.74093, 40.961999], "coverageTier": "validated", "elevationM": 16.001590728759766, "slopeDegrees": 2.4113264083862305, "landCoverClass": 21, "imperviousPct": 3, "distanceToWaterM": 0.0, "distanceToRoadM": 0.0, "femaSfha": false, "relativeElevationZ": 0.164}}, {"type": "Feature", "geometry": {"type": "Polygon", "coordinates": [[[-73.73946658313278, 40.96085741624462], [-73.73649646543483, 40.960824900605076], [-73.73645351933973, 40.963076426511854], [-73.73942373792583, 40.963108944715614], [-73.73946658313278, 40.96085741624462]]]}, "properties": {"cellId": "cell-022-007", "centroid": [-73.73796, 40.961967], "coverageTier": "validated", "elevationM": 23.46529197692871, "slopeDegrees": 17.49368667602539, "landCoverClass": 21, "imperviousPct": 5, "distanceToWaterM": 47.41003170143813, "distanceToRoadM": 0.0, "femaSfha": false, "relativeElevationZ": 0.649}}, {"type": "Feature", "geometry": {"type": "Polygon", "coordinates": [[[-73.73649646543483, 40.960824900605076], [-73.73352635259948, 40.96079230847462], [-73.73348330561686, 40.96304383181115], [-73.73645351933973, 40.963076426511854], [-73.73649646543483, 40.960824900605076]]]}, "properties": {"cellId": "cell-022-008", "centroid": [-73.73499, 40.961934], "coverageTier": "validated", "elevationM": 14.2496919631958, "slopeDegrees": 4.412694454193115, "landCoverClass": 23, "imperviousPct": 64, "distanceToWaterM": 0.0, "distanceToRoadM": 0.0, "femaSfha": true, "relativeElevationZ": 0.05}}, {"type": "Feature", "geometry": {"type": "Polygon", "coordinates": [[[-73.73352635259948, 40.96079230847462], [-73.73055624463815, 40.960759639853634], [-73.73051309676865, 40.963011160613874], [-73.73348330561686, 40.96304383181115], [-73.73352635259948, 40.96079230847462]]]}, "properties": {"cellId": "cell-022-009", "centroid": [-73.73202, 40.961902], "coverageTier": "validated", "elevationM": 11.901115417480469, "slopeDegrees": 2.8088274002075195, "landCoverClass": 21, "imperviousPct": 15, "distanceToWaterM": 0.0, "distanceToRoadM": 0.0, "femaSfha": true, "relativeElevationZ": -0.103}}, {"type": "Feature", "geometry": {"type": "Polygon", "coordinates": [[[-73.73055624463815, 40.960759639853634], [-73.72758614156228, 40.96072689474244], [-73.72754289280651, 40.962978412920386], [-73.73051309676865, 40.963011160613874], [-73.73055624463815, 40.960759639853634]]]}, "properties": {"cellId": "cell-022-010", "centroid": [-73.72905, 40.961869], "coverageTier": "validated", "elevationM": 17.185230255126953, "slopeDegrees": 4.376711368560791, "landCoverClass": 21, "imperviousPct": 15, "distanceToWaterM": 70.1074570175521, "distanceToRoadM": 0.0, "femaSfha": false, "relativeElevationZ": 0.241}}, {"type": "Feature", "geometry": {"type": "Polygon", "coordinates": [[[-73.72758614156228, 40.96072689474244], [-73.72461604338326, 40.96069407314144], [-73.72457269374188, 40.96294558873105], [-73.72754289280651, 40.962978412920386], [-73.72758614156228, 40.96072689474244]]]}, "properties": {"cellId": "cell-022-011", "centroid": [-73.726079, 40.961836], "coverageTier": "validated", "elevationM": 17.932043075561523, "slopeDegrees": 1.3518481254577637, "landCoverClass": 23, "imperviousPct": 58, "distanceToWaterM": 253.90229398394268, "distanceToRoadM": 0.0, "femaSfha": false, "relativeElevationZ": 0.29}}, {"type": "Feature", "geometry": {"type": "Polygon", "coordinates": [[[-73.72461604338326, 40.96069407314144], [-73.72164595011253, 40.96066117505098], [-73.72160249958615, 40.96291268804623], [-73.72457269374188, 40.96294558873105], [-73.72461604338326, 40.96069407314144]]]}, "properties": {"cellId": "cell-022-012", "centroid": [-73.723109, 40.961803], "coverageTier": "validated", "elevationM": 21.99635124206543, "slopeDegrees": 1.5104641914367676, "landCoverClass": 23, "imperviousPct": 75, "distanceToWaterM": 493.45006672796075, "distanceToRoadM": 0.0, "femaSfha": false, "relativeElevationZ": 0.554}}, {"type": "Feature", "geometry": {"type": "Polygon", "coordinates": [[[-73.72164595011253, 40.96066117505098], [-73.71867586176151, 40.96062820047144], [-73.71863231035076, 40.96287971086629], [-73.72160249958615, 40.96291268804623], [-73.72164595011253, 40.96066117505098]]]}, "properties": {"cellId": "cell-022-013", "centroid": [-73.720139, 40.96177], "coverageTier": "validated", "elevationM": 18.98133659362793, "slopeDegrees": 3.7313616275787354, "landCoverClass": 23, "imperviousPct": 52, "distanceToWaterM": 295.7302045409144, "distanceToRoadM": 0.0, "femaSfha": false, "relativeElevationZ": 0.358}}, {"type": "Feature", "geometry": {"type": "Polygon", "coordinates": [[[-73.71867586176151, 40.96062820047144], [-73.71570577834159, 40.96059514940316], [-73.7156621260471, 40.96284665719158], [-73.71863231035076, 40.96287971086629], [-73.71867586176151, 40.96062820047144]]]}, "properties": {"cellId": "cell-022-014", "centroid": [-73.717169, 40.961737], "coverageTier": "validated", "elevationM": 16.86240577697754, "slopeDegrees": 5.644739151000977, "landCoverClass": 23, "imperviousPct": 64, "distanceToWaterM": 86.55924728017975, "distanceToRoadM": 0.0, "femaSfha": true, "relativeElevationZ": 0.22}}, {"type": "Feature", "geometry": {"type": "Polygon", "coordinates": [[[-73.71570577834159, 40.96059514940316], [-73.71273569986418, 40.96056202184652], [-73.71269194668662, 40.96281352702249], [-73.7156621260471, 40.96284665719158], [-73.71570577834159, 40.96059514940316]]]}, "properties": {"cellId": "cell-022-015", "centroid": [-73.714199, 40.961704], "coverageTier": "validated", "elevationM": 11.761495590209961, "slopeDegrees": 1.3522430658340454, "landCoverClass": 23, "imperviousPct": 58, "distanceToWaterM": 0.0, "distanceToRoadM": 0.0, "femaSfha": true, "relativeElevationZ": -0.112}}, {"type": "Feature", "geometry": {"type": "Polygon", "coordinates": [[[-73.71273569986418, 40.96056202184652], [-73.70976562634074, 40.9605288178019], [-73.70972177228072, 40.962780320359386], [-73.71269194668662, 40.96281352702249], [-73.71273569986418, 40.96056202184652]]]}, "properties": {"cellId": "cell-022-016", "centroid": [-73.711229, 40.961671], "coverageTier": "validated", "elevationM": 10.369569778442383, "slopeDegrees": 1.6597305536270142, "landCoverClass": 21, "imperviousPct": 12, "distanceToWaterM": 0.0, "distanceToRoadM": 0.0, "femaSfha": true, "relativeElevationZ": -0.202}}, {"type": "Feature", "geometry": {"type": "Polygon", "coordinates": [[[-73.70976562634074, 40.9605288178019], [-73.70679555778264, 40.96049553726965], [-73.70675160284082, 40.96274703720262], [-73.70972177228072, 40.962780320359386], [-73.70976562634074, 40.9605288178019]]]}, "properties": {"cellId": "cell-022-017", "centroid": [-73.708259, 40.961638], "coverageTier": "unsupported", "elevationM": 13.552481651306152, "slopeDegrees": 4.367852210998535, "landCoverClass": 22, "imperviousPct": 32, "distanceToWaterM": 127.4536031306034, "distanceToRoadM": 0.0, "femaSfha": true, "relativeElevationZ": 0.005}}, {"type": "Feature", "geometry": {"type": "Polygon", "coordinates": [[[-73.70679555778264, 40.96049553726965], [-73.70382549420133, 40.96046218025014], [-73.70378143837833, 40.96271367755257], [-73.70675160284082, 40.96274703720262], [-73.70679555778264, 40.96049553726965]]]}, "properties": {"cellId": "cell-022-018", "centroid": [-73.705289, 40.961605], "coverageTier": "unsupported", "elevationM": 22.730131149291992, "slopeDegrees": 1.598837971687317, "landCoverClass": 21, "imperviousPct": 7, "distanceToWaterM": 268.0099991367683, "distanceToRoadM": 0.0, "femaSfha": false, "relativeElevationZ": 0.601}}, {"type": "Feature", "geometry": {"type": "Polygon", "coordinates": [[[-73.70382549420133, 40.96046218025014], [-73.70085543560819, 40.96042874674376], [-73.70081127890467, 40.962680241409615], [-73.70378143837833, 40.96271367755257], [-73.70382549420133, 40.96046218025014]]]}, "properties": {"cellId": "cell-022-019", "centroid": [-73.702318, 40.961571], "coverageTier": "unsupported", "elevationM": null, "slopeDegrees": null, "landCoverClass": null, "imperviousPct": null, "distanceToWaterM": 454.22487061838217, "distanceToRoadM": 0.0, "femaSfha": false, "relativeElevationZ": null}}, {"type": "Feature", "geometry": {"type": "Polygon", "coordinates": [[[-73.76021540324028, 40.963334430197484], [-73.75724515093117, 40.96330244748234], [-73.75720290628286, 40.96555399029389], [-73.76017325949587, 40.96558597553121], [-73.76021540324028, 40.963334430197484]]]}, "properties": {"cellId": "cell-023-000", "centroid": [-73.758709, 40.964444], "coverageTier": "unsupported", "elevationM": 52.065975189208984, "slopeDegrees": 3.018533945083618, "landCoverClass": 21, "imperviousPct": 6, "distanceToWaterM": 104.52713340800256, "distanceToRoadM": 0.0, "femaSfha": false, "relativeElevationZ": 2.509}}, {"type": "Feature", "geometry": {"type": "Polygon", "coordinates": [[[-73.75724515093117, 40.96330244748234], [-73.7542749034054, 40.96327038826775], [-73.7542325578538, 40.9655219285511], [-73.75720290628286, 40.96555399029389], [-73.75724515093117, 40.96330244748234]]]}, "properties": {"cellId": "cell-023-001", "centroid": [-73.755739, 40.964412], "coverageTier": "unsupported", "elevationM": 52.103179931640625, "slopeDegrees": 0.5406574606895447, "landCoverClass": 21, "imperviousPct": 6, "distanceToWaterM": 175.9861577792839, "distanceToRoadM": 0.0, "femaSfha": false, "relativeElevationZ": 2.511}}, {"type": "Feature", "geometry": {"type": "Polygon", "coordinates": [[[-73.7542749034054, 40.96327038826775], [-73.75130466067435, 40.96323825255407], [-73.75126221422006, 40.96548979030318], [-73.7542325578538, 40.9655219285511], [-73.7542749034054, 40.96327038826775]]]}, "properties": {"cellId": "cell-023-002", "centroid": [-73.752769, 40.96438], "coverageTier": "unsupported", "elevationM": 54.679622650146484, "slopeDegrees": 0.560745358467102, "landCoverClass": 21, "imperviousPct": 5, "distanceToWaterM": 67.78611044307549, "distanceToRoadM": 0.0, "femaSfha": false, "relativeElevationZ": 2.679}}, {"type": "Feature", "geometry": {"type": "Polygon", "coordinates": [[[-73.75130466067435, 40.96323825255407], [-73.74833442274945, 40.96320604034167], [-73.74829187539311, 40.965457575550495], [-73.75126221422006, 40.96548979030318], [-73.75130466067435, 40.96323825255407]]]}, "properties": {"cellId": "cell-023-003", "centroid": [-73.749798, 40.964348], "coverageTier": "unsupported", "elevationM": 47.34249496459961, "slopeDegrees": 5.980737209320068, "landCoverClass": 21, "imperviousPct": 8, "distanceToWaterM": 1.6630614902824163, "distanceToRoadM": 0.0, "femaSfha": false, "relativeElevationZ": 2.202}}, {"type": "Feature", "geometry": {"type": "Polygon", "coordinates": [[[-73.74833442274945, 40.96320604034167], [-73.74536418964212, 40.96317375163087], [-73.74532154138434, 40.96542528429341], [-73.74829187539311, 40.965457575550495], [-73.74833442274945, 40.96320604034167]]]}, "properties": {"cellId": "cell-023-004", "centroid": [-73.746828, 40.964316], "coverageTier": "validated", "elevationM": 36.59686279296875, "slopeDegrees": 13.524161338806152, "landCoverClass": 41, "imperviousPct": 0, "distanceToWaterM": 0.0, "distanceToRoadM": 0.0, "femaSfha": false, "relativeElevationZ": 1.503}}, {"type": "Feature", "geometry": {"type": "Polygon", "coordinates": [[[-73.74536418964212, 40.96317375163087], [-73.74239396136377, 40.963141386422066], [-73.74235121220518, 40.965392916532274], [-73.74532154138434, 40.96542528429341], [-73.74536418964212, 40.96317375163087]]]}, "properties": {"cellId": "cell-023-005", "centroid": [-73.743858, 40.964283], "coverageTier": "validated", "elevationM": 23.19886016845703, "slopeDegrees": 0.4959990382194519, "landCoverClass": 41, "imperviousPct": 0, "distanceToWaterM": 0.0, "distanceToRoadM": 0.0, "femaSfha": false, "relativeElevationZ": 0.632}}, {"type": "Feature", "geometry": {"type": "Polygon", "coordinates": [[[-73.74239396136377, 40.963141386422066], [-73.73942373792583, 40.963108944715614], [-73.73938088786707, 40.96536047226745], [-73.74235121220518, 40.965392916532274], [-73.74239396136377, 40.963141386422066]]]}, "properties": {"cellId": "cell-023-006", "centroid": [-73.740887, 40.964251], "coverageTier": "validated", "elevationM": 27.905563354492188, "slopeDegrees": 3.0046887397766113, "landCoverClass": 41, "imperviousPct": 0, "distanceToWaterM": 42.71800762694329, "distanceToRoadM": 0.0, "femaSfha": false, "relativeElevationZ": 0.938}}, {"type": "Feature", "geometry": {"type": "Polygon", "coordinates": [[[-73.73942373792583, 40.963108944715614], [-73.73645351933973, 40.963076426511854], [-73.73641056838139, 40.9653279514993], [-73.73938088786707, 40.96536047226745], [-73.73942373792583, 40.963108944715614]]]}, "properties": {"cellId": "cell-023-007", "centroid": [-73.737917, 40.964218], "coverageTier": "validated", "elevationM": 35.9837646484375, "slopeDegrees": 1.7186938524246216, "landCoverClass": 23, "imperviousPct": 57, "distanceToWaterM": 77.60588515473205, "distanceToRoadM": 0.0, "femaSfha": false, "relativeElevationZ": 1.463}}, {"type": "Feature", "geometry": {"type": "Polygon", "coordinates": [[[-73.73645351933973, 40.963076426511854], [-73.73348330561686, 40.96304383181115], [-73.73344025375958, 40.96529535422818], [-73.73641056838139, 40.9653279514993], [-73.73645351933973, 40.963076426511854]]]}, "properties": {"cellId": "cell-023-008", "centroid": [-73.734947, 40.964186], "coverageTier": "validated", "elevationM": 26.727935791015625, "slopeDegrees": 9.6132230758667, "landCoverClass": 22, "imperviousPct": 40, "distanceToWaterM": 61.158016156438556, "distanceToRoadM": 0.0, "femaSfha": false, "relativeElevationZ": 0.861}}, {"type": "Feature", "geometry": {"type": "Polygon", "coordinates": [[[-73.73348330561686, 40.96304383181115], [-73.73051309676865, 40.963011160613874], [-73.73046994401307, 40.96526268045445], [-73.73344025375958, 40.96529535422818], [-73.73348330561686, 40.96304383181115]]]}, "properties": {"cellId": "cell-023-009", "centroid": [-73.731977, 40.964153], "coverageTier": "validated", "elevationM": 15.721308708190918, "slopeDegrees": 15.84477424621582, "landCoverClass": 21, "imperviousPct": 7, "distanceToWaterM": 0.0, "distanceToRoadM": 0.0, "femaSfha": true, "relativeElevationZ": 0.146}}, {"type": "Feature", "geometry": {"type": "Polygon", "coordinates": [[[-73.73051309676865, 40.963011160613874], [-73.72754289280651, 40.962978412920386], [-73.72749963915325, 40.965229930178495], [-73.73046994401307, 40.96526268045445], [-73.73051309676865, 40.963011160613874]]]}, "properties": {"cellId": "cell-023-010", "centroid": [-73.729006, 40.964121], "coverageTier": "validated", "elevationM": 11.368268013000488, "slopeDegrees": 2.128804922103882, "landCoverClass": 21, "imperviousPct": 11, "distanceToWaterM": 0.0, "distanceToRoadM": 0.0, "femaSfha": true, "relativeElevationZ": -0.137}}, {"type": "Feature", "geometry": {"type": "Polygon", "coordinates": [[[-73.72754289280651, 40.962978412920386], [-73.72457269374188, 40.96294558873105], [-73.72452933919156, 40.96519710340064], [-73.72749963915325, 40.965229930178495], [-73.72754289280651, 40.962978412920386]]]}, "properties": {"cellId": "cell-023-011", "centroid": [-73.726036, 40.964088], "coverageTier": "validated", "elevationM": 22.085886001586914, "slopeDegrees": 4.6507568359375, "landCoverClass": 21, "imperviousPct": 3, "distanceToWaterM": 233.04845109244343, "distanceToRoadM": 0.0, "femaSfha": false, "relativeElevationZ": 0.56}}, {"type": "Feature", "geometry": {"type": "Polygon", "coordinates": [[[-73.72457269374188, 40.96294558873105], [-73.72160249958615, 40.96291268804623], [-73.72155904413944, 40.96516420012128], [-73.72452933919156, 40.96519710340064], [-73.72457269374188, 40.96294558873105]]]}, "properties": {"cellId": "cell-023-012", "centroid": [-73.723066, 40.964055], "coverageTier": "validated", "elevationM": 23.407442092895508, "slopeDegrees": 1.9569392204284668, "landCoverClass": 22, "imperviousPct": 37, "distanceToWaterM": 483.04845109244343, "distanceToRoadM": 0.0, "femaSfha": false, "relativeElevationZ": 0.646}}, {"type": "Feature", "geometry": {"type": "Polygon", "coordinates": [[[-73.72160249958615, 40.96291268804623], [-73.71863231035076, 40.96287971086629], [-73.71858875400825, 40.96513122034076], [-73.72155904413944, 40.96516420012128], [-73.72160249958615, 40.96291268804623]]]}, "properties": {"cellId": "cell-023-013", "centroid": [-73.720096, 40.964022], "coverageTier": "validated", "elevationM": 18.99468231201172, "slopeDegrees": 2.659902334213257, "landCoverClass": 23, "imperviousPct": 75, "distanceToWaterM": 433.16509158368905, "distanceToRoadM": 0.0, "femaSfha": false, "relativeElevationZ": 0.359}}, {"type": "Feature", "geometry": {"type": "Polygon", "coordinates": [[[-73.71863231035076, 40.96287971086629], [-73.7156621260471, 40.96284665719158], [-73.71561846880947, 40.96509816405946], [-73.71858875400825, 40.96513122034076], [-73.71863231035076, 40.96287971086629]]]}, "properties": {"cellId": "cell-023-014", "centroid": [-73.717125, 40.963989], "coverageTier": "validated", "elevationM": 16.78989028930664, "slopeDegrees": 2.123465061187744, "landCoverClass": 22, "imperviousPct": 20, "distanceToWaterM": 231.35562198614176, "distanceToRoadM": 0.0, "femaSfha": true, "relativeElevationZ": 0.215}}, {"type": "Feature", "geometry": {"type": "Polygon", "coordinates": [[[-73.7156621260471, 40.96284665719158], [-73.71269194668662, 40.96281352702249], [-73.71264818855447, 40.965065031277746], [-73.71561846880947, 40.96509816405946], [-73.7156621260471, 40.96284665719158]]]}, "properties": {"cellId": "cell-023-015", "centroid": [-73.714155, 40.963956], "coverageTier": "validated", "elevationM": 18.570056915283203, "slopeDegrees": 3.184807538986206, "landCoverClass": 22, "imperviousPct": 36, "distanceToWaterM": 24.3950956408632, "distanceToRoadM": 0.0, "femaSfha": true, "relativeElevationZ": 0.331}}, {"type": "Feature", "geometry": {"type": "Polygon", "coordinates": [[[-73.71269194668662, 40.96281352702249], [-73.70972177228072, 40.962780320359386], [-73.70967791325471, 40.96503182199597], [-73.71264818855447, 40.965065031277746], [-73.71269194668662, 40.96281352702249]]]}, "properties": {"cellId": "cell-023-016", "centroid": [-73.711185, 40.963923], "coverageTier": "unsupported", "elevationM": 9.473749160766602, "slopeDegrees": 1.3924851417541504, "landCoverClass": 21, "imperviousPct": 3, "distanceToWaterM": 0.0, "distanceToRoadM": 0.0, "femaSfha": true, "relativeElevationZ": -0.26}}, {"type": "Feature", "geometry": {"type": "Polygon", "coordinates": [[[-73.70972177228072, 40.962780320359386], [-73.70675160284082, 40.96274703720262], [-73.70670764292157, 40.96499853621451], [-73.70967791325471, 40.96503182199597], [-73.70972177228072, 40.962780320359386]]]}, "properties": {"cellId": "cell-023-017", "centroid": [-73.708215, 40.963889], "coverageTier": "unsupported", "elevationM": 9.661528587341309, "slopeDegrees": 2.3936028480529785, "landCoverClass": 22, "imperviousPct": 20, "distanceToWaterM": 0.0, "distanceToRoadM": 0.0, "femaSfha": true, "relativeElevationZ": -0.248}}, {"type": "Feature", "geometry": {"type": "Polygon", "coordinates": [[[-73.70675160284082, 40.96274703720262], [-73.70378143837833, 40.96271367755257], [-73.7037373775665, 40.96496517393375], [-73.70670764292157, 40.96499853621451], [-73.70675160284082, 40.96274703720262]]]}, "properties": {"cellId": "cell-023-018", "centroid": [-73.705245, 40.963856], "coverageTier": "unsupported", "elevationM": 19.46816062927246, "slopeDegrees": 4.416810989379883, "landCoverClass": 22, "imperviousPct": 48, "distanceToWaterM": 124.48784628751166, "distanceToRoadM": 0.0, "femaSfha": true, "relativeElevationZ": 0.389}}, {"type": "Feature", "geometry": {"type": "Polygon", "coordinates": [[[-73.70378143837833, 40.96271367755257], [-73.70081127890467, 40.962680241409615], [-73.70076711720091, 40.96493173515404], [-73.7037373775665, 40.96496517393375], [-73.70378143837833, 40.96271367755257]]]}, "properties": {"cellId": "cell-023-019", "centroid": [-73.702274, 40.963823], "coverageTier": "unsupported", "elevationM": null, "slopeDegrees": null, "landCoverClass": null, "imperviousPct": null, "distanceToWaterM": 317.82645177150357, "distanceToRoadM": 0.0, "femaSfha": false, "relativeElevationZ": null}}, {"type": "Feature", "geometry": {"type": "Polygon", "coordinates": [[[-73.76017325949587, 40.96558597553121], [-73.75720290628286, 40.96555399029389], [-73.75716065685062, 40.967805532187306], [-73.76013111097895, 40.967837519946976], [-73.76017325949587, 40.96558597553121]]]}, "properties": {"cellId": "cell-024-000", "centroid": [-73.758667, 40.966696], "coverageTier": "unsupported", "elevationM": 46.049476623535156, "slopeDegrees": 2.5120420455932617, "landCoverClass": 21, "imperviousPct": 6, "distanceToWaterM": 0.0, "distanceToRoadM": 0.0, "femaSfha": false, "relativeElevationZ": 2.118}}, {"type": "Feature", "geometry": {"type": "Polygon", "coordinates": [[[-73.75720290628286, 40.96555399029389], [-73.7542325578538, 40.9655219285511], [-73.75419020750682, 40.967773467916125], [-73.75716065685062, 40.967805532187306], [-73.75720290628286, 40.96555399029389]]]}, "properties": {"cellId": "cell-024-001", "centroid": [-73.755697, 40.966664], "coverageTier": "unsupported", "elevationM": 53.531558990478516, "slopeDegrees": 1.4765757322311401, "landCoverClass": 21, "imperviousPct": 1, "distanceToWaterM": 0.0, "distanceToRoadM": 0.0, "femaSfha": false, "relativeElevationZ": 2.604}}, {"type": "Feature", "geometry": {"type": "Polygon", "coordinates": [[[-73.7542325578538, 40.9655219285511], [-73.75126221422006, 40.96548979030318], [-73.75121976295901, 40.967741327133794], [-73.75419020750682, 40.967773467916125], [-73.7542325578538, 40.9655219285511]]]}, "properties": {"cellId": "cell-024-002", "centroid": [-73.752726, 40.966632], "coverageTier": "unsupported", "elevationM": 58.20065689086914, "slopeDegrees": 2.390376091003418, "landCoverClass": 21, "imperviousPct": 8, "distanceToWaterM": 114.0872664420167, "distanceToRoadM": 0.0, "femaSfha": false, "relativeElevationZ": 2.908}}, {"type": "Feature", "geometry": {"type": "Polygon", "coordinates": [[[-73.75126221422006, 40.96548979030318], [-73.74829187539311, 40.965457575550495], [-73.74824932321857, 40.967709109840676], [-73.75121976295901, 40.967741327133794], [-73.75126221422006, 40.96548979030318]]]}, "properties": {"cellId": "cell-024-003", "centroid": [-73.749756, 40.966599], "coverageTier": "unsupported", "elevationM": 49.21441650390625, "slopeDegrees": 0.5965041518211365, "landCoverClass": 22, "imperviousPct": 24, "distanceToWaterM": 44.19742818467785, "distanceToRoadM": 0.0, "femaSfha": false, "relativeElevationZ": 2.324}}, {"type": "Feature", "geometry": {"type": "Polygon", "coordinates": [[[-73.74829187539311, 40.965457575550495], [-73.74532154138434, 40.96542528429341], [-73.74527888829697, 40.96767681603712], [-73.74824932321857, 40.967709109840676], [-73.74829187539311, 40.965457575550495]]]}, "properties": {"cellId": "cell-024-004", "centroid": [-73.746785, 40.966567], "coverageTier": "validated", "elevationM": 44.83983612060547, "slopeDegrees": 3.5110981464385986, "landCoverClass": 41, "imperviousPct": 0, "distanceToWaterM": 0.0, "distanceToRoadM": 0.0, "femaSfha": false, "relativeElevationZ": 2.039}}, {"type": "Feature", "geometry": {"type": "Polygon", "coordinates": [[[-73.74532154138434, 40.96542528429341], [-73.74235121220518, 40.965392916532274], [-73.74230845820557, 40.96764444572348], [-73.74527888829697, 40.96767681603712], [-73.74532154138434, 40.96542528429341]]]}, "properties": {"cellId": "cell-024-005", "centroid": [-73.743815, 40.966535], "coverageTier": "validated", "elevationM": 19.200000762939453, "slopeDegrees": 12.416085243225098, "landCoverClass": 41, "imperviousPct": 0, "distanceToWaterM": 0.0, "distanceToRoadM": 0.0, "femaSfha": true, "relativeElevationZ": 0.372}}, {"type": "Feature", "geometry": {"type": "Polygon", "coordinates": [[[-73.74235121220518, 40.965392916532274], [-73.73938088786707, 40.96536047226745], [-73.73933803295583, 40.96761199890012], [-73.74230845820557, 40.96764444572348], [-73.74235121220518, 40.965392916532274]]]}, "properties": {"cellId": "cell-024-006", "centroid": [-73.740845, 40.966502], "coverageTier": "validated", "elevationM": 23.64579963684082, "slopeDegrees": 14.272394180297852, "landCoverClass": 21, "imperviousPct": 3, "distanceToWaterM": 20.660342359915376, "distanceToRoadM": 0.0, "femaSfha": false, "relativeElevationZ": 0.661}}, {"type": "Feature", "geometry": {"type": "Polygon", "coordinates": [[[-73.73938088786707, 40.96536047226745], [-73.73641056838139, 40.9653279514993], [-73.73636761255919, 40.96757947556741], [-73.73933803295583, 40.96761199890012], [-73.73938088786707, 40.96536047226745]]]}, "properties": {"cellId": "cell-024-007", "centroid": [-73.737874, 40.96647], "coverageTier": "validated", "elevationM": 29.838550567626953, "slopeDegrees": 3.459533214569092, "landCoverClass": 22, "imperviousPct": 36, "distanceToWaterM": 23.278028797768936, "distanceToRoadM": 0.0, "femaSfha": false, "relativeElevationZ": 1.064}}, {"type": "Feature", "geometry": {"type": "Polygon", "coordinates": [[[-73.73641056838139, 40.9653279514993], [-73.73344025375958, 40.96529535422818], [-73.73339719702702, 40.96754687572571], [-73.73636761255919, 40.96757947556741], [-73.73641056838139, 40.9653279514993]]]}, "properties": {"cellId": "cell-024-008", "centroid": [-73.734904, 40.966437], "coverageTier": "validated", "elevationM": 22.250944137573242, "slopeDegrees": 5.1575026512146, "landCoverClass": 22, "imperviousPct": 26, "distanceToWaterM": 89.15852656470985, "distanceToRoadM": 0.0, "femaSfha": false, "relativeElevationZ": 0.57}}, {"type": "Feature", "geometry": {"type": "Polygon", "coordinates": [[[-73.73344025375958, 40.96529535422818], [-73.73046994401307, 40.96526268045445], [-73.73042678637078, 40.96751419937535], [-73.73339719702702, 40.96754687572571], [-73.73344025375958, 40.96529535422818]]]}, "properties": {"cellId": "cell-024-009", "centroid": [-73.731934, 40.966405], "coverageTier": "validated", "elevationM": 16.50288963317871, "slopeDegrees": 10.895655632019043, "landCoverClass": 21, "imperviousPct": 11, "distanceToWaterM": 0.0, "distanceToRoadM": 0.0, "femaSfha": true, "relativeElevationZ": 0.197}}, {"type": "Feature", "geometry": {"type": "Polygon", "coordinates": [[[-73.73046994401307, 40.96526268045445], [-73.72749963915325, 40.965229930178495], [-73.72745638060188, 40.967481446516736], [-73.73042678637078, 40.96751419937535], [-73.73046994401307, 40.96526268045445]]]}, "properties": {"cellId": "cell-024-010", "centroid": [-73.728963, 40.966372], "coverageTier": "validated", "elevationM": 16.57672691345215, "slopeDegrees": 4.657122611999512, "landCoverClass": 21, "imperviousPct": 17, "distanceToWaterM": 2.434874602873207, "distanceToRoadM": 0.0, "femaSfha": true, "relativeElevationZ": 0.201}}, {"type": "Feature", "geometry": {"type": "Polygon", "coordinates": [[[-73.72749963915325, 40.965229930178495], [-73.72452933919156, 40.96519710340064], [-73.72448597973172, 40.9674486171502], [-73.72745638060188, 40.967481446516736], [-73.72749963915325, 40.965229930178495]]]}, "properties": {"cellId": "cell-024-011", "centroid": [-73.725993, 40.966339], "coverageTier": "validated", "elevationM": 29.681127548217773, "slopeDegrees": 7.91497802734375, "landCoverClass": 21, "imperviousPct": 4, "distanceToWaterM": 245.32658638970912, "distanceToRoadM": 0.0, "femaSfha": false, "relativeElevationZ": 1.053}}, {"type": "Feature", "geometry": {"type": "Polygon", "coordinates": [[[-73.72452933919156, 40.96519710340064], [-73.72155904413944, 40.96516420012128], [-73.72151558377175, 40.967415711276125], [-73.72448597973172, 40.9674486171502], [-73.72452933919156, 40.96519710340064]]]}, "properties": {"cellId": "cell-024-012", "centroid": [-73.723022, 40.966306], "coverageTier": "validated", "elevationM": 18.611906051635742, "slopeDegrees": 0.5799639225006104, "landCoverClass": 23, "imperviousPct": 62, "distanceToWaterM": 494.1321808600571, "distanceToRoadM": 0.0, "femaSfha": false, "relativeElevationZ": 0.334}}, {"type": "Feature", "geometry": {"type": "Polygon", "coordinates": [[[-73.72155904413944, 40.96516420012128], [-73.71858875400825, 40.96513122034076], [-73.71854519273337, 40.967382728894854], [-73.72151558377175, 40.967415711276125], [-73.72155904413944, 40.96516420012128]]]}, "properties": {"cellId": "cell-024-013", "centroid": [-73.720052, 40.966273], "coverageTier": "validated", "elevationM": 17.627796173095703, "slopeDegrees": 2.275007724761963, "landCoverClass": 22, "imperviousPct": 39, "distanceToWaterM": 579.4903477966526, "distanceToRoadM": 0.0, "femaSfha": true, "relativeElevationZ": 0.27}}, {"type": "Feature", "geometry": {"type": "Polygon", "coordinates": [[[-73.71858875400825, 40.96513122034076], [-73.71561846880947, 40.96509816405946], [-73.71557480662803, 40.96734967000678], [-73.71854519273337, 40.967382728894854], [-73.71858875400825, 40.96513122034076]]]}, "properties": {"cellId": "cell-024-014", "centroid": [-73.717082, 40.96624], "coverageTier": "unsupported", "elevationM": 21.22116470336914, "slopeDegrees": 4.168780326843262, "landCoverClass": 24, "imperviousPct": 81, "distanceToWaterM": 373.20512207837714, "distanceToRoadM": 0.0, "femaSfha": true, "relativeElevationZ": 0.503}}, {"type": "Feature", "geometry": {"type": "Polygon", "coordinates": [[[-73.71561846880947, 40.96509816405946], [-73.71264818855447, 40.965065031277746], [-73.7126044254671, 40.96731653461226], [-73.71557480662803, 40.96734967000678], [-73.71561846880947, 40.96509816405946]]]}, "properties": {"cellId": "cell-024-015", "centroid": [-73.714111, 40.966207], "coverageTier": "unsupported", "elevationM": 18.713851928710938, "slopeDegrees": 1.7890630960464478, "landCoverClass": 23, "imperviousPct": 65, "distanceToWaterM": 206.43201907588914, "distanceToRoadM": 0.0, "femaSfha": false, "relativeElevationZ": 0.34}}, {"type": "Feature", "geometry": {"type": "Polygon", "coordinates": [[[-73.71264818855447, 40.965065031277746], [-73.70967791325471, 40.96503182199597], [-73.70963404926206, 40.967283322711644], [-73.7126044254671, 40.96731653461226], [-73.71264818855447, 40.965065031277746]]]}, "properties": {"cellId": "cell-024-016", "centroid": [-73.711141, 40.966174], "coverageTier": "unsupported", "elevationM": 11.453887939453125, "slopeDegrees": 0.5497760772705078, "landCoverClass": 23, "imperviousPct": 75, "distanceToWaterM": 63.26271487118687, "distanceToRoadM": 0.0, "femaSfha": true, "relativeElevationZ": -0.132}}, {"type": "Feature", "geometry": {"type": "Polygon", "coordinates": [[[-73.70967791325471, 40.96503182199597], [-73.70670764292157, 40.96499853621451], [-73.70666367802428, 40.96725003430534], [-73.70963404926206, 40.967283322711644], [-73.70967791325471, 40.96503182199597]]]}, "properties": {"cellId": "cell-024-017", "centroid": [-73.708171, 40.966141], "coverageTier": "unsupported", "elevationM": 9.406089782714844, "slopeDegrees": 1.2942169904708862, "landCoverClass": 22, "imperviousPct": 32, "distanceToWaterM": 0.0, "distanceToRoadM": 0.0, "femaSfha": true, "relativeElevationZ": -0.265}}, {"type": "Feature", "geometry": {"type": "Polygon", "coordinates": [[[-73.70670764292157, 40.96499853621451], [-73.7037373775665, 40.96496517393375], [-73.7036933117652, 40.96721666939368], [-73.70666367802428, 40.96725003430534], [-73.70670764292157, 40.96499853621451]]]}, "properties": {"cellId": "cell-024-018", "centroid": [-73.705201, 40.966108], "coverageTier": "unsupported", "elevationM": 15.027695655822754, "slopeDegrees": 4.002320766448975, "landCoverClass": 22, "imperviousPct": 21, "distanceToWaterM": 16.579793485230766, "distanceToRoadM": 0.0, "femaSfha": true, "relativeElevationZ": 0.101}}, {"type": "Feature", "geometry": {"type": "Polygon", "coordinates": [[[-73.7037373775665, 40.96496517393375], [-73.70076711720091, 40.96493173515404], [-73.70072295049624, 40.96718322797704], [-73.7036933117652, 40.96721666939368], [-73.7037373775665, 40.96496517393375]]]}, "properties": {"cellId": "cell-024-019", "centroid": [-73.70223, 40.966074], "coverageTier": "unsupported", "elevationM": null, "slopeDegrees": null, "landCoverClass": null, "imperviousPct": null, "distanceToWaterM": 252.60921794998004, "distanceToRoadM": 0.0, "femaSfha": false, "relativeElevationZ": null}}, {"type": "Feature", "geometry": {"type": "Polygon", "coordinates": [[[-73.76013111097895, 40.967837519946976], [-73.75716065685062, 40.967805532187306], [-73.75711840263382, 40.970057073162565], [-73.76008895768891, 40.970089063444746], [-73.76013111097895, 40.967837519946976]]]}, "properties": {"cellId": "cell-025-000", "centroid": [-73.758625, 40.968947], "coverageTier": "unsupported", "elevationM": 54.63758087158203, "slopeDegrees": 0.6817560195922852, "landCoverClass": 22, "imperviousPct": 41, "distanceToWaterM": 30.15983289387077, "distanceToRoadM": 0.0, "femaSfha": false, "relativeElevationZ": 2.676}}, {"type": "Feature", "geometry": {"type": "Polygon", "coordinates": [[[-73.75716065685062, 40.967805532187306], [-73.75419020750682, 40.967773467916125], [-73.75414785236389, 40.97002500636283], [-73.75711840263382, 40.970057073162565], [-73.75716065685062, 40.967805532187306]]]}, "properties": {"cellId": "cell-025-001", "centroid": [-73.755654, 40.968915], "coverageTier": "unsupported", "elevationM": 52.879154205322266, "slopeDegrees": 2.592162847518921, "landCoverClass": 21, "imperviousPct": 2, "distanceToWaterM": 0.0, "distanceToRoadM": 0.0, "femaSfha": false, "relativeElevationZ": 2.562}}, {"type": "Feature", "geometry": {"type": "Polygon", "coordinates": [[[-73.75419020750682, 40.967773467916125], [-73.75121976295901, 40.967741327133794], [-73.75117730689055, 40.96999286304592], [-73.75414785236389, 40.97002500636283], [-73.75419020750682, 40.967773467916125]]]}, "properties": {"cellId": "cell-025-002", "centroid": [-73.752684, 40.968883], "coverageTier": "unsupported", "elevationM": 61.800174713134766, "slopeDegrees": 4.897693634033203, "landCoverClass": 22, "imperviousPct": 38, "distanceToWaterM": 108.05330293357838, "distanceToRoadM": 0.0, "femaSfha": false, "relativeElevationZ": 3.142}}, {"type": "Feature", "geometry": {"type": "Polygon", "coordinates": [[[-73.75121976295901, 40.967741327133794], [-73.74824932321857, 40.967709109840676], [-73.74820676622522, 40.9699606432122], [-73.75117730689055, 40.96999286304592], [-73.75121976295901, 40.967741327133794]]]}, "properties": {"cellId": "cell-025-003", "centroid": [-73.749713, 40.968851], "coverageTier": "unsupported", "elevationM": 51.62534713745117, "slopeDegrees": 1.4563450813293457, "landCoverClass": 22, "imperviousPct": 36, "distanceToWaterM": 153.6861160155284, "distanceToRoadM": 0.0, "femaSfha": false, "relativeElevationZ": 2.48}}, {"type": "Feature", "geometry": {"type": "Polygon", "coordinates": [[[-73.74824932321857, 40.967709109840676], [-73.74527888829697, 40.96767681603712], [-73.74523623037935, 40.969928346861984], [-73.74820676622522, 40.9699606432122], [-73.74824932321857, 40.967709109840676]]]}, "properties": {"cellId": "cell-025-004", "centroid": [-73.746743, 40.968819], "coverageTier": "validated", "elevationM": 49.97705841064453, "slopeDegrees": 1.179265022277832, "landCoverClass": 23, "imperviousPct": 59, "distanceToWaterM": 126.83555663508508, "distanceToRoadM": 0.0, "femaSfha": false, "relativeElevationZ": 2.373}}, {"type": "Feature", "geometry": {"type": "Polygon", "coordinates": [[[-73.74527888829697, 40.96767681603712], [-73.74230845820557, 40.96764444572348], [-73.7422656993643, 40.969895973995676], [-73.74523623037935, 40.969928346861984], [-73.74527888829697, 40.96767681603712]]]}, "properties": {"cellId": "cell-025-005", "centroid": [-73.743772, 40.968786], "coverageTier": "validated", "elevationM": 12.156651496887207, "slopeDegrees": 8.95985221862793, "landCoverClass": 90, "imperviousPct": 0, "distanceToWaterM": 0.0, "distanceToRoadM": 0.0, "femaSfha": true, "relativeElevationZ": -0.086}}, {"type": "Feature", "geometry": {"type": "Polygon", "coordinates": [[[-73.74230845820557, 40.96764444572348], [-73.73933803295583, 40.96761199890012], [-73.73929517319154, 40.96986352461362], [-73.7422656993643, 40.969895973995676], [-73.74230845820557, 40.96764444572348]]]}, "properties": {"cellId": "cell-025-006", "centroid": [-73.740802, 40.968754], "coverageTier": "validated", "elevationM": 16.24197769165039, "slopeDegrees": 10.553434371948242, "landCoverClass": 21, "imperviousPct": 2, "distanceToWaterM": 0.0, "distanceToRoadM": 0.0, "femaSfha": true, "relativeElevationZ": 0.18}}, {"type": "Feature", "geometry": {"type": "Polygon", "coordinates": [[[-73.73933803295583, 40.96761199890012], [-73.73636761255919, 40.96757947556741], [-73.73632465187248, 40.96983099871616], [-73.73929517319154, 40.96986352461362], [-73.73933803295583, 40.96761199890012]]]}, "properties": {"cellId": "cell-025-007", "centroid": [-73.737831, 40.968722], "coverageTier": "validated", "elevationM": 10.04319953918457, "slopeDegrees": 4.306704998016357, "landCoverClass": 21, "imperviousPct": 19, "distanceToWaterM": 0.0, "distanceToRoadM": 0.0, "femaSfha": true, "relativeElevationZ": -0.223}}, {"type": "Feature", "geometry": {"type": "Polygon", "coordinates": [[[-73.73636761255919, 40.96757947556741], [-73.73339719702702, 40.96754687572571], [-73.73335413541854, 40.969798396303695], [-73.73632465187248, 40.96983099871616], [-73.73636761255919, 40.96757947556741]]]}, "properties": {"cellId": "cell-025-008", "centroid": [-73.734861, 40.968689], "coverageTier": "validated", "elevationM": 8.168632507324219, "slopeDegrees": 1.0319539308547974, "landCoverClass": 21, "imperviousPct": 1, "distanceToWaterM": 0.0, "distanceToRoadM": 0.0, "femaSfha": true, "relativeElevationZ": -0.345}}, {"type": "Feature", "geometry": {"type": "Polygon", "coordinates": [[[-73.73339719702702, 40.96754687572571], [-73.73042678637078, 40.96751419937535], [-73.73038362384115, 40.969765717376546], [-73.73335413541854, 40.969798396303695], [-73.73339719702702, 40.96754687572571]]]}, "properties": {"cellId": "cell-025-009", "centroid": [-73.73189, 40.968656], "coverageTier": "validated", "elevationM": 8.961287498474121, "slopeDegrees": 5.6084747314453125, "landCoverClass": 22, "imperviousPct": 21, "distanceToWaterM": 0.0, "distanceToRoadM": 0.0, "femaSfha": true, "relativeElevationZ": -0.294}}, {"type": "Feature", "geometry": {"type": "Polygon", "coordinates": [[[-73.73042678637078, 40.96751419937535], [-73.72745638060188, 40.967481446516736], [-73.72741311715173, 40.96973296193511], [-73.73038362384115, 40.969765717376546], [-73.73042678637078, 40.96751419937535]]]}, "properties": {"cellId": "cell-025-010", "centroid": [-73.72892, 40.968624], "coverageTier": "validated", "elevationM": 10.686966896057129, "slopeDegrees": 1.8773804903030396, "landCoverClass": 21, "imperviousPct": 18, "distanceToWaterM": 43.68629843197607, "distanceToRoadM": 0.0, "femaSfha": true, "relativeElevationZ": -0.182}}, {"type": "Feature", "geometry": {"type": "Polygon", "coordinates": [[[-73.72745638060188, 40.967481446516736], [-73.72448597973172, 40.9674486171502], [-73.7244426153617, 40.96970012997971], [-73.72741311715173, 40.96973296193511], [-73.72745638060188, 40.967481446516736]]]}, "properties": {"cellId": "cell-025-011", "centroid": [-73.72595, 40.968591], "coverageTier": "validated", "elevationM": 18.59894371032715, "slopeDegrees": 9.374671936035156, "landCoverClass": 23, "imperviousPct": 54, "distanceToWaterM": 291.222587157511, "distanceToRoadM": 0.0, "femaSfha": false, "relativeElevationZ": 0.333}}, {"type": "Feature", "geometry": {"type": "Polygon", "coordinates": [[[-73.72448597973172, 40.9674486171502], [-73.72151558377175, 40.967415711276125], [-73.72147211848247, 40.96966722151075], [-73.7244426153617, 40.96970012997971], [-73.72448597973172, 40.9674486171502]]]}, "properties": {"cellId": "cell-025-012", "centroid": [-73.722979, 40.968558], "coverageTier": "unsupported", "elevationM": 28.3638973236084, "slopeDegrees": 4.3087544441223145, "landCoverClass": 21, "imperviousPct": 16, "distanceToWaterM": 540.4204131296257, "distanceToRoadM": 0.0, "femaSfha": false, "relativeElevationZ": 0.968}}, {"type": "Feature", "geometry": {"type": "Polygon", "coordinates": [[[-73.72151558377175, 40.967415711276125], [-73.71854519273337, 40.967382728894854], [-73.71850162652548, 40.96963423652857], [-73.72147211848247, 40.96966722151075], [-73.72151558377175, 40.967415711276125]]]}, "properties": {"cellId": "cell-025-013", "centroid": [-73.720009, 40.968525], "coverageTier": "unsupported", "elevationM": 25.517446517944336, "slopeDegrees": 1.1398998498916626, "landCoverClass": 22, "imperviousPct": 28, "distanceToWaterM": 726.0950745658139, "distanceToRoadM": 0.0, "femaSfha": true, "relativeElevationZ": 0.783}}, {"type": "Feature", "geometry": {"type": "Polygon", "coordinates": [[[-73.71854519273337, 40.967382728894854], [-73.71557480662803, 40.96734967000678], [-73.71553113950215, 40.96960117503353], [-73.71850162652548, 40.96963423652857], [-73.71854519273337, 40.967382728894854]]]}, "properties": {"cellId": "cell-025-014", "centroid": [-73.717038, 40.968492], "coverageTier": "unsupported", "elevationM": 20.938823699951172, "slopeDegrees": 6.116943359375, "landCoverClass": 22, "imperviousPct": 31, "distanceToWaterM": 558.8815046992021, "distanceToRoadM": 0.0, "femaSfha": true, "relativeElevationZ": 0.485}}, {"type": "Feature", "geometry": {"type": "Polygon", "coordinates": [[[-73.71557480662803, 40.96734967000678], [-73.7126044254671, 40.96731653461226], [-73.7125606574239, 40.96956803702603], [-73.71553113950215, 40.96960117503353], [-73.71557480662803, 40.96734967000678]]]}, "properties": {"cellId": "cell-025-015", "centroid": [-73.714068, 40.968459], "coverageTier": "unsupported", "elevationM": 22.252225875854492, "slopeDegrees": 4.702188014984131, "landCoverClass": 23, "imperviousPct": 51, "distanceToWaterM": 373.7081285400782, "distanceToRoadM": 0.0, "femaSfha": false, "relativeElevationZ": 0.57}}, {"type": "Feature", "geometry": {"type": "Polygon", "coordinates": [[[-73.7126044254671, 40.96731653461226], [-73.70963404926206, 40.967283322711644], [-73.70959018030213, 40.96953482250642], [-73.7125606574239, 40.96956803702603], [-73.7126044254671, 40.96731653461226]]]}, "properties": {"cellId": "cell-025-016", "centroid": [-73.711097, 40.968426], "coverageTier": "unsupported", "elevationM": 20.24679183959961, "slopeDegrees": 0.8764272928237915, "landCoverClass": 22, "imperviousPct": 49, "distanceToWaterM": 123.70812854007818, "distanceToRoadM": 0.0, "femaSfha": false, "relativeElevationZ": 0.44}}, {"type": "Feature", "geometry": {"type": "Polygon", "coordinates": [[[-73.70963404926206, 40.967283322711644], [-73.70666367802428, 40.96725003430534], [-73.70661970814828, 40.96950153147505], [-73.70959018030213, 40.96953482250642], [-73.70963404926206, 40.967283322711644]]]}, "properties": {"cellId": "cell-025-017", "centroid": [-73.708127, 40.968392], "coverageTier": "unsupported", "elevationM": 9.411269187927246, "slopeDegrees": 1.0229181051254272, "landCoverClass": 22, "imperviousPct": 40, "distanceToWaterM": 0.0, "distanceToRoadM": 0.0, "femaSfha": true, "relativeElevationZ": -0.264}}, {"type": "Feature", "geometry": {"type": "Polygon", "coordinates": [[[-73.70666367802428, 40.96725003430534], [-73.7036933117652, 40.96721666939368], [-73.70364924097379, 40.96946816393232], [-73.70661970814828, 40.96950153147505], [-73.70666367802428, 40.96725003430534]]]}, "properties": {"cellId": "cell-025-018", "centroid": [-73.705156, 40.968359], "coverageTier": "unsupported", "elevationM": 13.446683883666992, "slopeDegrees": 4.862502098083496, "landCoverClass": 21, "imperviousPct": 17, "distanceToWaterM": 0.0, "distanceToRoadM": 0.0, "femaSfha": true, "relativeElevationZ": -0.002}}, {"type": "Feature", "geometry": {"type": "Polygon", "coordinates": [[[-73.7036933117652, 40.96721666939368], [-73.70072295049624, 40.96718322797704], [-73.70067877879005, 40.96943471987859], [-73.70364924097379, 40.96946816393232], [-73.7036933117652, 40.96721666939368]]]}, "properties": {"cellId": "cell-025-019", "centroid": [-73.702186, 40.968326], "coverageTier": "unsupported", "elevationM": null, "slopeDegrees": null, "landCoverClass": null, "imperviousPct": null, "distanceToWaterM": 133.48750279082216, "distanceToRoadM": 0.0, "femaSfha": false, "relativeElevationZ": null}}, {"type": "Feature", "geometry": {"type": "Polygon", "coordinates": [[[-73.76008895768891, 40.970089063444746], [-73.75711840263382, 40.970057073162565], [-73.75707614363186, 40.972308613219646], [-73.76004679962512, 40.97234060602451], [-73.76008895768891, 40.970089063444746]]]}, "properties": {"cellId": "cell-026-000", "centroid": [-73.758583, 40.971199], "coverageTier": "unsupported", "elevationM": 54.710758209228516, "slopeDegrees": 3.778066873550415, "landCoverClass": 22, "imperviousPct": 27, "distanceToWaterM": 0.0, "distanceToRoadM": 0.0, "femaSfha": false, "relativeElevationZ": 2.681}}, {"type": "Feature", "geometry": {"type": "Polygon", "coordinates": [[[-73.75711840263382, 40.970057073162565], [-73.75414785236389, 40.97002500636283], [-73.75410549242439, 40.9722765438912], [-73.75707614363186, 40.972308613219646], [-73.75711840263382, 40.970057073162565]]]}, "properties": {"cellId": "cell-026-001", "centroid": [-73.755612, 40.971167], "coverageTier": "unsupported", "elevationM": 54.80125427246094, "slopeDegrees": 3.2468209266662598, "landCoverClass": 21, "imperviousPct": 19, "distanceToWaterM": 0.0, "distanceToRoadM": 0.0, "femaSfha": false, "relativeElevationZ": 2.687}}, {"type": "Feature", "geometry": {"type": "Polygon", "coordinates": [[[-73.75414785236389, 40.97002500636283], [-73.75117730689055, 40.96999286304592], [-73.7511348460141, 40.972244398039535], [-73.75410549242439, 40.9722765438912], [-73.75414785236389, 40.97002500636283]]]}, "properties": {"cellId": "cell-026-002", "centroid": [-73.752641, 40.971135], "coverageTier": "unsupported", "elevationM": 62.0432243347168, "slopeDegrees": 1.3264853954315186, "landCoverClass": 22, "imperviousPct": 29, "distanceToWaterM": 0.0, "distanceToRoadM": 0.0, "femaSfha": false, "relativeElevationZ": 3.158}}, {"type": "Feature", "geometry": {"type": "Polygon", "coordinates": [[[-73.75117730689055, 40.96999286304592], [-73.74820676622522, 40.9699606432122], [-73.74816420441245, 40.97221217566502], [-73.7511348460141, 40.972244398039535], [-73.75117730689055, 40.96999286304592]]]}, "properties": {"cellId": "cell-026-003", "centroid": [-73.749671, 40.971103], "coverageTier": "unsupported", "elevationM": 51.23676300048828, "slopeDegrees": 2.1342241764068604, "landCoverClass": 23, "imperviousPct": 56, "distanceToWaterM": 72.23919423983898, "distanceToRoadM": 0.0, "femaSfha": false, "relativeElevationZ": 2.455}}, {"type": "Feature", "geometry": {"type": "Polygon", "coordinates": [[[-73.74820676622522, 40.9699606432122], [-73.74523623037935, 40.969928346861984], [-73.74519356763086, 40.97217987676801], [-73.74816420441245, 40.97221217566502], [-73.74820676622522, 40.9699606432122]]]}, "properties": {"cellId": "cell-026-004", "centroid": [-73.7467, 40.97107], "coverageTier": "unsupported", "elevationM": 35.4812126159668, "slopeDegrees": 6.0594401359558105, "landCoverClass": 21, "imperviousPct": 3, "distanceToWaterM": 0.0, "distanceToRoadM": 0.0, "femaSfha": false, "relativeElevationZ": 1.431}}, {"type": "Feature", "geometry": {"type": "Polygon", "coordinates": [[[-73.74523623037935, 40.969928346861984], [-73.7422656993643, 40.969895973995676], [-73.74222293568076, 40.97214750134886], [-73.74519356763086, 40.97217987676801], [-73.74523623037935, 40.969928346861984]]]}, "properties": {"cellId": "cell-026-005", "centroid": [-73.74373, 40.971038], "coverageTier": "validated", "elevationM": 11.51836109161377, "slopeDegrees": 3.8171486854553223, "landCoverClass": 90, "imperviousPct": 0, "distanceToWaterM": 0.0, "distanceToRoadM": 0.0, "femaSfha": true, "relativeElevationZ": -0.127}}, {"type": "Feature", "geometry": {"type": "Polygon", "coordinates": [[[-73.7422656993643, 40.969895973995676], [-73.73929517319154, 40.96986352461362], [-73.73925230857354, 40.97211504940791], [-73.74222293568076, 40.97214750134886], [-73.7422656993643, 40.969895973995676]]]}, "properties": {"cellId": "cell-026-006", "centroid": [-73.740759, 40.971006], "coverageTier": "validated", "elevationM": 25.486225128173828, "slopeDegrees": 4.137145042419434, "landCoverClass": 23, "imperviousPct": 55, "distanceToWaterM": 65.03683122992516, "distanceToRoadM": 0.0, "femaSfha": false, "relativeElevationZ": 0.781}}, {"type": "Feature", "geometry": {"type": "Polygon", "coordinates": [[[-73.73929517319154, 40.96986352461362], [-73.73632465187248, 40.96983099871616], [-73.73628168632065, 40.97208252094556], [-73.73925230857354, 40.97211504940791], [-73.73929517319154, 40.96986352461362]]]}, "properties": {"cellId": "cell-026-007", "centroid": [-73.737788, 40.970973], "coverageTier": "validated", "elevationM": 25.4631404876709, "slopeDegrees": 8.111236572265625, "landCoverClass": 21, "imperviousPct": 1, "distanceToWaterM": 54.54121942538768, "distanceToRoadM": 0.0, "femaSfha": false, "relativeElevationZ": 0.779}}, {"type": "Feature", "geometry": {"type": "Polygon", "coordinates": [[[-73.73632465187248, 40.96983099871616], [-73.73335413541854, 40.969798396303695], [-73.73331106893352, 40.972049915962145], [-73.73628168632065, 40.97208252094556], [-73.73632465187248, 40.96983099871616]]]}, "properties": {"cellId": "cell-026-008", "centroid": [-73.734818, 40.97094], "coverageTier": "validated", "elevationM": 15.343274116516113, "slopeDegrees": 16.833209991455078, "landCoverClass": 21, "imperviousPct": 10, "distanceToWaterM": 54.59128993946099, "distanceToRoadM": 0.0, "femaSfha": true, "relativeElevationZ": 0.121}}, {"type": "Feature", "geometry": {"type": "Polygon", "coordinates": [[[-73.73335413541854, 40.969798396303695], [-73.73038362384115, 40.969765717376546], [-73.73034045642356, 40.97201723445803], [-73.73331106893352, 40.972049915962145], [-73.73335413541854, 40.969798396303695]]]}, "properties": {"cellId": "cell-026-009", "centroid": [-73.731847, 40.970908], "coverageTier": "validated", "elevationM": 24.408191680908203, "slopeDegrees": 8.252706527709961, "landCoverClass": 21, "imperviousPct": 4, "distanceToWaterM": 160.47332083151883, "distanceToRoadM": 0.0, "femaSfha": false, "relativeElevationZ": 0.711}}, {"type": "Feature", "geometry": {"type": "Polygon", "coordinates": [[[-73.73038362384115, 40.969765717376546], [-73.72741311715173, 40.96973296193511], [-73.7273698488022, 40.97198447643358], [-73.73034045642356, 40.97201723445803], [-73.73038362384115, 40.969765717376546]]]}, "properties": {"cellId": "cell-026-010", "centroid": [-73.728877, 40.970875], "coverageTier": "validated", "elevationM": 16.53450584411621, "slopeDegrees": 5.979973793029785, "landCoverClass": 41, "imperviousPct": 0, "distanceToWaterM": 214.37645253303614, "distanceToRoadM": 0.0, "femaSfha": true, "relativeElevationZ": 0.199}}, {"type": "Feature", "geometry": {"type": "Polygon", "coordinates": [[[-73.72741311715173, 40.96973296193511], [-73.7244426153617, 40.96970012997971], [-73.72439924608086, 40.971951641889156], [-73.7273698488022, 40.97198447643358], [-73.72741311715173, 40.96973296193511]]]}, "properties": {"cellId": "cell-026-011", "centroid": [-73.725906, 40.970842], "coverageTier": "validated", "elevationM": 24.837467193603516, "slopeDegrees": 1.1974982023239136, "landCoverClass": 41, "imperviousPct": 0, "distanceToWaterM": 372.860951298549, "distanceToRoadM": 0.0, "femaSfha": false, "relativeElevationZ": 0.739}}, {"type": "Feature", "geometry": {"type": "Polygon", "coordinates": [[[-73.7244426153617, 40.96970012997971], [-73.72147211848247, 40.96966722151075], [-73.72142864827096, 40.97191873082512], [-73.72439924608086, 40.971951641889156], [-73.7244426153617, 40.96970012997971]]]}, "properties": {"cellId": "cell-026-012", "centroid": [-73.722936, 40.970809], "coverageTier": "unsupported", "elevationM": 19.357288360595703, "slopeDegrees": 4.478166580200195, "landCoverClass": 22, "imperviousPct": 39, "distanceToWaterM": 597.5728529693001, "distanceToRoadM": 0.0, "femaSfha": false, "relativeElevationZ": 0.382}}, {"type": "Feature", "geometry": {"type": "Polygon", "coordinates": [[[-73.72147211848247, 40.96966722151075], [-73.71850162652548, 40.96963423652857], [-73.71845805538393, 40.971885743241856], [-73.72142864827096, 40.97191873082512], [-73.72147211848247, 40.96966722151075]]]}, "properties": {"cellId": "cell-026-013", "centroid": [-73.719965, 40.970776], "coverageTier": "unsupported", "elevationM": 23.750741958618164, "slopeDegrees": 5.226259231567383, "landCoverClass": 23, "imperviousPct": 58, "distanceToWaterM": 768.2700913268296, "distanceToRoadM": 0.0, "femaSfha": true, "relativeElevationZ": 0.668}}, {"type": "Feature", "geometry": {"type": "Polygon", "coordinates": [[[-73.71850162652548, 40.96963423652857], [-73.71553113950215, 40.96960117503353], [-73.7154874674312, 40.971852679139694], [-73.71845805538393, 40.971885743241856], [-73.71850162652548, 40.96963423652857]]]}, "properties": {"cellId": "cell-026-014", "centroid": [-73.716995, 40.970743], "coverageTier": "unsupported", "elevationM": 18.311290740966797, "slopeDegrees": 0.9996868371963501, "landCoverClass": 22, "imperviousPct": 41, "distanceToWaterM": 629.7640963282073, "distanceToRoadM": 0.0, "femaSfha": true, "relativeElevationZ": 0.314}}, {"type": "Feature", "geometry": {"type": "Polygon", "coordinates": [[[-73.71553113950215, 40.96960117503353], [-73.7125606574239, 40.96956803702603], [-73.71251688442416, 40.971819538519036], [-73.7154874674312, 40.971852679139694], [-73.71553113950215, 40.96960117503353]]]}, "properties": {"cellId": "cell-026-015", "centroid": [-73.714024, 40.97071], "coverageTier": "unsupported", "elevationM": 23.144243240356445, "slopeDegrees": 2.156383752822876, "landCoverClass": 22, "imperviousPct": 25, "distanceToWaterM": 383.60880117125424, "distanceToRoadM": 0.0, "femaSfha": true, "relativeElevationZ": 0.628}}, {"type": "Feature", "geometry": {"type": "Polygon", "coordinates": [[[-73.7125606574239, 40.96956803702603], [-73.70959018030213, 40.96953482250642], [-73.70954630637428, 40.971786321380236], [-73.71251688442416, 40.971819538519036], [-73.7125606574239, 40.96956803702603]]]}, "properties": {"cellId": "cell-026-016", "centroid": [-73.711054, 40.970677], "coverageTier": "unsupported", "elevationM": 23.236631393432617, "slopeDegrees": 1.8155437707901, "landCoverClass": 22, "imperviousPct": 41, "distanceToWaterM": 149.15350278136077, "distanceToRoadM": 0.0, "femaSfha": false, "relativeElevationZ": 0.634}}, {"type": "Feature", "geometry": {"type": "Polygon", "coordinates": [[[-73.70959018030213, 40.96953482250642], [-73.70661970814828, 40.96950153147505], [-73.70657573329295, 40.971753027723665], [-73.70954630637428, 40.971786321380236], [-73.70959018030213, 40.96953482250642]]]}, "properties": {"cellId": "cell-026-017", "centroid": [-73.708083, 40.970644], "coverageTier": "unsupported", "elevationM": 16.266794204711914, "slopeDegrees": 2.5467307567596436, "landCoverClass": 22, "imperviousPct": 25, "distanceToWaterM": 48.800144573673606, "distanceToRoadM": 0.0, "femaSfha": true, "relativeElevationZ": 0.181}}, {"type": "Feature", "geometry": {"type": "Polygon", "coordinates": [[[-73.70661970814828, 40.96950153147505], [-73.70364924097379, 40.96946816393232], [-73.70360516519162, 40.971719657549684], [-73.70657573329295, 40.971753027723665], [-73.70661970814828, 40.96950153147505]]]}, "properties": {"cellId": "cell-026-018", "centroid": [-73.705112, 40.970611], "coverageTier": "unsupported", "elevationM": 10.797708511352539, "slopeDegrees": 5.746398448944092, "landCoverClass": 22, "imperviousPct": 47, "distanceToWaterM": 0.0, "distanceToRoadM": 0.0, "femaSfha": true, "relativeElevationZ": -0.174}}, {"type": "Feature", "geometry": {"type": "Polygon", "coordinates": [[[-73.70364924097379, 40.96946816393232], [-73.70067877879005, 40.96943471987859], [-73.70063460208166, 40.971686210858664], [-73.70360516519162, 40.971719657549684], [-73.70364924097379, 40.96946816393232]]]}, "properties": {"cellId": "cell-026-019", "centroid": [-73.702142, 40.970577], "coverageTier": "unsupported", "elevationM": null, "slopeDegrees": null, "landCoverClass": null, "imperviousPct": null, "distanceToWaterM": 11.272666886729843, "distanceToRoadM": 0.0, "femaSfha": true, "relativeElevationZ": null}}, {"type": "Feature", "geometry": {"type": "Polygon", "coordinates": [[[-73.76004679962512, 40.97234060602451], [-73.75707614363186, 40.972308613219646], [-73.75703387984412, 40.97456015235854], [-73.76000463678697, 40.97459214768627], [-73.76004679962512, 40.97234060602451]]]}, "properties": {"cellId": "cell-027-000", "centroid": [-73.75854, 40.97345], "coverageTier": "unsupported", "elevationM": 57.10752868652344, "slopeDegrees": 0.6410572528839111, "landCoverClass": 22, "imperviousPct": 29, "distanceToWaterM": 28.92197855003178, "distanceToRoadM": 0.0, "femaSfha": false, "relativeElevationZ": 2.837}}, {"type": "Feature", "geometry": {"type": "Polygon", "coordinates": [[[-73.75707614363186, 40.972308613219646], [-73.75410549242439, 40.9722765438912], [-73.75406312768766, 40.9745280805012], [-73.75703387984412, 40.97456015235854], [-73.75707614363186, 40.972308613219646]]]}, "properties": {"cellId": "cell-027-001", "centroid": [-73.75557, 40.973418], "coverageTier": "unsupported", "elevationM": 56.445228576660156, "slopeDegrees": 1.9486898183822632, "landCoverClass": 21, "imperviousPct": 11, "distanceToWaterM": 0.0, "distanceToRoadM": 0.0, "femaSfha": false, "relativeElevationZ": 2.794}}, {"type": "Feature", "geometry": {"type": "Polygon", "coordinates": [[[-73.75410549242439, 40.9722765438912], [-73.7511348460141, 40.972244398039535], [-73.75109238032901, 40.97449593211463], [-73.75406312768766, 40.9745280805012], [-73.75410549242439, 40.9722765438912]]]}, "properties": {"cellId": "cell-027-002", "centroid": [-73.752599, 40.973386], "coverageTier": "unsupported", "elevationM": 56.77829360961914, "slopeDegrees": 4.046964168548584, "landCoverClass": 22, "imperviousPct": 43, "distanceToWaterM": 11.721143880393356, "distanceToRoadM": 0.0, "femaSfha": false, "relativeElevationZ": 2.815}}, {"type": "Feature", "geometry": {"type": "Polygon", "coordinates": [[[-73.7511348460141, 40.972244398039535], [-73.74816420441245, 40.97221217566502], [-73.74812163777963, 40.97446370719916], [-73.75109238032901, 40.97449593211463], [-73.7511348460141, 40.972244398039535]]]}, "properties": {"cellId": "cell-027-003", "centroid": [-73.749628, 40.973354], "coverageTier": "unsupported", "elevationM": 54.77027893066406, "slopeDegrees": 1.9346362352371216, "landCoverClass": 23, "imperviousPct": 52, "distanceToWaterM": 92.97852415785873, "distanceToRoadM": 0.0, "femaSfha": false, "relativeElevationZ": 2.685}}, {"type": "Feature", "geometry": {"type": "Polygon", "coordinates": [[[-73.74816420441245, 40.97221217566502], [-73.74519356763086, 40.97217987676801], [-73.7451509000509, 40.974431405755155], [-73.74812163777963, 40.97446370719916], [-73.74816420441245, 40.97221217566502]]]}, "properties": {"cellId": "cell-027-004", "centroid": [-73.746658, 40.973322], "coverageTier": "unsupported", "elevationM": 39.87964630126953, "slopeDegrees": 6.503799915313721, "landCoverClass": 41, "imperviousPct": 0, "distanceToWaterM": 0.0, "distanceToRoadM": 0.0, "femaSfha": false, "relativeElevationZ": 1.717}}, {"type": "Feature", "geometry": {"type": "Polygon", "coordinates": [[[-73.74519356763086, 40.97217987676801], [-73.74222293568076, 40.97214750134886], [-73.74218016715429, 40.97439902778299], [-73.7451509000509, 40.974431405755155], [-73.74519356763086, 40.97217987676801]]]}, "properties": {"cellId": "cell-027-005", "centroid": [-73.743687, 40.973289], "coverageTier": "unsupported", "elevationM": 10.938475608825684, "slopeDegrees": 1.215494990348816, "landCoverClass": 95, "imperviousPct": 0, "distanceToWaterM": 0.0, "distanceToRoadM": 0.0, "femaSfha": true, "relativeElevationZ": -0.165}}, {"type": "Feature", "geometry": {"type": "Polygon", "coordinates": [[[-73.74222293568076, 40.97214750134886], [-73.73925230857354, 40.97211504940791], [-73.73920943910122, 40.97436657328301], [-73.74218016715429, 40.97439902778299], [-73.74222293568076, 40.97214750134886]]]}, "properties": {"cellId": "cell-027-006", "centroid": [-73.740716, 40.973257], "coverageTier": "validated", "elevationM": 29.246089935302734, "slopeDegrees": 2.1970834732055664, "landCoverClass": 24, "imperviousPct": 91, "distanceToWaterM": 102.28973971051164, "distanceToRoadM": 0.0, "femaSfha": false, "relativeElevationZ": 1.025}}, {"type": "Feature", "geometry": {"type": "Polygon", "coordinates": [[[-73.73925230857354, 40.97211504940791], [-73.73628168632065, 40.97208252094556], [-73.73623871590308, 40.97433404225557], [-73.73920943910122, 40.97436657328301], [-73.73925230857354, 40.97211504940791]]]}, "properties": {"cellId": "cell-027-007", "centroid": [-73.737746, 40.973225], "coverageTier": "validated", "elevationM": 33.8592529296875, "slopeDegrees": 4.002598285675049, "landCoverClass": 22, "imperviousPct": 21, "distanceToWaterM": 304.5412194253877, "distanceToRoadM": 0.0, "femaSfha": false, "relativeElevationZ": 1.325}}, {"type": "Feature", "geometry": {"type": "Polygon", "coordinates": [[[-73.73628168632065, 40.97208252094556], [-73.73331106893352, 40.972049915962145], [-73.73326799757132, 40.97430143470104], [-73.73623871590308, 40.97433404225557], [-73.73628168632065, 40.97208252094556]]]}, "properties": {"cellId": "cell-027-008", "centroid": [-73.734775, 40.973192], "coverageTier": "validated", "elevationM": 22.133380889892578, "slopeDegrees": 9.563322067260742, "landCoverClass": 21, "imperviousPct": 3, "distanceToWaterM": 304.55019069103884, "distanceToRoadM": 0.0, "femaSfha": false, "relativeElevationZ": 0.563}}, {"type": "Feature", "geometry": {"type": "Polygon", "coordinates": [[[-73.73331106893352, 40.972049915962145], [-73.73034045642356, 40.97201723445803], [-73.73029728411737, 40.974268750619785], [-73.73326799757132, 40.97430143470104], [-73.73331106893352, 40.972049915962145]]]}, "properties": {"cellId": "cell-027-009", "centroid": [-73.731804, 40.973159], "coverageTier": "validated", "elevationM": 35.56891632080078, "slopeDegrees": 13.646892547607422, "landCoverClass": 22, "imperviousPct": 49, "distanceToWaterM": 394.1563336247319, "distanceToRoadM": 0.0, "femaSfha": false, "relativeElevationZ": 1.436}}, {"type": "Feature", "geometry": {"type": "Polygon", "coordinates": [[[-73.73034045642356, 40.97201723445803], [-73.7273698488022, 40.97198447643358], [-73.72732657555265, 40.97423599001216], [-73.73029728411737, 40.974268750619785], [-73.73034045642356, 40.97201723445803]]]}, "properties": {"cellId": "cell-027-010", "centroid": [-73.728834, 40.973127], "coverageTier": "unsupported", "elevationM": 31.822265625, "slopeDegrees": 4.190914154052734, "landCoverClass": 41, "imperviousPct": 0, "distanceToWaterM": 441.10001789618036, "distanceToRoadM": 0.0, "femaSfha": false, "relativeElevationZ": 1.193}}, {"type": "Feature", "geometry": {"type": "Polygon", "coordinates": [[[-73.7273698488022, 40.97198447643358], [-73.72439924608086, 40.971951641889156], [-73.72435587188858, 40.97420315287853], [-73.72732657555265, 40.97423599001216], [-73.7273698488022, 40.97198447643358]]]}, "properties": {"cellId": "cell-027-011", "centroid": [-73.725863, 40.973094], "coverageTier": "unsupported", "elevationM": 22.287601470947266, "slopeDegrees": 13.26194953918457, "landCoverClass": 90, "imperviousPct": 0, "distanceToWaterM": 551.5998447545131, "distanceToRoadM": 0.0, "femaSfha": false, "relativeElevationZ": 0.573}}, {"type": "Feature", "geometry": {"type": "Polygon", "coordinates": [[[-73.72439924608086, 40.971951641889156], [-73.72142864827096, 40.97191873082512], [-73.72138517313657, 40.97417023921926], [-73.72435587188858, 40.97420315287853], [-73.72439924608086, 40.971951641889156]]]}, "properties": {"cellId": "cell-027-012", "centroid": [-73.722892, 40.973061], "coverageTier": "unsupported", "elevationM": 33.06729507446289, "slopeDegrees": 6.032477378845215, "landCoverClass": 21, "imperviousPct": 2, "distanceToWaterM": 640.4777068609985, "distanceToRoadM": 0.0, "femaSfha": true, "relativeElevationZ": 1.274}}, {"type": "Feature", "geometry": {"type": "Polygon", "coordinates": [[[-73.72142864827096, 40.97191873082512], [-73.71845805538393, 40.971885743241856], [-73.71841447930808, 40.97413724903471], [-73.72138517313657, 40.97417023921926], [-73.72142864827096, 40.97191873082512]]]}, "properties": {"cellId": "cell-027-013", "centroid": [-73.719922, 40.973028], "coverageTier": "unsupported", "elevationM": 21.69289779663086, "slopeDegrees": 2.792099952697754, "landCoverClass": 22, "imperviousPct": 33, "distanceToWaterM": 524.8427989571976, "distanceToRoadM": 0.0, "femaSfha": true, "relativeElevationZ": 0.534}}, {"type": "Feature", "geometry": {"type": "Polygon", "coordinates": [[[-73.71845805538393, 40.971885743241856], [-73.7154874674312, 40.971852679139694], [-73.71544379041453, 40.97410418232527], [-73.71841447930808, 40.97413724903471], [-73.71845805538393, 40.971885743241856]]]}, "properties": {"cellId": "cell-027-014", "centroid": [-73.716951, 40.972995], "coverageTier": "unsupported", "elevationM": 19.765033721923828, "slopeDegrees": 1.1839170455932617, "landCoverClass": 23, "imperviousPct": 72, "distanceToWaterM": 504.55793922021985, "distanceToRoadM": 0.0, "femaSfha": true, "relativeElevationZ": 0.409}}, {"type": "Feature", "geometry": {"type": "Polygon", "coordinates": [[[-73.7154874674312, 40.971852679139694], [-73.71251688442416, 40.971819538519036], [-73.71247310646731, 40.97407103909127], [-73.71544379041453, 40.97410418232527], [-73.7154874674312, 40.971852679139694]]]}, "properties": {"cellId": "cell-027-015", "centroid": [-73.71398, 40.972962], "coverageTier": "unsupported", "elevationM": 25.80480194091797, "slopeDegrees": 9.584465026855469, "landCoverClass": 21, "imperviousPct": 2, "distanceToWaterM": 499.9680859823009, "distanceToRoadM": 0.0, "femaSfha": true, "relativeElevationZ": 0.801}}, {"type": "Feature", "geometry": {"type": "Polygon", "coordinates": [[[-73.71251688442416, 40.971819538519036], [-73.70954630637428, 40.971786321380236], [-73.70950242747787, 40.97403781933311], [-73.71247310646731, 40.97407103909127], [-73.71251688442416, 40.971819538519036]]]}, "properties": {"cellId": "cell-027-016", "centroid": [-73.71101, 40.972929], "coverageTier": "unsupported", "elevationM": 17.331125259399414, "slopeDegrees": 0.8844883441925049, "landCoverClass": 23, "imperviousPct": 54, "distanceToWaterM": 328.97321813507006, "distanceToRoadM": 0.0, "femaSfha": false, "relativeElevationZ": 0.25}}, {"type": "Feature", "geometry": {"type": "Polygon", "coordinates": [[[-73.70954630637428, 40.971786321380236], [-73.70657573329295, 40.971753027723665], [-73.70653175345764, 40.974004523051136], [-73.70950242747787, 40.97403781933311], [-73.70954630637428, 40.971786321380236]]]}, "properties": {"cellId": "cell-027-017", "centroid": [-73.708039, 40.972895], "coverageTier": "unsupported", "elevationM": 18.7130069732666, "slopeDegrees": 5.743756294250488, "landCoverClass": 22, "imperviousPct": 23, "distanceToWaterM": 78.97321813507006, "distanceToRoadM": 0.0, "femaSfha": true, "relativeElevationZ": 0.34}}, {"type": "Feature", "geometry": {"type": "Polygon", "coordinates": [[[-73.70657573329295, 40.971753027723665], [-73.70360516519162, 40.971719657549684], [-73.70356108441803, 40.97397115024574], [-73.70653175345764, 40.974004523051136], [-73.70657573329295, 40.971753027723665]]]}, "properties": {"cellId": "cell-027-018", "centroid": [-73.705068, 40.972862], "coverageTier": "unsupported", "elevationM": 10.744549751281738, "slopeDegrees": 0.5460313558578491, "landCoverClass": 90, "imperviousPct": 0, "distanceToWaterM": 0.0, "distanceToRoadM": 0.0, "femaSfha": true, "relativeElevationZ": -0.178}}, {"type": "Feature", "geometry": {"type": "Polygon", "coordinates": [[[-73.70360516519162, 40.971719657549684], [-73.70063460208166, 40.971686210858664], [-73.70059042037046, 40.97393770091726], [-73.70356108441803, 40.97397115024574], [-73.70360516519162, 40.971719657549684]]]}, "properties": {"cellId": "cell-027-019", "centroid": [-73.702098, 40.972829], "coverageTier": "unsupported", "elevationM": null, "slopeDegrees": null, "landCoverClass": null, "imperviousPct": null, "distanceToWaterM": 0.0, "distanceToRoadM": 0.0, "femaSfha": true, "relativeElevationZ": null}}, {"type": "Feature", "geometry": {"type": "Polygon", "coordinates": [[[-73.76000463678697, 40.97459214768627], [-73.75703387984412, 40.97456015235854], [-73.75699161126998, 40.976811690579225], [-73.75996246917387, 40.97684368842999], [-73.76000463678697, 40.97459214768627]]]}, "properties": {"cellId": "cell-028-000", "centroid": [-73.758498, 40.975702], "coverageTier": "unsupported", "elevationM": 60.76280975341797, "slopeDegrees": 2.597937822341919, "landCoverClass": 23, "imperviousPct": 53, "distanceToWaterM": 0.0, "distanceToRoadM": 0.0, "femaSfha": false, "relativeElevationZ": 3.074}}, {"type": "Feature", "geometry": {"type": "Polygon", "coordinates": [[[-73.75703387984412, 40.97456015235854], [-73.75406312768766, 40.9745280805012], [-73.7540207581531, 40.976779616192836], [-73.75699161126998, 40.976811690579225], [-73.75703387984412, 40.97456015235854]]]}, "properties": {"cellId": "cell-028-001", "centroid": [-73.755527, 40.97567], "coverageTier": "unsupported", "elevationM": 59.6196174621582, "slopeDegrees": 3.1041338443756104, "landCoverClass": 41, "imperviousPct": 0, "distanceToWaterM": 25.450990128330886, "distanceToRoadM": 0.0, "femaSfha": false, "relativeElevationZ": 3.0}}, {"type": "Feature", "geometry": {"type": "Polygon", "coordinates": [[[-73.75406312768766, 40.9745280805012], [-73.75109238032901, 40.97449593211463], [-73.75104990983468, 40.97674746527116], [-73.7540207581531, 40.976779616192836], [-73.75406312768766, 40.9745280805012]]]}, "properties": {"cellId": "cell-028-002", "centroid": [-73.752557, 40.975638], "coverageTier": "unsupported", "elevationM": 47.57874298095703, "slopeDegrees": 4.716355800628662, "landCoverClass": 41, "imperviousPct": 0, "distanceToWaterM": 0.0, "distanceToRoadM": 0.0, "femaSfha": false, "relativeElevationZ": 2.217}}, {"type": "Feature", "geometry": {"type": "Polygon", "coordinates": [[[-73.75109238032901, 40.97449593211463], [-73.74812163777963, 40.97446370719916], [-73.74807906632613, 40.976715237814574], [-73.75104990983468, 40.97674746527116], [-73.75109238032901, 40.97449593211463]]]}, "properties": {"cellId": "cell-028-003", "centroid": [-73.749586, 40.975606], "coverageTier": "unsupported", "elevationM": 56.2486572265625, "slopeDegrees": 1.5120840072631836, "landCoverClass": 22, "imperviousPct": 27, "distanceToWaterM": 43.55313230302039, "distanceToRoadM": 0.0, "femaSfha": false, "relativeElevationZ": 2.781}}, {"type": "Feature", "geometry": {"type": "Polygon", "coordinates": [[[-73.74812163777963, 40.97446370719916], [-73.7451509000509, 40.974431405755155], [-73.74510822763885, 40.976682933823426], [-73.74807906632613, 40.976715237814574], [-73.74812163777963, 40.97446370719916]]]}, "properties": {"cellId": "cell-028-004", "centroid": [-73.746615, 40.975573], "coverageTier": "unsupported", "elevationM": 42.5731315612793, "slopeDegrees": 2.9379513263702393, "landCoverClass": 41, "imperviousPct": 0, "distanceToWaterM": 19.62293007876724, "distanceToRoadM": 0.0, "femaSfha": false, "relativeElevationZ": 1.892}}, {"type": "Feature", "geometry": {"type": "Polygon", "coordinates": [[[-73.7451509000509, 40.974431405755155], [-73.74218016715429, 40.97439902778299], [-73.74213739378432, 40.976650553298064], [-73.74510822763885, 40.976682933823426], [-73.7451509000509, 40.974431405755155]]]}, "properties": {"cellId": "cell-028-005", "centroid": [-73.743644, 40.975541], "coverageTier": "unsupported", "elevationM": 12.279481887817383, "slopeDegrees": 6.32721471786499, "landCoverClass": 90, "imperviousPct": 0, "distanceToWaterM": 0.0, "distanceToRoadM": 0.0, "femaSfha": true, "relativeElevationZ": -0.078}}, {"type": "Feature", "geometry": {"type": "Polygon", "coordinates": [[[-73.74218016715429, 40.97439902778299], [-73.73920943910122, 40.97436657328301], [-73.73916656477394, 40.97661809623885], [-73.74213739378432, 40.976650553298064], [-73.74218016715429, 40.97439902778299]]]}, "properties": {"cellId": "cell-028-006", "centroid": [-73.740673, 40.975509], "coverageTier": "unsupported", "elevationM": 34.19702911376953, "slopeDegrees": 4.789177894592285, "landCoverClass": 41, "imperviousPct": 0, "distanceToWaterM": 109.07137211447116, "distanceToRoadM": 0.0, "femaSfha": false, "relativeElevationZ": 1.347}}, {"type": "Feature", "geometry": {"type": "Polygon", "coordinates": [[[-73.73920943910122, 40.97436657328301], [-73.73623871590308, 40.97433404225557], [-73.73619574061912, 40.97658556264617], [-73.73916656477394, 40.97661809623885], [-73.73920943910122, 40.97436657328301]]]}, "properties": {"cellId": "cell-028-007", "centroid": [-73.737703, 40.975476], "coverageTier": "unsupported", "elevationM": 39.071014404296875, "slopeDegrees": 1.1138114929199219, "landCoverClass": 22, "imperviousPct": 39, "distanceToWaterM": 359.07137211447116, "distanceToRoadM": 0.0, "femaSfha": false, "relativeElevationZ": 1.664}}, {"type": "Feature", "geometry": {"type": "Polygon", "coordinates": [[[-73.73623871590308, 40.97433404225557], [-73.73326799757132, 40.97430143470104], [-73.73322492133131, 40.97655295252036], [-73.73619574061912, 40.97658556264617], [-73.73623871590308, 40.97433404225557]]]}, "properties": {"cellId": "cell-028-008", "centroid": [-73.734732, 40.975444], "coverageTier": "unsupported", "elevationM": 28.18268394470215, "slopeDegrees": 12.442898750305176, "landCoverClass": 21, "imperviousPct": 15, "distanceToWaterM": 554.5461462877927, "distanceToRoadM": 0.0, "femaSfha": false, "relativeElevationZ": 0.956}}, {"type": "Feature", "geometry": {"type": "Polygon", "coordinates": [[[-73.73326799757132, 40.97430143470104], [-73.73029728411737, 40.974268750619785], [-73.73025410692195, 40.976520265861794], [-73.73322492133131, 40.97655295252036], [-73.73326799757132, 40.97430143470104]]]}, "properties": {"cellId": "cell-028-009", "centroid": [-73.731761, 40.975411], "coverageTier": "unsupported", "elevationM": 49.544464111328125, "slopeDegrees": 2.747934579849243, "landCoverClass": 22, "imperviousPct": 43, "distanceToWaterM": 609.2538245293335, "distanceToRoadM": 0.0, "femaSfha": false, "relativeElevationZ": 2.345}}, {"type": "Feature", "geometry": {"type": "Polygon", "coordinates": [[[-73.73029728411737, 40.974268750619785], [-73.72732657555265, 40.97423599001216], [-73.72728329740244, 40.97648750267082], [-73.73025410692195, 40.976520265861794], [-73.73029728411737, 40.974268750619785]]]}, "properties": {"cellId": "cell-028-010", "centroid": [-73.72879, 40.975378], "coverageTier": "unsupported", "elevationM": 35.15546417236328, "slopeDegrees": 10.274011611938477, "landCoverClass": 22, "imperviousPct": 49, "distanceToWaterM": 681.8460631912099, "distanceToRoadM": 0.0, "femaSfha": false, "relativeElevationZ": 1.409}}, {"type": "Feature", "geometry": {"type": "Polygon", "coordinates": [[[-73.72732657555265, 40.97423599001216], [-73.72435587188858, 40.97420315287853], [-73.72431249278421, 40.9764546629478], [-73.72728329740244, 40.97648750267082], [-73.72732657555265, 40.97423599001216]]]}, "properties": {"cellId": "cell-028-011", "centroid": [-73.72582, 40.975345], "coverageTier": "unsupported", "elevationM": 20.60860252380371, "slopeDegrees": 2.2019944190979004, "landCoverClass": 90, "imperviousPct": 0, "distanceToWaterM": 692.9534275436633, "distanceToRoadM": 0.0, "femaSfha": false, "relativeElevationZ": 0.464}}, {"type": "Feature", "geometry": {"type": "Polygon", "coordinates": [[[-73.72435587188858, 40.97420315287853], [-73.72138517313657, 40.97417023921926], [-73.7213416930787, 40.97642174669313], [-73.72431249278421, 40.9764546629478], [-73.72435587188858, 40.97420315287853]]]}, "properties": {"cellId": "cell-028-012", "centroid": [-73.722849, 40.975312], "coverageTier": "unsupported", "elevationM": 21.580018997192383, "slopeDegrees": 2.0293045043945312, "landCoverClass": 41, "imperviousPct": 0, "distanceToWaterM": 469.50263404566033, "distanceToRoadM": 0.0, "femaSfha": false, "relativeElevationZ": 0.527}}, {"type": "Feature", "geometry": {"type": "Polygon", "coordinates": [[[-73.72138517313657, 40.97417023921926], [-73.71841447930808, 40.97413724903471], [-73.71837089829731, 40.97638875390714], [-73.7213416930787, 40.97642174669313], [-73.72138517313657, 40.97417023921926]]]}, "properties": {"cellId": "cell-028-013", "centroid": [-73.719878, 40.97528], "coverageTier": "unsupported", "elevationM": 22.161643981933594, "slopeDegrees": 6.955877304077148, "landCoverClass": 24, "imperviousPct": 88, "distanceToWaterM": 292.71315994863534, "distanceToRoadM": 0.0, "femaSfha": true, "relativeElevationZ": 0.565}}, {"type": "Feature", "geometry": {"type": "Polygon", "coordinates": [[[-73.71841447930808, 40.97413724903471], [-73.71544379041453, 40.97410418232527], [-73.7154001084515, 40.97635568459021], [-73.71837089829731, 40.97638875390714], [-73.71841447930808, 40.97413724903471]]]}, "properties": {"cellId": "cell-028-014", "centroid": [-73.716907, 40.975246], "coverageTier": "unsupported", "elevationM": 19.442710876464844, "slopeDegrees": 1.4126297235488892, "landCoverClass": 24, "imperviousPct": 81, "distanceToWaterM": 254.55793922021985, "distanceToRoadM": 0.0, "femaSfha": true, "relativeElevationZ": 0.388}}, {"type": "Feature", "geometry": {"type": "Polygon", "coordinates": [[[-73.71544379041453, 40.97410418232527], [-73.71247310646731, 40.97407103909127], [-73.71242932355268, 40.97632253874271], [-73.7154001084515, 40.97635568459021], [-73.71544379041453, 40.97410418232527]]]}, "properties": {"cellId": "cell-028-015", "centroid": [-73.713937, 40.975213], "coverageTier": "unsupported", "elevationM": 19.45611000061035, "slopeDegrees": 2.5254554748535156, "landCoverClass": 24, "imperviousPct": 83, "distanceToWaterM": 274.0039610307409, "distanceToRoadM": 0.0, "femaSfha": false, "relativeElevationZ": 0.389}}, {"type": "Feature", "geometry": {"type": "Polygon", "coordinates": [[[-73.71247310646731, 40.97407103909127], [-73.70950242747787, 40.97403781933311], [-73.70945854361227, 40.976289316365], [-73.71242932355268, 40.97632253874271], [-73.71247310646731, 40.97407103909127]]]}, "properties": {"cellId": "cell-028-016", "centroid": [-73.710966, 40.97518], "coverageTier": "unsupported", "elevationM": 23.557098388671875, "slopeDegrees": 1.0122673511505127, "landCoverClass": 22, "imperviousPct": 28, "distanceToWaterM": 333.816782060623, "distanceToRoadM": 0.0, "femaSfha": false, "relativeElevationZ": 0.655}}, {"type": "Feature", "geometry": {"type": "Polygon", "coordinates": [[[-73.70950242747787, 40.97403781933311], [-73.70653175345764, 40.974004523051136], [-73.7064877686417, 40.97625601745747], [-73.70945854361227, 40.976289316365], [-73.70950242747787, 40.97403781933311]]]}, "properties": {"cellId": "cell-028-017", "centroid": [-73.707995, 40.975147], "coverageTier": "unsupported", "elevationM": 30.58428192138672, "slopeDegrees": 3.6536924839019775, "landCoverClass": 21, "imperviousPct": 6, "distanceToWaterM": 91.0636542700253, "distanceToRoadM": 0.0, "femaSfha": false, "relativeElevationZ": 1.112}}, {"type": "Feature", "geometry": {"type": "Polygon", "coordinates": [[[-73.70653175345764, 40.974004523051136], [-73.70356108441803, 40.97397115024574], [-73.70351699865239, 40.97622264202047], [-73.7064877686417, 40.97625601745747], [-73.70653175345764, 40.974004523051136]]]}, "properties": {"cellId": "cell-028-018", "centroid": [-73.705024, 40.975114], "coverageTier": "unsupported", "elevationM": 14.851079940795898, "slopeDegrees": 3.406665086746216, "landCoverClass": 21, "imperviousPct": 3, "distanceToWaterM": 0.0, "distanceToRoadM": 0.0, "femaSfha": true, "relativeElevationZ": 0.089}}, {"type": "Feature", "geometry": {"type": "Polygon", "coordinates": [[[-73.70356108441803, 40.97397115024574], [-73.70059042037046, 40.97393770091726], [-73.70054623365579, 40.97618919005435], [-73.70351699865239, 40.97622264202047], [-73.70356108441803, 40.97397115024574]]]}, "properties": {"cellId": "cell-028-019", "centroid": [-73.702054, 40.97508], "coverageTier": "unsupported", "elevationM": null, "slopeDegrees": null, "landCoverClass": null, "imperviousPct": null, "distanceToWaterM": 0.0, "distanceToRoadM": 0.0, "femaSfha": true, "relativeElevationZ": null}}, {"type": "Feature", "geometry": {"type": "Polygon", "coordinates": [[[-73.75996246917387, 40.97684368842999], [-73.75699161126998, 40.976811690579225], [-73.75694933790882, 40.979063227881696], [-73.75992029678517, 40.97909522825566], [-73.75996246917387, 40.97684368842999]]]}, "properties": {"cellId": "cell-029-000", "centroid": [-73.758456, 40.977953], "coverageTier": "unsupported", "elevationM": 61.50876998901367, "slopeDegrees": 3.044118642807007, "landCoverClass": 22, "imperviousPct": 38, "distanceToWaterM": 99.9202924303015, "distanceToRoadM": 0.0, "femaSfha": false, "relativeElevationZ": 3.123}}, {"type": "Feature", "geometry": {"type": "Polygon", "coordinates": [[[-73.75699161126998, 40.976811690579225], [-73.7540207581531, 40.976779616192836], [-73.75397838382011, 40.97903115096609], [-73.75694933790882, 40.979063227881696], [-73.75699161126998, 40.976811690579225]]]}, "properties": {"cellId": "cell-029-001", "centroid": [-73.755485, 40.977921], "coverageTier": "unsupported", "elevationM": 52.755367279052734, "slopeDegrees": 4.555257797241211, "landCoverClass": 21, "imperviousPct": 7, "distanceToWaterM": 0.0, "distanceToRoadM": 0.0, "femaSfha": false, "relativeElevationZ": 2.554}}, {"type": "Feature", "geometry": {"type": "Polygon", "coordinates": [[[-73.7540207581531, 40.976779616192836], [-73.75104990983468, 40.97674746527116], [-73.75100743453046, 40.978998997509144], [-73.75397838382011, 40.97903115096609], [-73.7540207581531, 40.976779616192836]]]}, "properties": {"cellId": "cell-029-002", "centroid": [-73.752514, 40.977889], "coverageTier": "unsupported", "elevationM": 50.933841705322266, "slopeDegrees": 3.492722988128662, "landCoverClass": 41, "imperviousPct": 0, "distanceToWaterM": 0.0, "distanceToRoadM": 0.0, "femaSfha": false, "relativeElevationZ": 2.435}}, {"type": "Feature", "geometry": {"type": "Polygon", "coordinates": [[[-73.75104990983468, 40.97674746527116], [-73.74807906632613, 40.976715237814574], [-73.74803649005132, 40.97896676751126], [-73.75100743453046, 40.978998997509144], [-73.75104990983468, 40.97674746527116]]]}, "properties": {"cellId": "cell-029-003", "centroid": [-73.749543, 40.977857], "coverageTier": "unsupported", "elevationM": 39.22404098510742, "slopeDegrees": 3.1407206058502197, "landCoverClass": 22, "imperviousPct": 26, "distanceToWaterM": 0.0, "distanceToRoadM": 0.0, "femaSfha": false, "relativeElevationZ": 1.674}}, {"type": "Feature", "geometry": {"type": "Polygon", "coordinates": [[[-73.74807906632613, 40.976715237814574], [-73.74510822763885, 40.976682933823426], [-73.74506555039407, 40.97893446097279], [-73.74803649005132, 40.97896676751126], [-73.74807906632613, 40.976715237814574]]]}, "properties": {"cellId": "cell-029-004", "centroid": [-73.746572, 40.977825], "coverageTier": "unsupported", "elevationM": 37.88624954223633, "slopeDegrees": 3.0341298580169678, "landCoverClass": 41, "imperviousPct": 0, "distanceToWaterM": 0.0, "distanceToRoadM": 0.0, "femaSfha": false, "relativeElevationZ": 1.587}}, {"type": "Feature", "geometry": {"type": "Polygon", "coordinates": [[[-73.74510822763885, 40.976682933823426], [-73.74213739378432, 40.976650553298064], [-73.74209461557018, 40.97890207789406], [-73.74506555039407, 40.97893446097279], [-73.74510822763885, 40.976682933823426]]]}, "properties": {"cellId": "cell-029-005", "centroid": [-73.743601, 40.977793], "coverageTier": "unsupported", "elevationM": 13.269648551940918, "slopeDegrees": 3.254246473312378, "landCoverClass": 41, "imperviousPct": 0, "distanceToWaterM": 0.0, "distanceToRoadM": 0.0, "femaSfha": true, "relativeElevationZ": -0.014}}, {"type": "Feature", "geometry": {"type": "Polygon", "coordinates": [[[-73.74213739378432, 40.976650553298064], [-73.73916656477394, 40.97661809623885], [-73.73912368559108, 40.978869618275475], [-73.74209461557018, 40.97890207789406], [-73.74213739378432, 40.976650553298064]]]}, "properties": {"cellId": "cell-029-006", "centroid": [-73.740631, 40.97776], "coverageTier": "unsupported", "elevationM": 39.44129943847656, "slopeDegrees": 20.05684471130371, "landCoverClass": 23, "imperviousPct": 71, "distanceToWaterM": 120.54425824887585, "distanceToRoadM": 0.0, "femaSfha": false, "relativeElevationZ": 1.688}}, {"type": "Feature", "geometry": {"type": "Polygon", "coordinates": [[[-73.73916656477394, 40.97661809623885], [-73.73619574061912, 40.97658556264617], [-73.73615276046816, 40.97883708211736], [-73.73912368559108, 40.978869618275475], [-73.73916656477394, 40.97661809623885]]]}, "properties": {"cellId": "cell-029-007", "centroid": [-73.73766, 40.977728], "coverageTier": "unsupported", "elevationM": 36.76725387573242, "slopeDegrees": 3.211407423019409, "landCoverClass": 41, "imperviousPct": 0, "distanceToWaterM": 370.54425824887585, "distanceToRoadM": 0.0, "femaSfha": false, "relativeElevationZ": 1.514}}, {"type": "Feature", "geometry": {"type": "Polygon", "coordinates": [[[-73.73619574061912, 40.97658556264617], [-73.73322492133131, 40.97655295252036], [-73.73318184021288, 40.97880446942009], [-73.73615276046816, 40.97883708211736], [-73.73619574061912, 40.97658556264617]]]}, "properties": {"cellId": "cell-029-008", "centroid": [-73.734689, 40.977695], "coverageTier": "unsupported", "elevationM": 47.78945541381836, "slopeDegrees": 6.282604217529297, "landCoverClass": 21, "imperviousPct": 14, "distanceToWaterM": 620.5442582488758, "distanceToRoadM": 0.0, "femaSfha": false, "relativeElevationZ": 2.231}}, {"type": "Feature", "geometry": {"type": "Polygon", "coordinates": [[[-73.73322492133131, 40.97655295252036], [-73.73025410692195, 40.976520265861794], [-73.73021092483667, 40.978771780184026], [-73.73318184021288, 40.97880446942009], [-73.73322492133131, 40.97655295252036]]]}, "properties": {"cellId": "cell-029-009", "centroid": [-73.731718, 40.977662], "coverageTier": "unsupported", "elevationM": 49.41719436645508, "slopeDegrees": 2.0746097564697266, "landCoverClass": 43, "imperviousPct": 0, "distanceToWaterM": 843.1849336986007, "distanceToRoadM": 0.0, "femaSfha": false, "relativeElevationZ": 2.337}}, {"type": "Feature", "geometry": {"type": "Polygon", "coordinates": [[[-73.73025410692195, 40.976520265861794], [-73.72728329740244, 40.97648750267082], [-73.72724001435095, 40.978739014409534], [-73.73021092483667, 40.978771780184026], [-73.73025410692195, 40.976520265861794]]]}, "properties": {"cellId": "cell-029-010", "centroid": [-73.728747, 40.97763], "coverageTier": "unsupported", "elevationM": 29.2911319732666, "slopeDegrees": 1.2678781747817993, "landCoverClass": 21, "imperviousPct": 2, "distanceToWaterM": 894.1823319769076, "distanceToRoadM": 0.0, "femaSfha": false, "relativeElevationZ": 1.028}}, {"type": "Feature", "geometry": {"type": "Polygon", "coordinates": [[[-73.72728329740244, 40.97648750267082], [-73.72431249278421, 40.9764546629478], [-73.72426910876713, 40.97870617209697], [-73.72724001435095, 40.978739014409534], [-73.72728329740244, 40.97648750267082]]]}, "properties": {"cellId": "cell-029-011", "centroid": [-73.725776, 40.977597], "coverageTier": "unsupported", "elevationM": 24.567827224731445, "slopeDegrees": 0.9396765828132629, "landCoverClass": 41, "imperviousPct": 0, "distanceToWaterM": 644.3133124083919, "distanceToRoadM": 0.0, "femaSfha": false, "relativeElevationZ": 0.721}}, {"type": "Feature", "geometry": {"type": "Polygon", "coordinates": [[[-73.72431249278421, 40.9764546629478], [-73.7213416930787, 40.97642174669313], [-73.72129820809667, 40.978673253246704], [-73.72426910876713, 40.97870617209697], [-73.72431249278421, 40.9764546629478]]]}, "properties": {"cellId": "cell-029-012", "centroid": [-73.722805, 40.977564], "coverageTier": "unsupported", "elevationM": 28.47188377380371, "slopeDegrees": 2.810213565826416, "landCoverClass": 21, "imperviousPct": 2, "distanceToWaterM": 394.4442928398762, "distanceToRoadM": 0.0, "femaSfha": false, "relativeElevationZ": 0.975}}, {"type": "Feature", "geometry": {"type": "Polygon", "coordinates": [[[-73.7213416930787, 40.97642174669313], [-73.71837089829731, 40.97638875390714], [-73.71832731235098, 40.9786402578591], [-73.72129820809667, 40.978673253246704], [-73.7213416930787, 40.97642174669313]]]}, "properties": {"cellId": "cell-029-013", "centroid": [-73.719835, 40.977531], "coverageTier": "unsupported", "elevationM": 20.257579803466797, "slopeDegrees": 2.711752414703369, "landCoverClass": 21, "imperviousPct": 7, "distanceToWaterM": 144.5752732713605, "distanceToRoadM": 0.0, "femaSfha": true, "relativeElevationZ": 0.441}}, {"type": "Feature", "geometry": {"type": "Polygon", "coordinates": [[[-73.71837089829731, 40.97638875390714], [-73.7154001084515, 40.97635568459021], [-73.71535642154149, 40.97860718593452], [-73.71832731235098, 40.9786402578591], [-73.71837089829731, 40.97638875390714]]]}, "properties": {"cellId": "cell-029-014", "centroid": [-73.716864, 40.977498], "coverageTier": "unsupported", "elevationM": 19.947769165039062, "slopeDegrees": 1.0339715480804443, "landCoverClass": 21, "imperviousPct": 19, "distanceToWaterM": 4.5579392202198505, "distanceToRoadM": 0.0, "femaSfha": true, "relativeElevationZ": 0.421}}, {"type": "Feature", "geometry": {"type": "Polygon", "coordinates": [[[-73.7154001084515, 40.97635568459021], [-73.71242932355268, 40.97632253874271], [-73.71238553567963, 40.978574037473344], [-73.71535642154149, 40.97860718593452], [-73.7154001084515, 40.97635568459021]]]}, "properties": {"cellId": "cell-029-015", "centroid": [-73.713893, 40.977465], "coverageTier": "unsupported", "elevationM": 22.479326248168945, "slopeDegrees": 4.051701068878174, "landCoverClass": 23, "imperviousPct": 50, "distanceToWaterM": 77.35327367677145, "distanceToRoadM": 0.0, "femaSfha": true, "relativeElevationZ": 0.585}}, {"type": "Feature", "geometry": {"type": "Polygon", "coordinates": [[[-73.71242932355268, 40.97632253874271], [-73.70945854361227, 40.976289316365], [-73.70941465477682, 40.97854081247592], [-73.71238553567963, 40.978574037473344], [-73.71242932355268, 40.97632253874271]]]}, "properties": {"cellId": "cell-029-016", "centroid": [-73.710922, 40.977432], "coverageTier": "unsupported", "elevationM": 35.72199249267578, "slopeDegrees": 5.640318870544434, "landCoverClass": 21, "imperviousPct": 11, "distanceToWaterM": 293.7863215334753, "distanceToRoadM": 0.0, "femaSfha": false, "relativeElevationZ": 1.446}}, {"type": "Feature", "geometry": {"type": "Polygon", "coordinates": [[[-73.70945854361227, 40.976289316365], [-73.7064877686417, 40.97625601745747], [-73.70644377884449, 40.978507510942634], [-73.70941465477682, 40.97854081247592], [-73.70945854361227, 40.976289316365]]]}, "properties": {"cellId": "cell-029-017", "centroid": [-73.707951, 40.977398], "coverageTier": "unsupported", "elevationM": 30.70735740661621, "slopeDegrees": 2.6167819499969482, "landCoverClass": 21, "imperviousPct": 4, "distanceToWaterM": 284.7089291178048, "distanceToRoadM": 0.0, "femaSfha": false, "relativeElevationZ": 1.12}}, {"type": "Feature", "geometry": {"type": "Polygon", "coordinates": [[[-73.7064877686417, 40.97625601745747], [-73.70351699865239, 40.97622264202047], [-73.70347290789408, 40.978474132873835], [-73.70644377884449, 40.978507510942634], [-73.7064877686417, 40.97625601745747]]]}, "properties": {"cellId": "cell-029-018", "centroid": [-73.70498, 40.977365], "coverageTier": "unsupported", "elevationM": 21.791114807128906, "slopeDegrees": 3.6949849128723145, "landCoverClass": 21, "imperviousPct": 8, "distanceToWaterM": 165.3180676126486, "distanceToRoadM": 0.0, "femaSfha": true, "relativeElevationZ": 0.54}}, {"type": "Feature", "geometry": {"type": "Polygon", "coordinates": [[[-73.70351699865239, 40.97622264202047], [-73.70054623365579, 40.97618919005435], [-73.70050204193699, 40.97844067826993], [-73.70347290789408, 40.978474132873835], [-73.70351699865239, 40.97622264202047]]]}, "properties": {"cellId": "cell-029-019", "centroid": [-73.70201, 40.977332], "coverageTier": "unsupported", "elevationM": null, "slopeDegrees": null, "landCoverClass": null, "imperviousPct": null, "distanceToWaterM": 165.16856563929468, "distanceToRoadM": 0.0, "femaSfha": true, "relativeElevationZ": null}}, {"type": "Feature", "geometry": {"type": "Polygon", "coordinates": [[[-73.75992029678517, 40.97909522825566], [-73.75694933790882, 40.979063227881696], [-73.75690705976004, 40.98131476426595], [-73.75987811962025, 40.98134676716327], [-73.75992029678517, 40.97909522825566]]]}, "properties": {"cellId": "cell-030-000", "centroid": [-73.758414, 40.980205], "coverageTier": "unsupported", "elevationM": null, "slopeDegrees": null, "landCoverClass": null, "imperviousPct": null, "distanceToWaterM": 50.02442285307089, "distanceToRoadM": 0.0, "femaSfha": false, "relativeElevationZ": null}}, {"type": "Feature", "geometry": {"type": "Polygon", "coordinates": [[[-73.75694933790882, 40.979063227881696], [-73.75397838382011, 40.97903115096609], [-73.75393600468807, 40.98128268482093], [-73.75690705976004, 40.98131476426595], [-73.75694933790882, 40.979063227881696]]]}, "properties": {"cellId": "cell-030-001", "centroid": [-73.755443, 40.980173], "coverageTier": "unsupported", "elevationM": null, "slopeDegrees": null, "landCoverClass": null, "imperviousPct": null, "distanceToWaterM": 0.0, "distanceToRoadM": 0.0, "femaSfha": false, "relativeElevationZ": null}}, {"type": "Feature", "geometry": {"type": "Polygon", "coordinates": [[[-73.75397838382011, 40.97903115096609], [-73.75100743453046, 40.978998997509144], [-73.75096495441578, 40.98125052882857], [-73.75393600468807, 40.98128268482093], [-73.75397838382011, 40.97903115096609]]]}, "properties": {"cellId": "cell-030-002", "centroid": [-73.752472, 40.980141], "coverageTier": "unsupported", "elevationM": null, "slopeDegrees": null, "landCoverClass": null, "imperviousPct": null, "distanceToWaterM": 47.82440903913078, "distanceToRoadM": 0.0, "femaSfha": false, "relativeElevationZ": null}}, {"type": "Feature", "geometry": {"type": "Polygon", "coordinates": [[[-73.75100743453046, 40.978998997509144], [-73.74803649005132, 40.97896676751126], [-73.74799390895458, 40.98121829628922], [-73.75096495441578, 40.98125052882857], [-73.75100743453046, 40.978998997509144]]]}, "properties": {"cellId": "cell-030-003", "centroid": [-73.749501, 40.980109], "coverageTier": "unsupported", "elevationM": null, "slopeDegrees": null, "landCoverClass": null, "imperviousPct": null, "distanceToWaterM": 0.0, "distanceToRoadM": 0.0, "femaSfha": false, "relativeElevationZ": null}}, {"type": "Feature", "geometry": {"type": "Polygon", "coordinates": [[[-73.74803649005132, 40.97896676751126], [-73.74506555039407, 40.97893446097279], [-73.74502286831594, 40.98118598720325], [-73.74799390895458, 40.98121829628922], [-73.74803649005132, 40.97896676751126]]]}, "properties": {"cellId": "cell-030-004", "centroid": [-73.74653, 40.980076], "coverageTier": "unsupported", "elevationM": null, "slopeDegrees": null, "landCoverClass": null, "imperviousPct": null, "distanceToWaterM": 0.0, "distanceToRoadM": 0.0, "femaSfha": true, "relativeElevationZ": null}}, {"type": "Feature", "geometry": {"type": "Polygon", "coordinates": [[[-73.74506555039407, 40.97893446097279], [-73.74209461557018, 40.97890207789406], [-73.74205183251128, 40.981153601570995], [-73.74502286831594, 40.98118598720325], [-73.74506555039407, 40.97893446097279]]]}, "properties": {"cellId": "cell-030-005", "centroid": [-73.743559, 40.980044], "coverageTier": "unsupported", "elevationM": null, "slopeDegrees": null, "landCoverClass": null, "imperviousPct": null, "distanceToWaterM": 0.0, "distanceToRoadM": 0.0, "femaSfha": true, "relativeElevationZ": null}}, {"type": "Feature", "geometry": {"type": "Polygon", "coordinates": [[[-73.74209461557018, 40.97890207789406], [-73.73912368559108, 40.978869618275475], [-73.739080801552, 40.98112113939282], [-73.74205183251128, 40.981153601570995], [-73.74209461557018, 40.97890207789406]]]}, "properties": {"cellId": "cell-030-006", "centroid": [-73.740588, 40.980012], "coverageTier": "unsupported", "elevationM": null, "slopeDegrees": null, "landCoverClass": null, "imperviousPct": null, "distanceToWaterM": 167.56635453555614, "distanceToRoadM": 0.0, "femaSfha": false, "relativeElevationZ": null}}, {"type": "Feature", "geometry": {"type": "Polygon", "coordinates": [[[-73.73912368559108, 40.978869618275475], [-73.73615276046816, 40.97883708211736], [-73.73610977544958, 40.981088600669125], [-73.739080801552, 40.98112113939282], [-73.73912368559108, 40.978869618275475]]]}, "properties": {"cellId": "cell-030-007", "centroid": [-73.737617, 40.979979], "coverageTier": "unsupported", "elevationM": null, "slopeDegrees": null, "landCoverClass": null, "imperviousPct": null, "distanceToWaterM": 416.3477845219274, "distanceToRoadM": 66.9474601270631, "femaSfha": false, "relativeElevationZ": null}}, {"type": "Feature", "geometry": {"type": "Polygon", "coordinates": [[[-73.73615276046816, 40.97883708211736], [-73.73318184021288, 40.97880446942009], [-73.7331387542154, 40.981055985400225], [-73.73610977544958, 40.981088600669125], [-73.73615276046816, 40.97883708211736]]]}, "properties": {"cellId": "cell-030-008", "centroid": [-73.734646, 40.979947], "coverageTier": "unsupported", "elevationM": null, "slopeDegrees": null, "landCoverClass": null, "imperviousPct": null, "distanceToWaterM": 651.6230597961267, "distanceToRoadM": 0.0, "femaSfha": false, "relativeElevationZ": null}}, {"type": "Feature", "geometry": {"type": "Polygon", "coordinates": [[[-73.73318184021288, 40.97880446942009], [-73.73021092483667, 40.978771780184026], [-73.73016773786091, 40.9810232935865], [-73.7331387542154, 40.981055985400225], [-73.73318184021288, 40.97880446942009]]]}, "properties": {"cellId": "cell-030-009", "centroid": [-73.731675, 40.979914], "coverageTier": "unsupported", "elevationM": null, "slopeDegrees": null, "landCoverClass": null, "imperviousPct": null, "distanceToWaterM": 894.9188490806391, "distanceToRoadM": 0.0, "femaSfha": false, "relativeElevationZ": null}}, {"type": "Feature", "geometry": {"type": "Polygon", "coordinates": [[[-73.73021092483667, 40.978771780184026], [-73.72724001435095, 40.978739014409534], [-73.72719672639754, 40.98099052522832], [-73.73016773786091, 40.9810232935865], [-73.73021092483667, 40.978771780184026]]]}, "properties": {"cellId": "cell-030-010", "centroid": [-73.728704, 40.979881], "coverageTier": "unsupported", "elevationM": null, "slopeDegrees": null, "landCoverClass": null, "imperviousPct": null, "distanceToWaterM": 893.533074377221, "distanceToRoadM": 0.0, "femaSfha": false, "relativeElevationZ": null}}, {"type": "Feature", "geometry": {"type": "Polygon", "coordinates": [[[-73.72724001435095, 40.978739014409534], [-73.72426910876713, 40.97870617209697], [-73.72422571983672, 40.980957680326014], [-73.72719672639754, 40.98099052522832], [-73.72724001435095, 40.978739014409534]]]}, "properties": {"cellId": "cell-030-011", "centroid": [-73.725733, 40.979848], "coverageTier": "unsupported", "elevationM": null, "slopeDegrees": null, "landCoverClass": null, "imperviousPct": null, "distanceToWaterM": 643.533074377221, "distanceToRoadM": 0.0, "femaSfha": false, "relativeElevationZ": null}}, {"type": "Feature", "geometry": {"type": "Polygon", "coordinates": [[[-73.72426910876713, 40.97870617209697], [-73.72129820809667, 40.978673253246704], [-73.72125471818987, 40.980924758879986], [-73.72422571983672, 40.980957680326014], [-73.72426910876713, 40.97870617209697]]]}, "properties": {"cellId": "cell-030-012", "centroid": [-73.722762, 40.979815], "coverageTier": "unsupported", "elevationM": null, "slopeDegrees": null, "landCoverClass": null, "imperviousPct": null, "distanceToWaterM": 393.53307437722106, "distanceToRoadM": 0.0, "femaSfha": false, "relativeElevationZ": null}}, {"type": "Feature", "geometry": {"type": "Polygon", "coordinates": [[[-73.72129820809667, 40.978673253246704], [-73.71832731235098, 40.9786402578591], [-73.71828372146845, 40.9808917608906], [-73.72125471818987, 40.980924758879986], [-73.72129820809667, 40.978673253246704]]]}, "properties": {"cellId": "cell-030-013", "centroid": [-73.719791, 40.979783], "coverageTier": "unsupported", "elevationM": null, "slopeDegrees": null, "landCoverClass": null, "imperviousPct": null, "distanceToWaterM": 143.53307437722106, "distanceToRoadM": 0.0, "femaSfha": true, "relativeElevationZ": null}}, {"type": "Feature", "geometry": {"type": "Polygon", "coordinates": [[[-73.71832731235098, 40.9786402578591], [-73.71535642154149, 40.97860718593452], [-73.71531272968386, 40.9808586863582], [-73.71828372146845, 40.9808917608906], [-73.71832731235098, 40.9786402578591]]]}, "properties": {"cellId": "cell-030-014", "centroid": [-73.71682, 40.979749], "coverageTier": "unsupported", "elevationM": null, "slopeDegrees": null, "landCoverClass": null, "imperviousPct": null, "distanceToWaterM": 0.0, "distanceToRoadM": 0.0, "femaSfha": true, "relativeElevationZ": null}}, {"type": "Feature", "geometry": {"type": "Polygon", "coordinates": [[[-73.71535642154149, 40.97860718593452], [-73.71238553567963, 40.978574037473344], [-73.71234174284751, 40.98082553528315], [-73.71531272968386, 40.9808586863582], [-73.71535642154149, 40.97860718593452]]]}, "properties": {"cellId": "cell-030-015", "centroid": [-73.713849, 40.979716], "coverageTier": "unsupported", "elevationM": null, "slopeDegrees": null, "landCoverClass": null, "imperviousPct": null, "distanceToWaterM": 31.56694387528114, "distanceToRoadM": 0.0, "femaSfha": true, "relativeElevationZ": null}}, {"type": "Feature", "geometry": {"type": "Polygon", "coordinates": [[[-73.71238553567963, 40.978574037473344], [-73.70941465477682, 40.97854081247592], [-73.70937076097088, 40.980792307665844], [-73.71234174284751, 40.98082553528315], [-73.71238553567963, 40.978574037473344]]]}, "properties": {"cellId": "cell-030-016", "centroid": [-73.710878, 40.979683], "coverageTier": "unsupported", "elevationM": null, "slopeDegrees": null, "landCoverClass": null, "imperviousPct": null, "distanceToWaterM": 281.56694387528114, "distanceToRoadM": 0.0, "femaSfha": false, "relativeElevationZ": null}}, {"type": "Feature", "geometry": {"type": "Polygon", "coordinates": [[[-73.70941465477682, 40.97854081247592], [-73.70644377884449, 40.978507510942634], [-73.70639978406537, 40.98075900350663], [-73.70937076097088, 40.980792307665844], [-73.70941465477682, 40.97854081247592]]]}, "properties": {"cellId": "cell-030-017", "centroid": [-73.707907, 40.97965], "coverageTier": "unsupported", "elevationM": null, "slopeDegrees": null, "landCoverClass": null, "imperviousPct": null, "distanceToWaterM": 484.4077890574475, "distanceToRoadM": 0.0, "femaSfha": false, "relativeElevationZ": null}}, {"type": "Feature", "geometry": {"type": "Polygon", "coordinates": [[[-73.70644377884449, 40.978507510942634], [-73.70347290789408, 40.978474132873835], [-73.70342881214242, 40.98072562280589], [-73.70639978406537, 40.98075900350663], [-73.70644377884449, 40.978507510942634]]]}, "properties": {"cellId": "cell-030-018", "centroid": [-73.704936, 40.979617], "coverageTier": "unsupported", "elevationM": null, "slopeDegrees": null, "landCoverClass": null, "imperviousPct": null, "distanceToWaterM": 415.2280654036136, "distanceToRoadM": 0.0, "femaSfha": false, "relativeElevationZ": null}}, {"type": "Feature", "geometry": {"type": "Polygon", "coordinates": [[[-73.70347290789408, 40.978474132873835], [-73.70050204193699, 40.97844067826993], [-73.70045784521344, 40.98069216556399], [-73.70342881214242, 40.98072562280589], [-73.70347290789408, 40.978474132873835]]]}, "properties": {"cellId": "cell-030-019", "centroid": [-73.701965, 40.979583], "coverageTier": "unsupported", "elevationM": null, "slopeDegrees": null, "landCoverClass": null, "imperviousPct": null, "distanceToWaterM": 415.1685656392947, "distanceToRoadM": 0.0, "femaSfha": true, "relativeElevationZ": null}}]}