{"type": "FeatureCollection", "features": [{"type": "Feature", "geometry": {"type": "Point", "coordinates": [-73.751891, 40.946006]}, "properties": {"intersectionId": "ix-0", "connectedWayCount": 2}}, {"type": "Feature", "geometry": {"type": "Point", "coordinates": [-73.751871, 40.946036]}, "properties": {"intersectionId": "ix-1", "connectedWayCount": 2}}, {"type": "Feature", "geometry": {"type": "Point", "coordinates": [-73.752015, 40.946909]}, "properties": {"intersectionId": "ix-6", "connectedWayCount": 2}}, {"type": "Feature", "geometry": {"type": "Point", "coordinates": [-73.752901, 40.947411]}, "properties": {"intersectionId": "ix-12", "connectedWayCount": 3}}, {"type": "Feature", "geometry": {"type": "Point", "coordinates": [-73.708112, 40.949929]}, "properties": {"intersectionId": "ix-13", "connectedWayCount": 2}}, {"type": "Feature", "geometry": {"type": "Point", "coordinates": [-73.707636, 40.950244]}, "properties": {"intersectionId": "ix-14", "connectedWayCount": 2}}, {"type": "Feature", "geometry": {"type": "Point", "coordinates": [-73.706795, 40.950816]}, "properties": {"intersectionId": "ix-16", "connectedWayCount": 2}}, {"type": "Feature", "geometry": {"type": "Point", "coordinates": [-73.705652, 40.951269]}, "properties": {"intersectionId": "ix-20", "connectedWayCount": 2}}, {"type": "Feature", "geometry": {"type": "Point", "coordinates": [-73.705463, 40.951421]}, "properties": {"intersectionId": "ix-22", "connectedWayCount": 2}}, {"type": "Feature", "geometry": {"type": "Point", "coordinates": [-73.73939, 40.954288]}, "properties": {"intersectionId": "ix-28", "connectedWayCount": 4}}, {"type": "Feature", "geometry": {"type": "Point", "coordinates": [-73.739786, 40.954572]}, "properties": {"intersectionId": "ix-30", "connectedWayCount": 2}}, {"type": "Feature", "geometry": {"type": "Point", "coordinates": [-73.740006, 40.954735]}, "properties": {"intersectionId": "ix-31", "connectedWayCount": 4}}, {"type": "Feature", "geometry": {"type": "Point", "coordinates": [-73.732882, 40.963367]}, "properties": {"intersectionId": "ix-32", "connectedWayCount": 2}}, {"type": "Feature", "geometry": {"type": "Point", "coordinates": [-73.733401, 40.963189]}, "properties": {"intersectionId": "ix-36", "connectedWayCount": 3}}, {"type": "Feature", "geometry": {"type": "Point", "coordinates": [-73.759488, 40.935231]}, "properties": {"intersectionId": "ix-37", "connectedWayCount": 2}}, {"type": "Feature", "geometry": {"type": "Point", "coordinates": [-73.758962, 40.934919]}, "properties": {"intersectionId": "ix-39", "connectedWayCount": 2}}, {"type": "Feature", "geometry": {"type": "Point", "coordinates": [-73.758898, 40.977155]}, "properties": {"intersectionId": "ix-40", "connectedWayCount": 3}}, {"type": "Feature", "geometry": {"type": "Point", "coordinates": [-73.758973, 40.97713]}, "properties": {"intersectionId": "ix-41", "connectedWayCount": 2}}, {"type": "Feature", "geometry": {"type": "Point", "coordinates": [-73.761642, 40.976181]}, "properties": {"intersectionId": "ix-45", "connectedWayCount": 2}}, {"type": "Feature", "geometry": {"type": "Point", "coordinates": [-73.741094, 40.967749]}, "properties": {"intersectionId": "ix-46", "connectedWayCount": 3}}, {"type": "Feature", "geometry": {"type": "Point", "coordinates": [-73.741022, 40.967508]}, "properties": {"intersectionId": "ix-48", "connectedWayCount": 2}}, {"type": "Feature", "geometry": {"type": "Point", "coordinates": [-73.739826, 40.963129]}, "properties": {"intersectionId": "ix-60", "connectedWayCount": 3}}, {"type": "Feature", "geometry": {"type": "Point", "coordinates": [-73.723275, 40.944343]}, "properties": {"intersectionId": "ix-61", "connectedWayCount": 2}}, {"type": "Feature", "geometry": {"type": "Point", "coordinates": [-73.72321, 40.944353]}, "properties": {"intersectionId": "ix-62", "connectedWayCount": 2}}, {"type": "Feature", "geometry": {"type": "Point", "coordinates": [-73.72074, 40.946248]}, "properties": {"intersectionId": "ix-75", "connectedWayCount": 3}}, {"type": "Feature", "geometry": {"type": "Point", "coordinates": [-73.711515, 40.971968]}, "properties": {"intersectionId": "ix-76", "connectedWayCount": 3}}, {"type": "Feature", "geometry": {"type": "Point", "coordinates": [-73.71149, 40.971934]}, "properties": {"intersectionId": "ix-77", "connectedWayCount": 2}}, {"type": "Feature", "geometry": {"type": "Point", "coordinates": [-73.746926, 40.940965]}, "properties": {"intersectionId": "ix-79", "connectedWayCount": 2}}, {"type": "Feature", "geometry": {"type": "Point", "coordinates": [-73.747091, 40.939341]}, "properties": {"intersectionId": "ix-81", "connectedWayCount": 3}}, {"type": "Feature", "geometry": {"type": "Point", "coordinates": [-73.746195, 40.938933]}, "properties": {"intersectionId": "ix-86", "connectedWayCount": 2}}, {"type": "Feature", "geometry": {"type": "Point", "coordinates": [-73.745843, 40.938694]}, "properties": {"intersectionId": "ix-87", "connectedWayCount": 2}}, {"type": "Feature", "geometry": {"type": "Point", "coordinates": [-73.74568, 40.938583]}, "properties": {"intersectionId": "ix-88", "connectedWayCount": 3}}, {"type": "Feature", "geometry": {"type": "Point", "coordinates": [-73.711853, 40.9459]}, "properties": {"intersectionId": "ix-89", "connectedWayCount": 2}}, {"type": "Feature", "geometry": {"type": "Point", "coordinates": [-73.744936, 40.939584]}, "properties": {"intersectionId": "ix-98", "connectedWayCount": 3}}, {"type": "Feature", "geometry": {"type": "Point", "coordinates": [-73.745002, 40.939526]}, "properties": {"intersectionId": "ix-99", "connectedWayCount": 2}}, {"type": "Feature", "geometry": {"type": "Point", "coordinates": [-73.74478, 40.939504]}, "properties": {"intersectionId": "ix-108", "connectedWayCount": 2}}, {"type": "Feature", "geometry": {"type": "Point", "coordinates": [-73.732585, 40.940767]}, "properties": {"intersectionId": "ix-109", "connectedWayCount": 3}}, {"type": "Feature", "geometry": {"type": "Point", "coordinates": [-73.705516, 40.960645]}, "properties": {"intersectionId": "ix-111", "connectedWayCount": 2}}, {"type": "Feature", "geometry": {"type": "Point", "coordinates": [-73.751429, 40.927628]}, "properties": {"intersectionId": "ix-114", "connectedWayCount": 2}}, {"type": "Feature", "geometry": {"type": "Point", "coordinates": [-73.751029, 40.928222]}, "properties": {"intersectionId": "ix-121", "connectedWayCount": 2}}, {"type": "Feature", "geometry": {"type": "Point", "coordinates": [-73.736812, 40.960576]}, "properties": {"intersectionId": "ix-122", "connectedWayCount": 3}}, {"type": "Feature", "geometry": {"type": "Point", "coordinates": [-73.736623, 40.960706]}, "properties": {"intersectionId": "ix-124", "connectedWayCount": 2}}, {"type": "Feature", "geometry": {"type": "Point", "coordinates": [-73.73249, 40.963227]}, "properties": {"intersectionId": "ix-170", "connectedWayCount": 2}}, {"type": "Feature", "geometry": {"type": "Point", "coordinates": [-73.737651, 40.970795]}, "properties": {"intersectionId": "ix-174", "connectedWayCount": 2}}, {"type": "Feature", "geometry": {"type": "Point", "coordinates": [-73.732153, 40.949104]}, "properties": {"intersectionId": "ix-175", "connectedWayCount": 2}}, {"type": "Feature", "geometry": {"type": "Point", "coordinates": [-73.74563, 40.926348]}, "properties": {"intersectionId": "ix-177", "connectedWayCount": 2}}, {"type": "Feature", "geometry": {"type": "Point", "coordinates": [-73.745311, 40.926651]}, "properties": {"intersectionId": "ix-186", "connectedWayCount": 2}}, {"type": "Feature", "geometry": {"type": "Point", "coordinates": [-73.736614, 40.962004]}, "properties": {"intersectionId": "ix-187", "connectedWayCount": 3}}, {"type": "Feature", "geometry": {"type": "Point", "coordinates": [-73.735936, 40.962117]}, "properties": {"intersectionId": "ix-188", "connectedWayCount": 2}}, {"type": "Feature", "geometry": {"type": "Point", "coordinates": [-73.744351, 40.978426]}, "properties": {"intersectionId": "ix-189", "connectedWayCount": 2}}, {"type": "Feature", "geometry": {"type": "Point", "coordinates": [-73.744655, 40.978423]}, "properties": {"intersectionId": "ix-191", "connectedWayCount": 3}}, {"type": "Feature", "geometry": {"type": "Point", "coordinates": [-73.745542, 40.977647]}, "properties": {"intersectionId": "ix-203", "connectedWayCount": 2}}, {"type": "Feature", "geometry": {"type": "Point", "coordinates": [-73.705027, 40.958509]}, "properties": {"intersectionId": "ix-204", "connectedWayCount": 2}}, {"type": "Feature", "geometry": {"type": "Point", "coordinates": [-73.704186, 40.957708]}, "properties": {"intersectionId": "ix-210", "connectedWayCount": 3}}, {"type": "Feature", "geometry": {"type": "Point", "coordinates": [-73.729804, 40.950601]}, "properties": {"intersectionId": "ix-211", "connectedWayCount": 3}}, {"type": "Feature", "geometry": {"type": "Point", "coordinates": [-73.733702, 40.941254]}, "properties": {"intersectionId": "ix-223", "connectedWayCount": 3}}, {"type": "Feature", "geometry": {"type": "Point", "coordinates": [-73.733476, 40.941484]}, "properties": {"intersectionId": "ix-224", "connectedWayCount": 2}}, {"type": "Feature", "geometry": {"type": "Point", "coordinates": [-73.732035, 40.941886]}, "properties": {"intersectionId": "ix-229", "connectedWayCount": 2}}, {"type": "Feature", "geometry": {"type": "Point", "coordinates": [-73.730651, 40.950059]}, "properties": {"intersectionId": "ix-230", "connectedWayCount": 2}}, {"type": "Feature", "geometry": {"type": "Point", "coordinates": [-73.730492, 40.949905]}, "properties": {"intersectionId": "ix-231", "connectedWayCount": 2}}, {"type": "Feature", "geometry": {"type": "Point", "coordinates": [-73.730384, 40.949802]}, "properties": {"intersectionId": "ix-232", "connectedWayCount": 2}}, {"type": "Feature", "geometry": {"type": "Point", "coordinates": [-73.730338, 40.949765]}, "properties": {"intersectionId": "ix-234", "connectedWayCount": 2}}, {"type": "Feature", "geometry": {"type": "Point", "coordinates": [-73.747235, 40.943198]}, "properties": {"intersectionId": "ix-238", "connectedWayCount": 2}}, {"type": "Feature", "geometry": {"type": "Point", "coordinates": [-73.746877, 40.94286]}, "properties": {"intersectionId": "ix-243", "connectedWayCount": 3}}, {"type": "Feature", "geometry": {"type": "Point", "coordinates": [-73.728285, 40.950058]}, "properties": {"intersectionId": "ix-244", "connectedWayCount": 2}}, {"type": "Feature", "geometry": {"type": "Point", "coordinates": [-73.728209, 40.950101]}, "properties": {"intersectionId": "ix-245", "connectedWayCount": 2}}, {"type": "Feature", "geometry": {"type": "Point", "coordinates": [-73.727246, 40.950698]}, "properties": {"intersectionId": "ix-246", "connectedWayCount": 3}}, {"type": "Feature", "geometry": {"type": "Point", "coordinates": [-73.736497, 40.962308]}, "properties": {"intersectionId": "ix-247", "connectedWayCount": 3}}, {"type": "Feature", "geometry": {"type": "Point", "coordinates": [-73.73618, 40.962729]}, "properties": {"intersectionId": "ix-281", "connectedWayCount": 2}}, {"type": "Feature", "geometry": {"type": "Point", "coordinates": [-73.736117, 40.962474]}, "properties": {"intersectionId": "ix-284", "connectedWayCount": 3}}, {"type": "Feature", "geometry": {"type": "Point", "coordinates": [-73.735469, 40.963822]}, "properties": {"intersectionId": "ix-304", "connectedWayCount": 2}}, {"type": "Feature", "geometry": {"type": "Point", "coordinates": [-73.73552, 40.963986]}, "properties": {"intersectionId": "ix-309", "connectedWayCount": 2}}, {"type": "Feature", "geometry": {"type": "Point", "coordinates": [-73.718077, 40.958184]}, "properties": {"intersectionId": "ix-310", "connectedWayCount": 3}}, {"type": "Feature", "geometry": {"type": "Point", "coordinates": [-73.717563, 40.958735]}, "properties": {"intersectionId": "ix-311", "connectedWayCount": 2}}, {"type": "Feature", "geometry": {"type": "Point", "coordinates": [-73.742178, 40.976381]}, "properties": {"intersectionId": "ix-312", "connectedWayCount": 4}}, {"type": "Feature", "geometry": {"type": "Point", "coordinates": [-73.742822, 40.976654]}, "properties": {"intersectionId": "ix-316", "connectedWayCount": 3}}, {"type": "Feature", "geometry": {"type": "Point", "coordinates": [-73.731522, 40.946028]}, "properties": {"intersectionId": "ix-317", "connectedWayCount": 2}}, {"type": "Feature", "geometry": {"type": "Point", "coordinates": [-73.731574, 40.945878]}, "properties": {"intersectionId": "ix-318", "connectedWayCount": 2}}, {"type": "Feature", "geometry": {"type": "Point", "coordinates": [-73.731631, 40.945713]}, "properties": {"intersectionId": "ix-319", "connectedWayCount": 2}}, {"type": "Feature", "geometry": {"type": "Point", "coordinates": [-73.731763, 40.945331]}, "properties": {"intersectionId": "ix-320", "connectedWayCount": 2}}, {"type": "Feature", "geometry": {"type": "Point", "coordinates": [-73.732174, 40.944447]}, "properties": {"intersectionId": "ix-323", "connectedWayCount": 2}}, {"type": "Feature", "geometry": {"type": "Point", "coordinates": [-73.732288, 40.944269]}, "properties": {"intersectionId": "ix-325", "connectedWayCount": 2}}, {"type": "Feature", "geometry": {"type": "Point", "coordinates": [-73.732292, 40.944075]}, "properties": {"intersectionId": "ix-327", "connectedWayCount": 2}}, {"type": "Feature", "geometry": {"type": "Point", "coordinates": [-73.732368, 40.94391]}, "properties": {"intersectionId": "ix-328", "connectedWayCount": 2}}, {"type": "Feature", "geometry": {"type": "Point", "coordinates": [-73.733344, 40.944226]}, "properties": {"intersectionId": "ix-337", "connectedWayCount": 2}}, {"type": "Feature", "geometry": {"type": "Point", "coordinates": [-73.733233, 40.944404]}, "properties": {"intersectionId": "ix-338", "connectedWayCount": 2}}, {"type": "Feature", "geometry": {"type": "Point", "coordinates": [-73.733144, 40.944547]}, "properties": {"intersectionId": "ix-339", "connectedWayCount": 2}}, {"type": "Feature", "geometry": {"type": "Point", "coordinates": [-73.73308, 40.944655]}, "properties": {"intersectionId": "ix-341", "connectedWayCount": 2}}, {"type": "Feature", "geometry": {"type": "Point", "coordinates": [-73.732572, 40.945578]}, "properties": {"intersectionId": "ix-343", "connectedWayCount": 2}}, {"type": "Feature", "geometry": {"type": "Point", "coordinates": [-73.732266, 40.946323]}, "properties": {"intersectionId": "ix-346", "connectedWayCount": 2}}, {"type": "Feature", "geometry": {"type": "Point", "coordinates": [-73.73218, 40.946388]}, "properties": {"intersectionId": "ix-347", "connectedWayCount": 2}}, {"type": "Feature", "geometry": {"type": "Point", "coordinates": [-73.731928, 40.946525]}, "properties": {"intersectionId": "ix-349", "connectedWayCount": 2}}, {"type": "Feature", "geometry": {"type": "Point", "coordinates": [-73.735743, 40.97481]}, "properties": {"intersectionId": "ix-358", "connectedWayCount": 2}}, {"type": "Feature", "geometry": {"type": "Point", "coordinates": [-73.715775, 40.969392]}, "properties": {"intersectionId": "ix-359", "connectedWayCount": 2}}, {"type": "Feature", "geometry": {"type": "Point", "coordinates": [-73.714368, 40.96932]}, "properties": {"intersectionId": "ix-361", "connectedWayCount": 2}}, {"type": "Feature", "geometry": {"type": "Point", "coordinates": [-73.712995, 40.969614]}, "properties": {"intersectionId": "ix-363", "connectedWayCount": 2}}, {"type": "Feature", "geometry": {"type": "Point", "coordinates": [-73.711805, 40.969883]}, "properties": {"intersectionId": "ix-365", "connectedWayCount": 2}}, {"type": "Feature", "geometry": {"type": "Point", "coordinates": [-73.711083, 40.970031]}, "properties": {"intersectionId": "ix-366", "connectedWayCount": 2}}, {"type": "Feature", "geometry": {"type": "Point", "coordinates": [-73.710967, 40.970054]}, "properties": {"intersectionId": "ix-367", "connectedWayCount": 2}}, {"type": "Feature", "geometry": {"type": "Point", "coordinates": [-73.710908, 40.970066]}, "properties": {"intersectionId": "ix-368", "connectedWayCount": 2}}, {"type": "Feature", "geometry": {"type": "Point", "coordinates": [-73.710728, 40.970103]}, "properties": {"intersectionId": "ix-369", "connectedWayCount": 2}}, {"type": "Feature", "geometry": {"type": "Point", "coordinates": [-73.710555, 40.970138]}, "properties": {"intersectionId": "ix-370", "connectedWayCount": 2}}, {"type": "Feature", "geometry": {"type": "Point", "coordinates": [-73.710375, 40.970175]}, "properties": {"intersectionId": "ix-371", "connectedWayCount": 2}}, {"type": "Feature", "geometry": {"type": "Point", "coordinates": [-73.710191, 40.970214]}, "properties": {"intersectionId": "ix-373", "connectedWayCount": 2}}, {"type": "Feature", "geometry": {"type": "Point", "coordinates": [-73.709434, 40.970375]}, "properties": {"intersectionId": "ix-374", "connectedWayCount": 2}}, {"type": "Feature", "geometry": {"type": "Point", "coordinates": [-73.709502, 40.970632]}, "properties": {"intersectionId": "ix-375", "connectedWayCount": 2}}, {"type": "Feature", "geometry": {"type": "Point", "coordinates": [-73.74595, 40.939614]}, "properties": {"intersectionId": "ix-376", "connectedWayCount": 2}}, {"type": "Feature", "geometry": {"type": "Point", "coordinates": [-73.747927, 40.940918]}, "properties": {"intersectionId": "ix-395", "connectedWayCount": 2}}, {"type": "Feature", "geometry": {"type": "Point", "coordinates": [-73.720088, 40.975663]}, "properties": {"intersectionId": "ix-413", "connectedWayCount": 2}}, {"type": "Feature", "geometry": {"type": "Point", "coordinates": [-73.726612, 40.965804]}, "properties": {"intersectionId": "ix-420", "connectedWayCount": 2}}, {"type": "Feature", "geometry": {"type": "Point", "coordinates": [-73.726486, 40.965545]}, "properties": {"intersectionId": "ix-422", "connectedWayCount": 2}}, {"type": "Feature", "geometry": {"type": "Point", "coordinates": [-73.706143, 40.946888]}, "properties": {"intersectionId": "ix-423", "connectedWayCount": 2}}, {"type": "Feature", "geometry": {"type": "Point", "coordinates": [-73.756834, 40.97552]}, "properties": {"intersectionId": "ix-432", "connectedWayCount": 2}}, {"type": "Feature", "geometry": {"type": "Point", "coordinates": [-73.752216, 40.976983]}, "properties": {"intersectionId": "ix-455", "connectedWayCount": 3}}, {"type": "Feature", "geometry": {"type": "Point", "coordinates": [-73.739588, 40.954097]}, "properties": {"intersectionId": "ix-456", "connectedWayCount": 2}}, {"type": "Feature", "geometry": {"type": "Point", "coordinates": [-73.73957, 40.954086]}, "properties": {"intersectionId": "ix-457", "connectedWayCount": 2}}, {"type": "Feature", "geometry": {"type": "Point", "coordinates": [-73.725292, 40.95636]}, "properties": {"intersectionId": "ix-459", "connectedWayCount": 2}}, {"type": "Feature", "geometry": {"type": "Point", "coordinates": [-73.724906, 40.956537]}, "properties": {"intersectionId": "ix-460", "connectedWayCount": 2}}, {"type": "Feature", "geometry": {"type": "Point", "coordinates": [-73.747386, 40.949099]}, "properties": {"intersectionId": "ix-461", "connectedWayCount": 3}}, {"type": "Feature", "geometry": {"type": "Point", "coordinates": [-73.745257, 40.951706]}, "properties": {"intersectionId": "ix-472", "connectedWayCount": 3}}, {"type": "Feature", "geometry": {"type": "Point", "coordinates": [-73.746089, 40.940506]}, "properties": {"intersectionId": "ix-473", "connectedWayCount": 2}}, {"type": "Feature", "geometry": {"type": "Point", "coordinates": [-73.745115, 40.945898]}, "properties": {"intersectionId": "ix-481", "connectedWayCount": 2}}, {"type": "Feature", "geometry": {"type": "Point", "coordinates": [-73.742522, 40.952426]}, "properties": {"intersectionId": "ix-485", "connectedWayCount": 2}}, {"type": "Feature", "geometry": {"type": "Point", "coordinates": [-73.743782, 40.952371]}, "properties": {"intersectionId": "ix-492", "connectedWayCount": 2}}, {"type": "Feature", "geometry": {"type": "Point", "coordinates": [-73.720562, 40.976092]}, "properties": {"intersectionId": "ix-493", "connectedWayCount": 2}}, {"type": "Feature", "geometry": {"type": "Point", "coordinates": [-73.741525, 40.960144]}, "properties": {"intersectionId": "ix-495", "connectedWayCount": 2}}, {"type": "Feature", "geometry": {"type": "Point", "coordinates": [-73.755089, 40.977092]}, "properties": {"intersectionId": "ix-511", "connectedWayCount": 3}}, {"type": "Feature", "geometry": {"type": "Point", "coordinates": [-73.758327, 40.977295]}, "properties": {"intersectionId": "ix-519", "connectedWayCount": 2}}, {"type": "Feature", "geometry": {"type": "Point", "coordinates": [-73.745824, 40.932144]}, "properties": {"intersectionId": "ix-520", "connectedWayCount": 3}}, {"type": "Feature", "geometry": {"type": "Point", "coordinates": [-73.745952, 40.932426]}, "properties": {"intersectionId": "ix-524", "connectedWayCount": 2}}, {"type": "Feature", "geometry": {"type": "Point", "coordinates": [-73.746526, 40.932272]}, "properties": {"intersectionId": "ix-529", "connectedWayCount": 3}}, {"type": "Feature", "geometry": {"type": "Point", "coordinates": [-73.74299, 40.973064]}, "properties": {"intersectionId": "ix-530", "connectedWayCount": 3}}, {"type": "Feature", "geometry": {"type": "Point", "coordinates": [-73.742829, 40.973071]}, "properties": {"intersectionId": "ix-531", "connectedWayCount": 3}}, {"type": "Feature", "geometry": {"type": "Point", "coordinates": [-73.733734, 40.926444]}, "properties": {"intersectionId": "ix-533", "connectedWayCount": 2}}, {"type": "Feature", "geometry": {"type": "Point", "coordinates": [-73.730339, 40.951783]}, "properties": {"intersectionId": "ix-534", "connectedWayCount": 2}}, {"type": "Feature", "geometry": {"type": "Point", "coordinates": [-73.746923, 40.924802]}, "properties": {"intersectionId": "ix-538", "connectedWayCount": 2}}, {"type": "Feature", "geometry": {"type": "Point", "coordinates": [-73.746722, 40.924749]}, "properties": {"intersectionId": "ix-540", "connectedWayCount": 2}}, {"type": "Feature", "geometry": {"type": "Point", "coordinates": [-73.745795, 40.924393]}, "properties": {"intersectionId": "ix-541", "connectedWayCount": 3}}, {"type": "Feature", "geometry": {"type": "Point", "coordinates": [-73.745474, 40.924272]}, "properties": {"intersectionId": "ix-542", "connectedWayCount": 2}}, {"type": "Feature", "geometry": {"type": "Point", "coordinates": [-73.740794, 40.959519]}, "properties": {"intersectionId": "ix-565", "connectedWayCount": 2}}, {"type": "Feature", "geometry": {"type": "Point", "coordinates": [-73.730659, 40.931183]}, "properties": {"intersectionId": "ix-566", "connectedWayCount": 2}}, {"type": "Feature", "geometry": {"type": "Point", "coordinates": [-73.730531, 40.931331]}, "properties": {"intersectionId": "ix-574", "connectedWayCount": 2}}, {"type": "Feature", "geometry": {"type": "Point", "coordinates": [-73.737817, 40.97106]}, "properties": {"intersectionId": "ix-575", "connectedWayCount": 2}}, {"type": "Feature", "geometry": {"type": "Point", "coordinates": [-73.744755, 40.959427]}, "properties": {"intersectionId": "ix-587", "connectedWayCount": 2}}, {"type": "Feature", "geometry": {"type": "Point", "coordinates": [-73.744351, 40.960115]}, "properties": {"intersectionId": "ix-591", "connectedWayCount": 2}}, {"type": "Feature", "geometry": {"type": "Point", "coordinates": [-73.743014, 40.959447]}, "properties": {"intersectionId": "ix-597", "connectedWayCount": 2}}, {"type": "Feature", "geometry": {"type": "Point", "coordinates": [-73.746509, 40.943155]}, "properties": {"intersectionId": "ix-605", "connectedWayCount": 2}}, {"type": "Feature", "geometry": {"type": "Point", "coordinates": [-73.735806, 40.963163]}, "properties": {"intersectionId": "ix-606", "connectedWayCount": 3}}, {"type": "Feature", "geometry": {"type": "Point", "coordinates": [-73.735658, 40.963337]}, "properties": {"intersectionId": "ix-610", "connectedWayCount": 2}}, {"type": "Feature", "geometry": {"type": "Point", "coordinates": [-73.735333, 40.962637]}, "properties": {"intersectionId": "ix-633", "connectedWayCount": 3}}, {"type": "Feature", "geometry": {"type": "Point", "coordinates": [-73.747681, 40.954061]}, "properties": {"intersectionId": "ix-634", "connectedWayCount": 3}}, {"type": "Feature", "geometry": {"type": "Point", "coordinates": [-73.747029, 40.954679]}, "properties": {"intersectionId": "ix-635", "connectedWayCount": 2}}, {"type": "Feature", "geometry": {"type": "Point", "coordinates": [-73.742587, 40.970643]}, "properties": {"intersectionId": "ix-636", "connectedWayCount": 3}}, {"type": "Feature", "geometry": {"type": "Point", "coordinates": [-73.742449, 40.970687]}, "properties": {"intersectionId": "ix-637", "connectedWayCount": 4}}, {"type": "Feature", "geometry": {"type": "Point", "coordinates": [-73.757926, 40.976937]}, "properties": {"intersectionId": "ix-638", "connectedWayCount": 3}}, {"type": "Feature", "geometry": {"type": "Point", "coordinates": [-73.7565, 40.975855]}, "properties": {"intersectionId": "ix-666", "connectedWayCount": 2}}, {"type": "Feature", "geometry": {"type": "Point", "coordinates": [-73.743085, 40.97464]}, "properties": {"intersectionId": "ix-667", "connectedWayCount": 2}}, {"type": "Feature", "geometry": {"type": "Point", "coordinates": [-73.742922, 40.974639]}, "properties": {"intersectionId": "ix-668", "connectedWayCount": 2}}, {"type": "Feature", "geometry": {"type": "Point", "coordinates": [-73.73168, 40.949402]}, "properties": {"intersectionId": "ix-669", "connectedWayCount": 2}}, {"type": "Feature", "geometry": {"type": "Point", "coordinates": [-73.734556, 40.949692]}, "properties": {"intersectionId": "ix-673", "connectedWayCount": 2}}, {"type": "Feature", "geometry": {"type": "Point", "coordinates": [-73.734545, 40.949647]}, "properties": {"intersectionId": "ix-674", "connectedWayCount": 3}}, {"type": "Feature", "geometry": {"type": "Point", "coordinates": [-73.717919, 40.959778]}, "properties": {"intersectionId": "ix-676", "connectedWayCount": 2}}, {"type": "Feature", "geometry": {"type": "Point", "coordinates": [-73.748251, 40.956258]}, "properties": {"intersectionId": "ix-677", "connectedWayCount": 3}}, {"type": "Feature", "geometry": {"type": "Point", "coordinates": [-73.71207, 40.947391]}, "properties": {"intersectionId": "ix-679", "connectedWayCount": 2}}, {"type": "Feature", "geometry": {"type": "Point", "coordinates": [-73.711603, 40.947726]}, "properties": {"intersectionId": "ix-680", "connectedWayCount": 3}}, {"type": "Feature", "geometry": {"type": "Point", "coordinates": [-73.721893, 40.976089]}, "properties": {"intersectionId": "ix-681", "connectedWayCount": 3}}, {"type": "Feature", "geometry": {"type": "Point", "coordinates": [-73.722318, 40.976696]}, "properties": {"intersectionId": "ix-685", "connectedWayCount": 2}}, {"type": "Feature", "geometry": {"type": "Point", "coordinates": [-73.731016, 40.969519]}, "properties": {"intersectionId": "ix-686", "connectedWayCount": 3}}, {"type": "Feature", "geometry": {"type": "Point", "coordinates": [-73.731741, 40.969671]}, "properties": {"intersectionId": "ix-690", "connectedWayCount": 2}}, {"type": "Feature", "geometry": {"type": "Point", "coordinates": [-73.745921, 40.943564]}, "properties": {"intersectionId": "ix-697", "connectedWayCount": 2}}, {"type": "Feature", "geometry": {"type": "Point", "coordinates": [-73.718587, 40.947334]}, "properties": {"intersectionId": "ix-698", "connectedWayCount": 2}}, {"type": "Feature", "geometry": {"type": "Point", "coordinates": [-73.717752, 40.946547]}, "properties": {"intersectionId": "ix-700", "connectedWayCount": 2}}, {"type": "Feature", "geometry": {"type": "Point", "coordinates": [-73.733364, 40.948415]}, "properties": {"intersectionId": "ix-701", "connectedWayCount": 4}}, {"type": "Feature", "geometry": {"type": "Point", "coordinates": [-73.733136, 40.948454]}, "properties": {"intersectionId": "ix-704", "connectedWayCount": 2}}, {"type": "Feature", "geometry": {"type": "Point", "coordinates": [-73.73296, 40.94833]}, "properties": {"intersectionId": "ix-708", "connectedWayCount": 2}}, {"type": "Feature", "geometry": {"type": "Point", "coordinates": [-73.712473, 40.950617]}, "properties": {"intersectionId": "ix-709", "connectedWayCount": 3}}, {"type": "Feature", "geometry": {"type": "Point", "coordinates": [-73.713606, 40.948891]}, "properties": {"intersectionId": "ix-713", "connectedWayCount": 2}}, {"type": "Feature", "geometry": {"type": "Point", "coordinates": [-73.713342, 40.948181]}, "properties": {"intersectionId": "ix-719", "connectedWayCount": 2}}, {"type": "Feature", "geometry": {"type": "Point", "coordinates": [-73.712789, 40.947956]}, "properties": {"intersectionId": "ix-722", "connectedWayCount": 2}}, {"type": "Feature", "geometry": {"type": "Point", "coordinates": [-73.711846, 40.946916]}, "properties": {"intersectionId": "ix-725", "connectedWayCount": 2}}, {"type": "Feature", "geometry": {"type": "Point", "coordinates": [-73.711908, 40.945788]}, "properties": {"intersectionId": "ix-731", "connectedWayCount": 2}}, {"type": "Feature", "geometry": {"type": "Point", "coordinates": [-73.712808, 40.945107]}, "properties": {"intersectionId": "ix-735", "connectedWayCount": 2}}, {"type": "Feature", "geometry": {"type": "Point", "coordinates": [-73.712317, 40.951713]}, "properties": {"intersectionId": "ix-736", "connectedWayCount": 4}}, {"type": "Feature", "geometry": {"type": "Point", "coordinates": [-73.712346, 40.951661]}, "properties": {"intersectionId": "ix-737", "connectedWayCount": 2}}, {"type": "Feature", "geometry": {"type": "Point", "coordinates": [-73.714992, 40.954439]}, "properties": {"intersectionId": "ix-742", "connectedWayCount": 3}}, {"type": "Feature", "geometry": {"type": "Point", "coordinates": [-73.714836, 40.954253]}, "properties": {"intersectionId": "ix-744", "connectedWayCount": 2}}, {"type": "Feature", "geometry": {"type": "Point", "coordinates": [-73.713622, 40.95296]}, "properties": {"intersectionId": "ix-746", "connectedWayCount": 2}}, {"type": "Feature", "geometry": {"type": "Point", "coordinates": [-73.752472, 40.928447]}, "properties": {"intersectionId": "ix-748", "connectedWayCount": 3}}, {"type": "Feature", "geometry": {"type": "Point", "coordinates": [-73.752796, 40.928116]}, "properties": {"intersectionId": "ix-750", "connectedWayCount": 4}}, {"type": "Feature", "geometry": {"type": "Point", "coordinates": [-73.74731, 40.955074]}, "properties": {"intersectionId": "ix-751", "connectedWayCount": 2}}, {"type": "Feature", "geometry": {"type": "Point", "coordinates": [-73.746121, 40.955798]}, "properties": {"intersectionId": "ix-756", "connectedWayCount": 2}}, {"type": "Feature", "geometry": {"type": "Point", "coordinates": [-73.744634, 40.956499]}, "properties": {"intersectionId": "ix-766", "connectedWayCount": 2}}, {"type": "Feature", "geometry": {"type": "Point", "coordinates": [-73.751312, 40.951531]}, "properties": {"intersectionId": "ix-767", "connectedWayCount": 2}}, {"type": "Feature", "geometry": {"type": "Point", "coordinates": [-73.724044, 40.961495]}, "properties": {"intersectionId": "ix-774", "connectedWayCount": 3}}, {"type": "Feature", "geometry": {"type": "Point", "coordinates": [-73.724657, 40.960981]}, "properties": {"intersectionId": "ix-776", "connectedWayCount": 2}}, {"type": "Feature", "geometry": {"type": "Point", "coordinates": [-73.72536, 40.960521]}, "properties": {"intersectionId": "ix-777", "connectedWayCount": 2}}, {"type": "Feature", "geometry": {"type": "Point", "coordinates": [-73.726053, 40.960072]}, "properties": {"intersectionId": "ix-778", "connectedWayCount": 2}}, {"type": "Feature", "geometry": {"type": "Point", "coordinates": [-73.726713, 40.959642]}, "properties": {"intersectionId": "ix-779", "connectedWayCount": 2}}, {"type": "Feature", "geometry": {"type": "Point", "coordinates": [-73.727399, 40.959201]}, "properties": {"intersectionId": "ix-780", "connectedWayCount": 2}}, {"type": "Feature", "geometry": {"type": "Point", "coordinates": [-73.728205, 40.958684]}, "properties": {"intersectionId": "ix-782", "connectedWayCount": 2}}, {"type": "Feature", "geometry": {"type": "Point", "coordinates": [-73.728404, 40.958585]}, "properties": {"intersectionId": "ix-783", "connectedWayCount": 2}}, {"type": "Feature", "geometry": {"type": "Point", "coordinates": [-73.729009, 40.958277]}, "properties": {"intersectionId": "ix-785", "connectedWayCount": 2}}, {"type": "Feature", "geometry": {"type": "Point", "coordinates": [-73.729189, 40.958195]}, "properties": {"intersectionId": "ix-786", "connectedWayCount": 2}}, {"type": "Feature", "geometry": {"type": "Point", "coordinates": [-73.730255, 40.957722]}, "properties": {"intersectionId": "ix-788", "connectedWayCount": 2}}, {"type": "Feature", "geometry": {"type": "Point", "coordinates": [-73.730641, 40.957544]}, "properties": {"intersectionId": "ix-789", "connectedWayCount": 2}}, {"type": "Feature", "geometry": {"type": "Point", "coordinates": [-73.731461, 40.956969]}, "properties": {"intersectionId": "ix-793", "connectedWayCount": 2}}, {"type": "Feature", "geometry": {"type": "Point", "coordinates": [-73.732221, 40.956295]}, "properties": {"intersectionId": "ix-795", "connectedWayCount": 2}}, {"type": "Feature", "geometry": {"type": "Point", "coordinates": [-73.732467, 40.956081]}, "properties": {"intersectionId": "ix-796", "connectedWayCount": 2}}, {"type": "Feature", "geometry": {"type": "Point", "coordinates": [-73.73262, 40.955948]}, "properties": {"intersectionId": "ix-797", "connectedWayCount": 2}}, {"type": "Feature", "geometry": {"type": "Point", "coordinates": [-73.73273, 40.955852]}, "properties": {"intersectionId": "ix-798", "connectedWayCount": 2}}, {"type": "Feature", "geometry": {"type": "Point", "coordinates": [-73.733598, 40.955272]}, "properties": {"intersectionId": "ix-801", "connectedWayCount": 2}}, {"type": "Feature", "geometry": {"type": "Point", "coordinates": [-73.733719, 40.955214]}, "properties": {"intersectionId": "ix-802", "connectedWayCount": 3}}, {"type": "Feature", "geometry": {"type": "Point", "coordinates": [-73.723994, 40.969225]}, "properties": {"intersectionId": "ix-804", "connectedWayCount": 2}}, {"type": "Feature", "geometry": {"type": "Point", "coordinates": [-73.723159, 40.968985]}, "properties": {"intersectionId": "ix-807", "connectedWayCount": 2}}, {"type": "Feature", "geometry": {"type": "Point", "coordinates": [-73.7221, 40.968947]}, "properties": {"intersectionId": "ix-808", "connectedWayCount": 2}}, {"type": "Feature", "geometry": {"type": "Point", "coordinates": [-73.721171, 40.968915]}, "properties": {"intersectionId": "ix-809", "connectedWayCount": 3}}, {"type": "Feature", "geometry": {"type": "Point", "coordinates": [-73.70908, 40.967924]}, "properties": {"intersectionId": "ix-810", "connectedWayCount": 3}}, {"type": "Feature", "geometry": {"type": "Point", "coordinates": [-73.709018, 40.967898]}, "properties": {"intersectionId": "ix-811", "connectedWayCount": 2}}, {"type": "Feature", "geometry": {"type": "Point", "coordinates": [-73.708394, 40.967394]}, "properties": {"intersectionId": "ix-817", "connectedWayCount": 2}}, {"type": "Feature", "geometry": {"type": "Point", "coordinates": [-73.703697, 40.964579]}, "properties": {"intersectionId": "ix-822", "connectedWayCount": 2}}, {"type": "Feature", "geometry": {"type": "Point", "coordinates": [-73.704476, 40.965083]}, "properties": {"intersectionId": "ix-823", "connectedWayCount": 2}}, {"type": "Feature", "geometry": {"type": "Point", "coordinates": [-73.705195, 40.965547]}, "properties": {"intersectionId": "ix-824", "connectedWayCount": 2}}, {"type": "Feature", "geometry": {"type": "Point", "coordinates": [-73.705927, 40.966016]}, "properties": {"intersectionId": "ix-825", "connectedWayCount": 2}}, {"type": "Feature", "geometry": {"type": "Point", "coordinates": [-73.729014, 40.964466]}, "properties": {"intersectionId": "ix-827", "connectedWayCount": 2}}, {"type": "Feature", "geometry": {"type": "Point", "coordinates": [-73.709703, 40.966967]}, "properties": {"intersectionId": "ix-832", "connectedWayCount": 2}}, {"type": "Feature", "geometry": {"type": "Point", "coordinates": [-73.709731, 40.967046]}, "properties": {"intersectionId": "ix-833", "connectedWayCount": 2}}, {"type": "Feature", "geometry": {"type": "Point", "coordinates": [-73.710275, 40.968576]}, "properties": {"intersectionId": "ix-834", "connectedWayCount": 2}}, {"type": "Feature", "geometry": {"type": "Point", "coordinates": [-73.710404, 40.968945]}, "properties": {"intersectionId": "ix-835", "connectedWayCount": 3}}, {"type": "Feature", "geometry": {"type": "Point", "coordinates": [-73.710515, 40.969247]}, "properties": {"intersectionId": "ix-836", "connectedWayCount": 2}}, {"type": "Feature", "geometry": {"type": "Point", "coordinates": [-73.71054, 40.969313]}, "properties": {"intersectionId": "ix-837", "connectedWayCount": 2}}, {"type": "Feature", "geometry": {"type": "Point", "coordinates": [-73.74297, 40.943535]}, "properties": {"intersectionId": "ix-838", "connectedWayCount": 3}}, {"type": "Feature", "geometry": {"type": "Point", "coordinates": [-73.743326, 40.94333]}, "properties": {"intersectionId": "ix-839", "connectedWayCount": 2}}, {"type": "Feature", "geometry": {"type": "Point", "coordinates": [-73.744154, 40.942854]}, "properties": {"intersectionId": "ix-840", "connectedWayCount": 2}}, {"type": "Feature", "geometry": {"type": "Point", "coordinates": [-73.744374, 40.942727]}, "properties": {"intersectionId": "ix-841", "connectedWayCount": 3}}, {"type": "Feature", "geometry": {"type": "Point", "coordinates": [-73.741536, 40.955301]}, "properties": {"intersectionId": "ix-842", "connectedWayCount": 2}}, {"type": "Feature", "geometry": {"type": "Point", "coordinates": [-73.742023, 40.955718]}, "properties": {"intersectionId": "ix-844", "connectedWayCount": 2}}, {"type": "Feature", "geometry": {"type": "Point", "coordinates": [-73.752175, 40.930078]}, "properties": {"intersectionId": "ix-845", "connectedWayCount": 3}}, {"type": "Feature", "geometry": {"type": "Point", "coordinates": [-73.752377, 40.929802]}, "properties": {"intersectionId": "ix-846", "connectedWayCount": 2}}, {"type": "Feature", "geometry": {"type": "Point", "coordinates": [-73.752483, 40.929658]}, "properties": {"intersectionId": "ix-847", "connectedWayCount": 2}}, {"type": "Feature", "geometry": {"type": "Point", "coordinates": [-73.752769, 40.929269]}, "properties": {"intersectionId": "ix-848", "connectedWayCount": 2}}, {"type": "Feature", "geometry": {"type": "Point", "coordinates": [-73.753095, 40.92883]}, "properties": {"intersectionId": "ix-850", "connectedWayCount": 3}}, {"type": "Feature", "geometry": {"type": "Point", "coordinates": [-73.75427, 40.928061]}, "properties": {"intersectionId": "ix-851", "connectedWayCount": 3}}, {"type": "Feature", "geometry": {"type": "Point", "coordinates": [-73.753524, 40.928526]}, "properties": {"intersectionId": "ix-857", "connectedWayCount": 3}}, {"type": "Feature", "geometry": {"type": "Point", "coordinates": [-73.753199, 40.928887]}, "properties": {"intersectionId": "ix-859", "connectedWayCount": 3}}, {"type": "Feature", "geometry": {"type": "Point", "coordinates": [-73.719166, 40.944249]}, "properties": {"intersectionId": "ix-860", "connectedWayCount": 3}}, {"type": "Feature", "geometry": {"type": "Point", "coordinates": [-73.718674, 40.945506]}, "properties": {"intersectionId": "ix-862", "connectedWayCount": 2}}, {"type": "Feature", "geometry": {"type": "Point", "coordinates": [-73.718612, 40.946292]}, "properties": {"intersectionId": "ix-867", "connectedWayCount": 2}}, {"type": "Feature", "geometry": {"type": "Point", "coordinates": [-73.718783, 40.946604]}, "properties": {"intersectionId": "ix-869", "connectedWayCount": 2}}, {"type": "Feature", "geometry": {"type": "Point", "coordinates": [-73.71809, 40.948459]}, "properties": {"intersectionId": "ix-877", "connectedWayCount": 2}}, {"type": "Feature", "geometry": {"type": "Point", "coordinates": [-73.717498, 40.949668]}, "properties": {"intersectionId": "ix-880", "connectedWayCount": 2}}, {"type": "Feature", "geometry": {"type": "Point", "coordinates": [-73.717241, 40.950215]}, "properties": {"intersectionId": "ix-881", "connectedWayCount": 2}}, {"type": "Feature", "geometry": {"type": "Point", "coordinates": [-73.716743, 40.95122]}, "properties": {"intersectionId": "ix-882", "connectedWayCount": 2}}, {"type": "Feature", "geometry": {"type": "Point", "coordinates": [-73.716661, 40.951383]}, "properties": {"intersectionId": "ix-883", "connectedWayCount": 2}}, {"type": "Feature", "geometry": {"type": "Point", "coordinates": [-73.716927, 40.951974]}, "properties": {"intersectionId": "ix-886", "connectedWayCount": 2}}, {"type": "Feature", "geometry": {"type": "Point", "coordinates": [-73.718768, 40.954174]}, "properties": {"intersectionId": "ix-889", "connectedWayCount": 2}}, {"type": "Feature", "geometry": {"type": "Point", "coordinates": [-73.743499, 40.945946]}, "properties": {"intersectionId": "ix-890", "connectedWayCount": 2}}, {"type": "Feature", "geometry": {"type": "Point", "coordinates": [-73.718442, 40.968998]}, "properties": {"intersectionId": "ix-895", "connectedWayCount": 3}}, {"type": "Feature", "geometry": {"type": "Point", "coordinates": [-73.718535, 40.969977]}, "properties": {"intersectionId": "ix-896", "connectedWayCount": 4}}, {"type": "Feature", "geometry": {"type": "Point", "coordinates": [-73.737487, 40.971007]}, "properties": {"intersectionId": "ix-897", "connectedWayCount": 2}}, {"type": "Feature", "geometry": {"type": "Point", "coordinates": [-73.736962, 40.970929]}, "properties": {"intersectionId": "ix-901", "connectedWayCount": 2}}, {"type": "Feature", "geometry": {"type": "Point", "coordinates": [-73.734998, 40.971813]}, "properties": {"intersectionId": "ix-905", "connectedWayCount": 2}}, {"type": "Feature", "geometry": {"type": "Point", "coordinates": [-73.736686, 40.972133]}, "properties": {"intersectionId": "ix-906", "connectedWayCount": 2}}, {"type": "Feature", "geometry": {"type": "Point", "coordinates": [-73.735133, 40.97207]}, "properties": {"intersectionId": "ix-917", "connectedWayCount": 2}}, {"type": "Feature", "geometry": {"type": "Point", "coordinates": [-73.760868, 40.948948]}, "properties": {"intersectionId": "ix-918", "connectedWayCount": 2}}, {"type": "Feature", "geometry": {"type": "Point", "coordinates": [-73.759564, 40.948134]}, "properties": {"intersectionId": "ix-919", "connectedWayCount": 2}}, {"type": "Feature", "geometry": {"type": "Point", "coordinates": [-73.734483, 40.969041]}, "properties": {"intersectionId": "ix-920", "connectedWayCount": 2}}, {"type": "Feature", "geometry": {"type": "Point", "coordinates": [-73.735825, 40.969422]}, "properties": {"intersectionId": "ix-927", "connectedWayCount": 2}}, {"type": "Feature", "geometry": {"type": "Point", "coordinates": [-73.73566, 40.970489]}, "properties": {"intersectionId": "ix-937", "connectedWayCount": 2}}, {"type": "Feature", "geometry": {"type": "Point", "coordinates": [-73.734229, 40.949154]}, "properties": {"intersectionId": "ix-944", "connectedWayCount": 3}}, {"type": "Feature", "geometry": {"type": "Point", "coordinates": [-73.734305, 40.94912]}, "properties": {"intersectionId": "ix-945", "connectedWayCount": 2}}, {"type": "Feature", "geometry": {"type": "Point", "coordinates": [-73.735513, 40.948508]}, "properties": {"intersectionId": "ix-952", "connectedWayCount": 2}}, {"type": "Feature", "geometry": {"type": "Point", "coordinates": [-73.736637, 40.973149]}, "properties": {"intersectionId": "ix-953", "connectedWayCount": 3}}, {"type": "Feature", "geometry": {"type": "Point", "coordinates": [-73.736604, 40.973306]}, "properties": {"intersectionId": "ix-954", "connectedWayCount": 2}}, {"type": "Feature", "geometry": {"type": "Point", "coordinates": [-73.736199, 40.974081]}, "properties": {"intersectionId": "ix-957", "connectedWayCount": 2}}, {"type": "Feature", "geometry": {"type": "Point", "coordinates": [-73.736048, 40.974312]}, "properties": {"intersectionId": "ix-958", "connectedWayCount": 2}}, {"type": "Feature", "geometry": {"type": "Point", "coordinates": [-73.735795, 40.974716]}, "properties": {"intersectionId": "ix-960", "connectedWayCount": 2}}, {"type": "Feature", "geometry": {"type": "Point", "coordinates": [-73.735354, 40.976248]}, "properties": {"intersectionId": "ix-964", "connectedWayCount": 2}}, {"type": "Feature", "geometry": {"type": "Point", "coordinates": [-73.735337, 40.976391]}, "properties": {"intersectionId": "ix-966", "connectedWayCount": 2}}, {"type": "Feature", "geometry": {"type": "Point", "coordinates": [-73.735217, 40.977733]}, "properties": {"intersectionId": "ix-969", "connectedWayCount": 2}}, {"type": "Feature", "geometry": {"type": "Point", "coordinates": [-73.735209, 40.977797]}, "properties": {"intersectionId": "ix-970", "connectedWayCount": 2}}, {"type": "Feature", "geometry": {"type": "Point", "coordinates": [-73.735128, 40.978523]}, "properties": {"intersectionId": "ix-972", "connectedWayCount": 2}}, {"type": "Feature", "geometry": {"type": "Point", "coordinates": [-73.736747, 40.967567]}, "properties": {"intersectionId": "ix-980", "connectedWayCount": 3}}, {"type": "Feature", "geometry": {"type": "Point", "coordinates": [-73.736625, 40.967631]}, "properties": {"intersectionId": "ix-981", "connectedWayCount": 4}}, {"type": "Feature", "geometry": {"type": "Point", "coordinates": [-73.715262, 40.955049]}, "properties": {"intersectionId": "ix-982", "connectedWayCount": 3}}, {"type": "Feature", "geometry": {"type": "Point", "coordinates": [-73.71397, 40.955275]}, "properties": {"intersectionId": "ix-985", "connectedWayCount": 2}}, {"type": "Feature", "geometry": {"type": "Point", "coordinates": [-73.713191, 40.955572]}, "properties": {"intersectionId": "ix-987", "connectedWayCount": 2}}, {"type": "Feature", "geometry": {"type": "Point", "coordinates": [-73.711491, 40.956197]}, "properties": {"intersectionId": "ix-988", "connectedWayCount": 2}}, {"type": "Feature", "geometry": {"type": "Point", "coordinates": [-73.710885, 40.956423]}, "properties": {"intersectionId": "ix-990", "connectedWayCount": 2}}, {"type": "Feature", "geometry": {"type": "Point", "coordinates": [-73.709287, 40.956889]}, "properties": {"intersectionId": "ix-991", "connectedWayCount": 3}}, {"type": "Feature", "geometry": {"type": "Point", "coordinates": [-73.70851, 40.95712]}, "properties": {"intersectionId": "ix-994", "connectedWayCount": 2}}, {"type": "Feature", "geometry": {"type": "Point", "coordinates": [-73.705562, 40.958224]}, "properties": {"intersectionId": "ix-1001", "connectedWayCount": 3}}, {"type": "Feature", "geometry": {"type": "Point", "coordinates": [-73.759731, 40.952667]}, "properties": {"intersectionId": "ix-1002", "connectedWayCount": 2}}, {"type": "Feature", "geometry": {"type": "Point", "coordinates": [-73.75811, 40.952063]}, "properties": {"intersectionId": "ix-1010", "connectedWayCount": 2}}, {"type": "Feature", "geometry": {"type": "Point", "coordinates": [-73.755636, 40.949608]}, "properties": {"intersectionId": "ix-1011", "connectedWayCount": 3}}, {"type": "Feature", "geometry": {"type": "Point", "coordinates": [-73.754892, 40.951163]}, "properties": {"intersectionId": "ix-1024", "connectedWayCount": 2}}, {"type": "Feature", "geometry": {"type": "Point", "coordinates": [-73.754531, 40.952526]}, "properties": {"intersectionId": "ix-1035", "connectedWayCount": 2}}, {"type": "Feature", "geometry": {"type": "Point", "coordinates": [-73.754547, 40.952579]}, "properties": {"intersectionId": "ix-1036", "connectedWayCount": 2}}, {"type": "Feature", "geometry": {"type": "Point", "coordinates": [-73.754662, 40.953395]}, "properties": {"intersectionId": "ix-1040", "connectedWayCount": 2}}, {"type": "Feature", "geometry": {"type": "Point", "coordinates": [-73.754207, 40.954446]}, "properties": {"intersectionId": "ix-1045", "connectedWayCount": 2}}, {"type": "Feature", "geometry": {"type": "Point", "coordinates": [-73.755883, 40.949232]}, "properties": {"intersectionId": "ix-1046", "connectedWayCount": 2}}, {"type": "Feature", "geometry": {"type": "Point", "coordinates": [-73.733976, 40.924484]}, "properties": {"intersectionId": "ix-1063", "connectedWayCount": 2}}, {"type": "Feature", "geometry": {"type": "Point", "coordinates": [-73.734643, 40.924676]}, "properties": {"intersectionId": "ix-1068", "connectedWayCount": 2}}, {"type": "Feature", "geometry": {"type": "Point", "coordinates": [-73.729333, 40.928288]}, "properties": {"intersectionId": "ix-1092", "connectedWayCount": 2}}, {"type": "Feature", "geometry": {"type": "Point", "coordinates": [-73.716126, 40.954847]}, "properties": {"intersectionId": "ix-1093", "connectedWayCount": 3}}, {"type": "Feature", "geometry": {"type": "Point", "coordinates": [-73.715986, 40.954487]}, "properties": {"intersectionId": "ix-1095", "connectedWayCount": 2}}, {"type": "Feature", "geometry": {"type": "Point", "coordinates": [-73.714419, 40.952705]}, "properties": {"intersectionId": "ix-1102", "connectedWayCount": 2}}, {"type": "Feature", "geometry": {"type": "Point", "coordinates": [-73.71203, 40.952972]}, "properties": {"intersectionId": "ix-1108", "connectedWayCount": 2}}, {"type": "Feature", "geometry": {"type": "Point", "coordinates": [-73.71179, 40.952839]}, "properties": {"intersectionId": "ix-1110", "connectedWayCount": 2}}, {"type": "Feature", "geometry": {"type": "Point", "coordinates": [-73.709889, 40.950948]}, "properties": {"intersectionId": "ix-1114", "connectedWayCount": 2}}, {"type": "Feature", "geometry": {"type": "Point", "coordinates": [-73.708098, 40.949113]}, "properties": {"intersectionId": "ix-1124", "connectedWayCount": 2}}, {"type": "Feature", "geometry": {"type": "Point", "coordinates": [-73.708529, 40.948345]}, "properties": {"intersectionId": "ix-1126", "connectedWayCount": 4}}, {"type": "Feature", "geometry": {"type": "Point", "coordinates": [-73.707993, 40.947842]}, "properties": {"intersectionId": "ix-1128", "connectedWayCount": 2}}, {"type": "Feature", "geometry": {"type": "Point", "coordinates": [-73.707749, 40.947764]}, "properties": {"intersectionId": "ix-1129", "connectedWayCount": 2}}, {"type": "Feature", "geometry": {"type": "Point", "coordinates": [-73.706416, 40.947339]}, "properties": {"intersectionId": "ix-1137", "connectedWayCount": 2}}, {"type": "Feature", "geometry": {"type": "Point", "coordinates": [-73.706137, 40.946832]}, "properties": {"intersectionId": "ix-1141", "connectedWayCount": 2}}, {"type": "Feature", "geometry": {"type": "Point", "coordinates": [-73.70614, 40.946773]}, "properties": {"intersectionId": "ix-1143", "connectedWayCount": 2}}, {"type": "Feature", "geometry": {"type": "Point", "coordinates": [-73.706193, 40.946522]}, "properties": {"intersectionId": "ix-1145", "connectedWayCount": 2}}, {"type": "Feature", "geometry": {"type": "Point", "coordinates": [-73.706456, 40.946205]}, "properties": {"intersectionId": "ix-1149", "connectedWayCount": 2}}, {"type": "Feature", "geometry": {"type": "Point", "coordinates": [-73.752311, 40.971038]}, "properties": {"intersectionId": "ix-1154", "connectedWayCount": 2}}, {"type": "Feature", "geometry": {"type": "Point", "coordinates": [-73.753533, 40.970057]}, "properties": {"intersectionId": "ix-1156", "connectedWayCount": 2}}, {"type": "Feature", "geometry": {"type": "Point", "coordinates": [-73.723505, 40.95413]}, "properties": {"intersectionId": "ix-1157", "connectedWayCount": 3}}, {"type": "Feature", "geometry": {"type": "Point", "coordinates": [-73.723698, 40.954385]}, "properties": {"intersectionId": "ix-1158", "connectedWayCount": 2}}, {"type": "Feature", "geometry": {"type": "Point", "coordinates": [-73.725109, 40.956122]}, "properties": {"intersectionId": "ix-1160", "connectedWayCount": 2}}, {"type": "Feature", "geometry": {"type": "Point", "coordinates": [-73.727295, 40.95749]}, "properties": {"intersectionId": "ix-1169", "connectedWayCount": 2}}, {"type": "Feature", "geometry": {"type": "Point", "coordinates": [-73.71753, 40.969055]}, "properties": {"intersectionId": "ix-1170", "connectedWayCount": 3}}, {"type": "Feature", "geometry": {"type": "Point", "coordinates": [-73.71723, 40.968643]}, "properties": {"intersectionId": "ix-1173", "connectedWayCount": 2}}, {"type": "Feature", "geometry": {"type": "Point", "coordinates": [-73.728249, 40.968543]}, "properties": {"intersectionId": "ix-1174", "connectedWayCount": 2}}, {"type": "Feature", "geometry": {"type": "Point", "coordinates": [-73.728895, 40.969069]}, "properties": {"intersectionId": "ix-1179", "connectedWayCount": 2}}, {"type": "Feature", "geometry": {"type": "Point", "coordinates": [-73.754961, 40.934195]}, "properties": {"intersectionId": "ix-1182", "connectedWayCount": 2}}, {"type": "Feature", "geometry": {"type": "Point", "coordinates": [-73.755196, 40.933954]}, "properties": {"intersectionId": "ix-1184", "connectedWayCount": 2}}, {"type": "Feature", "geometry": {"type": "Point", "coordinates": [-73.756624, 40.931964]}, "properties": {"intersectionId": "ix-1186", "connectedWayCount": 2}}, {"type": "Feature", "geometry": {"type": "Point", "coordinates": [-73.746884, 40.94754]}, "properties": {"intersectionId": "ix-1187", "connectedWayCount": 4}}, {"type": "Feature", "geometry": {"type": "Point", "coordinates": [-73.745901, 40.947427]}, "properties": {"intersectionId": "ix-1190", "connectedWayCount": 3}}, {"type": "Feature", "geometry": {"type": "Point", "coordinates": [-73.727277, 40.945301]}, "properties": {"intersectionId": "ix-1191", "connectedWayCount": 2}}, {"type": "Feature", "geometry": {"type": "Point", "coordinates": [-73.724571, 40.947713]}, "properties": {"intersectionId": "ix-1201", "connectedWayCount": 2}}, {"type": "Feature", "geometry": {"type": "Point", "coordinates": [-73.75345, 40.948328]}, "properties": {"intersectionId": "ix-1202", "connectedWayCount": 2}}, {"type": "Feature", "geometry": {"type": "Point", "coordinates": [-73.752867, 40.94865]}, "properties": {"intersectionId": "ix-1203", "connectedWayCount": 2}}, {"type": "Feature", "geometry": {"type": "Point", "coordinates": [-73.75144, 40.950723]}, "properties": {"intersectionId": "ix-1209", "connectedWayCount": 2}}, {"type": "Feature", "geometry": {"type": "Point", "coordinates": [-73.751406, 40.951972]}, "properties": {"intersectionId": "ix-1214", "connectedWayCount": 2}}, {"type": "Feature", "geometry": {"type": "Point", "coordinates": [-73.751459, 40.952455]}, "properties": {"intersectionId": "ix-1217", "connectedWayCount": 2}}, {"type": "Feature", "geometry": {"type": "Point", "coordinates": [-73.75101, 40.953426]}, "properties": {"intersectionId": "ix-1224", "connectedWayCount": 2}}, {"type": "Feature", "geometry": {"type": "Point", "coordinates": [-73.750929, 40.953668]}, "properties": {"intersectionId": "ix-1226", "connectedWayCount": 2}}, {"type": "Feature", "geometry": {"type": "Point", "coordinates": [-73.733203, 40.954066]}, "properties": {"intersectionId": "ix-1227", "connectedWayCount": 2}}, {"type": "Feature", "geometry": {"type": "Point", "coordinates": [-73.731651, 40.954653]}, "properties": {"intersectionId": "ix-1229", "connectedWayCount": 2}}, {"type": "Feature", "geometry": {"type": "Point", "coordinates": [-73.726309, 40.943779]}, "properties": {"intersectionId": "ix-1230", "connectedWayCount": 5}}, {"type": "Feature", "geometry": {"type": "Point", "coordinates": [-73.723617, 40.945319]}, "properties": {"intersectionId": "ix-1239", "connectedWayCount": 2}}, {"type": "Feature", "geometry": {"type": "Point", "coordinates": [-73.732636, 40.962243]}, "properties": {"intersectionId": "ix-1240", "connectedWayCount": 3}}, {"type": "Feature", "geometry": {"type": "Point", "coordinates": [-73.731644, 40.960854]}, "properties": {"intersectionId": "ix-1247", "connectedWayCount": 2}}, {"type": "Feature", "geometry": {"type": "Point", "coordinates": [-73.736431, 40.958811]}, "properties": {"intersectionId": "ix-1248", "connectedWayCount": 4}}, {"type": "Feature", "geometry": {"type": "Point", "coordinates": [-73.736776, 40.957879]}, "properties": {"intersectionId": "ix-1249", "connectedWayCount": 4}}, {"type": "Feature", "geometry": {"type": "Point", "coordinates": [-73.740793, 40.957584]}, "properties": {"intersectionId": "ix-1250", "connectedWayCount": 3}}, {"type": "Feature", "geometry": {"type": "Point", "coordinates": [-73.740668, 40.956982]}, "properties": {"intersectionId": "ix-1251", "connectedWayCount": 2}}, {"type": "Feature", "geometry": {"type": "Point", "coordinates": [-73.740656, 40.956925]}, "properties": {"intersectionId": "ix-1252", "connectedWayCount": 2}}, {"type": "Feature", "geometry": {"type": "Point", "coordinates": [-73.75179, 40.920242]}, "properties": {"intersectionId": "ix-1253", "connectedWayCount": 2}}, {"type": "Feature", "geometry": {"type": "Point", "coordinates": [-73.752488, 40.920087]}, "properties": {"intersectionId": "ix-1256", "connectedWayCount": 2}}, {"type": "Feature", "geometry": {"type": "Point", "coordinates": [-73.753131, 40.920002]}, "properties": {"intersectionId": "ix-1259", "connectedWayCount": 2}}, {"type": "Feature", "geometry": {"type": "Point", "coordinates": [-73.753866, 40.919966]}, "properties": {"intersectionId": "ix-1260", "connectedWayCount": 2}}, {"type": "Feature", "geometry": {"type": "Point", "coordinates": [-73.706177, 40.977829]}, "properties": {"intersectionId": "ix-1262", "connectedWayCount": 3}}, {"type": "Feature", "geometry": {"type": "Point", "coordinates": [-73.706398, 40.97881]}, "properties": {"intersectionId": "ix-1268", "connectedWayCount": 2}}, {"type": "Feature", "geometry": {"type": "Point", "coordinates": [-73.740999, 40.950103]}, "properties": {"intersectionId": "ix-1269", "connectedWayCount": 3}}, {"type": "Feature", "geometry": {"type": "Point", "coordinates": [-73.738516, 40.952262]}, "properties": {"intersectionId": "ix-1272", "connectedWayCount": 2}}, {"type": "Feature", "geometry": {"type": "Point", "coordinates": [-73.737909, 40.952835]}, "properties": {"intersectionId": "ix-1275", "connectedWayCount": 2}}, {"type": "Feature", "geometry": {"type": "Point", "coordinates": [-73.737759, 40.952992]}, "properties": {"intersectionId": "ix-1276", "connectedWayCount": 2}}, {"type": "Feature", "geometry": {"type": "Point", "coordinates": [-73.737682, 40.953073]}, "properties": {"intersectionId": "ix-1277", "connectedWayCount": 4}}, {"type": "Feature", "geometry": {"type": "Point", "coordinates": [-73.752791, 40.948264]}, "properties": {"intersectionId": "ix-1282", "connectedWayCount": 3}}, {"type": "Feature", "geometry": {"type": "Point", "coordinates": [-73.754296, 40.946222]}, "properties": {"intersectionId": "ix-1283", "connectedWayCount": 2}}, {"type": "Feature", "geometry": {"type": "Point", "coordinates": [-73.753283, 40.947138]}, "properties": {"intersectionId": "ix-1286", "connectedWayCount": 2}}, {"type": "Feature", "geometry": {"type": "Point", "coordinates": [-73.732019, 40.958688]}, "properties": {"intersectionId": "ix-1304", "connectedWayCount": 2}}, {"type": "Feature", "geometry": {"type": "Point", "coordinates": [-73.733401, 40.959506]}, "properties": {"intersectionId": "ix-1307", "connectedWayCount": 3}}, {"type": "Feature", "geometry": {"type": "Point", "coordinates": [-73.734144, 40.959894]}, "properties": {"intersectionId": "ix-1308", "connectedWayCount": 2}}, {"type": "Feature", "geometry": {"type": "Point", "coordinates": [-73.734858, 40.960287]}, "properties": {"intersectionId": "ix-1310", "connectedWayCount": 3}}, {"type": "Feature", "geometry": {"type": "Point", "coordinates": [-73.712353, 40.965202]}, "properties": {"intersectionId": "ix-1311", "connectedWayCount": 2}}, {"type": "Feature", "geometry": {"type": "Point", "coordinates": [-73.71111, 40.966355]}, "properties": {"intersectionId": "ix-1313", "connectedWayCount": 2}}, {"type": "Feature", "geometry": {"type": "Point", "coordinates": [-73.759543, 40.977534]}, "properties": {"intersectionId": "ix-1319", "connectedWayCount": 2}}, {"type": "Feature", "geometry": {"type": "Point", "coordinates": [-73.716272, 40.961702]}, "properties": {"intersectionId": "ix-1325", "connectedWayCount": 2}}, {"type": "Feature", "geometry": {"type": "Point", "coordinates": [-73.745068, 40.920374]}, "properties": {"intersectionId": "ix-1326", "connectedWayCount": 3}}, {"type": "Feature", "geometry": {"type": "Point", "coordinates": [-73.745573, 40.920085]}, "properties": {"intersectionId": "ix-1330", "connectedWayCount": 3}}, {"type": "Feature", "geometry": {"type": "Point", "coordinates": [-73.708711, 40.966865]}, "properties": {"intersectionId": "ix-1331", "connectedWayCount": 2}}, {"type": "Feature", "geometry": {"type": "Point", "coordinates": [-73.705721, 40.964484]}, "properties": {"intersectionId": "ix-1333", "connectedWayCount": 2}}, {"type": "Feature", "geometry": {"type": "Point", "coordinates": [-73.706545, 40.96502]}, "properties": {"intersectionId": "ix-1337", "connectedWayCount": 2}}, {"type": "Feature", "geometry": {"type": "Point", "coordinates": [-73.724147, 40.953706]}, "properties": {"intersectionId": "ix-1339", "connectedWayCount": 2}}, {"type": "Feature", "geometry": {"type": "Point", "coordinates": [-73.724372, 40.953948]}, "properties": {"intersectionId": "ix-1341", "connectedWayCount": 2}}, {"type": "Feature", "geometry": {"type": "Point", "coordinates": [-73.725866, 40.95575]}, "properties": {"intersectionId": "ix-1343", "connectedWayCount": 2}}, {"type": "Feature", "geometry": {"type": "Point", "coordinates": [-73.753483, 40.971996]}, "properties": {"intersectionId": "ix-1346", "connectedWayCount": 2}}, {"type": "Feature", "geometry": {"type": "Point", "coordinates": [-73.752015, 40.973492]}, "properties": {"intersectionId": "ix-1348", "connectedWayCount": 3}}, {"type": "Feature", "geometry": {"type": "Point", "coordinates": [-73.751649, 40.973933]}, "properties": {"intersectionId": "ix-1350", "connectedWayCount": 2}}, {"type": "Feature", "geometry": {"type": "Point", "coordinates": [-73.750444, 40.975279]}, "properties": {"intersectionId": "ix-1353", "connectedWayCount": 2}}, {"type": "Feature", "geometry": {"type": "Point", "coordinates": [-73.749474, 40.97615]}, "properties": {"intersectionId": "ix-1357", "connectedWayCount": 3}}, {"type": "Feature", "geometry": {"type": "Point", "coordinates": [-73.730672, 40.962458]}, "properties": {"intersectionId": "ix-1358", "connectedWayCount": 2}}, {"type": "Feature", "geometry": {"type": "Point", "coordinates": [-73.748643, 40.929461]}, "properties": {"intersectionId": "ix-1360", "connectedWayCount": 2}}, {"type": "Feature", "geometry": {"type": "Point", "coordinates": [-73.750507, 40.930089]}, "properties": {"intersectionId": "ix-1361", "connectedWayCount": 2}}, {"type": "Feature", "geometry": {"type": "Point", "coordinates": [-73.726977, 40.963116]}, "properties": {"intersectionId": "ix-1363", "connectedWayCount": 2}}, {"type": "Feature", "geometry": {"type": "Point", "coordinates": [-73.726254, 40.963654]}, "properties": {"intersectionId": "ix-1365", "connectedWayCount": 2}}, {"type": "Feature", "geometry": {"type": "Point", "coordinates": [-73.725576, 40.964328]}, "properties": {"intersectionId": "ix-1366", "connectedWayCount": 2}}, {"type": "Feature", "geometry": {"type": "Point", "coordinates": [-73.724342, 40.965058]}, "properties": {"intersectionId": "ix-1370", "connectedWayCount": 2}}, {"type": "Feature", "geometry": {"type": "Point", "coordinates": [-73.721911, 40.975446]}, "properties": {"intersectionId": "ix-1371", "connectedWayCount": 2}}, {"type": "Feature", "geometry": {"type": "Point", "coordinates": [-73.720073, 40.975431]}, "properties": {"intersectionId": "ix-1376", "connectedWayCount": 2}}, {"type": "Feature", "geometry": {"type": "Point", "coordinates": [-73.756793, 40.926948]}, "properties": {"intersectionId": "ix-1387", "connectedWayCount": 3}}, {"type": "Feature", "geometry": {"type": "Point", "coordinates": [-73.75756, 40.926658]}, "properties": {"intersectionId": "ix-1394", "connectedWayCount": 2}}, {"type": "Feature", "geometry": {"type": "Point", "coordinates": [-73.758069, 40.926895]}, "properties": {"intersectionId": "ix-1398", "connectedWayCount": 2}}, {"type": "Feature", "geometry": {"type": "Point", "coordinates": [-73.758914, 40.927817]}, "properties": {"intersectionId": "ix-1405", "connectedWayCount": 2}}, {"type": "Feature", "geometry": {"type": "Point", "coordinates": [-73.740869, 40.956008]}, "properties": {"intersectionId": "ix-1423", "connectedWayCount": 3}}, {"type": "Feature", "geometry": {"type": "Point", "coordinates": [-73.740494, 40.956049]}, "properties": {"intersectionId": "ix-1425", "connectedWayCount": 2}}, {"type": "Feature", "geometry": {"type": "Point", "coordinates": [-73.740052, 40.955996]}, "properties": {"intersectionId": "ix-1428", "connectedWayCount": 2}}, {"type": "Feature", "geometry": {"type": "Point", "coordinates": [-73.739565, 40.955896]}, "properties": {"intersectionId": "ix-1429", "connectedWayCount": 2}}, {"type": "Feature", "geometry": {"type": "Point", "coordinates": [-73.739192, 40.955819]}, "properties": {"intersectionId": "ix-1430", "connectedWayCount": 2}}, {"type": "Feature", "geometry": {"type": "Point", "coordinates": [-73.738605, 40.955679]}, "properties": {"intersectionId": "ix-1432", "connectedWayCount": 3}}, {"type": "Feature", "geometry": {"type": "Point", "coordinates": [-73.756582, 40.941148]}, "properties": {"intersectionId": "ix-1447", "connectedWayCount": 3}}, {"type": "Feature", "geometry": {"type": "Point", "coordinates": [-73.726632, 40.95538]}, "properties": {"intersectionId": "ix-1448", "connectedWayCount": 3}}, {"type": "Feature", "geometry": {"type": "Point", "coordinates": [-73.725066, 40.948733]}, "properties": {"intersectionId": "ix-1465", "connectedWayCount": 2}}, {"type": "Feature", "geometry": {"type": "Point", "coordinates": [-73.722967, 40.950415]}, "properties": {"intersectionId": "ix-1469", "connectedWayCount": 2}}, {"type": "Feature", "geometry": {"type": "Point", "coordinates": [-73.721336, 40.952885]}, "properties": {"intersectionId": "ix-1474", "connectedWayCount": 2}}, {"type": "Feature", "geometry": {"type": "Point", "coordinates": [-73.750033, 40.948061]}, "properties": {"intersectionId": "ix-1475", "connectedWayCount": 2}}, {"type": "Feature", "geometry": {"type": "Point", "coordinates": [-73.749178, 40.9495]}, "properties": {"intersectionId": "ix-1477", "connectedWayCount": 2}}, {"type": "Feature", "geometry": {"type": "Point", "coordinates": [-73.748899, 40.950059]}, "properties": {"intersectionId": "ix-1479", "connectedWayCount": 3}}, {"type": "Feature", "geometry": {"type": "Point", "coordinates": [-73.724737, 40.958491]}, "properties": {"intersectionId": "ix-1480", "connectedWayCount": 2}}, {"type": "Feature", "geometry": {"type": "Point", "coordinates": [-73.723785, 40.959049]}, "properties": {"intersectionId": "ix-1482", "connectedWayCount": 2}}, {"type": "Feature", "geometry": {"type": "Point", "coordinates": [-73.72308, 40.959491]}, "properties": {"intersectionId": "ix-1483", "connectedWayCount": 2}}, {"type": "Feature", "geometry": {"type": "Point", "coordinates": [-73.72239, 40.95992]}, "properties": {"intersectionId": "ix-1484", "connectedWayCount": 2}}, {"type": "Feature", "geometry": {"type": "Point", "coordinates": [-73.721257, 40.960566]}, "properties": {"intersectionId": "ix-1485", "connectedWayCount": 2}}, {"type": "Feature", "geometry": {"type": "Point", "coordinates": [-73.720452, 40.961078]}, "properties": {"intersectionId": "ix-1487", "connectedWayCount": 2}}, {"type": "Feature", "geometry": {"type": "Point", "coordinates": [-73.719775, 40.961526]}, "properties": {"intersectionId": "ix-1488", "connectedWayCount": 2}}, {"type": "Feature", "geometry": {"type": "Point", "coordinates": [-73.718438, 40.962342]}, "properties": {"intersectionId": "ix-1490", "connectedWayCount": 2}}, {"type": "Feature", "geometry": {"type": "Point", "coordinates": [-73.717111, 40.963169]}, "properties": {"intersectionId": "ix-1491", "connectedWayCount": 2}}, {"type": "Feature", "geometry": {"type": "Point", "coordinates": [-73.716341, 40.963658]}, "properties": {"intersectionId": "ix-1492", "connectedWayCount": 2}}, {"type": "Feature", "geometry": {"type": "Point", "coordinates": [-73.715709, 40.964164]}, "properties": {"intersectionId": "ix-1494", "connectedWayCount": 2}}, {"type": "Feature", "geometry": {"type": "Point", "coordinates": [-73.759339, 40.934459]}, "properties": {"intersectionId": "ix-1504", "connectedWayCount": 2}}, {"type": "Feature", "geometry": {"type": "Point", "coordinates": [-73.758532, 40.935179]}, "properties": {"intersectionId": "ix-1505", "connectedWayCount": 2}}, {"type": "Feature", "geometry": {"type": "Point", "coordinates": [-73.758931, 40.929574]}, "properties": {"intersectionId": "ix-1506", "connectedWayCount": 2}}, {"type": "Feature", "geometry": {"type": "Point", "coordinates": [-73.758591, 40.930927]}, "properties": {"intersectionId": "ix-1512", "connectedWayCount": 2}}, {"type": "Feature", "geometry": {"type": "Point", "coordinates": [-73.708987, 40.955748]}, "properties": {"intersectionId": "ix-1514", "connectedWayCount": 2}}, {"type": "Feature", "geometry": {"type": "Point", "coordinates": [-73.708893, 40.954804]}, "properties": {"intersectionId": "ix-1516", "connectedWayCount": 2}}, {"type": "Feature", "geometry": {"type": "Point", "coordinates": [-73.708778, 40.954433]}, "properties": {"intersectionId": "ix-1517", "connectedWayCount": 2}}, {"type": "Feature", "geometry": {"type": "Point", "coordinates": [-73.708306, 40.953439]}, "properties": {"intersectionId": "ix-1521", "connectedWayCount": 2}}, {"type": "Feature", "geometry": {"type": "Point", "coordinates": [-73.707972, 40.953097]}, "properties": {"intersectionId": "ix-1523", "connectedWayCount": 2}}, {"type": "Feature", "geometry": {"type": "Point", "coordinates": [-73.707078, 40.95184]}, "properties": {"intersectionId": "ix-1528", "connectedWayCount": 2}}, {"type": "Feature", "geometry": {"type": "Point", "coordinates": [-73.705699, 40.94996]}, "properties": {"intersectionId": "ix-1535", "connectedWayCount": 2}}, {"type": "Feature", "geometry": {"type": "Point", "coordinates": [-73.704819, 40.949938]}, "properties": {"intersectionId": "ix-1542", "connectedWayCount": 2}}, {"type": "Feature", "geometry": {"type": "Point", "coordinates": [-73.704142, 40.950261]}, "properties": {"intersectionId": "ix-1545", "connectedWayCount": 2}}, {"type": "Feature", "geometry": {"type": "Point", "coordinates": [-73.708612, 40.976758]}, "properties": {"intersectionId": "ix-1546", "connectedWayCount": 2}}, {"type": "Feature", "geometry": {"type": "Point", "coordinates": [-73.707122, 40.977006]}, "properties": {"intersectionId": "ix-1547", "connectedWayCount": 2}}, {"type": "Feature", "geometry": {"type": "Point", "coordinates": [-73.75709, 40.917864]}, "properties": {"intersectionId": "ix-1548", "connectedWayCount": 2}}, {"type": "Feature", "geometry": {"type": "Point", "coordinates": [-73.759626, 40.918454]}, "properties": {"intersectionId": "ix-1568", "connectedWayCount": 2}}, {"type": "Feature", "geometry": {"type": "Point", "coordinates": [-73.76003, 40.920005]}, "properties": {"intersectionId": "ix-1575", "connectedWayCount": 3}}, {"type": "Feature", "geometry": {"type": "Point", "coordinates": [-73.750523, 40.972859]}, "properties": {"intersectionId": "ix-1576", "connectedWayCount": 2}}, {"type": "Feature", "geometry": {"type": "Point", "coordinates": [-73.759006, 40.926376]}, "properties": {"intersectionId": "ix-1580", "connectedWayCount": 2}}, {"type": "Feature", "geometry": {"type": "Point", "coordinates": [-73.745138, 40.920987]}, "properties": {"intersectionId": "ix-1589", "connectedWayCount": 2}}, {"type": "Feature", "geometry": {"type": "Point", "coordinates": [-73.759109, 40.936464]}, "properties": {"intersectionId": "ix-1590", "connectedWayCount": 2}}, {"type": "Feature", "geometry": {"type": "Point", "coordinates": [-73.758874, 40.936359]}, "properties": {"intersectionId": "ix-1592", "connectedWayCount": 2}}, {"type": "Feature", "geometry": {"type": "Point", "coordinates": [-73.758423, 40.936075]}, "properties": {"intersectionId": "ix-1594", "connectedWayCount": 2}}, {"type": "Feature", "geometry": {"type": "Point", "coordinates": [-73.758275, 40.935983]}, "properties": {"intersectionId": "ix-1595", "connectedWayCount": 2}}, {"type": "Feature", "geometry": {"type": "Point", "coordinates": [-73.758115, 40.935883]}, "properties": {"intersectionId": "ix-1596", "connectedWayCount": 2}}, {"type": "Feature", "geometry": {"type": "Point", "coordinates": [-73.757956, 40.935783]}, "properties": {"intersectionId": "ix-1597", "connectedWayCount": 2}}, {"type": "Feature", "geometry": {"type": "Point", "coordinates": [-73.757911, 40.935755]}, "properties": {"intersectionId": "ix-1598", "connectedWayCount": 2}}, {"type": "Feature", "geometry": {"type": "Point", "coordinates": [-73.728886, 40.960962]}, "properties": {"intersectionId": "ix-1599", "connectedWayCount": 2}}, {"type": "Feature", "geometry": {"type": "Point", "coordinates": [-73.730469, 40.962744]}, "properties": {"intersectionId": "ix-1601", "connectedWayCount": 2}}, {"type": "Feature", "geometry": {"type": "Point", "coordinates": [-73.753945, 40.920293]}, "properties": {"intersectionId": "ix-1602", "connectedWayCount": 2}}, {"type": "Feature", "geometry": {"type": "Point", "coordinates": [-73.75425, 40.921436]}, "properties": {"intersectionId": "ix-1604", "connectedWayCount": 2}}, {"type": "Feature", "geometry": {"type": "Point", "coordinates": [-73.754441, 40.922107]}, "properties": {"intersectionId": "ix-1605", "connectedWayCount": 2}}, {"type": "Feature", "geometry": {"type": "Point", "coordinates": [-73.754617, 40.922782]}, "properties": {"intersectionId": "ix-1606", "connectedWayCount": 2}}, {"type": "Feature", "geometry": {"type": "Point", "coordinates": [-73.754795, 40.923456]}, "properties": {"intersectionId": "ix-1607", "connectedWayCount": 2}}, {"type": "Feature", "geometry": {"type": "Point", "coordinates": [-73.754977, 40.924123]}, "properties": {"intersectionId": "ix-1608", "connectedWayCount": 2}}, {"type": "Feature", "geometry": {"type": "Point", "coordinates": [-73.755156, 40.924795]}, "properties": {"intersectionId": "ix-1609", "connectedWayCount": 2}}, {"type": "Feature", "geometry": {"type": "Point", "coordinates": [-73.755359, 40.925541]}, "properties": {"intersectionId": "ix-1610", "connectedWayCount": 2}}, {"type": "Feature", "geometry": {"type": "Point", "coordinates": [-73.755382, 40.925623]}, "properties": {"intersectionId": "ix-1611", "connectedWayCount": 2}}, {"type": "Feature", "geometry": {"type": "Point", "coordinates": [-73.740323, 40.941723]}, "properties": {"intersectionId": "ix-1612", "connectedWayCount": 2}}, {"type": "Feature", "geometry": {"type": "Point", "coordinates": [-73.739568, 40.941116]}, "properties": {"intersectionId": "ix-1613", "connectedWayCount": 2}}, {"type": "Feature", "geometry": {"type": "Point", "coordinates": [-73.757253, 40.938049]}, "properties": {"intersectionId": "ix-1614", "connectedWayCount": 3}}, {"type": "Feature", "geometry": {"type": "Point", "coordinates": [-73.757916, 40.938522]}, "properties": {"intersectionId": "ix-1615", "connectedWayCount": 2}}, {"type": "Feature", "geometry": {"type": "Point", "coordinates": [-73.743738, 40.943959]}, "properties": {"intersectionId": "ix-1616", "connectedWayCount": 2}}, {"type": "Feature", "geometry": {"type": "Point", "coordinates": [-73.7453, 40.943028]}, "properties": {"intersectionId": "ix-1617", "connectedWayCount": 3}}, {"type": "Feature", "geometry": {"type": "Point", "coordinates": [-73.744474, 40.924675]}, "properties": {"intersectionId": "ix-1618", "connectedWayCount": 2}}, {"type": "Feature", "geometry": {"type": "Point", "coordinates": [-73.745176, 40.924494]}, "properties": {"intersectionId": "ix-1627", "connectedWayCount": 2}}, {"type": "Feature", "geometry": {"type": "Point", "coordinates": [-73.74579, 40.923902]}, "properties": {"intersectionId": "ix-1632", "connectedWayCount": 2}}, {"type": "Feature", "geometry": {"type": "Point", "coordinates": [-73.746782, 40.92353]}, "properties": {"intersectionId": "ix-1636", "connectedWayCount": 3}}, {"type": "Feature", "geometry": {"type": "Point", "coordinates": [-73.74674, 40.929364]}, "properties": {"intersectionId": "ix-1637", "connectedWayCount": 2}}, {"type": "Feature", "geometry": {"type": "Point", "coordinates": [-73.747468, 40.929575]}, "properties": {"intersectionId": "ix-1639", "connectedWayCount": 2}}, {"type": "Feature", "geometry": {"type": "Point", "coordinates": [-73.75156, 40.933342]}, "properties": {"intersectionId": "ix-1640", "connectedWayCount": 2}}, {"type": "Feature", "geometry": {"type": "Point", "coordinates": [-73.751786, 40.933606]}, "properties": {"intersectionId": "ix-1643", "connectedWayCount": 2}}, {"type": "Feature", "geometry": {"type": "Point", "coordinates": [-73.752319, 40.933931]}, "properties": {"intersectionId": "ix-1645", "connectedWayCount": 2}}, {"type": "Feature", "geometry": {"type": "Point", "coordinates": [-73.753116, 40.93423]}, "properties": {"intersectionId": "ix-1649", "connectedWayCount": 3}}, {"type": "Feature", "geometry": {"type": "Point", "coordinates": [-73.755825, 40.93474]}, "properties": {"intersectionId": "ix-1650", "connectedWayCount": 3}}, {"type": "Feature", "geometry": {"type": "Point", "coordinates": [-73.755903, 40.934792]}, "properties": {"intersectionId": "ix-1651", "connectedWayCount": 2}}, {"type": "Feature", "geometry": {"type": "Point", "coordinates": [-73.756656, 40.935182]}, "properties": {"intersectionId": "ix-1654", "connectedWayCount": 4}}, {"type": "Feature", "geometry": {"type": "Point", "coordinates": [-73.759418, 40.935409]}, "properties": {"intersectionId": "ix-1655", "connectedWayCount": 2}}, {"type": "Feature", "geometry": {"type": "Point", "coordinates": [-73.759823, 40.935501]}, "properties": {"intersectionId": "ix-1657", "connectedWayCount": 2}}, {"type": "Feature", "geometry": {"type": "Point", "coordinates": [-73.733557, 40.939457]}, "properties": {"intersectionId": "ix-1660", "connectedWayCount": 2}}, {"type": "Feature", "geometry": {"type": "Point", "coordinates": [-73.733812, 40.939116]}, "properties": {"intersectionId": "ix-1661", "connectedWayCount": 2}}, {"type": "Feature", "geometry": {"type": "Point", "coordinates": [-73.752384, 40.930167]}, "properties": {"intersectionId": "ix-1662", "connectedWayCount": 3}}, {"type": "Feature", "geometry": {"type": "Point", "coordinates": [-73.753532, 40.930654]}, "properties": {"intersectionId": "ix-1663", "connectedWayCount": 4}}, {"type": "Feature", "geometry": {"type": "Point", "coordinates": [-73.749379, 40.967467]}, "properties": {"intersectionId": "ix-1664", "connectedWayCount": 2}}, {"type": "Feature", "geometry": {"type": "Point", "coordinates": [-73.748227, 40.968065]}, "properties": {"intersectionId": "ix-1666", "connectedWayCount": 2}}, {"type": "Feature", "geometry": {"type": "Point", "coordinates": [-73.747516, 40.968508]}, "properties": {"intersectionId": "ix-1667", "connectedWayCount": 2}}, {"type": "Feature", "geometry": {"type": "Point", "coordinates": [-73.757497, 40.933766]}, "properties": {"intersectionId": "ix-1674", "connectedWayCount": 4}}, {"type": "Feature", "geometry": {"type": "Point", "coordinates": [-73.757792, 40.934012]}, "properties": {"intersectionId": "ix-1677", "connectedWayCount": 3}}, {"type": "Feature", "geometry": {"type": "Point", "coordinates": [-73.744049, 40.947951]}, "properties": {"intersectionId": "ix-1678", "connectedWayCount": 2}}, {"type": "Feature", "geometry": {"type": "Point", "coordinates": [-73.74473, 40.948353]}, "properties": {"intersectionId": "ix-1680", "connectedWayCount": 2}}, {"type": "Feature", "geometry": {"type": "Point", "coordinates": [-73.745437, 40.948825]}, "properties": {"intersectionId": "ix-1681", "connectedWayCount": 2}}, {"type": "Feature", "geometry": {"type": "Point", "coordinates": [-73.746117, 40.949275]}, "properties": {"intersectionId": "ix-1682", "connectedWayCount": 3}}, {"type": "Feature", "geometry": {"type": "Point", "coordinates": [-73.760714, 40.939861]}, "properties": {"intersectionId": "ix-1684", "connectedWayCount": 2}}, {"type": "Feature", "geometry": {"type": "Point", "coordinates": [-73.756966, 40.941817]}, "properties": {"intersectionId": "ix-1694", "connectedWayCount": 2}}, {"type": "Feature", "geometry": {"type": "Point", "coordinates": [-73.731282, 40.934848]}, "properties": {"intersectionId": "ix-1701", "connectedWayCount": 2}}, {"type": "Feature", "geometry": {"type": "Point", "coordinates": [-73.756918, 40.94173]}, "properties": {"intersectionId": "ix-1702", "connectedWayCount": 2}}, {"type": "Feature", "geometry": {"type": "Point", "coordinates": [-73.756037, 40.942525]}, "properties": {"intersectionId": "ix-1707", "connectedWayCount": 2}}, {"type": "Feature", "geometry": {"type": "Point", "coordinates": [-73.755353, 40.943238]}, "properties": {"intersectionId": "ix-1710", "connectedWayCount": 2}}, {"type": "Feature", "geometry": {"type": "Point", "coordinates": [-73.754167, 40.944303]}, "properties": {"intersectionId": "ix-1714", "connectedWayCount": 2}}, {"type": "Feature", "geometry": {"type": "Point", "coordinates": [-73.75146, 40.933905]}, "properties": {"intersectionId": "ix-1715", "connectedWayCount": 2}}, {"type": "Feature", "geometry": {"type": "Point", "coordinates": [-73.750605, 40.934647]}, "properties": {"intersectionId": "ix-1717", "connectedWayCount": 2}}, {"type": "Feature", "geometry": {"type": "Point", "coordinates": [-73.750151, 40.934906]}, "properties": {"intersectionId": "ix-1721", "connectedWayCount": 2}}, {"type": "Feature", "geometry": {"type": "Point", "coordinates": [-73.748205, 40.930126]}, "properties": {"intersectionId": "ix-1722", "connectedWayCount": 3}}, {"type": "Feature", "geometry": {"type": "Point", "coordinates": [-73.748971, 40.930381]}, "properties": {"intersectionId": "ix-1723", "connectedWayCount": 2}}, {"type": "Feature", "geometry": {"type": "Point", "coordinates": [-73.750105, 40.930775]}, "properties": {"intersectionId": "ix-1724", "connectedWayCount": 2}}, {"type": "Feature", "geometry": {"type": "Point", "coordinates": [-73.735798, 40.965872]}, "properties": {"intersectionId": "ix-1725", "connectedWayCount": 2}}, {"type": "Feature", "geometry": {"type": "Point", "coordinates": [-73.735886, 40.965828]}, "properties": {"intersectionId": "ix-1726", "connectedWayCount": 2}}, {"type": "Feature", "geometry": {"type": "Point", "coordinates": [-73.75446, 40.929444]}, "properties": {"intersectionId": "ix-1731", "connectedWayCount": 3}}, {"type": "Feature", "geometry": {"type": "Point", "coordinates": [-73.754015, 40.930022]}, "properties": {"intersectionId": "ix-1732", "connectedWayCount": 2}}, {"type": "Feature", "geometry": {"type": "Point", "coordinates": [-73.749622, 40.968943]}, "properties": {"intersectionId": "ix-1733", "connectedWayCount": 2}}, {"type": "Feature", "geometry": {"type": "Point", "coordinates": [-73.749, 40.971135]}, "properties": {"intersectionId": "ix-1741", "connectedWayCount": 2}}, {"type": "Feature", "geometry": {"type": "Point", "coordinates": [-73.748691, 40.97187]}, "properties": {"intersectionId": "ix-1742", "connectedWayCount": 2}}, {"type": "Feature", "geometry": {"type": "Point", "coordinates": [-73.748543, 40.972168]}, "properties": {"intersectionId": "ix-1743", "connectedWayCount": 2}}, {"type": "Feature", "geometry": {"type": "Point", "coordinates": [-73.729025, 40.928829]}, "properties": {"intersectionId": "ix-1744", "connectedWayCount": 2}}, {"type": "Feature", "geometry": {"type": "Point", "coordinates": [-73.730035, 40.929766]}, "properties": {"intersectionId": "ix-1754", "connectedWayCount": 2}}, {"type": "Feature", "geometry": {"type": "Point", "coordinates": [-73.730077, 40.929953]}, "properties": {"intersectionId": "ix-1756", "connectedWayCount": 2}}, {"type": "Feature", "geometry": {"type": "Point", "coordinates": [-73.722529, 40.958989]}, "properties": {"intersectionId": "ix-1761", "connectedWayCount": 3}}, {"type": "Feature", "geometry": {"type": "Point", "coordinates": [-73.721811, 40.9594]}, "properties": {"intersectionId": "ix-1762", "connectedWayCount": 2}}, {"type": "Feature", "geometry": {"type": "Point", "coordinates": [-73.721786, 40.959414]}, "properties": {"intersectionId": "ix-1763", "connectedWayCount": 2}}, {"type": "Feature", "geometry": {"type": "Point", "coordinates": [-73.720755, 40.960062]}, "properties": {"intersectionId": "ix-1765", "connectedWayCount": 2}}, {"type": "Feature", "geometry": {"type": "Point", "coordinates": [-73.736162, 40.966533]}, "properties": {"intersectionId": "ix-1766", "connectedWayCount": 2}}, {"type": "Feature", "geometry": {"type": "Point", "coordinates": [-73.736234, 40.966512]}, "properties": {"intersectionId": "ix-1767", "connectedWayCount": 2}}, {"type": "Feature", "geometry": {"type": "Point", "coordinates": [-73.745591, 40.918085]}, "properties": {"intersectionId": "ix-1769", "connectedWayCount": 2}}, {"type": "Feature", "geometry": {"type": "Point", "coordinates": [-73.745755, 40.918495]}, "properties": {"intersectionId": "ix-1774", "connectedWayCount": 2}}, {"type": "Feature", "geometry": {"type": "Point", "coordinates": [-73.754786, 40.949602]}, "properties": {"intersectionId": "ix-1775", "connectedWayCount": 2}}, {"type": "Feature", "geometry": {"type": "Point", "coordinates": [-73.752141, 40.951609]}, "properties": {"intersectionId": "ix-1783", "connectedWayCount": 2}}, {"type": "Feature", "geometry": {"type": "Point", "coordinates": [-73.749185, 40.95233]}, "properties": {"intersectionId": "ix-1794", "connectedWayCount": 3}}, {"type": "Feature", "geometry": {"type": "Point", "coordinates": [-73.748538, 40.952948]}, "properties": {"intersectionId": "ix-1796", "connectedWayCount": 2}}, {"type": "Feature", "geometry": {"type": "Point", "coordinates": [-73.705296, 40.970919]}, "properties": {"intersectionId": "ix-1797", "connectedWayCount": 2}}, {"type": "Feature", "geometry": {"type": "Point", "coordinates": [-73.704751, 40.970746]}, "properties": {"intersectionId": "ix-1798", "connectedWayCount": 2}}, {"type": "Feature", "geometry": {"type": "Point", "coordinates": [-73.751014, 40.942604]}, "properties": {"intersectionId": "ix-1800", "connectedWayCount": 2}}, {"type": "Feature", "geometry": {"type": "Point", "coordinates": [-73.751632, 40.942748]}, "properties": {"intersectionId": "ix-1804", "connectedWayCount": 2}}, {"type": "Feature", "geometry": {"type": "Point", "coordinates": [-73.751722, 40.942814]}, "properties": {"intersectionId": "ix-1805", "connectedWayCount": 2}}, {"type": "Feature", "geometry": {"type": "Point", "coordinates": [-73.752146, 40.943402]}, "properties": {"intersectionId": "ix-1811", "connectedWayCount": 2}}, {"type": "Feature", "geometry": {"type": "Point", "coordinates": [-73.75215, 40.943439]}, "properties": {"intersectionId": "ix-1812", "connectedWayCount": 2}}, {"type": "Feature", "geometry": {"type": "Point", "coordinates": [-73.752154, 40.943467]}, "properties": {"intersectionId": "ix-1813", "connectedWayCount": 2}}, {"type": "Feature", "geometry": {"type": "Point", "coordinates": [-73.718199, 40.954319]}, "properties": {"intersectionId": "ix-1814", "connectedWayCount": 2}}, {"type": "Feature", "geometry": {"type": "Point", "coordinates": [-73.718234, 40.954399]}, "properties": {"intersectionId": "ix-1815", "connectedWayCount": 2}}, {"type": "Feature", "geometry": {"type": "Point", "coordinates": [-73.718423, 40.954982]}, "properties": {"intersectionId": "ix-1817", "connectedWayCount": 2}}, {"type": "Feature", "geometry": {"type": "Point", "coordinates": [-73.717729, 40.955985]}, "properties": {"intersectionId": "ix-1821", "connectedWayCount": 3}}, {"type": "Feature", "geometry": {"type": "Point", "coordinates": [-73.710795, 40.970677]}, "properties": {"intersectionId": "ix-1822", "connectedWayCount": 2}}, {"type": "Feature", "geometry": {"type": "Point", "coordinates": [-73.710933, 40.971071]}, "properties": {"intersectionId": "ix-1823", "connectedWayCount": 2}}, {"type": "Feature", "geometry": {"type": "Point", "coordinates": [-73.708772, 40.971096]}, "properties": {"intersectionId": "ix-1825", "connectedWayCount": 3}}, {"type": "Feature", "geometry": {"type": "Point", "coordinates": [-73.709675, 40.970639]}, "properties": {"intersectionId": "ix-1836", "connectedWayCount": 2}}, {"type": "Feature", "geometry": {"type": "Point", "coordinates": [-73.709744, 40.970644]}, "properties": {"intersectionId": "ix-1837", "connectedWayCount": 2}}, {"type": "Feature", "geometry": {"type": "Point", "coordinates": [-73.710481, 40.970718]}, "properties": {"intersectionId": "ix-1840", "connectedWayCount": 2}}, {"type": "Feature", "geometry": {"type": "Point", "coordinates": [-73.711354, 40.970563]}, "properties": {"intersectionId": "ix-1842", "connectedWayCount": 2}}, {"type": "Feature", "geometry": {"type": "Point", "coordinates": [-73.711569, 40.970332]}, "properties": {"intersectionId": "ix-1848", "connectedWayCount": 3}}, {"type": "Feature", "geometry": {"type": "Point", "coordinates": [-73.745418, 40.930179]}, "properties": {"intersectionId": "ix-1849", "connectedWayCount": 2}}, {"type": "Feature", "geometry": {"type": "Point", "coordinates": [-73.746158, 40.930559]}, "properties": {"intersectionId": "ix-1855", "connectedWayCount": 2}}, {"type": "Feature", "geometry": {"type": "Point", "coordinates": [-73.709634, 40.957743]}, "properties": {"intersectionId": "ix-1858", "connectedWayCount": 2}}, {"type": "Feature", "geometry": {"type": "Point", "coordinates": [-73.709618, 40.958467]}, "properties": {"intersectionId": "ix-1861", "connectedWayCount": 2}}, {"type": "Feature", "geometry": {"type": "Point", "coordinates": [-73.711143, 40.96238]}, "properties": {"intersectionId": "ix-1872", "connectedWayCount": 2}}, {"type": "Feature", "geometry": {"type": "Point", "coordinates": [-73.71194, 40.969038]}, "properties": {"intersectionId": "ix-1873", "connectedWayCount": 3}}, {"type": "Feature", "geometry": {"type": "Point", "coordinates": [-73.711912, 40.968955]}, "properties": {"intersectionId": "ix-1874", "connectedWayCount": 2}}, {"type": "Feature", "geometry": {"type": "Point", "coordinates": [-73.711828, 40.968709]}, "properties": {"intersectionId": "ix-1875", "connectedWayCount": 2}}, {"type": "Feature", "geometry": {"type": "Point", "coordinates": [-73.711814, 40.968668]}, "properties": {"intersectionId": "ix-1876", "connectedWayCount": 2}}, {"type": "Feature", "geometry": {"type": "Point", "coordinates": [-73.711436, 40.967559]}, "properties": {"intersectionId": "ix-1877", "connectedWayCount": 2}}, {"type": "Feature", "geometry": {"type": "Point", "coordinates": [-73.71131, 40.967211]}, "properties": {"intersectionId": "ix-1878", "connectedWayCount": 2}}, {"type": "Feature", "geometry": {"type": "Point", "coordinates": [-73.710981, 40.966313]}, "properties": {"intersectionId": "ix-1880", "connectedWayCount": 2}}, {"type": "Feature", "geometry": {"type": "Point", "coordinates": [-73.735696, 40.936748]}, "properties": {"intersectionId": "ix-1884", "connectedWayCount": 2}}, {"type": "Feature", "geometry": {"type": "Point", "coordinates": [-73.735791, 40.936662]}, "properties": {"intersectionId": "ix-1898", "connectedWayCount": 2}}, {"type": "Feature", "geometry": {"type": "Point", "coordinates": [-73.734262, 40.937567]}, "properties": {"intersectionId": "ix-1900", "connectedWayCount": 2}}, {"type": "Feature", "geometry": {"type": "Point", "coordinates": [-73.716648, 40.969221]}, "properties": {"intersectionId": "ix-1901", "connectedWayCount": 2}}, {"type": "Feature", "geometry": {"type": "Point", "coordinates": [-73.716734, 40.970077]}, "properties": {"intersectionId": "ix-1902", "connectedWayCount": 3}}, {"type": "Feature", "geometry": {"type": "Point", "coordinates": [-73.716899, 40.971453]}, "properties": {"intersectionId": "ix-1904", "connectedWayCount": 2}}, {"type": "Feature", "geometry": {"type": "Point", "coordinates": [-73.71704, 40.972872]}, "properties": {"intersectionId": "ix-1906", "connectedWayCount": 2}}, {"type": "Feature", "geometry": {"type": "Point", "coordinates": [-73.711939, 40.972574]}, "properties": {"intersectionId": "ix-1907", "connectedWayCount": 2}}, {"type": "Feature", "geometry": {"type": "Point", "coordinates": [-73.735501, 40.955573]}, "properties": {"intersectionId": "ix-1908", "connectedWayCount": 4}}, {"type": "Feature", "geometry": {"type": "Point", "coordinates": [-73.73514, 40.955366]}, "properties": {"intersectionId": "ix-1910", "connectedWayCount": 2}}, {"type": "Feature", "geometry": {"type": "Point", "coordinates": [-73.734908, 40.955218]}, "properties": {"intersectionId": "ix-1911", "connectedWayCount": 2}}, {"type": "Feature", "geometry": {"type": "Point", "coordinates": [-73.757369, 40.918107]}, "properties": {"intersectionId": "ix-1916", "connectedWayCount": 2}}, {"type": "Feature", "geometry": {"type": "Point", "coordinates": [-73.756333, 40.918608]}, "properties": {"intersectionId": "ix-1925", "connectedWayCount": 2}}, {"type": "Feature", "geometry": {"type": "Point", "coordinates": [-73.757821, 40.91902]}, "properties": {"intersectionId": "ix-1943", "connectedWayCount": 2}}, {"type": "Feature", "geometry": {"type": "Point", "coordinates": [-73.747436, 40.935616]}, "properties": {"intersectionId": "ix-1946", "connectedWayCount": 3}}, {"type": "Feature", "geometry": {"type": "Point", "coordinates": [-73.746455, 40.93531]}, "properties": {"intersectionId": "ix-1947", "connectedWayCount": 2}}, {"type": "Feature", "geometry": {"type": "Point", "coordinates": [-73.745957, 40.935155]}, "properties": {"intersectionId": "ix-1948", "connectedWayCount": 2}}, {"type": "Feature", "geometry": {"type": "Point", "coordinates": [-73.740893, 40.930307]}, "properties": {"intersectionId": "ix-1949", "connectedWayCount": 2}}, {"type": "Feature", "geometry": {"type": "Point", "coordinates": [-73.740245, 40.930866]}, "properties": {"intersectionId": "ix-1962", "connectedWayCount": 2}}, {"type": "Feature", "geometry": {"type": "Point", "coordinates": [-73.747879, 40.927157]}, "properties": {"intersectionId": "ix-1963", "connectedWayCount": 2}}, {"type": "Feature", "geometry": {"type": "Point", "coordinates": [-73.74926, 40.928512]}, "properties": {"intersectionId": "ix-1981", "connectedWayCount": 4}}, {"type": "Feature", "geometry": {"type": "Point", "coordinates": [-73.759712, 40.944263]}, "properties": {"intersectionId": "ix-1982", "connectedWayCount": 2}}, {"type": "Feature", "geometry": {"type": "Point", "coordinates": [-73.759218, 40.944382]}, "properties": {"intersectionId": "ix-1984", "connectedWayCount": 2}}, {"type": "Feature", "geometry": {"type": "Point", "coordinates": [-73.757022, 40.944662]}, "properties": {"intersectionId": "ix-1991", "connectedWayCount": 2}}, {"type": "Feature", "geometry": {"type": "Point", "coordinates": [-73.757055, 40.945661]}, "properties": {"intersectionId": "ix-2000", "connectedWayCount": 3}}, {"type": "Feature", "geometry": {"type": "Point", "coordinates": [-73.740988, 40.967848]}, "properties": {"intersectionId": "ix-2001", "connectedWayCount": 3}}, {"type": "Feature", "geometry": {"type": "Point", "coordinates": [-73.741132, 40.967803]}, "properties": {"intersectionId": "ix-2002", "connectedWayCount": 4}}, {"type": "Feature", "geometry": {"type": "Point", "coordinates": [-73.734568, 40.96413]}, "properties": {"intersectionId": "ix-2003", "connectedWayCount": 2}}, {"type": "Feature", "geometry": {"type": "Point", "coordinates": [-73.732941, 40.964497]}, "properties": {"intersectionId": "ix-2005", "connectedWayCount": 2}}, {"type": "Feature", "geometry": {"type": "Point", "coordinates": [-73.732077, 40.9647]}, "properties": {"intersectionId": "ix-2006", "connectedWayCount": 2}}, {"type": "Feature", "geometry": {"type": "Point", "coordinates": [-73.731664, 40.964799]}, "properties": {"intersectionId": "ix-2007", "connectedWayCount": 2}}, {"type": "Feature", "geometry": {"type": "Point", "coordinates": [-73.747318, 40.971575]}, "properties": {"intersectionId": "ix-2009", "connectedWayCount": 3}}, {"type": "Feature", "geometry": {"type": "Point", "coordinates": [-73.747281, 40.971697]}, "properties": {"intersectionId": "ix-2011", "connectedWayCount": 2}}, {"type": "Feature", "geometry": {"type": "Point", "coordinates": [-73.753564, 40.954346]}, "properties": {"intersectionId": "ix-2012", "connectedWayCount": 2}}, {"type": "Feature", "geometry": {"type": "Point", "coordinates": [-73.752144, 40.95466]}, "properties": {"intersectionId": "ix-2022", "connectedWayCount": 4}}, {"type": "Feature", "geometry": {"type": "Point", "coordinates": [-73.748291, 40.918102]}, "properties": {"intersectionId": "ix-2023", "connectedWayCount": 2}}, {"type": "Feature", "geometry": {"type": "Point", "coordinates": [-73.748621, 40.918754]}, "properties": {"intersectionId": "ix-2025", "connectedWayCount": 2}}, {"type": "Feature", "geometry": {"type": "Point", "coordinates": [-73.748929, 40.919318]}, "properties": {"intersectionId": "ix-2026", "connectedWayCount": 2}}, {"type": "Feature", "geometry": {"type": "Point", "coordinates": [-73.749176, 40.919777]}, "properties": {"intersectionId": "ix-2027", "connectedWayCount": 3}}, {"type": "Feature", "geometry": {"type": "Point", "coordinates": [-73.749557, 40.920495]}, "properties": {"intersectionId": "ix-2028", "connectedWayCount": 3}}, {"type": "Feature", "geometry": {"type": "Point", "coordinates": [-73.749905, 40.921125]}, "properties": {"intersectionId": "ix-2029", "connectedWayCount": 2}}, {"type": "Feature", "geometry": {"type": "Point", "coordinates": [-73.750582, 40.922379]}, "properties": {"intersectionId": "ix-2030", "connectedWayCount": 2}}, {"type": "Feature", "geometry": {"type": "Point", "coordinates": [-73.750897, 40.923027]}, "properties": {"intersectionId": "ix-2031", "connectedWayCount": 2}}, {"type": "Feature", "geometry": {"type": "Point", "coordinates": [-73.751175, 40.923687]}, "properties": {"intersectionId": "ix-2032", "connectedWayCount": 2}}, {"type": "Feature", "geometry": {"type": "Point", "coordinates": [-73.751524, 40.92448]}, "properties": {"intersectionId": "ix-2033", "connectedWayCount": 2}}, {"type": "Feature", "geometry": {"type": "Point", "coordinates": [-73.75175, 40.925067]}, "properties": {"intersectionId": "ix-2034", "connectedWayCount": 2}}, {"type": "Feature", "geometry": {"type": "Point", "coordinates": [-73.73586, 40.949318]}, "properties": {"intersectionId": "ix-2035", "connectedWayCount": 3}}, {"type": "Feature", "geometry": {"type": "Point", "coordinates": [-73.736742, 40.949111]}, "properties": {"intersectionId": "ix-2036", "connectedWayCount": 3}}, {"type": "Feature", "geometry": {"type": "Point", "coordinates": [-73.738325, 40.947894]}, "properties": {"intersectionId": "ix-2040", "connectedWayCount": 2}}, {"type": "Feature", "geometry": {"type": "Point", "coordinates": [-73.739054, 40.947325]}, "properties": {"intersectionId": "ix-2041", "connectedWayCount": 2}}, {"type": "Feature", "geometry": {"type": "Point", "coordinates": [-73.74055, 40.946115]}, "properties": {"intersectionId": "ix-2042", "connectedWayCount": 2}}, {"type": "Feature", "geometry": {"type": "Point", "coordinates": [-73.7413, 40.945514]}, "properties": {"intersectionId": "ix-2043", "connectedWayCount": 2}}, {"type": "Feature", "geometry": {"type": "Point", "coordinates": [-73.742557, 40.94472]}, "properties": {"intersectionId": "ix-2046", "connectedWayCount": 2}}, {"type": "Feature", "geometry": {"type": "Point", "coordinates": [-73.76065, 40.926757]}, "properties": {"intersectionId": "ix-2057", "connectedWayCount": 2}}, {"type": "Feature", "geometry": {"type": "Point", "coordinates": [-73.737721, 40.958075]}, "properties": {"intersectionId": "ix-2075", "connectedWayCount": 3}}, {"type": "Feature", "geometry": {"type": "Point", "coordinates": [-73.73697, 40.957919]}, "properties": {"intersectionId": "ix-2076", "connectedWayCount": 2}}, {"type": "Feature", "geometry": {"type": "Point", "coordinates": [-73.749209, 40.966782]}, "properties": {"intersectionId": "ix-2082", "connectedWayCount": 2}}, {"type": "Feature", "geometry": {"type": "Point", "coordinates": [-73.725928, 40.937911]}, "properties": {"intersectionId": "ix-2083", "connectedWayCount": 2}}, {"type": "Feature", "geometry": {"type": "Point", "coordinates": [-73.726325, 40.937435]}, "properties": {"intersectionId": "ix-2084", "connectedWayCount": 2}}, {"type": "Feature", "geometry": {"type": "Point", "coordinates": [-73.726702, 40.936963]}, "properties": {"intersectionId": "ix-2086", "connectedWayCount": 2}}, {"type": "Feature", "geometry": {"type": "Point", "coordinates": [-73.727049, 40.936528]}, "properties": {"intersectionId": "ix-2087", "connectedWayCount": 2}}, {"type": "Feature", "geometry": {"type": "Point", "coordinates": [-73.75324, 40.914444]}, "properties": {"intersectionId": "ix-2089", "connectedWayCount": 2}}, {"type": "Feature", "geometry": {"type": "Point", "coordinates": [-73.739177, 40.948937]}, "properties": {"intersectionId": "ix-2090", "connectedWayCount": 2}}, {"type": "Feature", "geometry": {"type": "Point", "coordinates": [-73.739704, 40.94945]}, "properties": {"intersectionId": "ix-2093", "connectedWayCount": 3}}, {"type": "Feature", "geometry": {"type": "Point", "coordinates": [-73.740499, 40.949874]}, "properties": {"intersectionId": "ix-2095", "connectedWayCount": 3}}, {"type": "Feature", "geometry": {"type": "Point", "coordinates": [-73.751738, 40.936538]}, "properties": {"intersectionId": "ix-2096", "connectedWayCount": 2}}, {"type": "Feature", "geometry": {"type": "Point", "coordinates": [-73.750674, 40.935887]}, "properties": {"intersectionId": "ix-2098", "connectedWayCount": 2}}, {"type": "Feature", "geometry": {"type": "Point", "coordinates": [-73.713368, 40.971973]}, "properties": {"intersectionId": "ix-2099", "connectedWayCount": 3}}, {"type": "Feature", "geometry": {"type": "Point", "coordinates": [-73.713898, 40.971868]}, "properties": {"intersectionId": "ix-2101", "connectedWayCount": 2}}, {"type": "Feature", "geometry": {"type": "Point", "coordinates": [-73.715976, 40.971522]}, "properties": {"intersectionId": "ix-2103", "connectedWayCount": 2}}, {"type": "Feature", "geometry": {"type": "Point", "coordinates": [-73.717805, 40.971405]}, "properties": {"intersectionId": "ix-2105", "connectedWayCount": 2}}, {"type": "Feature", "geometry": {"type": "Point", "coordinates": [-73.718706, 40.971346]}, "properties": {"intersectionId": "ix-2106", "connectedWayCount": 2}}, {"type": "Feature", "geometry": {"type": "Point", "coordinates": [-73.719602, 40.97128]}, "properties": {"intersectionId": "ix-2107", "connectedWayCount": 3}}, {"type": "Feature", "geometry": {"type": "Point", "coordinates": [-73.720493, 40.971237]}, "properties": {"intersectionId": "ix-2109", "connectedWayCount": 3}}, {"type": "Feature", "geometry": {"type": "Point", "coordinates": [-73.710424, 40.949819]}, "properties": {"intersectionId": "ix-2110", "connectedWayCount": 3}}, {"type": "Feature", "geometry": {"type": "Point", "coordinates": [-73.709235, 40.9478]}, "properties": {"intersectionId": "ix-2125", "connectedWayCount": 2}}, {"type": "Feature", "geometry": {"type": "Point", "coordinates": [-73.708863, 40.947882]}, "properties": {"intersectionId": "ix-2128", "connectedWayCount": 2}}, {"type": "Feature", "geometry": {"type": "Point", "coordinates": [-73.710361, 40.94981]}, "properties": {"intersectionId": "ix-2135", "connectedWayCount": 2}}, {"type": "Feature", "geometry": {"type": "Point", "coordinates": [-73.747124, 40.922385]}, "properties": {"intersectionId": "ix-2136", "connectedWayCount": 2}}, {"type": "Feature", "geometry": {"type": "Point", "coordinates": [-73.747707, 40.923319]}, "properties": {"intersectionId": "ix-2139", "connectedWayCount": 2}}, {"type": "Feature", "geometry": {"type": "Point", "coordinates": [-73.732093, 40.9602]}, "properties": {"intersectionId": "ix-2140", "connectedWayCount": 2}}, {"type": "Feature", "geometry": {"type": "Point", "coordinates": [-73.731377, 40.961295]}, "properties": {"intersectionId": "ix-2143", "connectedWayCount": 2}}, {"type": "Feature", "geometry": {"type": "Point", "coordinates": [-73.731154, 40.961662]}, "properties": {"intersectionId": "ix-2144", "connectedWayCount": 2}}, {"type": "Feature", "geometry": {"type": "Point", "coordinates": [-73.730949, 40.961997]}, "properties": {"intersectionId": "ix-2145", "connectedWayCount": 2}}, {"type": "Feature", "geometry": {"type": "Point", "coordinates": [-73.729881, 40.963509]}, "properties": {"intersectionId": "ix-2148", "connectedWayCount": 2}}, {"type": "Feature", "geometry": {"type": "Point", "coordinates": [-73.727512, 40.965131]}, "properties": {"intersectionId": "ix-2159", "connectedWayCount": 4}}, {"type": "Feature", "geometry": {"type": "Point", "coordinates": [-73.736451, 40.947042]}, "properties": {"intersectionId": "ix-2161", "connectedWayCount": 2}}, {"type": "Feature", "geometry": {"type": "Point", "coordinates": [-73.736656, 40.946894]}, "properties": {"intersectionId": "ix-2162", "connectedWayCount": 3}}, {"type": "Feature", "geometry": {"type": "Point", "coordinates": [-73.737206, 40.946539]}, "properties": {"intersectionId": "ix-2164", "connectedWayCount": 2}}, {"type": "Feature", "geometry": {"type": "Point", "coordinates": [-73.737752, 40.946161]}, "properties": {"intersectionId": "ix-2166", "connectedWayCount": 2}}, {"type": "Feature", "geometry": {"type": "Point", "coordinates": [-73.739111, 40.94508]}, "properties": {"intersectionId": "ix-2167", "connectedWayCount": 2}}, {"type": "Feature", "geometry": {"type": "Point", "coordinates": [-73.740235, 40.94418]}, "properties": {"intersectionId": "ix-2168", "connectedWayCount": 2}}, {"type": "Feature", "geometry": {"type": "Point", "coordinates": [-73.746993, 40.936318]}, "properties": {"intersectionId": "ix-2170", "connectedWayCount": 2}}, {"type": "Feature", "geometry": {"type": "Point", "coordinates": [-73.746632, 40.936379]}, "properties": {"intersectionId": "ix-2172", "connectedWayCount": 2}}, {"type": "Feature", "geometry": {"type": "Point", "coordinates": [-73.745769, 40.936504]}, "properties": {"intersectionId": "ix-2177", "connectedWayCount": 2}}, {"type": "Feature", "geometry": {"type": "Point", "coordinates": [-73.742255, 40.957382]}, "properties": {"intersectionId": "ix-2192", "connectedWayCount": 2}}, {"type": "Feature", "geometry": {"type": "Point", "coordinates": [-73.742226, 40.957426]}, "properties": {"intersectionId": "ix-2193", "connectedWayCount": 2}}, {"type": "Feature", "geometry": {"type": "Point", "coordinates": [-73.741329, 40.959569]}, "properties": {"intersectionId": "ix-2204", "connectedWayCount": 3}}, {"type": "Feature", "geometry": {"type": "Point", "coordinates": [-73.757811, 40.976315]}, "properties": {"intersectionId": "ix-2205", "connectedWayCount": 2}}, {"type": "Feature", "geometry": {"type": "Point", "coordinates": [-73.760049, 40.975579]}, "properties": {"intersectionId": "ix-2214", "connectedWayCount": 2}}, {"type": "Feature", "geometry": {"type": "Point", "coordinates": [-73.761707, 40.975076]}, "properties": {"intersectionId": "ix-2219", "connectedWayCount": 2}}, {"type": "Feature", "geometry": {"type": "Point", "coordinates": [-73.756205, 40.955406]}, "properties": {"intersectionId": "ix-2222", "connectedWayCount": 3}}, {"type": "Feature", "geometry": {"type": "Point", "coordinates": [-73.757092, 40.956396]}, "properties": {"intersectionId": "ix-2233", "connectedWayCount": 2}}, {"type": "Feature", "geometry": {"type": "Point", "coordinates": [-73.729272, 40.963219]}, "properties": {"intersectionId": "ix-2234", "connectedWayCount": 2}}, {"type": "Feature", "geometry": {"type": "Point", "coordinates": [-73.749443, 40.9555]}, "properties": {"intersectionId": "ix-2246", "connectedWayCount": 3}}, {"type": "Feature", "geometry": {"type": "Point", "coordinates": [-73.722874, 40.963177]}, "properties": {"intersectionId": "ix-2247", "connectedWayCount": 2}}, {"type": "Feature", "geometry": {"type": "Point", "coordinates": [-73.722075, 40.963665]}, "properties": {"intersectionId": "ix-2248", "connectedWayCount": 2}}, {"type": "Feature", "geometry": {"type": "Point", "coordinates": [-73.720737, 40.964481]}, "properties": {"intersectionId": "ix-2249", "connectedWayCount": 2}}, {"type": "Feature", "geometry": {"type": "Point", "coordinates": [-73.719414, 40.965306]}, "properties": {"intersectionId": "ix-2250", "connectedWayCount": 3}}, {"type": "Feature", "geometry": {"type": "Point", "coordinates": [-73.718312, 40.966063]}, "properties": {"intersectionId": "ix-2252", "connectedWayCount": 2}}, {"type": "Feature", "geometry": {"type": "Point", "coordinates": [-73.71738, 40.966808]}, "properties": {"intersectionId": "ix-2254", "connectedWayCount": 2}}, {"type": "Feature", "geometry": {"type": "Point", "coordinates": [-73.727508, 40.960395]}, "properties": {"intersectionId": "ix-2255", "connectedWayCount": 2}}, {"type": "Feature", "geometry": {"type": "Point", "coordinates": [-73.726804, 40.960785]}, "properties": {"intersectionId": "ix-2256", "connectedWayCount": 2}}, {"type": "Feature", "geometry": {"type": "Point", "coordinates": [-73.726086, 40.961197]}, "properties": {"intersectionId": "ix-2258", "connectedWayCount": 2}}, {"type": "Feature", "geometry": {"type": "Point", "coordinates": [-73.725363, 40.961626]}, "properties": {"intersectionId": "ix-2259", "connectedWayCount": 2}}, {"type": "Feature", "geometry": {"type": "Point", "coordinates": [-73.724662, 40.962061]}, "properties": {"intersectionId": "ix-2260", "connectedWayCount": 2}}, {"type": "Feature", "geometry": {"type": "Point", "coordinates": [-73.723958, 40.962499]}, "properties": {"intersectionId": "ix-2261", "connectedWayCount": 2}}, {"type": "Feature", "geometry": {"type": "Point", "coordinates": [-73.758226, 40.932624]}, "properties": {"intersectionId": "ix-2263", "connectedWayCount": 3}}, {"type": "Feature", "geometry": {"type": "Point", "coordinates": [-73.723343, 40.962764]}, "properties": {"intersectionId": "ix-2268", "connectedWayCount": 2}}, {"type": "Feature", "geometry": {"type": "Point", "coordinates": [-73.722751, 40.962975]}, "properties": {"intersectionId": "ix-2269", "connectedWayCount": 2}}, {"type": "Feature", "geometry": {"type": "Point", "coordinates": [-73.737441, 40.940353]}, "properties": {"intersectionId": "ix-2270", "connectedWayCount": 2}}, {"type": "Feature", "geometry": {"type": "Point", "coordinates": [-73.759667, 40.96303]}, "properties": {"intersectionId": "ix-2299", "connectedWayCount": 2}}, {"type": "Feature", "geometry": {"type": "Point", "coordinates": [-73.752478, 40.94569]}, "properties": {"intersectionId": "ix-2300", "connectedWayCount": 3}}, {"type": "Feature", "geometry": {"type": "Point", "coordinates": [-73.735506, 40.953045]}, "properties": {"intersectionId": "ix-2304", "connectedWayCount": 2}}, {"type": "Feature", "geometry": {"type": "Point", "coordinates": [-73.719893, 40.96888]}, "properties": {"intersectionId": "ix-2307", "connectedWayCount": 2}}, {"type": "Feature", "geometry": {"type": "Point", "coordinates": [-73.719346, 40.968937]}, "properties": {"intersectionId": "ix-2308", "connectedWayCount": 2}}, {"type": "Feature", "geometry": {"type": "Point", "coordinates": [-73.71906, 40.968967]}, "properties": {"intersectionId": "ix-2309", "connectedWayCount": 2}}, {"type": "Feature", "geometry": {"type": "Point", "coordinates": [-73.718088, 40.969016]}, "properties": {"intersectionId": "ix-2310", "connectedWayCount": 2}}, {"type": "Feature", "geometry": {"type": "Point", "coordinates": [-73.715721, 40.969402]}, "properties": {"intersectionId": "ix-2313", "connectedWayCount": 2}}, {"type": "Feature", "geometry": {"type": "Point", "coordinates": [-73.714472, 40.969642]}, "properties": {"intersectionId": "ix-2314", "connectedWayCount": 2}}, {"type": "Feature", "geometry": {"type": "Point", "coordinates": [-73.712961, 40.969939]}, "properties": {"intersectionId": "ix-2316", "connectedWayCount": 3}}, {"type": "Feature", "geometry": {"type": "Point", "coordinates": [-73.730758, 40.93452]}, "properties": {"intersectionId": "ix-2317", "connectedWayCount": 3}}, {"type": "Feature", "geometry": {"type": "Point", "coordinates": [-73.732001, 40.932067]}, "properties": {"intersectionId": "ix-2325", "connectedWayCount": 2}}, {"type": "Feature", "geometry": {"type": "Point", "coordinates": [-73.732771, 40.931954]}, "properties": {"intersectionId": "ix-2330", "connectedWayCount": 2}}, {"type": "Feature", "geometry": {"type": "Point", "coordinates": [-73.733029, 40.931816]}, "properties": {"intersectionId": "ix-2333", "connectedWayCount": 2}}, {"type": "Feature", "geometry": {"type": "Point", "coordinates": [-73.733107, 40.931763]}, "properties": {"intersectionId": "ix-2334", "connectedWayCount": 2}}, {"type": "Feature", "geometry": {"type": "Point", "coordinates": [-73.733366, 40.931558]}, "properties": {"intersectionId": "ix-2336", "connectedWayCount": 3}}, {"type": "Feature", "geometry": {"type": "Point", "coordinates": [-73.733819, 40.931082]}, "properties": {"intersectionId": "ix-2337", "connectedWayCount": 2}}, {"type": "Feature", "geometry": {"type": "Point", "coordinates": [-73.734088, 40.930834]}, "properties": {"intersectionId": "ix-2339", "connectedWayCount": 2}}, {"type": "Feature", "geometry": {"type": "Point", "coordinates": [-73.734521, 40.930622]}, "properties": {"intersectionId": "ix-2343", "connectedWayCount": 2}}, {"type": "Feature", "geometry": {"type": "Point", "coordinates": [-73.734939, 40.930563]}, "properties": {"intersectionId": "ix-2345", "connectedWayCount": 3}}, {"type": "Feature", "geometry": {"type": "Point", "coordinates": [-73.736006, 40.929871]}, "properties": {"intersectionId": "ix-2351", "connectedWayCount": 2}}, {"type": "Feature", "geometry": {"type": "Point", "coordinates": [-73.736553, 40.929427]}, "properties": {"intersectionId": "ix-2352", "connectedWayCount": 2}}, {"type": "Feature", "geometry": {"type": "Point", "coordinates": [-73.758954, 40.959518]}, "properties": {"intersectionId": "ix-2355", "connectedWayCount": 2}}, {"type": "Feature", "geometry": {"type": "Point", "coordinates": [-73.758668, 40.959225]}, "properties": {"intersectionId": "ix-2356", "connectedWayCount": 2}}, {"type": "Feature", "geometry": {"type": "Point", "coordinates": [-73.758454, 40.958974]}, "properties": {"intersectionId": "ix-2358", "connectedWayCount": 2}}, {"type": "Feature", "geometry": {"type": "Point", "coordinates": [-73.758153, 40.95823]}, "properties": {"intersectionId": "ix-2360", "connectedWayCount": 2}}, {"type": "Feature", "geometry": {"type": "Point", "coordinates": [-73.735501, 40.960315]}, "properties": {"intersectionId": "ix-2361", "connectedWayCount": 2}}, {"type": "Feature", "geometry": {"type": "Point", "coordinates": [-73.735362, 40.960324]}, "properties": {"intersectionId": "ix-2362", "connectedWayCount": 2}}, {"type": "Feature", "geometry": {"type": "Point", "coordinates": [-73.734011, 40.961247]}, "properties": {"intersectionId": "ix-2363", "connectedWayCount": 3}}, {"type": "Feature", "geometry": {"type": "Point", "coordinates": [-73.726482, 40.952581]}, "properties": {"intersectionId": "ix-2365", "connectedWayCount": 3}}, {"type": "Feature", "geometry": {"type": "Point", "coordinates": [-73.726589, 40.952759]}, "properties": {"intersectionId": "ix-2367", "connectedWayCount": 2}}, {"type": "Feature", "geometry": {"type": "Point", "coordinates": [-73.726789, 40.953002]}, "properties": {"intersectionId": "ix-2368", "connectedWayCount": 2}}, {"type": "Feature", "geometry": {"type": "Point", "coordinates": [-73.726898, 40.953156]}, "properties": {"intersectionId": "ix-2369", "connectedWayCount": 2}}, {"type": "Feature", "geometry": {"type": "Point", "coordinates": [-73.726929, 40.9532]}, "properties": {"intersectionId": "ix-2370", "connectedWayCount": 2}}, {"type": "Feature", "geometry": {"type": "Point", "coordinates": [-73.727011, 40.953315]}, "properties": {"intersectionId": "ix-2371", "connectedWayCount": 2}}, {"type": "Feature", "geometry": {"type": "Point", "coordinates": [-73.727226, 40.953617]}, "properties": {"intersectionId": "ix-2373", "connectedWayCount": 2}}, {"type": "Feature", "geometry": {"type": "Point", "coordinates": [-73.727395, 40.953848]}, "properties": {"intersectionId": "ix-2374", "connectedWayCount": 2}}, {"type": "Feature", "geometry": {"type": "Point", "coordinates": [-73.728462, 40.955242]}, "properties": {"intersectionId": "ix-2376", "connectedWayCount": 2}}, {"type": "Feature", "geometry": {"type": "Point", "coordinates": [-73.729208, 40.956285]}, "properties": {"intersectionId": "ix-2378", "connectedWayCount": 2}}, {"type": "Feature", "geometry": {"type": "Point", "coordinates": [-73.729787, 40.95708]}, "properties": {"intersectionId": "ix-2379", "connectedWayCount": 2}}, {"type": "Feature", "geometry": {"type": "Point", "coordinates": [-73.73007, 40.957468]}, "properties": {"intersectionId": "ix-2380", "connectedWayCount": 2}}, {"type": "Feature", "geometry": {"type": "Point", "coordinates": [-73.730613, 40.958185]}, "properties": {"intersectionId": "ix-2381", "connectedWayCount": 2}}, {"type": "Feature", "geometry": {"type": "Point", "coordinates": [-73.730676, 40.958267]}, "properties": {"intersectionId": "ix-2382", "connectedWayCount": 2}}, {"type": "Feature", "geometry": {"type": "Point", "coordinates": [-73.730801, 40.958429]}, "properties": {"intersectionId": "ix-2383", "connectedWayCount": 2}}, {"type": "Feature", "geometry": {"type": "Point", "coordinates": [-73.719268, 40.976181]}, "properties": {"intersectionId": "ix-2384", "connectedWayCount": 2}}, {"type": "Feature", "geometry": {"type": "Point", "coordinates": [-73.754234, 40.936169]}, "properties": {"intersectionId": "ix-2387", "connectedWayCount": 2}}, {"type": "Feature", "geometry": {"type": "Point", "coordinates": [-73.753624, 40.935221]}, "properties": {"intersectionId": "ix-2396", "connectedWayCount": 2}}, {"type": "Feature", "geometry": {"type": "Point", "coordinates": [-73.753252, 40.934926]}, "properties": {"intersectionId": "ix-2401", "connectedWayCount": 2}}, {"type": "Feature", "geometry": {"type": "Point", "coordinates": [-73.703863, 40.948782]}, "properties": {"intersectionId": "ix-2420", "connectedWayCount": 2}}, {"type": "Feature", "geometry": {"type": "Point", "coordinates": [-73.713271, 40.94545]}, "properties": {"intersectionId": "ix-2423", "connectedWayCount": 2}}, {"type": "Feature", "geometry": {"type": "Point", "coordinates": [-73.713909, 40.945595]}, "properties": {"intersectionId": "ix-2428", "connectedWayCount": 2}}, {"type": "Feature", "geometry": {"type": "Point", "coordinates": [-73.715141, 40.946084]}, "properties": {"intersectionId": "ix-2431", "connectedWayCount": 3}}, {"type": "Feature", "geometry": {"type": "Point", "coordinates": [-73.730659, 40.931097]}, "properties": {"intersectionId": "ix-2433", "connectedWayCount": 2}}, {"type": "Feature", "geometry": {"type": "Point", "coordinates": [-73.730342, 40.93136]}, "properties": {"intersectionId": "ix-2437", "connectedWayCount": 2}}, {"type": "Feature", "geometry": {"type": "Point", "coordinates": [-73.728689, 40.931019]}, "properties": {"intersectionId": "ix-2447", "connectedWayCount": 2}}, {"type": "Feature", "geometry": {"type": "Point", "coordinates": [-73.711672, 40.957283]}, "properties": {"intersectionId": "ix-2453", "connectedWayCount": 2}}, {"type": "Feature", "geometry": {"type": "Point", "coordinates": [-73.712785, 40.956578]}, "properties": {"intersectionId": "ix-2462", "connectedWayCount": 2}}, {"type": "Feature", "geometry": {"type": "Point", "coordinates": [-73.759719, 40.924523]}, "properties": {"intersectionId": "ix-2469", "connectedWayCount": 2}}, {"type": "Feature", "geometry": {"type": "Point", "coordinates": [-73.759692, 40.924423]}, "properties": {"intersectionId": "ix-2470", "connectedWayCount": 2}}, {"type": "Feature", "geometry": {"type": "Point", "coordinates": [-73.75955, 40.924125]}, "properties": {"intersectionId": "ix-2473", "connectedWayCount": 3}}, {"type": "Feature", "geometry": {"type": "Point", "coordinates": [-73.759175, 40.936217]}, "properties": {"intersectionId": "ix-2474", "connectedWayCount": 2}}, {"type": "Feature", "geometry": {"type": "Point", "coordinates": [-73.759231, 40.931237]}, "properties": {"intersectionId": "ix-2483", "connectedWayCount": 4}}, {"type": "Feature", "geometry": {"type": "Point", "coordinates": [-73.759767, 40.92974]}, "properties": {"intersectionId": "ix-2491", "connectedWayCount": 2}}, {"type": "Feature", "geometry": {"type": "Point", "coordinates": [-73.739431, 40.954248]}, "properties": {"intersectionId": "ix-2492", "connectedWayCount": 2}}, {"type": "Feature", "geometry": {"type": "Point", "coordinates": [-73.741526, 40.952232]}, "properties": {"intersectionId": "ix-2493", "connectedWayCount": 2}}, {"type": "Feature", "geometry": {"type": "Point", "coordinates": [-73.741564, 40.952195]}, "properties": {"intersectionId": "ix-2494", "connectedWayCount": 3}}, {"type": "Feature", "geometry": {"type": "Point", "coordinates": [-73.755987, 40.941548]}, "properties": {"intersectionId": "ix-2496", "connectedWayCount": 2}}, {"type": "Feature", "geometry": {"type": "Point", "coordinates": [-73.734455, 40.939842]}, "properties": {"intersectionId": "ix-2498", "connectedWayCount": 2}}, {"type": "Feature", "geometry": {"type": "Point", "coordinates": [-73.732406, 40.938969]}, "properties": {"intersectionId": "ix-2500", "connectedWayCount": 2}}, {"type": "Feature", "geometry": {"type": "Point", "coordinates": [-73.73129, 40.938489]}, "properties": {"intersectionId": "ix-2501", "connectedWayCount": 2}}, {"type": "Feature", "geometry": {"type": "Point", "coordinates": [-73.730011, 40.937956]}, "properties": {"intersectionId": "ix-2502", "connectedWayCount": 2}}, {"type": "Feature", "geometry": {"type": "Point", "coordinates": [-73.728608, 40.937319]}, "properties": {"intersectionId": "ix-2504", "connectedWayCount": 2}}, {"type": "Feature", "geometry": {"type": "Point", "coordinates": [-73.725738, 40.935936]}, "properties": {"intersectionId": "ix-2507", "connectedWayCount": 3}}, {"type": "Feature", "geometry": {"type": "Point", "coordinates": [-73.731284, 40.954142]}, "properties": {"intersectionId": "ix-2508", "connectedWayCount": 2}}, {"type": "Feature", "geometry": {"type": "Point", "coordinates": [-73.729855, 40.954733]}, "properties": {"intersectionId": "ix-2510", "connectedWayCount": 2}}, {"type": "Feature", "geometry": {"type": "Point", "coordinates": [-73.72987, 40.951874]}, "properties": {"intersectionId": "ix-2511", "connectedWayCount": 3}}, {"type": "Feature", "geometry": {"type": "Point", "coordinates": [-73.730826, 40.953429]}, "properties": {"intersectionId": "ix-2516", "connectedWayCount": 2}}, {"type": "Feature", "geometry": {"type": "Point", "coordinates": [-73.759437, 40.949433]}, "properties": {"intersectionId": "ix-2517", "connectedWayCount": 2}}, {"type": "Feature", "geometry": {"type": "Point", "coordinates": [-73.716601, 40.955759]}, "properties": {"intersectionId": "ix-2540", "connectedWayCount": 2}}, {"type": "Feature", "geometry": {"type": "Point", "coordinates": [-73.738975, 40.93116]}, "properties": {"intersectionId": "ix-2541", "connectedWayCount": 2}}, {"type": "Feature", "geometry": {"type": "Point", "coordinates": [-73.73906, 40.931056]}, "properties": {"intersectionId": "ix-2542", "connectedWayCount": 2}}, {"type": "Feature", "geometry": {"type": "Point", "coordinates": [-73.739343, 40.930712]}, "properties": {"intersectionId": "ix-2543", "connectedWayCount": 2}}, {"type": "Feature", "geometry": {"type": "Point", "coordinates": [-73.74944, 40.917753]}, "properties": {"intersectionId": "ix-2544", "connectedWayCount": 4}}, {"type": "Feature", "geometry": {"type": "Point", "coordinates": [-73.75033, 40.917457]}, "properties": {"intersectionId": "ix-2546", "connectedWayCount": 3}}, {"type": "Feature", "geometry": {"type": "Point", "coordinates": [-73.751494, 40.91711]}, "properties": {"intersectionId": "ix-2548", "connectedWayCount": 2}}, {"type": "Feature", "geometry": {"type": "Point", "coordinates": [-73.752287, 40.916944]}, "properties": {"intersectionId": "ix-2551", "connectedWayCount": 2}}, {"type": "Feature", "geometry": {"type": "Point", "coordinates": [-73.736389, 40.947625]}, "properties": {"intersectionId": "ix-2552", "connectedWayCount": 2}}, {"type": "Feature", "geometry": {"type": "Point", "coordinates": [-73.736434, 40.947593]}, "properties": {"intersectionId": "ix-2553", "connectedWayCount": 2}}, {"type": "Feature", "geometry": {"type": "Point", "coordinates": [-73.737021, 40.94719]}, "properties": {"intersectionId": "ix-2554", "connectedWayCount": 2}}, {"type": "Feature", "geometry": {"type": "Point", "coordinates": [-73.737477, 40.946877]}, "properties": {"intersectionId": "ix-2555", "connectedWayCount": 2}}, {"type": "Feature", "geometry": {"type": "Point", "coordinates": [-73.755135, 40.953581]}, "properties": {"intersectionId": "ix-2560", "connectedWayCount": 2}}, {"type": "Feature", "geometry": {"type": "Point", "coordinates": [-73.755403, 40.953366]}, "properties": {"intersectionId": "ix-2561", "connectedWayCount": 2}}, {"type": "Feature", "geometry": {"type": "Point", "coordinates": [-73.756626, 40.925078]}, "properties": {"intersectionId": "ix-2567", "connectedWayCount": 2}}, {"type": "Feature", "geometry": {"type": "Point", "coordinates": [-73.756326, 40.926217]}, "properties": {"intersectionId": "ix-2570", "connectedWayCount": 2}}, {"type": "Feature", "geometry": {"type": "Point", "coordinates": [-73.757624, 40.927466]}, "properties": {"intersectionId": "ix-2577", "connectedWayCount": 2}}, {"type": "Feature", "geometry": {"type": "Point", "coordinates": [-73.758632, 40.928017]}, "properties": {"intersectionId": "ix-2580", "connectedWayCount": 2}}, {"type": "Feature", "geometry": {"type": "Point", "coordinates": [-73.760376, 40.929213]}, "properties": {"intersectionId": "ix-2595", "connectedWayCount": 2}}, {"type": "Feature", "geometry": {"type": "Point", "coordinates": [-73.723109, 40.972559]}, "properties": {"intersectionId": "ix-2597", "connectedWayCount": 2}}, {"type": "Feature", "geometry": {"type": "Point", "coordinates": [-73.72245, 40.972738]}, "properties": {"intersectionId": "ix-2602", "connectedWayCount": 2}}, {"type": "Feature", "geometry": {"type": "Point", "coordinates": [-73.721586, 40.972799]}, "properties": {"intersectionId": "ix-2603", "connectedWayCount": 2}}, {"type": "Feature", "geometry": {"type": "Point", "coordinates": [-73.759424, 40.943985]}, "properties": {"intersectionId": "ix-2611", "connectedWayCount": 2}}, {"type": "Feature", "geometry": {"type": "Point", "coordinates": [-73.712286, 40.954582]}, "properties": {"intersectionId": "ix-2614", "connectedWayCount": 2}}, {"type": "Feature", "geometry": {"type": "Point", "coordinates": [-73.712104, 40.954383]}, "properties": {"intersectionId": "ix-2615", "connectedWayCount": 2}}, {"type": "Feature", "geometry": {"type": "Point", "coordinates": [-73.711022, 40.953476]}, "properties": {"intersectionId": "ix-2617", "connectedWayCount": 2}}, {"type": "Feature", "geometry": {"type": "Point", "coordinates": [-73.711454, 40.949572]}, "properties": {"intersectionId": "ix-2618", "connectedWayCount": 3}}, {"type": "Feature", "geometry": {"type": "Point", "coordinates": [-73.725744, 40.958737]}, "properties": {"intersectionId": "ix-2620", "connectedWayCount": 2}}, {"type": "Feature", "geometry": {"type": "Point", "coordinates": [-73.727764, 40.960565]}, "properties": {"intersectionId": "ix-2625", "connectedWayCount": 3}}, {"type": "Feature", "geometry": {"type": "Point", "coordinates": [-73.714499, 40.963663]}, "properties": {"intersectionId": "ix-2634", "connectedWayCount": 3}}, {"type": "Feature", "geometry": {"type": "Point", "coordinates": [-73.716393, 40.964621]}, "properties": {"intersectionId": "ix-2636", "connectedWayCount": 2}}, {"type": "Feature", "geometry": {"type": "Point", "coordinates": [-73.716996, 40.965117]}, "properties": {"intersectionId": "ix-2638", "connectedWayCount": 2}}, {"type": "Feature", "geometry": {"type": "Point", "coordinates": [-73.717683, 40.965608]}, "properties": {"intersectionId": "ix-2639", "connectedWayCount": 2}}, {"type": "Feature", "geometry": {"type": "Point", "coordinates": [-73.71781, 40.965703]}, "properties": {"intersectionId": "ix-2640", "connectedWayCount": 2}}, {"type": "Feature", "geometry": {"type": "Point", "coordinates": [-73.717863, 40.965741]}, "properties": {"intersectionId": "ix-2641", "connectedWayCount": 2}}, {"type": "Feature", "geometry": {"type": "Point", "coordinates": [-73.718971, 40.966532]}, "properties": {"intersectionId": "ix-2642", "connectedWayCount": 3}}, {"type": "Feature", "geometry": {"type": "Point", "coordinates": [-73.719617, 40.966992]}, "properties": {"intersectionId": "ix-2643", "connectedWayCount": 2}}, {"type": "Feature", "geometry": {"type": "Point", "coordinates": [-73.715902, 40.97084]}, "properties": {"intersectionId": "ix-2644", "connectedWayCount": 2}}, {"type": "Feature", "geometry": {"type": "Point", "coordinates": [-73.714878, 40.970885]}, "properties": {"intersectionId": "ix-2645", "connectedWayCount": 2}}, {"type": "Feature", "geometry": {"type": "Point", "coordinates": [-73.718374, 40.959276]}, "properties": {"intersectionId": "ix-2646", "connectedWayCount": 2}}, {"type": "Feature", "geometry": {"type": "Point", "coordinates": [-73.717942, 40.958991]}, "properties": {"intersectionId": "ix-2647", "connectedWayCount": 2}}, {"type": "Feature", "geometry": {"type": "Point", "coordinates": [-73.717731, 40.958839]}, "properties": {"intersectionId": "ix-2648", "connectedWayCount": 2}}, {"type": "Feature", "geometry": {"type": "Point", "coordinates": [-73.7172, 40.958476]}, "properties": {"intersectionId": "ix-2649", "connectedWayCount": 3}}, {"type": "Feature", "geometry": {"type": "Point", "coordinates": [-73.74377, 40.938309]}, "properties": {"intersectionId": "ix-2655", "connectedWayCount": 2}}, {"type": "Feature", "geometry": {"type": "Point", "coordinates": [-73.737798, 40.95317]}, "properties": {"intersectionId": "ix-2656", "connectedWayCount": 3}}, {"type": "Feature", "geometry": {"type": "Point", "coordinates": [-73.737726, 40.95311]}, "properties": {"intersectionId": "ix-2657", "connectedWayCount": 2}}, {"type": "Feature", "geometry": {"type": "Point", "coordinates": [-73.735476, 40.965334]}, "properties": {"intersectionId": "ix-2658", "connectedWayCount": 2}}, {"type": "Feature", "geometry": {"type": "Point", "coordinates": [-73.735401, 40.965352]}, "properties": {"intersectionId": "ix-2659", "connectedWayCount": 2}}, {"type": "Feature", "geometry": {"type": "Point", "coordinates": [-73.734583, 40.965547]}, "properties": {"intersectionId": "ix-2660", "connectedWayCount": 2}}, {"type": "Feature", "geometry": {"type": "Point", "coordinates": [-73.733655, 40.965776]}, "properties": {"intersectionId": "ix-2661", "connectedWayCount": 2}}, {"type": "Feature", "geometry": {"type": "Point", "coordinates": [-73.732637, 40.966027]}, "properties": {"intersectionId": "ix-2662", "connectedWayCount": 2}}, {"type": "Feature", "geometry": {"type": "Point", "coordinates": [-73.731771, 40.966239]}, "properties": {"intersectionId": "ix-2663", "connectedWayCount": 2}}, {"type": "Feature", "geometry": {"type": "Point", "coordinates": [-73.719831, 40.973382]}, "properties": {"intersectionId": "ix-2664", "connectedWayCount": 3}}, {"type": "Feature", "geometry": {"type": "Point", "coordinates": [-73.718035, 40.973499]}, "properties": {"intersectionId": "ix-2666", "connectedWayCount": 2}}, {"type": "Feature", "geometry": {"type": "Point", "coordinates": [-73.7162, 40.973622]}, "properties": {"intersectionId": "ix-2667", "connectedWayCount": 3}}, {"type": "Feature", "geometry": {"type": "Point", "coordinates": [-73.722038, 40.958405]}, "properties": {"intersectionId": "ix-2668", "connectedWayCount": 2}}, {"type": "Feature", "geometry": {"type": "Point", "coordinates": [-73.724343, 40.959579]}, "properties": {"intersectionId": "ix-2677", "connectedWayCount": 2}}, {"type": "Feature", "geometry": {"type": "Point", "coordinates": [-73.704847, 40.968882]}, "properties": {"intersectionId": "ix-2679", "connectedWayCount": 2}}, {"type": "Feature", "geometry": {"type": "Point", "coordinates": [-73.759262, 40.973182]}, "properties": {"intersectionId": "ix-2681", "connectedWayCount": 3}}, {"type": "Feature", "geometry": {"type": "Point", "coordinates": [-73.758516, 40.974308]}, "properties": {"intersectionId": "ix-2686", "connectedWayCount": 2}}, {"type": "Feature", "geometry": {"type": "Point", "coordinates": [-73.733035, 40.957755]}, "properties": {"intersectionId": "ix-2697", "connectedWayCount": 2}}, {"type": "Feature", "geometry": {"type": "Point", "coordinates": [-73.734358, 40.958639]}, "properties": {"intersectionId": "ix-2698", "connectedWayCount": 3}}, {"type": "Feature", "geometry": {"type": "Point", "coordinates": [-73.712474, 40.967391]}, "properties": {"intersectionId": "ix-2699", "connectedWayCount": 2}}, {"type": "Feature", "geometry": {"type": "Point", "coordinates": [-73.711937, 40.967479]}, "properties": {"intersectionId": "ix-2700", "connectedWayCount": 2}}, {"type": "Feature", "geometry": {"type": "Point", "coordinates": [-73.711587, 40.967535]}, "properties": {"intersectionId": "ix-2701", "connectedWayCount": 2}}, {"type": "Feature", "geometry": {"type": "Point", "coordinates": [-73.759322, 40.967765]}, "properties": {"intersectionId": "ix-2735", "connectedWayCount": 2}}, {"type": "Feature", "geometry": {"type": "Point", "coordinates": [-73.758765, 40.968245]}, "properties": {"intersectionId": "ix-2737", "connectedWayCount": 2}}, {"type": "Feature", "geometry": {"type": "Point", "coordinates": [-73.757869, 40.969039]}, "properties": {"intersectionId": "ix-2741", "connectedWayCount": 2}}, {"type": "Feature", "geometry": {"type": "Point", "coordinates": [-73.757582, 40.969296]}, "properties": {"intersectionId": "ix-2742", "connectedWayCount": 2}}, {"type": "Feature", "geometry": {"type": "Point", "coordinates": [-73.757371, 40.969485]}, "properties": {"intersectionId": "ix-2743", "connectedWayCount": 2}}, {"type": "Feature", "geometry": {"type": "Point", "coordinates": [-73.756934, 40.969876]}, "properties": {"intersectionId": "ix-2745", "connectedWayCount": 2}}, {"type": "Feature", "geometry": {"type": "Point", "coordinates": [-73.756337, 40.97043]}, "properties": {"intersectionId": "ix-2747", "connectedWayCount": 2}}, {"type": "Feature", "geometry": {"type": "Point", "coordinates": [-73.755912, 40.9708]}, "properties": {"intersectionId": "ix-2749", "connectedWayCount": 2}}, {"type": "Feature", "geometry": {"type": "Point", "coordinates": [-73.755228, 40.971349]}, "properties": {"intersectionId": "ix-2750", "connectedWayCount": 3}}, {"type": "Feature", "geometry": {"type": "Point", "coordinates": [-73.753997, 40.972384]}, "properties": {"intersectionId": "ix-2751", "connectedWayCount": 3}}, {"type": "Feature", "geometry": {"type": "Point", "coordinates": [-73.736618, 40.967407]}, "properties": {"intersectionId": "ix-2752", "connectedWayCount": 3}}, {"type": "Feature", "geometry": {"type": "Point", "coordinates": [-73.736471, 40.967442]}, "properties": {"intersectionId": "ix-2753", "connectedWayCount": 4}}, {"type": "Feature", "geometry": {"type": "Point", "coordinates": [-73.71027, 40.966024]}, "properties": {"intersectionId": "ix-2754", "connectedWayCount": 4}}, {"type": "Feature", "geometry": {"type": "Point", "coordinates": [-73.710134, 40.966264]}, "properties": {"intersectionId": "ix-2755", "connectedWayCount": 2}}, {"type": "Feature", "geometry": {"type": "Point", "coordinates": [-73.710042, 40.966411]}, "properties": {"intersectionId": "ix-2757", "connectedWayCount": 2}}, {"type": "Feature", "geometry": {"type": "Point", "coordinates": [-73.709902, 40.966636]}, "properties": {"intersectionId": "ix-2758", "connectedWayCount": 2}}, {"type": "Feature", "geometry": {"type": "Point", "coordinates": [-73.709547, 40.967211]}, "properties": {"intersectionId": "ix-2759", "connectedWayCount": 2}}, {"type": "Feature", "geometry": {"type": "Point", "coordinates": [-73.709189, 40.967757]}, "properties": {"intersectionId": "ix-2760", "connectedWayCount": 2}}, {"type": "Feature", "geometry": {"type": "Point", "coordinates": [-73.70902, 40.968018]}, "properties": {"intersectionId": "ix-2762", "connectedWayCount": 2}}, {"type": "Feature", "geometry": {"type": "Point", "coordinates": [-73.708971, 40.968098]}, "properties": {"intersectionId": "ix-2765", "connectedWayCount": 2}}, {"type": "Feature", "geometry": {"type": "Point", "coordinates": [-73.70852, 40.96884]}, "properties": {"intersectionId": "ix-2767", "connectedWayCount": 2}}, {"type": "Feature", "geometry": {"type": "Point", "coordinates": [-73.708337, 40.969141]}, "properties": {"intersectionId": "ix-2768", "connectedWayCount": 2}}, {"type": "Feature", "geometry": {"type": "Point", "coordinates": [-73.70808, 40.969561]}, "properties": {"intersectionId": "ix-2769", "connectedWayCount": 2}}, {"type": "Feature", "geometry": {"type": "Point", "coordinates": [-73.708028, 40.969648]}, "properties": {"intersectionId": "ix-2771", "connectedWayCount": 2}}, {"type": "Feature", "geometry": {"type": "Point", "coordinates": [-73.707985, 40.969717]}, "properties": {"intersectionId": "ix-2772", "connectedWayCount": 2}}, {"type": "Feature", "geometry": {"type": "Point", "coordinates": [-73.707884, 40.96982]}, "properties": {"intersectionId": "ix-2773", "connectedWayCount": 3}}, {"type": "Feature", "geometry": {"type": "Point", "coordinates": [-73.76265, 40.957771]}, "properties": {"intersectionId": "ix-2774", "connectedWayCount": 2}}, {"type": "Feature", "geometry": {"type": "Point", "coordinates": [-73.759848, 40.959087]}, "properties": {"intersectionId": "ix-2787", "connectedWayCount": 2}}, {"type": "Feature", "geometry": {"type": "Point", "coordinates": [-73.759234, 40.959362]}, "properties": {"intersectionId": "ix-2789", "connectedWayCount": 2}}, {"type": "Feature", "geometry": {"type": "Point", "coordinates": [-73.758969, 40.959509]}, "properties": {"intersectionId": "ix-2791", "connectedWayCount": 2}}, {"type": "Feature", "geometry": {"type": "Point", "coordinates": [-73.758554, 40.960094]}, "properties": {"intersectionId": "ix-2794", "connectedWayCount": 5}}, {"type": "Feature", "geometry": {"type": "Point", "coordinates": [-73.733345, 40.954309]}, "properties": {"intersectionId": "ix-2798", "connectedWayCount": 2}}, {"type": "Feature", "geometry": {"type": "Point", "coordinates": [-73.719981, 40.959453]}, "properties": {"intersectionId": "ix-2799", "connectedWayCount": 2}}, {"type": "Feature", "geometry": {"type": "Point", "coordinates": [-73.719302, 40.960498]}, "properties": {"intersectionId": "ix-2802", "connectedWayCount": 2}}, {"type": "Feature", "geometry": {"type": "Point", "coordinates": [-73.718363, 40.96152]}, "properties": {"intersectionId": "ix-2808", "connectedWayCount": 2}}, {"type": "Feature", "geometry": {"type": "Point", "coordinates": [-73.717871, 40.961814]}, "properties": {"intersectionId": "ix-2809", "connectedWayCount": 2}}, {"type": "Feature", "geometry": {"type": "Point", "coordinates": [-73.716552, 40.962649]}, "properties": {"intersectionId": "ix-2810", "connectedWayCount": 2}}, {"type": "Feature", "geometry": {"type": "Point", "coordinates": [-73.710361, 40.966066]}, "properties": {"intersectionId": "ix-2811", "connectedWayCount": 2}}, {"type": "Feature", "geometry": {"type": "Point", "coordinates": [-73.710402, 40.966184]}, "properties": {"intersectionId": "ix-2812", "connectedWayCount": 2}}, {"type": "Feature", "geometry": {"type": "Point", "coordinates": [-73.710431, 40.966265]}, "properties": {"intersectionId": "ix-2813", "connectedWayCount": 2}}, {"type": "Feature", "geometry": {"type": "Point", "coordinates": [-73.711129, 40.968386]}, "properties": {"intersectionId": "ix-2817", "connectedWayCount": 2}}, {"type": "Feature", "geometry": {"type": "Point", "coordinates": [-73.757427, 40.942623]}, "properties": {"intersectionId": "ix-2820", "connectedWayCount": 3}}, {"type": "Feature", "geometry": {"type": "Point", "coordinates": [-73.756161, 40.943772]}, "properties": {"intersectionId": "ix-2824", "connectedWayCount": 2}}, {"type": "Feature", "geometry": {"type": "Point", "coordinates": [-73.754672, 40.94521]}, "properties": {"intersectionId": "ix-2826", "connectedWayCount": 2}}, {"type": "Feature", "geometry": {"type": "Point", "coordinates": [-73.754633, 40.945247]}, "properties": {"intersectionId": "ix-2827", "connectedWayCount": 2}}, {"type": "Feature", "geometry": {"type": "Point", "coordinates": [-73.714914, 40.963038]}, "properties": {"intersectionId": "ix-2828", "connectedWayCount": 3}}, {"type": "Feature", "geometry": {"type": "Point", "coordinates": [-73.733677, 40.947974]}, "properties": {"intersectionId": "ix-2829", "connectedWayCount": 2}}, {"type": "Feature", "geometry": {"type": "Point", "coordinates": [-73.733926, 40.947624]}, "properties": {"intersectionId": "ix-2830", "connectedWayCount": 2}}, {"type": "Feature", "geometry": {"type": "Point", "coordinates": [-73.733993, 40.947528]}, "properties": {"intersectionId": "ix-2831", "connectedWayCount": 2}}, {"type": "Feature", "geometry": {"type": "Point", "coordinates": [-73.734165, 40.947287]}, "properties": {"intersectionId": "ix-2833", "connectedWayCount": 2}}, {"type": "Feature", "geometry": {"type": "Point", "coordinates": [-73.735074, 40.94641]}, "properties": {"intersectionId": "ix-2836", "connectedWayCount": 2}}, {"type": "Feature", "geometry": {"type": "Point", "coordinates": [-73.736316, 40.945454]}, "properties": {"intersectionId": "ix-2839", "connectedWayCount": 2}}, {"type": "Feature", "geometry": {"type": "Point", "coordinates": [-73.738159, 40.944387]}, "properties": {"intersectionId": "ix-2843", "connectedWayCount": 2}}, {"type": "Feature", "geometry": {"type": "Point", "coordinates": [-73.738638, 40.944127]}, "properties": {"intersectionId": "ix-2844", "connectedWayCount": 2}}, {"type": "Feature", "geometry": {"type": "Point", "coordinates": [-73.73919, 40.943788]}, "properties": {"intersectionId": "ix-2846", "connectedWayCount": 2}}, {"type": "Feature", "geometry": {"type": "Point", "coordinates": [-73.739663, 40.943404]}, "properties": {"intersectionId": "ix-2848", "connectedWayCount": 2}}, {"type": "Feature", "geometry": {"type": "Point", "coordinates": [-73.739889, 40.943206]}, "properties": {"intersectionId": "ix-2850", "connectedWayCount": 2}}, {"type": "Feature", "geometry": {"type": "Point", "coordinates": [-73.740052, 40.94306]}, "properties": {"intersectionId": "ix-2851", "connectedWayCount": 2}}, {"type": "Feature", "geometry": {"type": "Point", "coordinates": [-73.740195, 40.942934]}, "properties": {"intersectionId": "ix-2852", "connectedWayCount": 2}}, {"type": "Feature", "geometry": {"type": "Point", "coordinates": [-73.741592, 40.941695]}, "properties": {"intersectionId": "ix-2855", "connectedWayCount": 2}}, {"type": "Feature", "geometry": {"type": "Point", "coordinates": [-73.741892, 40.941436]}, "properties": {"intersectionId": "ix-2856", "connectedWayCount": 2}}, {"type": "Feature", "geometry": {"type": "Point", "coordinates": [-73.742388, 40.940994]}, "properties": {"intersectionId": "ix-2857", "connectedWayCount": 2}}, {"type": "Feature", "geometry": {"type": "Point", "coordinates": [-73.742461, 40.940928]}, "properties": {"intersectionId": "ix-2858", "connectedWayCount": 2}}, {"type": "Feature", "geometry": {"type": "Point", "coordinates": [-73.742511, 40.940884]}, "properties": {"intersectionId": "ix-2859", "connectedWayCount": 2}}, {"type": "Feature", "geometry": {"type": "Point", "coordinates": [-73.742543, 40.940857]}, "properties": {"intersectionId": "ix-2860", "connectedWayCount": 2}}, {"type": "Feature", "geometry": {"type": "Point", "coordinates": [-73.742591, 40.940814]}, "properties": {"intersectionId": "ix-2861", "connectedWayCount": 2}}, {"type": "Feature", "geometry": {"type": "Point", "coordinates": [-73.743032, 40.940418]}, "properties": {"intersectionId": "ix-2862", "connectedWayCount": 2}}, {"type": "Feature", "geometry": {"type": "Point", "coordinates": [-73.74318, 40.940288]}, "properties": {"intersectionId": "ix-2863", "connectedWayCount": 2}}, {"type": "Feature", "geometry": {"type": "Point", "coordinates": [-73.743262, 40.940217]}, "properties": {"intersectionId": "ix-2864", "connectedWayCount": 2}}, {"type": "Feature", "geometry": {"type": "Point", "coordinates": [-73.743312, 40.94017]}, "properties": {"intersectionId": "ix-2865", "connectedWayCount": 2}}, {"type": "Feature", "geometry": {"type": "Point", "coordinates": [-73.743385, 40.940104]}, "properties": {"intersectionId": "ix-2866", "connectedWayCount": 2}}, {"type": "Feature", "geometry": {"type": "Point", "coordinates": [-73.743449, 40.940048]}, "properties": {"intersectionId": "ix-2867", "connectedWayCount": 2}}, {"type": "Feature", "geometry": {"type": "Point", "coordinates": [-73.743751, 40.939783]}, "properties": {"intersectionId": "ix-2868", "connectedWayCount": 2}}, {"type": "Feature", "geometry": {"type": "Point", "coordinates": [-73.743917, 40.939633]}, "properties": {"intersectionId": "ix-2869", "connectedWayCount": 3}}, {"type": "Feature", "geometry": {"type": "Point", "coordinates": [-73.737983, 40.953331]}, "properties": {"intersectionId": "ix-2870", "connectedWayCount": 4}}, {"type": "Feature", "geometry": {"type": "Point", "coordinates": [-73.735413, 40.964716]}, "properties": {"intersectionId": "ix-2878", "connectedWayCount": 2}}, {"type": "Feature", "geometry": {"type": "Point", "coordinates": [-73.735412, 40.964767]}, "properties": {"intersectionId": "ix-2879", "connectedWayCount": 4}}, {"type": "Feature", "geometry": {"type": "Point", "coordinates": [-73.739362, 40.954265]}, "properties": {"intersectionId": "ix-2880", "connectedWayCount": 2}}, {"type": "Feature", "geometry": {"type": "Point", "coordinates": [-73.739256, 40.954178]}, "properties": {"intersectionId": "ix-2881", "connectedWayCount": 2}}, {"type": "Feature", "geometry": {"type": "Point", "coordinates": [-73.738728, 40.953902]}, "properties": {"intersectionId": "ix-2884", "connectedWayCount": 5}}, {"type": "Feature", "geometry": {"type": "Point", "coordinates": [-73.733153, 40.949081]}, "properties": {"intersectionId": "ix-2885", "connectedWayCount": 2}}, {"type": "Feature", "geometry": {"type": "Point", "coordinates": [-73.733446, 40.94986]}, "properties": {"intersectionId": "ix-2889", "connectedWayCount": 2}}, {"type": "Feature", "geometry": {"type": "Point", "coordinates": [-73.733487, 40.949919]}, "properties": {"intersectionId": "ix-2890", "connectedWayCount": 3}}, {"type": "Feature", "geometry": {"type": "Point", "coordinates": [-73.733532, 40.949989]}, "properties": {"intersectionId": "ix-2891", "connectedWayCount": 2}}, {"type": "Feature", "geometry": {"type": "Point", "coordinates": [-73.734606, 40.950882]}, "properties": {"intersectionId": "ix-2895", "connectedWayCount": 2}}, {"type": "Feature", "geometry": {"type": "Point", "coordinates": [-73.73469, 40.950943]}, "properties": {"intersectionId": "ix-2896", "connectedWayCount": 3}}, {"type": "Feature", "geometry": {"type": "Point", "coordinates": [-73.733292, 40.938489]}, "properties": {"intersectionId": "ix-2897", "connectedWayCount": 2}}, {"type": "Feature", "geometry": {"type": "Point", "coordinates": [-73.734403, 40.937993]}, "properties": {"intersectionId": "ix-2898", "connectedWayCount": 2}}, {"type": "Feature", "geometry": {"type": "Point", "coordinates": [-73.734567, 40.937932]}, "properties": {"intersectionId": "ix-2899", "connectedWayCount": 2}}, {"type": "Feature", "geometry": {"type": "Point", "coordinates": [-73.731441, 40.94028]}, "properties": {"intersectionId": "ix-2900", "connectedWayCount": 4}}, {"type": "Feature", "geometry": {"type": "Point", "coordinates": [-73.732728, 40.938535]}, "properties": {"intersectionId": "ix-2902", "connectedWayCount": 2}}, {"type": "Feature", "geometry": {"type": "Point", "coordinates": [-73.732983, 40.938192]}, "properties": {"intersectionId": "ix-2903", "connectedWayCount": 2}}, {"type": "Feature", "geometry": {"type": "Point", "coordinates": [-73.733025, 40.938135]}, "properties": {"intersectionId": "ix-2904", "connectedWayCount": 2}}, {"type": "Feature", "geometry": {"type": "Point", "coordinates": [-73.727069, 40.939187]}, "properties": {"intersectionId": "ix-2905", "connectedWayCount": 2}}, {"type": "Feature", "geometry": {"type": "Point", "coordinates": [-73.749043, 40.94378]}, "properties": {"intersectionId": "ix-2916", "connectedWayCount": 2}}, {"type": "Feature", "geometry": {"type": "Point", "coordinates": [-73.747546, 40.945287]}, "properties": {"intersectionId": "ix-2932", "connectedWayCount": 2}}, {"type": "Feature", "geometry": {"type": "Point", "coordinates": [-73.73999, 40.959129]}, "properties": {"intersectionId": "ix-2934", "connectedWayCount": 2}}, {"type": "Feature", "geometry": {"type": "Point", "coordinates": [-73.739511, 40.959168]}, "properties": {"intersectionId": "ix-2936", "connectedWayCount": 2}}, {"type": "Feature", "geometry": {"type": "Point", "coordinates": [-73.737594, 40.958885]}, "properties": {"intersectionId": "ix-2940", "connectedWayCount": 2}}, {"type": "Feature", "geometry": {"type": "Point", "coordinates": [-73.737441, 40.958852]}, "properties": {"intersectionId": "ix-2941", "connectedWayCount": 2}}, {"type": "Feature", "geometry": {"type": "Point", "coordinates": [-73.710739, 40.953712]}, "properties": {"intersectionId": "ix-2945", "connectedWayCount": 3}}, {"type": "Feature", "geometry": {"type": "Point", "coordinates": [-73.708577, 40.952729]}, "properties": {"intersectionId": "ix-2946", "connectedWayCount": 2}}, {"type": "Feature", "geometry": {"type": "Point", "coordinates": [-73.724611, 40.953504]}, "properties": {"intersectionId": "ix-2947", "connectedWayCount": 2}}, {"type": "Feature", "geometry": {"type": "Point", "coordinates": [-73.724251, 40.953119]}, "properties": {"intersectionId": "ix-2948", "connectedWayCount": 2}}, {"type": "Feature", "geometry": {"type": "Point", "coordinates": [-73.723825, 40.952664]}, "properties": {"intersectionId": "ix-2949", "connectedWayCount": 2}}, {"type": "Feature", "geometry": {"type": "Point", "coordinates": [-73.719956, 40.953866]}, "properties": {"intersectionId": "ix-2950", "connectedWayCount": 4}}, {"type": "Feature", "geometry": {"type": "Point", "coordinates": [-73.719906, 40.953734]}, "properties": {"intersectionId": "ix-2951", "connectedWayCount": 3}}, {"type": "Feature", "geometry": {"type": "Point", "coordinates": [-73.719853, 40.953608]}, "properties": {"intersectionId": "ix-2952", "connectedWayCount": 3}}, {"type": "Feature", "geometry": {"type": "Point", "coordinates": [-73.719966, 40.95329]}, "properties": {"intersectionId": "ix-2954", "connectedWayCount": 2}}, {"type": "Feature", "geometry": {"type": "Point", "coordinates": [-73.720131, 40.952951]}, "properties": {"intersectionId": "ix-2955", "connectedWayCount": 2}}, {"type": "Feature", "geometry": {"type": "Point", "coordinates": [-73.721939, 40.950003]}, "properties": {"intersectionId": "ix-2962", "connectedWayCount": 2}}, {"type": "Feature", "geometry": {"type": "Point", "coordinates": [-73.722763, 40.948843]}, "properties": {"intersectionId": "ix-2963", "connectedWayCount": 2}}, {"type": "Feature", "geometry": {"type": "Point", "coordinates": [-73.722859, 40.948711]}, "properties": {"intersectionId": "ix-2964", "connectedWayCount": 2}}, {"type": "Feature", "geometry": {"type": "Point", "coordinates": [-73.724163, 40.946955]}, "properties": {"intersectionId": "ix-2967", "connectedWayCount": 2}}, {"type": "Feature", "geometry": {"type": "Point", "coordinates": [-73.725426, 40.945158]}, "properties": {"intersectionId": "ix-2970", "connectedWayCount": 2}}, {"type": "Feature", "geometry": {"type": "Point", "coordinates": [-73.725518, 40.94503]}, "properties": {"intersectionId": "ix-2971", "connectedWayCount": 2}}, {"type": "Feature", "geometry": {"type": "Point", "coordinates": [-73.719738, 40.953522]}, "properties": {"intersectionId": "ix-2974", "connectedWayCount": 2}}, {"type": "Feature", "geometry": {"type": "Point", "coordinates": [-73.718844, 40.954155]}, "properties": {"intersectionId": "ix-2976", "connectedWayCount": 2}}, {"type": "Feature", "geometry": {"type": "Point", "coordinates": [-73.727233, 40.951194]}, "properties": {"intersectionId": "ix-2977", "connectedWayCount": 3}}, {"type": "Feature", "geometry": {"type": "Point", "coordinates": [-73.728711, 40.950111]}, "properties": {"intersectionId": "ix-2985", "connectedWayCount": 2}}, {"type": "Feature", "geometry": {"type": "Point", "coordinates": [-73.727516, 40.949512]}, "properties": {"intersectionId": "ix-2994", "connectedWayCount": 2}}, {"type": "Feature", "geometry": {"type": "Point", "coordinates": [-73.726743, 40.94987]}, "properties": {"intersectionId": "ix-2996", "connectedWayCount": 3}}, {"type": "Feature", "geometry": {"type": "Point", "coordinates": [-73.741935, 40.960398]}, "properties": {"intersectionId": "ix-2997", "connectedWayCount": 2}}, {"type": "Feature", "geometry": {"type": "Point", "coordinates": [-73.741957, 40.960396]}, "properties": {"intersectionId": "ix-2998", "connectedWayCount": 2}}, {"type": "Feature", "geometry": {"type": "Point", "coordinates": [-73.742275, 40.960041]}, "properties": {"intersectionId": "ix-3004", "connectedWayCount": 2}}, {"type": "Feature", "geometry": {"type": "Point", "coordinates": [-73.742462, 40.959766]}, "properties": {"intersectionId": "ix-3007", "connectedWayCount": 2}}, {"type": "Feature", "geometry": {"type": "Point", "coordinates": [-73.743632, 40.959354]}, "properties": {"intersectionId": "ix-3013", "connectedWayCount": 3}}, {"type": "Feature", "geometry": {"type": "Point", "coordinates": [-73.737824, 40.947293]}, "properties": {"intersectionId": "ix-3014", "connectedWayCount": 2}}, {"type": "Feature", "geometry": {"type": "Point", "coordinates": [-73.738383, 40.946858]}, "properties": {"intersectionId": "ix-3015", "connectedWayCount": 3}}, {"type": "Feature", "geometry": {"type": "Point", "coordinates": [-73.7399, 40.945645]}, "properties": {"intersectionId": "ix-3016", "connectedWayCount": 2}}, {"type": "Feature", "geometry": {"type": "Point", "coordinates": [-73.741477, 40.944166]}, "properties": {"intersectionId": "ix-3026", "connectedWayCount": 2}}, {"type": "Feature", "geometry": {"type": "Point", "coordinates": [-73.704347, 40.966783]}, "properties": {"intersectionId": "ix-3027", "connectedWayCount": 2}}, {"type": "Feature", "geometry": {"type": "Point", "coordinates": [-73.706668, 40.963658]}, "properties": {"intersectionId": "ix-3031", "connectedWayCount": 2}}, {"type": "Feature", "geometry": {"type": "Point", "coordinates": [-73.707911, 40.96252]}, "properties": {"intersectionId": "ix-3032", "connectedWayCount": 2}}, {"type": "Feature", "geometry": {"type": "Point", "coordinates": [-73.708616, 40.961843]}, "properties": {"intersectionId": "ix-3034", "connectedWayCount": 2}}, {"type": "Feature", "geometry": {"type": "Point", "coordinates": [-73.751078, 40.932571]}, "properties": {"intersectionId": "ix-3035", "connectedWayCount": 2}}, {"type": "Feature", "geometry": {"type": "Point", "coordinates": [-73.715811, 40.96214]}, "properties": {"intersectionId": "ix-3047", "connectedWayCount": 2}}, {"type": "Feature", "geometry": {"type": "Point", "coordinates": [-73.70893, 40.974056]}, "properties": {"intersectionId": "ix-3048", "connectedWayCount": 2}}, {"type": "Feature", "geometry": {"type": "Point", "coordinates": [-73.722104, 40.969352]}, "properties": {"intersectionId": "ix-3051", "connectedWayCount": 2}}, {"type": "Feature", "geometry": {"type": "Point", "coordinates": [-73.722822, 40.967334]}, "properties": {"intersectionId": "ix-3055", "connectedWayCount": 2}}, {"type": "Feature", "geometry": {"type": "Point", "coordinates": [-73.734435, 40.968811]}, "properties": {"intersectionId": "ix-3056", "connectedWayCount": 2}}, {"type": "Feature", "geometry": {"type": "Point", "coordinates": [-73.734595, 40.970734]}, "properties": {"intersectionId": "ix-3059", "connectedWayCount": 2}}, {"type": "Feature", "geometry": {"type": "Point", "coordinates": [-73.734771, 40.947542]}, "properties": {"intersectionId": "ix-3068", "connectedWayCount": 2}}, {"type": "Feature", "geometry": {"type": "Point", "coordinates": [-73.735002, 40.947661]}, "properties": {"intersectionId": "ix-3069", "connectedWayCount": 2}}, {"type": "Feature", "geometry": {"type": "Point", "coordinates": [-73.735048, 40.947692]}, "properties": {"intersectionId": "ix-3070", "connectedWayCount": 2}}, {"type": "Feature", "geometry": {"type": "Point", "coordinates": [-73.735355, 40.948143]}, "properties": {"intersectionId": "ix-3073", "connectedWayCount": 2}}, {"type": "Feature", "geometry": {"type": "Point", "coordinates": [-73.735614, 40.948745]}, "properties": {"intersectionId": "ix-3074", "connectedWayCount": 2}}, {"type": "Feature", "geometry": {"type": "Point", "coordinates": [-73.735674, 40.948884]}, "properties": {"intersectionId": "ix-3075", "connectedWayCount": 2}}, {"type": "Feature", "geometry": {"type": "Point", "coordinates": [-73.735832, 40.949253]}, "properties": {"intersectionId": "ix-3076", "connectedWayCount": 2}}, {"type": "Feature", "geometry": {"type": "Point", "coordinates": [-73.735878, 40.949362]}, "properties": {"intersectionId": "ix-3077", "connectedWayCount": 2}}, {"type": "Feature", "geometry": {"type": "Point", "coordinates": [-73.73627, 40.950294]}, "properties": {"intersectionId": "ix-3078", "connectedWayCount": 2}}, {"type": "Feature", "geometry": {"type": "Point", "coordinates": [-73.736289, 40.950337]}, "properties": {"intersectionId": "ix-3079", "connectedWayCount": 4}}, {"type": "Feature", "geometry": {"type": "Point", "coordinates": [-73.732112, 40.967214]}, "properties": {"intersectionId": "ix-3080", "connectedWayCount": 2}}, {"type": "Feature", "geometry": {"type": "Point", "coordinates": [-73.754334, 40.928723]}, "properties": {"intersectionId": "ix-3081", "connectedWayCount": 3}}, {"type": "Feature", "geometry": {"type": "Point", "coordinates": [-73.754453, 40.928438]}, "properties": {"intersectionId": "ix-3084", "connectedWayCount": 2}}, {"type": "Feature", "geometry": {"type": "Point", "coordinates": [-73.753943, 40.927179]}, "properties": {"intersectionId": "ix-3093", "connectedWayCount": 2}}, {"type": "Feature", "geometry": {"type": "Point", "coordinates": [-73.753929, 40.926262]}, "properties": {"intersectionId": "ix-3100", "connectedWayCount": 4}}, {"type": "Feature", "geometry": {"type": "Point", "coordinates": [-73.727795, 40.951915]}, "properties": {"intersectionId": "ix-3101", "connectedWayCount": 2}}, {"type": "Feature", "geometry": {"type": "Point", "coordinates": [-73.728004, 40.952221]}, "properties": {"intersectionId": "ix-3102", "connectedWayCount": 3}}, {"type": "Feature", "geometry": {"type": "Point", "coordinates": [-73.728792, 40.953267]}, "properties": {"intersectionId": "ix-3104", "connectedWayCount": 2}}, {"type": "Feature", "geometry": {"type": "Point", "coordinates": [-73.729324, 40.954007]}, "properties": {"intersectionId": "ix-3105", "connectedWayCount": 2}}, {"type": "Feature", "geometry": {"type": "Point", "coordinates": [-73.73029, 40.955364]}, "properties": {"intersectionId": "ix-3106", "connectedWayCount": 2}}, {"type": "Feature", "geometry": {"type": "Point", "coordinates": [-73.730698, 40.955946]}, "properties": {"intersectionId": "ix-3107", "connectedWayCount": 3}}, {"type": "Feature", "geometry": {"type": "Point", "coordinates": [-73.751317, 40.970381]}, "properties": {"intersectionId": "ix-3109", "connectedWayCount": 2}}, {"type": "Feature", "geometry": {"type": "Point", "coordinates": [-73.751784, 40.970094]}, "properties": {"intersectionId": "ix-3110", "connectedWayCount": 2}}, {"type": "Feature", "geometry": {"type": "Point", "coordinates": [-73.747216, 40.946127]}, "properties": {"intersectionId": "ix-3112", "connectedWayCount": 2}}, {"type": "Feature", "geometry": {"type": "Point", "coordinates": [-73.757412, 40.946426]}, "properties": {"intersectionId": "ix-3113", "connectedWayCount": 3}}, {"type": "Feature", "geometry": {"type": "Point", "coordinates": [-73.708672, 40.963115]}, "properties": {"intersectionId": "ix-3122", "connectedWayCount": 2}}, {"type": "Feature", "geometry": {"type": "Point", "coordinates": [-73.709599, 40.962351]}, "properties": {"intersectionId": "ix-3127", "connectedWayCount": 2}}, {"type": "Feature", "geometry": {"type": "Point", "coordinates": [-73.726086, 40.965553]}, "properties": {"intersectionId": "ix-3133", "connectedWayCount": 2}}, {"type": "Feature", "geometry": {"type": "Point", "coordinates": [-73.725272, 40.965353]}, "properties": {"intersectionId": "ix-3136", "connectedWayCount": 2}}, {"type": "Feature", "geometry": {"type": "Point", "coordinates": [-73.724542, 40.9652]}, "properties": {"intersectionId": "ix-3139", "connectedWayCount": 2}}, {"type": "Feature", "geometry": {"type": "Point", "coordinates": [-73.72391, 40.964751]}, "properties": {"intersectionId": "ix-3141", "connectedWayCount": 2}}, {"type": "Feature", "geometry": {"type": "Point", "coordinates": [-73.728077, 40.965538]}, "properties": {"intersectionId": "ix-3143", "connectedWayCount": 2}}, {"type": "Feature", "geometry": {"type": "Point", "coordinates": [-73.730913, 40.969861]}, "properties": {"intersectionId": "ix-3145", "connectedWayCount": 2}}, {"type": "Feature", "geometry": {"type": "Point", "coordinates": [-73.730601, 40.970396]}, "properties": {"intersectionId": "ix-3147", "connectedWayCount": 2}}, {"type": "Feature", "geometry": {"type": "Point", "coordinates": [-73.730263, 40.971654]}, "properties": {"intersectionId": "ix-3152", "connectedWayCount": 2}}, {"type": "Feature", "geometry": {"type": "Point", "coordinates": [-73.730769, 40.97245]}, "properties": {"intersectionId": "ix-3158", "connectedWayCount": 2}}, {"type": "Feature", "geometry": {"type": "Point", "coordinates": [-73.730854, 40.972602]}, "properties": {"intersectionId": "ix-3160", "connectedWayCount": 2}}, {"type": "Feature", "geometry": {"type": "Point", "coordinates": [-73.7314, 40.973548]}, "properties": {"intersectionId": "ix-3162", "connectedWayCount": 2}}, {"type": "Feature", "geometry": {"type": "Point", "coordinates": [-73.731568, 40.973749]}, "properties": {"intersectionId": "ix-3164", "connectedWayCount": 2}}, {"type": "Feature", "geometry": {"type": "Point", "coordinates": [-73.73197, 40.97412]}, "properties": {"intersectionId": "ix-3166", "connectedWayCount": 2}}, {"type": "Feature", "geometry": {"type": "Point", "coordinates": [-73.732563, 40.974917]}, "properties": {"intersectionId": "ix-3168", "connectedWayCount": 2}}, {"type": "Feature", "geometry": {"type": "Point", "coordinates": [-73.733578, 40.976455]}, "properties": {"intersectionId": "ix-3171", "connectedWayCount": 2}}, {"type": "Feature", "geometry": {"type": "Point", "coordinates": [-73.733694, 40.97666]}, "properties": {"intersectionId": "ix-3172", "connectedWayCount": 2}}, {"type": "Feature", "geometry": {"type": "Point", "coordinates": [-73.733783, 40.976818]}, "properties": {"intersectionId": "ix-3173", "connectedWayCount": 2}}, {"type": "Feature", "geometry": {"type": "Point", "coordinates": [-73.734056, 40.977392]}, "properties": {"intersectionId": "ix-3175", "connectedWayCount": 2}}, {"type": "Feature", "geometry": {"type": "Point", "coordinates": [-73.734163, 40.978425]}, "properties": {"intersectionId": "ix-3179", "connectedWayCount": 2}}, {"type": "Feature", "geometry": {"type": "Point", "coordinates": [-73.734763, 40.980922]}, "properties": {"intersectionId": "ix-3190", "connectedWayCount": 2}}, {"type": "Feature", "geometry": {"type": "Point", "coordinates": [-73.739891, 40.957744]}, "properties": {"intersectionId": "ix-3197", "connectedWayCount": 3}}, {"type": "Feature", "geometry": {"type": "Point", "coordinates": [-73.740001, 40.958433]}, "properties": {"intersectionId": "ix-3199", "connectedWayCount": 2}}, {"type": "Feature", "geometry": {"type": "Point", "coordinates": [-73.740023, 40.958592]}, "properties": {"intersectionId": "ix-3200", "connectedWayCount": 2}}, {"type": "Feature", "geometry": {"type": "Point", "coordinates": [-73.716848, 40.958682]}, "properties": {"intersectionId": "ix-3206", "connectedWayCount": 2}}, {"type": "Feature", "geometry": {"type": "Point", "coordinates": [-73.716766, 40.958722]}, "properties": {"intersectionId": "ix-3208", "connectedWayCount": 3}}, {"type": "Feature", "geometry": {"type": "Point", "coordinates": [-73.741614, 40.939172]}, "properties": {"intersectionId": "ix-3211", "connectedWayCount": 2}}, {"type": "Feature", "geometry": {"type": "Point", "coordinates": [-73.742405, 40.938597]}, "properties": {"intersectionId": "ix-3237", "connectedWayCount": 2}}, {"type": "Feature", "geometry": {"type": "Point", "coordinates": [-73.742182, 40.938849]}, "properties": {"intersectionId": "ix-3243", "connectedWayCount": 2}}, {"type": "Feature", "geometry": {"type": "Point", "coordinates": [-73.742266, 40.939119]}, "properties": {"intersectionId": "ix-3246", "connectedWayCount": 2}}, {"type": "Feature", "geometry": {"type": "Point", "coordinates": [-73.742332, 40.939241]}, "properties": {"intersectionId": "ix-3247", "connectedWayCount": 2}}, {"type": "Feature", "geometry": {"type": "Point", "coordinates": [-73.71528, 40.955152]}, "properties": {"intersectionId": "ix-3259", "connectedWayCount": 2}}, {"type": "Feature", "geometry": {"type": "Point", "coordinates": [-73.715381, 40.955728]}, "properties": {"intersectionId": "ix-3261", "connectedWayCount": 2}}, {"type": "Feature", "geometry": {"type": "Point", "coordinates": [-73.715547, 40.955963]}, "properties": {"intersectionId": "ix-3264", "connectedWayCount": 2}}, {"type": "Feature", "geometry": {"type": "Point", "coordinates": [-73.715943, 40.956413]}, "properties": {"intersectionId": "ix-3266", "connectedWayCount": 2}}, {"type": "Feature", "geometry": {"type": "Point", "coordinates": [-73.716282, 40.956803]}, "properties": {"intersectionId": "ix-3267", "connectedWayCount": 2}}, {"type": "Feature", "geometry": {"type": "Point", "coordinates": [-73.71562, 40.956965]}, "properties": {"intersectionId": "ix-3272", "connectedWayCount": 2}}, {"type": "Feature", "geometry": {"type": "Point", "coordinates": [-73.715562, 40.957001]}, "properties": {"intersectionId": "ix-3274", "connectedWayCount": 3}}, {"type": "Feature", "geometry": {"type": "Point", "coordinates": [-73.714999, 40.957805]}, "properties": {"intersectionId": "ix-3279", "connectedWayCount": 2}}, {"type": "Feature", "geometry": {"type": "Point", "coordinates": [-73.714713, 40.958368]}, "properties": {"intersectionId": "ix-3281", "connectedWayCount": 2}}, {"type": "Feature", "geometry": {"type": "Point", "coordinates": [-73.7149, 40.959292]}, "properties": {"intersectionId": "ix-3290", "connectedWayCount": 2}}, {"type": "Feature", "geometry": {"type": "Point", "coordinates": [-73.715019, 40.959291]}, "properties": {"intersectionId": "ix-3291", "connectedWayCount": 2}}, {"type": "Feature", "geometry": {"type": "Point", "coordinates": [-73.71558, 40.959091]}, "properties": {"intersectionId": "ix-3295", "connectedWayCount": 2}}, {"type": "Feature", "geometry": {"type": "Point", "coordinates": [-73.716151, 40.958252]}, "properties": {"intersectionId": "ix-3299", "connectedWayCount": 2}}, {"type": "Feature", "geometry": {"type": "Point", "coordinates": [-73.716374, 40.957889]}, "properties": {"intersectionId": "ix-3300", "connectedWayCount": 2}}, {"type": "Feature", "geometry": {"type": "Point", "coordinates": [-73.709445, 40.97584]}, "properties": {"intersectionId": "ix-3312", "connectedWayCount": 2}}, {"type": "Feature", "geometry": {"type": "Point", "coordinates": [-73.709853, 40.977143]}, "properties": {"intersectionId": "ix-3314", "connectedWayCount": 3}}, {"type": "Feature", "geometry": {"type": "Point", "coordinates": [-73.755638, 40.940394]}, "properties": {"intersectionId": "ix-3325", "connectedWayCount": 3}}, {"type": "Feature", "geometry": {"type": "Point", "coordinates": [-73.756221, 40.939857]}, "properties": {"intersectionId": "ix-3327", "connectedWayCount": 2}}, {"type": "Feature", "geometry": {"type": "Point", "coordinates": [-73.758452, 40.938066]}, "properties": {"intersectionId": "ix-3331", "connectedWayCount": 2}}, {"type": "Feature", "geometry": {"type": "Point", "coordinates": [-73.758865, 40.93836]}, "properties": {"intersectionId": "ix-3333", "connectedWayCount": 2}}, {"type": "Feature", "geometry": {"type": "Point", "coordinates": [-73.709581, 40.972183]}, "properties": {"intersectionId": "ix-3362", "connectedWayCount": 2}}, {"type": "Feature", "geometry": {"type": "Point", "coordinates": [-73.739973, 40.954819]}, "properties": {"intersectionId": "ix-3363", "connectedWayCount": 2}}, {"type": "Feature", "geometry": {"type": "Point", "coordinates": [-73.739687, 40.955555]}, "properties": {"intersectionId": "ix-3364", "connectedWayCount": 2}}, {"type": "Feature", "geometry": {"type": "Point", "coordinates": [-73.753482, 40.939884]}, "properties": {"intersectionId": "ix-3365", "connectedWayCount": 2}}, {"type": "Feature", "geometry": {"type": "Point", "coordinates": [-73.753426, 40.939935]}, "properties": {"intersectionId": "ix-3366", "connectedWayCount": 2}}, {"type": "Feature", "geometry": {"type": "Point", "coordinates": [-73.752105, 40.941105]}, "properties": {"intersectionId": "ix-3368", "connectedWayCount": 2}}, {"type": "Feature", "geometry": {"type": "Point", "coordinates": [-73.746859, 40.946695]}, "properties": {"intersectionId": "ix-3371", "connectedWayCount": 4}}, {"type": "Feature", "geometry": {"type": "Point", "coordinates": [-73.752965, 40.939512]}, "properties": {"intersectionId": "ix-3398", "connectedWayCount": 2}}, {"type": "Feature", "geometry": {"type": "Point", "coordinates": [-73.752972, 40.939506]}, "properties": {"intersectionId": "ix-3399", "connectedWayCount": 2}}, {"type": "Feature", "geometry": {"type": "Point", "coordinates": [-73.744353, 40.939248]}, "properties": {"intersectionId": "ix-3400", "connectedWayCount": 4}}, {"type": "Feature", "geometry": {"type": "Point", "coordinates": [-73.7448, 40.939519]}, "properties": {"intersectionId": "ix-3401", "connectedWayCount": 2}}, {"type": "Feature", "geometry": {"type": "Point", "coordinates": [-73.745479, 40.940018]}, "properties": {"intersectionId": "ix-3404", "connectedWayCount": 2}}, {"type": "Feature", "geometry": {"type": "Point", "coordinates": [-73.74561, 40.940125]}, "properties": {"intersectionId": "ix-3405", "connectedWayCount": 2}}, {"type": "Feature", "geometry": {"type": "Point", "coordinates": [-73.745846, 40.940312]}, "properties": {"intersectionId": "ix-3406", "connectedWayCount": 2}}, {"type": "Feature", "geometry": {"type": "Point", "coordinates": [-73.747023, 40.941015]}, "properties": {"intersectionId": "ix-3409", "connectedWayCount": 2}}, {"type": "Feature", "geometry": {"type": "Point", "coordinates": [-73.747332, 40.941191]}, "properties": {"intersectionId": "ix-3410", "connectedWayCount": 2}}, {"type": "Feature", "geometry": {"type": "Point", "coordinates": [-73.747608, 40.941365]}, "properties": {"intersectionId": "ix-3411", "connectedWayCount": 2}}, {"type": "Feature", "geometry": {"type": "Point", "coordinates": [-73.748069, 40.941659]}, "properties": {"intersectionId": "ix-3412", "connectedWayCount": 3}}, {"type": "Feature", "geometry": {"type": "Point", "coordinates": [-73.750805, 40.950517]}, "properties": {"intersectionId": "ix-3413", "connectedWayCount": 2}}, {"type": "Feature", "geometry": {"type": "Point", "coordinates": [-73.738676, 40.96575]}, "properties": {"intersectionId": "ix-3414", "connectedWayCount": 2}}, {"type": "Feature", "geometry": {"type": "Point", "coordinates": [-73.757044, 40.953275]}, "properties": {"intersectionId": "ix-3417", "connectedWayCount": 3}}, {"type": "Feature", "geometry": {"type": "Point", "coordinates": [-73.757779, 40.953529]}, "properties": {"intersectionId": "ix-3421", "connectedWayCount": 2}}, {"type": "Feature", "geometry": {"type": "Point", "coordinates": [-73.758132, 40.953543]}, "properties": {"intersectionId": "ix-3423", "connectedWayCount": 2}}, {"type": "Feature", "geometry": {"type": "Point", "coordinates": [-73.758352, 40.953513]}, "properties": {"intersectionId": "ix-3425", "connectedWayCount": 2}}, {"type": "Feature", "geometry": {"type": "Point", "coordinates": [-73.758584, 40.95348]}, "properties": {"intersectionId": "ix-3426", "connectedWayCount": 2}}, {"type": "Feature", "geometry": {"type": "Point", "coordinates": [-73.758897, 40.953426]}, "properties": {"intersectionId": "ix-3427", "connectedWayCount": 2}}, {"type": "Feature", "geometry": {"type": "Point", "coordinates": [-73.759118, 40.953391]}, "properties": {"intersectionId": "ix-3428", "connectedWayCount": 2}}, {"type": "Feature", "geometry": {"type": "Point", "coordinates": [-73.754202, 40.933338]}, "properties": {"intersectionId": "ix-3431", "connectedWayCount": 3}}, {"type": "Feature", "geometry": {"type": "Point", "coordinates": [-73.723279, 40.943635]}, "properties": {"intersectionId": "ix-3434", "connectedWayCount": 2}}, {"type": "Feature", "geometry": {"type": "Point", "coordinates": [-73.72329, 40.944409]}, "properties": {"intersectionId": "ix-3439", "connectedWayCount": 2}}, {"type": "Feature", "geometry": {"type": "Point", "coordinates": [-73.75542, 40.929715]}, "properties": {"intersectionId": "ix-3440", "connectedWayCount": 3}}, {"type": "Feature", "geometry": {"type": "Point", "coordinates": [-73.73475, 40.940144]}, "properties": {"intersectionId": "ix-3442", "connectedWayCount": 2}}, {"type": "Feature", "geometry": {"type": "Point", "coordinates": [-73.735521, 40.939364]}, "properties": {"intersectionId": "ix-3444", "connectedWayCount": 2}}, {"type": "Feature", "geometry": {"type": "Point", "coordinates": [-73.73566, 40.939253]}, "properties": {"intersectionId": "ix-3445", "connectedWayCount": 2}}, {"type": "Feature", "geometry": {"type": "Point", "coordinates": [-73.758653, 40.948985]}, "properties": {"intersectionId": "ix-3450", "connectedWayCount": 2}}, {"type": "Feature", "geometry": {"type": "Point", "coordinates": [-73.733483, 40.948461]}, "properties": {"intersectionId": "ix-3451", "connectedWayCount": 2}}, {"type": "Feature", "geometry": {"type": "Point", "coordinates": [-73.733892, 40.948712]}, "properties": {"intersectionId": "ix-3455", "connectedWayCount": 2}}, {"type": "Feature", "geometry": {"type": "Point", "coordinates": [-73.734086, 40.948974]}, "properties": {"intersectionId": "ix-3456", "connectedWayCount": 2}}, {"type": "Feature", "geometry": {"type": "Point", "coordinates": [-73.737992, 40.942413]}, "properties": {"intersectionId": "ix-3457", "connectedWayCount": 2}}, {"type": "Feature", "geometry": {"type": "Point", "coordinates": [-73.738684, 40.941461]}, "properties": {"intersectionId": "ix-3464", "connectedWayCount": 2}}, {"type": "Feature", "geometry": {"type": "Point", "coordinates": [-73.739833, 40.940983]}, "properties": {"intersectionId": "ix-3468", "connectedWayCount": 2}}, {"type": "Feature", "geometry": {"type": "Point", "coordinates": [-73.739927, 40.940936]}, "properties": {"intersectionId": "ix-3469", "connectedWayCount": 2}}, {"type": "Feature", "geometry": {"type": "Point", "coordinates": [-73.740754, 40.940282]}, "properties": {"intersectionId": "ix-3475", "connectedWayCount": 2}}, {"type": "Feature", "geometry": {"type": "Point", "coordinates": [-73.741231, 40.939867]}, "properties": {"intersectionId": "ix-3479", "connectedWayCount": 2}}, {"type": "Feature", "geometry": {"type": "Point", "coordinates": [-73.741314, 40.939804]}, "properties": {"intersectionId": "ix-3480", "connectedWayCount": 2}}, {"type": "Feature", "geometry": {"type": "Point", "coordinates": [-73.741386, 40.939753]}, "properties": {"intersectionId": "ix-3481", "connectedWayCount": 2}}, {"type": "Feature", "geometry": {"type": "Point", "coordinates": [-73.744024, 40.939113]}, "properties": {"intersectionId": "ix-3492", "connectedWayCount": 2}}, {"type": "Feature", "geometry": {"type": "Point", "coordinates": [-73.725328, 40.934062]}, "properties": {"intersectionId": "ix-3497", "connectedWayCount": 2}}, {"type": "Feature", "geometry": {"type": "Point", "coordinates": [-73.72763, 40.933846]}, "properties": {"intersectionId": "ix-3508", "connectedWayCount": 2}}, {"type": "Feature", "geometry": {"type": "Point", "coordinates": [-73.727945, 40.933285]}, "properties": {"intersectionId": "ix-3509", "connectedWayCount": 3}}, {"type": "Feature", "geometry": {"type": "Point", "coordinates": [-73.715071, 40.973695]}, "properties": {"intersectionId": "ix-3511", "connectedWayCount": 2}}, {"type": "Feature", "geometry": {"type": "Point", "coordinates": [-73.748531, 40.964192]}, "properties": {"intersectionId": "ix-3513", "connectedWayCount": 2}}, {"type": "Feature", "geometry": {"type": "Point", "coordinates": [-73.749048, 40.964134]}, "properties": {"intersectionId": "ix-3514", "connectedWayCount": 2}}, {"type": "Feature", "geometry": {"type": "Point", "coordinates": [-73.750171, 40.963957]}, "properties": {"intersectionId": "ix-3519", "connectedWayCount": 2}}, {"type": "Feature", "geometry": {"type": "Point", "coordinates": [-73.750281, 40.963917]}, "properties": {"intersectionId": "ix-3520", "connectedWayCount": 2}}, {"type": "Feature", "geometry": {"type": "Point", "coordinates": [-73.754682, 40.93114]}, "properties": {"intersectionId": "ix-3522", "connectedWayCount": 2}}, {"type": "Feature", "geometry": {"type": "Point", "coordinates": [-73.747966, 40.922025]}, "properties": {"intersectionId": "ix-3523", "connectedWayCount": 3}}, {"type": "Feature", "geometry": {"type": "Point", "coordinates": [-73.748842, 40.921626]}, "properties": {"intersectionId": "ix-3524", "connectedWayCount": 2}}, {"type": "Feature", "geometry": {"type": "Point", "coordinates": [-73.75108, 40.920748]}, "properties": {"intersectionId": "ix-3525", "connectedWayCount": 2}}, {"type": "Feature", "geometry": {"type": "Point", "coordinates": [-73.751922, 40.920483]}, "properties": {"intersectionId": "ix-3526", "connectedWayCount": 2}}, {"type": "Feature", "geometry": {"type": "Point", "coordinates": [-73.757229, 40.934596]}, "properties": {"intersectionId": "ix-3529", "connectedWayCount": 2}}, {"type": "Feature", "geometry": {"type": "Point", "coordinates": [-73.75708, 40.934727]}, "properties": {"intersectionId": "ix-3530", "connectedWayCount": 2}}, {"type": "Feature", "geometry": {"type": "Point", "coordinates": [-73.746697, 40.927081]}, "properties": {"intersectionId": "ix-3533", "connectedWayCount": 2}}, {"type": "Feature", "geometry": {"type": "Point", "coordinates": [-73.746285, 40.927567]}, "properties": {"intersectionId": "ix-3542", "connectedWayCount": 2}}, {"type": "Feature", "geometry": {"type": "Point", "coordinates": [-73.73714, 40.952701]}, "properties": {"intersectionId": "ix-3543", "connectedWayCount": 5}}, {"type": "Feature", "geometry": {"type": "Point", "coordinates": [-73.737339, 40.95263]}, "properties": {"intersectionId": "ix-3544", "connectedWayCount": 2}}, {"type": "Feature", "geometry": {"type": "Point", "coordinates": [-73.738729, 40.951404]}, "properties": {"intersectionId": "ix-3546", "connectedWayCount": 3}}, {"type": "Feature", "geometry": {"type": "Point", "coordinates": [-73.734082, 40.935647]}, "properties": {"intersectionId": "ix-3547", "connectedWayCount": 2}}, {"type": "Feature", "geometry": {"type": "Point", "coordinates": [-73.733449, 40.935085]}, "properties": {"intersectionId": "ix-3553", "connectedWayCount": 2}}, {"type": "Feature", "geometry": {"type": "Point", "coordinates": [-73.732943, 40.934593]}, "properties": {"intersectionId": "ix-3559", "connectedWayCount": 2}}, {"type": "Feature", "geometry": {"type": "Point", "coordinates": [-73.718307, 40.975548]}, "properties": {"intersectionId": "ix-3560", "connectedWayCount": 2}}, {"type": "Feature", "geometry": {"type": "Point", "coordinates": [-73.718367, 40.976248]}, "properties": {"intersectionId": "ix-3561", "connectedWayCount": 2}}, {"type": "Feature", "geometry": {"type": "Point", "coordinates": [-73.717651, 40.970026]}, "properties": {"intersectionId": "ix-3564", "connectedWayCount": 3}}, {"type": "Feature", "geometry": {"type": "Point", "coordinates": [-73.717956, 40.972812]}, "properties": {"intersectionId": "ix-3565", "connectedWayCount": 2}}, {"type": "Feature", "geometry": {"type": "Point", "coordinates": [-73.718113, 40.974187]}, "properties": {"intersectionId": "ix-3566", "connectedWayCount": 2}}, {"type": "Feature", "geometry": {"type": "Point", "coordinates": [-73.718196, 40.974892]}, "properties": {"intersectionId": "ix-3567", "connectedWayCount": 2}}, {"type": "Feature", "geometry": {"type": "Point", "coordinates": [-73.736642, 40.954331]}, "properties": {"intersectionId": "ix-3569", "connectedWayCount": 3}}, {"type": "Feature", "geometry": {"type": "Point", "coordinates": [-73.736154, 40.954668]}, "properties": {"intersectionId": "ix-3572", "connectedWayCount": 3}}, {"type": "Feature", "geometry": {"type": "Point", "coordinates": [-73.723115, 40.970301]}, "properties": {"intersectionId": "ix-3577", "connectedWayCount": 3}}, {"type": "Feature", "geometry": {"type": "Point", "coordinates": [-73.756733, 40.943958]}, "properties": {"intersectionId": "ix-3578", "connectedWayCount": 3}}, {"type": "Feature", "geometry": {"type": "Point", "coordinates": [-73.707167, 40.962084]}, "properties": {"intersectionId": "ix-3584", "connectedWayCount": 2}}, {"type": "Feature", "geometry": {"type": "Point", "coordinates": [-73.70799, 40.961291]}, "properties": {"intersectionId": "ix-3585", "connectedWayCount": 2}}, {"type": "Feature", "geometry": {"type": "Point", "coordinates": [-73.724934, 40.932892]}, "properties": {"intersectionId": "ix-3590", "connectedWayCount": 2}}, {"type": "Feature", "geometry": {"type": "Point", "coordinates": [-73.756279, 40.929947]}, "properties": {"intersectionId": "ix-3607", "connectedWayCount": 2}}, {"type": "Feature", "geometry": {"type": "Point", "coordinates": [-73.74765, 40.921492]}, "properties": {"intersectionId": "ix-3610", "connectedWayCount": 3}}, {"type": "Feature", "geometry": {"type": "Point", "coordinates": [-73.748452, 40.920979]}, "properties": {"intersectionId": "ix-3613", "connectedWayCount": 2}}, {"type": "Feature", "geometry": {"type": "Point", "coordinates": [-73.749236, 40.92062]}, "properties": {"intersectionId": "ix-3616", "connectedWayCount": 2}}, {"type": "Feature", "geometry": {"type": "Point", "coordinates": [-73.749895, 40.920388]}, "properties": {"intersectionId": "ix-3617", "connectedWayCount": 2}}, {"type": "Feature", "geometry": {"type": "Point", "coordinates": [-73.750728, 40.920112]}, "properties": {"intersectionId": "ix-3618", "connectedWayCount": 2}}, {"type": "Feature", "geometry": {"type": "Point", "coordinates": [-73.75157, 40.919851]}, "properties": {"intersectionId": "ix-3619", "connectedWayCount": 2}}, {"type": "Feature", "geometry": {"type": "Point", "coordinates": [-73.750364, 40.96957]}, "properties": {"intersectionId": "ix-3620", "connectedWayCount": 3}}, {"type": "Feature", "geometry": {"type": "Point", "coordinates": [-73.712841, 40.969968]}, "properties": {"intersectionId": "ix-3635", "connectedWayCount": 2}}, {"type": "Feature", "geometry": {"type": "Point", "coordinates": [-73.721878, 40.965542]}, "properties": {"intersectionId": "ix-3643", "connectedWayCount": 2}}, {"type": "Feature", "geometry": {"type": "Point", "coordinates": [-73.72054, 40.966374]}, "properties": {"intersectionId": "ix-3644", "connectedWayCount": 2}}, {"type": "Feature", "geometry": {"type": "Point", "coordinates": [-73.752215, 40.91591]}, "properties": {"intersectionId": "ix-3646", "connectedWayCount": 2}}, {"type": "Feature", "geometry": {"type": "Point", "coordinates": [-73.751871, 40.915995]}, "properties": {"intersectionId": "ix-3647", "connectedWayCount": 2}}, {"type": "Feature", "geometry": {"type": "Point", "coordinates": [-73.751579, 40.916068]}, "properties": {"intersectionId": "ix-3648", "connectedWayCount": 2}}, {"type": "Feature", "geometry": {"type": "Point", "coordinates": [-73.751476, 40.916093]}, "properties": {"intersectionId": "ix-3649", "connectedWayCount": 2}}, {"type": "Feature", "geometry": {"type": "Point", "coordinates": [-73.751179, 40.91618]}, "properties": {"intersectionId": "ix-3652", "connectedWayCount": 2}}, {"type": "Feature", "geometry": {"type": "Point", "coordinates": [-73.751147, 40.916198]}, "properties": {"intersectionId": "ix-3653", "connectedWayCount": 2}}, {"type": "Feature", "geometry": {"type": "Point", "coordinates": [-73.706747, 40.953842]}, "properties": {"intersectionId": "ix-3659", "connectedWayCount": 2}}, {"type": "Feature", "geometry": {"type": "Point", "coordinates": [-73.749586, 40.935527]}, "properties": {"intersectionId": "ix-3660", "connectedWayCount": 2}}, {"type": "Feature", "geometry": {"type": "Point", "coordinates": [-73.748457, 40.934759]}, "properties": {"intersectionId": "ix-3661", "connectedWayCount": 2}}, {"type": "Feature", "geometry": {"type": "Point", "coordinates": [-73.748441, 40.934748]}, "properties": {"intersectionId": "ix-3662", "connectedWayCount": 2}}, {"type": "Feature", "geometry": {"type": "Point", "coordinates": [-73.748132, 40.934538]}, "properties": {"intersectionId": "ix-3663", "connectedWayCount": 2}}, {"type": "Feature", "geometry": {"type": "Point", "coordinates": [-73.708897, 40.977893]}, "properties": {"intersectionId": "ix-3664", "connectedWayCount": 2}}, {"type": "Feature", "geometry": {"type": "Point", "coordinates": [-73.708428, 40.975982]}, "properties": {"intersectionId": "ix-3673", "connectedWayCount": 2}}, {"type": "Feature", "geometry": {"type": "Point", "coordinates": [-73.708862, 40.977516]}, "properties": {"intersectionId": "ix-3675", "connectedWayCount": 4}}, {"type": "Feature", "geometry": {"type": "Point", "coordinates": [-73.746805, 40.920131]}, "properties": {"intersectionId": "ix-3676", "connectedWayCount": 2}}, {"type": "Feature", "geometry": {"type": "Point", "coordinates": [-73.7477, 40.919728]}, "properties": {"intersectionId": "ix-3677", "connectedWayCount": 2}}, {"type": "Feature", "geometry": {"type": "Point", "coordinates": [-73.7501, 40.918958]}, "properties": {"intersectionId": "ix-3680", "connectedWayCount": 2}}, {"type": "Feature", "geometry": {"type": "Point", "coordinates": [-73.72801, 40.933134]}, "properties": {"intersectionId": "ix-3681", "connectedWayCount": 2}}, {"type": "Feature", "geometry": {"type": "Point", "coordinates": [-73.752186, 40.944895]}, "properties": {"intersectionId": "ix-3684", "connectedWayCount": 2}}, {"type": "Feature", "geometry": {"type": "Point", "coordinates": [-73.753033, 40.945418]}, "properties": {"intersectionId": "ix-3690", "connectedWayCount": 2}}, {"type": "Feature", "geometry": {"type": "Point", "coordinates": [-73.754936, 40.946582]}, "properties": {"intersectionId": "ix-3695", "connectedWayCount": 2}}, {"type": "Feature", "geometry": {"type": "Point", "coordinates": [-73.755206, 40.94677]}, "properties": {"intersectionId": "ix-3696", "connectedWayCount": 2}}, {"type": "Feature", "geometry": {"type": "Point", "coordinates": [-73.729532, 40.960395]}, "properties": {"intersectionId": "ix-3697", "connectedWayCount": 2}}, {"type": "Feature", "geometry": {"type": "Point", "coordinates": [-73.748541, 40.938355]}, "properties": {"intersectionId": "ix-3700", "connectedWayCount": 2}}, {"type": "Feature", "geometry": {"type": "Point", "coordinates": [-73.748212, 40.938313]}, "properties": {"intersectionId": "ix-3704", "connectedWayCount": 2}}, {"type": "Feature", "geometry": {"type": "Point", "coordinates": [-73.748217, 40.938439]}, "properties": {"intersectionId": "ix-3707", "connectedWayCount": 2}}, {"type": "Feature", "geometry": {"type": "Point", "coordinates": [-73.749104, 40.938643]}, "properties": {"intersectionId": "ix-3713", "connectedWayCount": 2}}, {"type": "Feature", "geometry": {"type": "Point", "coordinates": [-73.750506, 40.939616]}, "properties": {"intersectionId": "ix-3714", "connectedWayCount": 2}}, {"type": "Feature", "geometry": {"type": "Point", "coordinates": [-73.74947, 40.931865]}, "properties": {"intersectionId": "ix-3726", "connectedWayCount": 3}}, {"type": "Feature", "geometry": {"type": "Point", "coordinates": [-73.751745, 40.933093]}, "properties": {"intersectionId": "ix-3731", "connectedWayCount": 2}}, {"type": "Feature", "geometry": {"type": "Point", "coordinates": [-73.753296, 40.943919]}, "properties": {"intersectionId": "ix-3732", "connectedWayCount": 2}}, {"type": "Feature", "geometry": {"type": "Point", "coordinates": [-73.753221, 40.943995]}, "properties": {"intersectionId": "ix-3733", "connectedWayCount": 2}}, {"type": "Feature", "geometry": {"type": "Point", "coordinates": [-73.752313, 40.944829]}, "properties": {"intersectionId": "ix-3739", "connectedWayCount": 2}}, {"type": "Feature", "geometry": {"type": "Point", "coordinates": [-73.75129, 40.94521]}, "properties": {"intersectionId": "ix-3744", "connectedWayCount": 2}}, {"type": "Feature", "geometry": {"type": "Point", "coordinates": [-73.749905, 40.947232]}, "properties": {"intersectionId": "ix-3758", "connectedWayCount": 2}}, {"type": "Feature", "geometry": {"type": "Point", "coordinates": [-73.749312, 40.9477]}, "properties": {"intersectionId": "ix-3762", "connectedWayCount": 3}}, {"type": "Feature", "geometry": {"type": "Point", "coordinates": [-73.719486, 40.955305]}, "properties": {"intersectionId": "ix-3763", "connectedWayCount": 2}}, {"type": "Feature", "geometry": {"type": "Point", "coordinates": [-73.71855, 40.95723]}, "properties": {"intersectionId": "ix-3771", "connectedWayCount": 2}}, {"type": "Feature", "geometry": {"type": "Point", "coordinates": [-73.729766, 40.967271]}, "properties": {"intersectionId": "ix-3773", "connectedWayCount": 2}}, {"type": "Feature", "geometry": {"type": "Point", "coordinates": [-73.715771, 40.960275]}, "properties": {"intersectionId": "ix-3778", "connectedWayCount": 2}}, {"type": "Feature", "geometry": {"type": "Point", "coordinates": [-73.717273, 40.960719]}, "properties": {"intersectionId": "ix-3783", "connectedWayCount": 2}}, {"type": "Feature", "geometry": {"type": "Point", "coordinates": [-73.71668, 40.96037]}, "properties": {"intersectionId": "ix-3784", "connectedWayCount": 2}}, {"type": "Feature", "geometry": {"type": "Point", "coordinates": [-73.71641, 40.960211]}, "properties": {"intersectionId": "ix-3785", "connectedWayCount": 2}}, {"type": "Feature", "geometry": {"type": "Point", "coordinates": [-73.705767, 40.96772]}, "properties": {"intersectionId": "ix-3786", "connectedWayCount": 2}}, {"type": "Feature", "geometry": {"type": "Point", "coordinates": [-73.718386, 40.968648]}, "properties": {"intersectionId": "ix-3788", "connectedWayCount": 2}}, {"type": "Feature", "geometry": {"type": "Point", "coordinates": [-73.728953, 40.929256]}, "properties": {"intersectionId": "ix-3795", "connectedWayCount": 2}}, {"type": "Feature", "geometry": {"type": "Point", "coordinates": [-73.728595, 40.929175]}, "properties": {"intersectionId": "ix-3797", "connectedWayCount": 2}}, {"type": "Feature", "geometry": {"type": "Point", "coordinates": [-73.72832, 40.929111]}, "properties": {"intersectionId": "ix-3799", "connectedWayCount": 2}}, {"type": "Feature", "geometry": {"type": "Point", "coordinates": [-73.728078, 40.929054]}, "properties": {"intersectionId": "ix-3800", "connectedWayCount": 2}}, {"type": "Feature", "geometry": {"type": "Point", "coordinates": [-73.728025, 40.929042]}, "properties": {"intersectionId": "ix-3801", "connectedWayCount": 2}}, {"type": "Feature", "geometry": {"type": "Point", "coordinates": [-73.727185, 40.928845]}, "properties": {"intersectionId": "ix-3802", "connectedWayCount": 2}}, {"type": "Feature", "geometry": {"type": "Point", "coordinates": [-73.726846, 40.928759]}, "properties": {"intersectionId": "ix-3804", "connectedWayCount": 2}}, {"type": "Feature", "geometry": {"type": "Point", "coordinates": [-73.72664, 40.928646]}, "properties": {"intersectionId": "ix-3806", "connectedWayCount": 2}}, {"type": "Feature", "geometry": {"type": "Point", "coordinates": [-73.726619, 40.928583]}, "properties": {"intersectionId": "ix-3808", "connectedWayCount": 2}}, {"type": "Feature", "geometry": {"type": "Point", "coordinates": [-73.726679, 40.928443]}, "properties": {"intersectionId": "ix-3811", "connectedWayCount": 2}}, {"type": "Feature", "geometry": {"type": "Point", "coordinates": [-73.726851, 40.928318]}, "properties": {"intersectionId": "ix-3813", "connectedWayCount": 2}}, {"type": "Feature", "geometry": {"type": "Point", "coordinates": [-73.727439, 40.928152]}, "properties": {"intersectionId": "ix-3818", "connectedWayCount": 2}}, {"type": "Feature", "geometry": {"type": "Point", "coordinates": [-73.727959, 40.928327]}, "properties": {"intersectionId": "ix-3821", "connectedWayCount": 2}}, {"type": "Feature", "geometry": {"type": "Point", "coordinates": [-73.729043, 40.928644]}, "properties": {"intersectionId": "ix-3824", "connectedWayCount": 2}}, {"type": "Feature", "geometry": {"type": "Point", "coordinates": [-73.755316, 40.942038]}, "properties": {"intersectionId": "ix-3825", "connectedWayCount": 2}}, {"type": "Feature", "geometry": {"type": "Point", "coordinates": [-73.753478, 40.943662]}, "properties": {"intersectionId": "ix-3829", "connectedWayCount": 3}}, {"type": "Feature", "geometry": {"type": "Point", "coordinates": [-73.750996, 40.947633]}, "properties": {"intersectionId": "ix-3833", "connectedWayCount": 2}}, {"type": "Feature", "geometry": {"type": "Point", "coordinates": [-73.759572, 40.929591]}, "properties": {"intersectionId": "ix-3834", "connectedWayCount": 2}}, {"type": "Feature", "geometry": {"type": "Point", "coordinates": [-73.723711, 40.946141]}, "properties": {"intersectionId": "ix-3849", "connectedWayCount": 2}}, {"type": "Feature", "geometry": {"type": "Point", "coordinates": [-73.721654, 40.948288]}, "properties": {"intersectionId": "ix-3855", "connectedWayCount": 2}}, {"type": "Feature", "geometry": {"type": "Point", "coordinates": [-73.720845, 40.949447]}, "properties": {"intersectionId": "ix-3857", "connectedWayCount": 2}}, {"type": "Feature", "geometry": {"type": "Point", "coordinates": [-73.719619, 40.950982]}, "properties": {"intersectionId": "ix-3861", "connectedWayCount": 2}}, {"type": "Feature", "geometry": {"type": "Point", "coordinates": [-73.719452, 40.951124]}, "properties": {"intersectionId": "ix-3864", "connectedWayCount": 2}}, {"type": "Feature", "geometry": {"type": "Point", "coordinates": [-73.752344, 40.926121]}, "properties": {"intersectionId": "ix-3884", "connectedWayCount": 3}}, {"type": "Feature", "geometry": {"type": "Point", "coordinates": [-73.752726, 40.926789]}, "properties": {"intersectionId": "ix-3885", "connectedWayCount": 2}}, {"type": "Feature", "geometry": {"type": "Point", "coordinates": [-73.734891, 40.956152]}, "properties": {"intersectionId": "ix-3887", "connectedWayCount": 2}}, {"type": "Feature", "geometry": {"type": "Point", "coordinates": [-73.744551, 40.95168]}, "properties": {"intersectionId": "ix-3889", "connectedWayCount": 2}}, {"type": "Feature", "geometry": {"type": "Point", "coordinates": [-73.744738, 40.951512]}, "properties": {"intersectionId": "ix-3890", "connectedWayCount": 3}}, {"type": "Feature", "geometry": {"type": "Point", "coordinates": [-73.72061, 40.958227]}, "properties": {"intersectionId": "ix-3892", "connectedWayCount": 2}}, {"type": "Feature", "geometry": {"type": "Point", "coordinates": [-73.719628, 40.959081]}, "properties": {"intersectionId": "ix-3906", "connectedWayCount": 2}}, {"type": "Feature", "geometry": {"type": "Point", "coordinates": [-73.73026, 40.975812]}, "properties": {"intersectionId": "ix-3907", "connectedWayCount": 2}}, {"type": "Feature", "geometry": {"type": "Point", "coordinates": [-73.730252, 40.975668]}, "properties": {"intersectionId": "ix-3908", "connectedWayCount": 2}}, {"type": "Feature", "geometry": {"type": "Point", "coordinates": [-73.730034, 40.975341]}, "properties": {"intersectionId": "ix-3910", "connectedWayCount": 2}}, {"type": "Feature", "geometry": {"type": "Point", "coordinates": [-73.727316, 40.976392]}, "properties": {"intersectionId": "ix-3930", "connectedWayCount": 2}}, {"type": "Feature", "geometry": {"type": "Point", "coordinates": [-73.730322, 40.975788]}, "properties": {"intersectionId": "ix-3932", "connectedWayCount": 2}}, {"type": "Feature", "geometry": {"type": "Point", "coordinates": [-73.730857, 40.976557]}, "properties": {"intersectionId": "ix-3933", "connectedWayCount": 2}}, {"type": "Feature", "geometry": {"type": "Point", "coordinates": [-73.73093, 40.9768]}, "properties": {"intersectionId": "ix-3937", "connectedWayCount": 2}}, {"type": "Feature", "geometry": {"type": "Point", "coordinates": [-73.730905, 40.976928]}, "properties": {"intersectionId": "ix-3939", "connectedWayCount": 2}}, {"type": "Feature", "geometry": {"type": "Point", "coordinates": [-73.73085, 40.977147]}, "properties": {"intersectionId": "ix-3940", "connectedWayCount": 2}}, {"type": "Feature", "geometry": {"type": "Point", "coordinates": [-73.730833, 40.977213]}, "properties": {"intersectionId": "ix-3941", "connectedWayCount": 2}}, {"type": "Feature", "geometry": {"type": "Point", "coordinates": [-73.730774, 40.977449]}, "properties": {"intersectionId": "ix-3942", "connectedWayCount": 2}}, {"type": "Feature", "geometry": {"type": "Point", "coordinates": [-73.730659, 40.978235]}, "properties": {"intersectionId": "ix-3945", "connectedWayCount": 2}}, {"type": "Feature", "geometry": {"type": "Point", "coordinates": [-73.730732, 40.978765]}, "properties": {"intersectionId": "ix-3947", "connectedWayCount": 2}}, {"type": "Feature", "geometry": {"type": "Point", "coordinates": [-73.730805, 40.978989]}, "properties": {"intersectionId": "ix-3948", "connectedWayCount": 2}}, {"type": "Feature", "geometry": {"type": "Point", "coordinates": [-73.73121, 40.980973]}, "properties": {"intersectionId": "ix-3954", "connectedWayCount": 2}}, {"type": "Feature", "geometry": {"type": "Point", "coordinates": [-73.759987, 40.964362]}, "properties": {"intersectionId": "ix-3955", "connectedWayCount": 2}}, {"type": "Feature", "geometry": {"type": "Point", "coordinates": [-73.722793, 40.966457]}, "properties": {"intersectionId": "ix-3961", "connectedWayCount": 2}}, {"type": "Feature", "geometry": {"type": "Point", "coordinates": [-73.721096, 40.967481]}, "properties": {"intersectionId": "ix-3966", "connectedWayCount": 2}}, {"type": "Feature", "geometry": {"type": "Point", "coordinates": [-73.738856, 40.955015]}, "properties": {"intersectionId": "ix-3971", "connectedWayCount": 3}}, {"type": "Feature", "geometry": {"type": "Point", "coordinates": [-73.738731, 40.954988]}, "properties": {"intersectionId": "ix-3972", "connectedWayCount": 2}}, {"type": "Feature", "geometry": {"type": "Point", "coordinates": [-73.737902, 40.954809]}, "properties": {"intersectionId": "ix-3973", "connectedWayCount": 4}}, {"type": "Feature", "geometry": {"type": "Point", "coordinates": [-73.733435, 40.963662]}, "properties": {"intersectionId": "ix-3974", "connectedWayCount": 2}}, {"type": "Feature", "geometry": {"type": "Point", "coordinates": [-73.734278, 40.963458]}, "properties": {"intersectionId": "ix-3976", "connectedWayCount": 2}}, {"type": "Feature", "geometry": {"type": "Point", "coordinates": [-73.734505, 40.964798]}, "properties": {"intersectionId": "ix-3985", "connectedWayCount": 2}}, {"type": "Feature", "geometry": {"type": "Point", "coordinates": [-73.734505, 40.964836]}, "properties": {"intersectionId": "ix-3986", "connectedWayCount": 2}}, {"type": "Feature", "geometry": {"type": "Point", "coordinates": [-73.715807, 40.970149]}, "properties": {"intersectionId": "ix-3987", "connectedWayCount": 3}}, {"type": "Feature", "geometry": {"type": "Point", "coordinates": [-73.716056, 40.972265]}, "properties": {"intersectionId": "ix-3988", "connectedWayCount": 2}}, {"type": "Feature", "geometry": {"type": "Point", "coordinates": [-73.716128, 40.972941]}, "properties": {"intersectionId": "ix-3989", "connectedWayCount": 3}}, {"type": "Feature", "geometry": {"type": "Point", "coordinates": [-73.716273, 40.974313]}, "properties": {"intersectionId": "ix-3990", "connectedWayCount": 3}}, {"type": "Feature", "geometry": {"type": "Point", "coordinates": [-73.716377, 40.97515]}, "properties": {"intersectionId": "ix-3993", "connectedWayCount": 2}}, {"type": "Feature", "geometry": {"type": "Point", "coordinates": [-73.748193, 40.963626]}, "properties": {"intersectionId": "ix-3994", "connectedWayCount": 2}}, {"type": "Feature", "geometry": {"type": "Point", "coordinates": [-73.748901, 40.963348]}, "properties": {"intersectionId": "ix-3999", "connectedWayCount": 2}}, {"type": "Feature", "geometry": {"type": "Point", "coordinates": [-73.748737, 40.962443]}, "properties": {"intersectionId": "ix-4004", "connectedWayCount": 2}}, {"type": "Feature", "geometry": {"type": "Point", "coordinates": [-73.735903, 40.951844]}, "properties": {"intersectionId": "ix-4005", "connectedWayCount": 2}}, {"type": "Feature", "geometry": {"type": "Point", "coordinates": [-73.735795, 40.95193]}, "properties": {"intersectionId": "ix-4006", "connectedWayCount": 2}}, {"type": "Feature", "geometry": {"type": "Point", "coordinates": [-73.735355, 40.952282]}, "properties": {"intersectionId": "ix-4007", "connectedWayCount": 2}}, {"type": "Feature", "geometry": {"type": "Point", "coordinates": [-73.735209, 40.952399]}, "properties": {"intersectionId": "ix-4008", "connectedWayCount": 2}}, {"type": "Feature", "geometry": {"type": "Point", "coordinates": [-73.735055, 40.952521]}, "properties": {"intersectionId": "ix-4009", "connectedWayCount": 2}}, {"type": "Feature", "geometry": {"type": "Point", "coordinates": [-73.734933, 40.952619]}, "properties": {"intersectionId": "ix-4010", "connectedWayCount": 3}}, {"type": "Feature", "geometry": {"type": "Point", "coordinates": [-73.738023, 40.950924]}, "properties": {"intersectionId": "ix-4011", "connectedWayCount": 3}}, {"type": "Feature", "geometry": {"type": "Point", "coordinates": [-73.752245, 40.971092]}, "properties": {"intersectionId": "ix-4014", "connectedWayCount": 2}}, {"type": "Feature", "geometry": {"type": "Point", "coordinates": [-73.759366, 40.953351]}, "properties": {"intersectionId": "ix-4015", "connectedWayCount": 3}}, {"type": "Feature", "geometry": {"type": "Point", "coordinates": [-73.759468, 40.953071]}, "properties": {"intersectionId": "ix-4017", "connectedWayCount": 2}}, {"type": "Feature", "geometry": {"type": "Point", "coordinates": [-73.726577, 40.958392]}, "properties": {"intersectionId": "ix-4022", "connectedWayCount": 2}}, {"type": "Feature", "geometry": {"type": "Point", "coordinates": [-73.711148, 40.955195]}, "properties": {"intersectionId": "ix-4027", "connectedWayCount": 2}}, {"type": "Feature", "geometry": {"type": "Point", "coordinates": [-73.746163, 40.926084]}, "properties": {"intersectionId": "ix-4032", "connectedWayCount": 3}}, {"type": "Feature", "geometry": {"type": "Point", "coordinates": [-73.747762, 40.927034]}, "properties": {"intersectionId": "ix-4039", "connectedWayCount": 2}}, {"type": "Feature", "geometry": {"type": "Point", "coordinates": [-73.747829, 40.927047]}, "properties": {"intersectionId": "ix-4045", "connectedWayCount": 2}}, {"type": "Feature", "geometry": {"type": "Point", "coordinates": [-73.747682, 40.927062]}, "properties": {"intersectionId": "ix-4050", "connectedWayCount": 2}}, {"type": "Feature", "geometry": {"type": "Point", "coordinates": [-73.747703, 40.9272]}, "properties": {"intersectionId": "ix-4056", "connectedWayCount": 2}}, {"type": "Feature", "geometry": {"type": "Point", "coordinates": [-73.747526, 40.927905]}, "properties": {"intersectionId": "ix-4062", "connectedWayCount": 2}}, {"type": "Feature", "geometry": {"type": "Point", "coordinates": [-73.747323, 40.92893]}, "properties": {"intersectionId": "ix-4065", "connectedWayCount": 2}}, {"type": "Feature", "geometry": {"type": "Point", "coordinates": [-73.748364, 40.929887]}, "properties": {"intersectionId": "ix-4068", "connectedWayCount": 2}}, {"type": "Feature", "geometry": {"type": "Point", "coordinates": [-73.711027, 40.97746]}, "properties": {"intersectionId": "ix-4076", "connectedWayCount": 2}}, {"type": "Feature", "geometry": {"type": "Point", "coordinates": [-73.711642, 40.978575]}, "properties": {"intersectionId": "ix-4079", "connectedWayCount": 2}}, {"type": "Feature", "geometry": {"type": "Point", "coordinates": [-73.711783, 40.978869]}, "properties": {"intersectionId": "ix-4080", "connectedWayCount": 3}}, {"type": "Feature", "geometry": {"type": "Point", "coordinates": [-73.736877, 40.960405]}, "properties": {"intersectionId": "ix-4090", "connectedWayCount": 3}}, {"type": "Feature", "geometry": {"type": "Point", "coordinates": [-73.737023, 40.960436]}, "properties": {"intersectionId": "ix-4091", "connectedWayCount": 2}}, {"type": "Feature", "geometry": {"type": "Point", "coordinates": [-73.737169, 40.960466]}, "properties": {"intersectionId": "ix-4092", "connectedWayCount": 2}}, {"type": "Feature", "geometry": {"type": "Point", "coordinates": [-73.737693, 40.960575]}, "properties": {"intersectionId": "ix-4093", "connectedWayCount": 2}}, {"type": "Feature", "geometry": {"type": "Point", "coordinates": [-73.737731, 40.960583]}, "properties": {"intersectionId": "ix-4094", "connectedWayCount": 2}}, {"type": "Feature", "geometry": {"type": "Point", "coordinates": [-73.738232, 40.960677]}, "properties": {"intersectionId": "ix-4095", "connectedWayCount": 2}}, {"type": "Feature", "geometry": {"type": "Point", "coordinates": [-73.720144, 40.976118]}, "properties": {"intersectionId": "ix-4099", "connectedWayCount": 2}}, {"type": "Feature", "geometry": {"type": "Point", "coordinates": [-73.719755, 40.972685]}, "properties": {"intersectionId": "ix-4100", "connectedWayCount": 2}}, {"type": "Feature", "geometry": {"type": "Point", "coordinates": [-73.719909, 40.974095]}, "properties": {"intersectionId": "ix-4101", "connectedWayCount": 3}}, {"type": "Feature", "geometry": {"type": "Point", "coordinates": [-73.719968, 40.974759]}, "properties": {"intersectionId": "ix-4103", "connectedWayCount": 2}}, {"type": "Feature", "geometry": {"type": "Point", "coordinates": [-73.747237, 40.952446]}, "properties": {"intersectionId": "ix-4104", "connectedWayCount": 2}}, {"type": "Feature", "geometry": {"type": "Point", "coordinates": [-73.746926, 40.952836]}, "properties": {"intersectionId": "ix-4105", "connectedWayCount": 2}}, {"type": "Feature", "geometry": {"type": "Point", "coordinates": [-73.746263, 40.953683]}, "properties": {"intersectionId": "ix-4107", "connectedWayCount": 3}}, {"type": "Feature", "geometry": {"type": "Point", "coordinates": [-73.74663, 40.954297]}, "properties": {"intersectionId": "ix-4112", "connectedWayCount": 3}}, {"type": "Feature", "geometry": {"type": "Point", "coordinates": [-73.737912, 40.957548]}, "properties": {"intersectionId": "ix-4113", "connectedWayCount": 3}}, {"type": "Feature", "geometry": {"type": "Point", "coordinates": [-73.738426, 40.957656]}, "properties": {"intersectionId": "ix-4114", "connectedWayCount": 2}}, {"type": "Feature", "geometry": {"type": "Point", "coordinates": [-73.740095, 40.957708]}, "properties": {"intersectionId": "ix-4119", "connectedWayCount": 2}}, {"type": "Feature", "geometry": {"type": "Point", "coordinates": [-73.740251, 40.95768]}, "properties": {"intersectionId": "ix-4120", "connectedWayCount": 2}}, {"type": "Feature", "geometry": {"type": "Point", "coordinates": [-73.739424, 40.967469]}, "properties": {"intersectionId": "ix-4122", "connectedWayCount": 3}}, {"type": "Feature", "geometry": {"type": "Point", "coordinates": [-73.739361, 40.967374]}, "properties": {"intersectionId": "ix-4123", "connectedWayCount": 4}}, {"type": "Feature", "geometry": {"type": "Point", "coordinates": [-73.736779, 40.964424]}, "properties": {"intersectionId": "ix-4124", "connectedWayCount": 2}}, {"type": "Feature", "geometry": {"type": "Point", "coordinates": [-73.737296, 40.963619]}, "properties": {"intersectionId": "ix-4127", "connectedWayCount": 3}}, {"type": "Feature", "geometry": {"type": "Point", "coordinates": [-73.736939, 40.960246]}, "properties": {"intersectionId": "ix-4128", "connectedWayCount": 3}}, {"type": "Feature", "geometry": {"type": "Point", "coordinates": [-73.736758, 40.960255]}, "properties": {"intersectionId": "ix-4129", "connectedWayCount": 2}}, {"type": "Feature", "geometry": {"type": "Point", "coordinates": [-73.736481, 40.96027]}, "properties": {"intersectionId": "ix-4130", "connectedWayCount": 2}}, {"type": "Feature", "geometry": {"type": "Point", "coordinates": [-73.73644, 40.960272]}, "properties": {"intersectionId": "ix-4131", "connectedWayCount": 2}}, {"type": "Feature", "geometry": {"type": "Point", "coordinates": [-73.736059, 40.960292]}, "properties": {"intersectionId": "ix-4132", "connectedWayCount": 2}}, {"type": "Feature", "geometry": {"type": "Point", "coordinates": [-73.735748, 40.960305]}, "properties": {"intersectionId": "ix-4134", "connectedWayCount": 2}}, {"type": "Feature", "geometry": {"type": "Point", "coordinates": [-73.735566, 40.960311]}, "properties": {"intersectionId": "ix-4135", "connectedWayCount": 2}}, {"type": "Feature", "geometry": {"type": "Point", "coordinates": [-73.744582, 40.929681]}, "properties": {"intersectionId": "ix-4136", "connectedWayCount": 3}}, {"type": "Feature", "geometry": {"type": "Point", "coordinates": [-73.755505, 40.94618]}, "properties": {"intersectionId": "ix-4139", "connectedWayCount": 2}}, {"type": "Feature", "geometry": {"type": "Point", "coordinates": [-73.719008, 40.962872]}, "properties": {"intersectionId": "ix-4148", "connectedWayCount": 2}}, {"type": "Feature", "geometry": {"type": "Point", "coordinates": [-73.719589, 40.963412]}, "properties": {"intersectionId": "ix-4149", "connectedWayCount": 2}}, {"type": "Feature", "geometry": {"type": "Point", "coordinates": [-73.720186, 40.963972]}, "properties": {"intersectionId": "ix-4150", "connectedWayCount": 2}}, {"type": "Feature", "geometry": {"type": "Point", "coordinates": [-73.721301, 40.965005]}, "properties": {"intersectionId": "ix-4151", "connectedWayCount": 2}}, {"type": "Feature", "geometry": {"type": "Point", "coordinates": [-73.733286, 40.960861]}, "properties": {"intersectionId": "ix-4153", "connectedWayCount": 2}}, {"type": "Feature", "geometry": {"type": "Point", "coordinates": [-73.756732, 40.928115]}, "properties": {"intersectionId": "ix-4154", "connectedWayCount": 2}}, {"type": "Feature", "geometry": {"type": "Point", "coordinates": [-73.757142, 40.927994]}, "properties": {"intersectionId": "ix-4159", "connectedWayCount": 2}}, {"type": "Feature", "geometry": {"type": "Point", "coordinates": [-73.735427, 40.952985]}, "properties": {"intersectionId": "ix-4162", "connectedWayCount": 2}}, {"type": "Feature", "geometry": {"type": "Point", "coordinates": [-73.735458, 40.95296]}, "properties": {"intersectionId": "ix-4163", "connectedWayCount": 2}}, {"type": "Feature", "geometry": {"type": "Point", "coordinates": [-73.744349, 40.927423]}, "properties": {"intersectionId": "ix-4178", "connectedWayCount": 3}}, {"type": "Feature", "geometry": {"type": "Point", "coordinates": [-73.745718, 40.926273]}, "properties": {"intersectionId": "ix-4184", "connectedWayCount": 2}}, {"type": "Feature", "geometry": {"type": "Point", "coordinates": [-73.757683, 40.930508]}, "properties": {"intersectionId": "ix-4185", "connectedWayCount": 2}}, {"type": "Feature", "geometry": {"type": "Point", "coordinates": [-73.758388, 40.929755]}, "properties": {"intersectionId": "ix-4189", "connectedWayCount": 2}}, {"type": "Feature", "geometry": {"type": "Point", "coordinates": [-73.758986, 40.929411]}, "properties": {"intersectionId": "ix-4194", "connectedWayCount": 2}}, {"type": "Feature", "geometry": {"type": "Point", "coordinates": [-73.748994, 40.923705]}, "properties": {"intersectionId": "ix-4197", "connectedWayCount": 2}}, {"type": "Feature", "geometry": {"type": "Point", "coordinates": [-73.749907, 40.923365]}, "properties": {"intersectionId": "ix-4199", "connectedWayCount": 2}}, {"type": "Feature", "geometry": {"type": "Point", "coordinates": [-73.752086, 40.9226]}, "properties": {"intersectionId": "ix-4201", "connectedWayCount": 2}}, {"type": "Feature", "geometry": {"type": "Point", "coordinates": [-73.752882, 40.922351]}, "properties": {"intersectionId": "ix-4202", "connectedWayCount": 2}}, {"type": "Feature", "geometry": {"type": "Point", "coordinates": [-73.752298, 40.971133]}, "properties": {"intersectionId": "ix-4204", "connectedWayCount": 2}}, {"type": "Feature", "geometry": {"type": "Point", "coordinates": [-73.75127, 40.97209]}, "properties": {"intersectionId": "ix-4207", "connectedWayCount": 2}}, {"type": "Feature", "geometry": {"type": "Point", "coordinates": [-73.749676, 40.973711]}, "properties": {"intersectionId": "ix-4209", "connectedWayCount": 2}}, {"type": "Feature", "geometry": {"type": "Point", "coordinates": [-73.724212, 40.953673]}, "properties": {"intersectionId": "ix-4211", "connectedWayCount": 3}}, {"type": "Feature", "geometry": {"type": "Point", "coordinates": [-73.722423, 40.953767]}, "properties": {"intersectionId": "ix-4216", "connectedWayCount": 2}}, {"type": "Feature", "geometry": {"type": "Point", "coordinates": [-73.72215, 40.953726]}, "properties": {"intersectionId": "ix-4217", "connectedWayCount": 2}}, {"type": "Feature", "geometry": {"type": "Point", "coordinates": [-73.722034, 40.953711]}, "properties": {"intersectionId": "ix-4218", "connectedWayCount": 2}}, {"type": "Feature", "geometry": {"type": "Point", "coordinates": [-73.721308, 40.953684]}, "properties": {"intersectionId": "ix-4221", "connectedWayCount": 2}}, {"type": "Feature", "geometry": {"type": "Point", "coordinates": [-73.722507, 40.954784]}, "properties": {"intersectionId": "ix-4228", "connectedWayCount": 3}}, {"type": "Feature", "geometry": {"type": "Point", "coordinates": [-73.721431, 40.955366]}, "properties": {"intersectionId": "ix-4229", "connectedWayCount": 2}}, {"type": "Feature", "geometry": {"type": "Point", "coordinates": [-73.720864, 40.955688]}, "properties": {"intersectionId": "ix-4231", "connectedWayCount": 2}}, {"type": "Feature", "geometry": {"type": "Point", "coordinates": [-73.720665, 40.955866]}, "properties": {"intersectionId": "ix-4232", "connectedWayCount": 2}}, {"type": "Feature", "geometry": {"type": "Point", "coordinates": [-73.720633, 40.955895]}, "properties": {"intersectionId": "ix-4233", "connectedWayCount": 2}}, {"type": "Feature", "geometry": {"type": "Point", "coordinates": [-73.720542, 40.955997]}, "properties": {"intersectionId": "ix-4234", "connectedWayCount": 2}}, {"type": "Feature", "geometry": {"type": "Point", "coordinates": [-73.723103, 40.953958]}, "properties": {"intersectionId": "ix-4238", "connectedWayCount": 2}}, {"type": "Feature", "geometry": {"type": "Point", "coordinates": [-73.72179, 40.949948]}, "properties": {"intersectionId": "ix-4243", "connectedWayCount": 2}}, {"type": "Feature", "geometry": {"type": "Point", "coordinates": [-73.738444, 40.956112]}, "properties": {"intersectionId": "ix-4244", "connectedWayCount": 3}}, {"type": "Feature", "geometry": {"type": "Point", "coordinates": [-73.737536, 40.955933]}, "properties": {"intersectionId": "ix-4246", "connectedWayCount": 2}}, {"type": "Feature", "geometry": {"type": "Point", "coordinates": [-73.737518, 40.955929]}, "properties": {"intersectionId": "ix-4247", "connectedWayCount": 2}}, {"type": "Feature", "geometry": {"type": "Point", "coordinates": [-73.737172, 40.955872]}, "properties": {"intersectionId": "ix-4248", "connectedWayCount": 3}}, {"type": "Feature", "geometry": {"type": "Point", "coordinates": [-73.736925, 40.955832]}, "properties": {"intersectionId": "ix-4249", "connectedWayCount": 2}}, {"type": "Feature", "geometry": {"type": "Point", "coordinates": [-73.746489, 40.919153]}, "properties": {"intersectionId": "ix-4250", "connectedWayCount": 4}}, {"type": "Feature", "geometry": {"type": "Point", "coordinates": [-73.74586, 40.919461]}, "properties": {"intersectionId": "ix-4255", "connectedWayCount": 2}}, {"type": "Feature", "geometry": {"type": "Point", "coordinates": [-73.744316, 40.919044]}, "properties": {"intersectionId": "ix-4265", "connectedWayCount": 2}}, {"type": "Feature", "geometry": {"type": "Point", "coordinates": [-73.744885, 40.918377]}, "properties": {"intersectionId": "ix-4273", "connectedWayCount": 2}}, {"type": "Feature", "geometry": {"type": "Point", "coordinates": [-73.746854, 40.918364]}, "properties": {"intersectionId": "ix-4285", "connectedWayCount": 3}}, {"type": "Feature", "geometry": {"type": "Point", "coordinates": [-73.747184, 40.918451]}, "properties": {"intersectionId": "ix-4288", "connectedWayCount": 2}}, {"type": "Feature", "geometry": {"type": "Point", "coordinates": [-73.746619, 40.919659]}, "properties": {"intersectionId": "ix-4289", "connectedWayCount": 5}}, {"type": "Feature", "geometry": {"type": "Point", "coordinates": [-73.712355, 40.966737]}, "properties": {"intersectionId": "ix-4295", "connectedWayCount": 4}}, {"type": "Feature", "geometry": {"type": "Point", "coordinates": [-73.712949, 40.966752]}, "properties": {"intersectionId": "ix-4296", "connectedWayCount": 2}}, {"type": "Feature", "geometry": {"type": "Point", "coordinates": [-73.714481, 40.966143]}, "properties": {"intersectionId": "ix-4300", "connectedWayCount": 3}}, {"type": "Feature", "geometry": {"type": "Point", "coordinates": [-73.715859, 40.965036]}, "properties": {"intersectionId": "ix-4305", "connectedWayCount": 2}}, {"type": "Feature", "geometry": {"type": "Point", "coordinates": [-73.717683, 40.963699]}, "properties": {"intersectionId": "ix-4307", "connectedWayCount": 2}}, {"type": "Feature", "geometry": {"type": "Point", "coordinates": [-73.720339, 40.96205]}, "properties": {"intersectionId": "ix-4309", "connectedWayCount": 2}}, {"type": "Feature", "geometry": {"type": "Point", "coordinates": [-73.721591, 40.961277]}, "properties": {"intersectionId": "ix-4310", "connectedWayCount": 3}}, {"type": "Feature", "geometry": {"type": "Point", "coordinates": [-73.736538, 40.950797]}, "properties": {"intersectionId": "ix-4311", "connectedWayCount": 3}}, {"type": "Feature", "geometry": {"type": "Point", "coordinates": [-73.736635, 40.950529]}, "properties": {"intersectionId": "ix-4314", "connectedWayCount": 2}}, {"type": "Feature", "geometry": {"type": "Point", "coordinates": [-73.734794, 40.950856]}, "properties": {"intersectionId": "ix-4315", "connectedWayCount": 2}}, {"type": "Feature", "geometry": {"type": "Point", "coordinates": [-73.735106, 40.950637]}, "properties": {"intersectionId": "ix-4319", "connectedWayCount": 2}}, {"type": "Feature", "geometry": {"type": "Point", "coordinates": [-73.735405, 40.950553]}, "properties": {"intersectionId": "ix-4321", "connectedWayCount": 2}}, {"type": "Feature", "geometry": {"type": "Point", "coordinates": [-73.735592, 40.950505]}, "properties": {"intersectionId": "ix-4322", "connectedWayCount": 2}}, {"type": "Feature", "geometry": {"type": "Point", "coordinates": [-73.735798, 40.950455]}, "properties": {"intersectionId": "ix-4323", "connectedWayCount": 2}}, {"type": "Feature", "geometry": {"type": "Point", "coordinates": [-73.711594, 40.949968]}, "properties": {"intersectionId": "ix-4332", "connectedWayCount": 2}}, {"type": "Feature", "geometry": {"type": "Point", "coordinates": [-73.707845, 40.947649]}, "properties": {"intersectionId": "ix-4343", "connectedWayCount": 2}}, {"type": "Feature", "geometry": {"type": "Point", "coordinates": [-73.707842, 40.946468]}, "properties": {"intersectionId": "ix-4351", "connectedWayCount": 2}}, {"type": "Feature", "geometry": {"type": "Point", "coordinates": [-73.708466, 40.946193]}, "properties": {"intersectionId": "ix-4359", "connectedWayCount": 3}}, {"type": "Feature", "geometry": {"type": "Point", "coordinates": [-73.719777, 40.957414]}, "properties": {"intersectionId": "ix-4375", "connectedWayCount": 2}}, {"type": "Feature", "geometry": {"type": "Point", "coordinates": [-73.717974, 40.95685]}, "properties": {"intersectionId": "ix-4383", "connectedWayCount": 2}}, {"type": "Feature", "geometry": {"type": "Point", "coordinates": [-73.716365, 40.967691]}, "properties": {"intersectionId": "ix-4384", "connectedWayCount": 2}}, {"type": "Feature", "geometry": {"type": "Point", "coordinates": [-73.71569, 40.968095]}, "properties": {"intersectionId": "ix-4385", "connectedWayCount": 2}}, {"type": "Feature", "geometry": {"type": "Point", "coordinates": [-73.714725, 40.968601]}, "properties": {"intersectionId": "ix-4390", "connectedWayCount": 2}}, {"type": "Feature", "geometry": {"type": "Point", "coordinates": [-73.736515, 40.94862]}, "properties": {"intersectionId": "ix-4392", "connectedWayCount": 2}}, {"type": "Feature", "geometry": {"type": "Point", "coordinates": [-73.748025, 40.920279]}, "properties": {"intersectionId": "ix-4399", "connectedWayCount": 2}}, {"type": "Feature", "geometry": {"type": "Point", "coordinates": [-73.748811, 40.919936]}, "properties": {"intersectionId": "ix-4402", "connectedWayCount": 2}}, {"type": "Feature", "geometry": {"type": "Point", "coordinates": [-73.749505, 40.919673]}, "properties": {"intersectionId": "ix-4404", "connectedWayCount": 2}}, {"type": "Feature", "geometry": {"type": "Point", "coordinates": [-73.750365, 40.919446]}, "properties": {"intersectionId": "ix-4405", "connectedWayCount": 2}}, {"type": "Feature", "geometry": {"type": "Point", "coordinates": [-73.751196, 40.919201]}, "properties": {"intersectionId": "ix-4406", "connectedWayCount": 2}}, {"type": "Feature", "geometry": {"type": "Point", "coordinates": [-73.734878, 40.934074]}, "properties": {"intersectionId": "ix-4409", "connectedWayCount": 2}}, {"type": "Feature", "geometry": {"type": "Point", "coordinates": [-73.753183, 40.937111]}, "properties": {"intersectionId": "ix-4429", "connectedWayCount": 2}}, {"type": "Feature", "geometry": {"type": "Point", "coordinates": [-73.751889, 40.936288]}, "properties": {"intersectionId": "ix-4430", "connectedWayCount": 2}}, {"type": "Feature", "geometry": {"type": "Point", "coordinates": [-73.748432, 40.92632]}, "properties": {"intersectionId": "ix-4431", "connectedWayCount": 2}}, {"type": "Feature", "geometry": {"type": "Point", "coordinates": [-73.748122, 40.925804]}, "properties": {"intersectionId": "ix-4444", "connectedWayCount": 2}}, {"type": "Feature", "geometry": {"type": "Point", "coordinates": [-73.734441, 40.924219]}, "properties": {"intersectionId": "ix-4446", "connectedWayCount": 2}}, {"type": "Feature", "geometry": {"type": "Point", "coordinates": [-73.734394, 40.924067]}, "properties": {"intersectionId": "ix-4449", "connectedWayCount": 2}}, {"type": "Feature", "geometry": {"type": "Point", "coordinates": [-73.734473, 40.923555]}, "properties": {"intersectionId": "ix-4451", "connectedWayCount": 2}}, {"type": "Feature", "geometry": {"type": "Point", "coordinates": [-73.73457, 40.922903]}, "properties": {"intersectionId": "ix-4453", "connectedWayCount": 2}}, {"type": "Feature", "geometry": {"type": "Point", "coordinates": [-73.734557, 40.922475]}, "properties": {"intersectionId": "ix-4455", "connectedWayCount": 2}}, {"type": "Feature", "geometry": {"type": "Point", "coordinates": [-73.73268, 40.95082]}, "properties": {"intersectionId": "ix-4458", "connectedWayCount": 3}}, {"type": "Feature", "geometry": {"type": "Point", "coordinates": [-73.73502, 40.952025]}, "properties": {"intersectionId": "ix-4472", "connectedWayCount": 3}}, {"type": "Feature", "geometry": {"type": "Point", "coordinates": [-73.736024, 40.939644]}, "properties": {"intersectionId": "ix-4473", "connectedWayCount": 2}}, {"type": "Feature", "geometry": {"type": "Point", "coordinates": [-73.736702, 40.939107]}, "properties": {"intersectionId": "ix-4474", "connectedWayCount": 2}}, {"type": "Feature", "geometry": {"type": "Point", "coordinates": [-73.738097, 40.938354]}, "properties": {"intersectionId": "ix-4478", "connectedWayCount": 2}}, {"type": "Feature", "geometry": {"type": "Point", "coordinates": [-73.754522, 40.941534]}, "properties": {"intersectionId": "ix-4479", "connectedWayCount": 2}}, {"type": "Feature", "geometry": {"type": "Point", "coordinates": [-73.754584, 40.941574]}, "properties": {"intersectionId": "ix-4480", "connectedWayCount": 2}}, {"type": "Feature", "geometry": {"type": "Point", "coordinates": [-73.735423, 40.964952]}, "properties": {"intersectionId": "ix-4481", "connectedWayCount": 3}}, {"type": "Feature", "geometry": {"type": "Point", "coordinates": [-73.735572, 40.964955]}, "properties": {"intersectionId": "ix-4482", "connectedWayCount": 4}}, {"type": "Feature", "geometry": {"type": "Point", "coordinates": [-73.746029, 40.951984]}, "properties": {"intersectionId": "ix-4483", "connectedWayCount": 3}}, {"type": "Feature", "geometry": {"type": "Point", "coordinates": [-73.749037, 40.947707]}, "properties": {"intersectionId": "ix-4492", "connectedWayCount": 2}}, {"type": "Feature", "geometry": {"type": "Point", "coordinates": [-73.749448, 40.928558]}, "properties": {"intersectionId": "ix-4493", "connectedWayCount": 4}}, {"type": "Feature", "geometry": {"type": "Point", "coordinates": [-73.739709, 40.938944]}, "properties": {"intersectionId": "ix-4505", "connectedWayCount": 2}}, {"type": "Feature", "geometry": {"type": "Point", "coordinates": [-73.747341, 40.93145]}, "properties": {"intersectionId": "ix-4506", "connectedWayCount": 3}}, {"type": "Feature", "geometry": {"type": "Point", "coordinates": [-73.747429, 40.93148]}, "properties": {"intersectionId": "ix-4507", "connectedWayCount": 2}}, {"type": "Feature", "geometry": {"type": "Point", "coordinates": [-73.74777, 40.931597]}, "properties": {"intersectionId": "ix-4508", "connectedWayCount": 2}}, {"type": "Feature", "geometry": {"type": "Point", "coordinates": [-73.74848, 40.931368]}, "properties": {"intersectionId": "ix-4514", "connectedWayCount": 2}}, {"type": "Feature", "geometry": {"type": "Point", "coordinates": [-73.731926, 40.96434]}, "properties": {"intersectionId": "ix-4521", "connectedWayCount": 2}}, {"type": "Feature", "geometry": {"type": "Point", "coordinates": [-73.732363, 40.965358]}, "properties": {"intersectionId": "ix-4522", "connectedWayCount": 2}}, {"type": "Feature", "geometry": {"type": "Point", "coordinates": [-73.733076, 40.967078]}, "properties": {"intersectionId": "ix-4523", "connectedWayCount": 2}}, {"type": "Feature", "geometry": {"type": "Point", "coordinates": [-73.736461, 40.967114]}, "properties": {"intersectionId": "ix-4524", "connectedWayCount": 2}}, {"type": "Feature", "geometry": {"type": "Point", "coordinates": [-73.736542, 40.967089]}, "properties": {"intersectionId": "ix-4525", "connectedWayCount": 2}}, {"type": "Feature", "geometry": {"type": "Point", "coordinates": [-73.738997, 40.966669]}, "properties": {"intersectionId": "ix-4528", "connectedWayCount": 2}}, {"type": "Feature", "geometry": {"type": "Point", "coordinates": [-73.739172, 40.966638]}, "properties": {"intersectionId": "ix-4529", "connectedWayCount": 3}}, {"type": "Feature", "geometry": {"type": "Point", "coordinates": [-73.756134, 40.934071]}, "properties": {"intersectionId": "ix-4533", "connectedWayCount": 4}}, {"type": "Feature", "geometry": {"type": "Point", "coordinates": [-73.75742, 40.932286]}, "properties": {"intersectionId": "ix-4534", "connectedWayCount": 3}}, {"type": "Feature", "geometry": {"type": "Point", "coordinates": [-73.757918, 40.931593]}, "properties": {"intersectionId": "ix-4535", "connectedWayCount": 3}}, {"type": "Feature", "geometry": {"type": "Point", "coordinates": [-73.758451, 40.930862]}, "properties": {"intersectionId": "ix-4536", "connectedWayCount": 2}}, {"type": "Feature", "geometry": {"type": "Point", "coordinates": [-73.756346, 40.934273]}, "properties": {"intersectionId": "ix-4538", "connectedWayCount": 2}}, {"type": "Feature", "geometry": {"type": "Point", "coordinates": [-73.747355, 40.947159]}, "properties": {"intersectionId": "ix-4539", "connectedWayCount": 2}}, {"type": "Feature", "geometry": {"type": "Point", "coordinates": [-73.743923, 40.951202]}, "properties": {"intersectionId": "ix-4540", "connectedWayCount": 3}}, {"type": "Feature", "geometry": {"type": "Point", "coordinates": [-73.744332, 40.950843]}, "properties": {"intersectionId": "ix-4541", "connectedWayCount": 2}}, {"type": "Feature", "geometry": {"type": "Point", "coordinates": [-73.744384, 40.950797]}, "properties": {"intersectionId": "ix-4542", "connectedWayCount": 2}}, {"type": "Feature", "geometry": {"type": "Point", "coordinates": [-73.744631, 40.95058]}, "properties": {"intersectionId": "ix-4543", "connectedWayCount": 2}}, {"type": "Feature", "geometry": {"type": "Point", "coordinates": [-73.746567, 40.9489]}, "properties": {"intersectionId": "ix-4544", "connectedWayCount": 2}}, {"type": "Feature", "geometry": {"type": "Point", "coordinates": [-73.750073, 40.941014]}, "properties": {"intersectionId": "ix-4552", "connectedWayCount": 3}}, {"type": "Feature", "geometry": {"type": "Point", "coordinates": [-73.749746, 40.941301]}, "properties": {"intersectionId": "ix-4553", "connectedWayCount": 2}}, {"type": "Feature", "geometry": {"type": "Point", "coordinates": [-73.749044, 40.940818]}, "properties": {"intersectionId": "ix-4556", "connectedWayCount": 2}}, {"type": "Feature", "geometry": {"type": "Point", "coordinates": [-73.746029, 40.932148]}, "properties": {"intersectionId": "ix-4558", "connectedWayCount": 2}}, {"type": "Feature", "geometry": {"type": "Point", "coordinates": [-73.724609, 40.966136]}, "properties": {"intersectionId": "ix-4561", "connectedWayCount": 2}}, {"type": "Feature", "geometry": {"type": "Point", "coordinates": [-73.723315, 40.967015]}, "properties": {"intersectionId": "ix-4563", "connectedWayCount": 2}}, {"type": "Feature", "geometry": {"type": "Point", "coordinates": [-73.721584, 40.968004]}, "properties": {"intersectionId": "ix-4567", "connectedWayCount": 2}}, {"type": "Feature", "geometry": {"type": "Point", "coordinates": [-73.721251, 40.969782]}, "properties": {"intersectionId": "ix-4569", "connectedWayCount": 2}}, {"type": "Feature", "geometry": {"type": "Point", "coordinates": [-73.721393, 40.971014]}, "properties": {"intersectionId": "ix-4570", "connectedWayCount": 2}}, {"type": "Feature", "geometry": {"type": "Point", "coordinates": [-73.721403, 40.971098]}, "properties": {"intersectionId": "ix-4571", "connectedWayCount": 2}}, {"type": "Feature", "geometry": {"type": "Point", "coordinates": [-73.721632, 40.973266]}, "properties": {"intersectionId": "ix-4574", "connectedWayCount": 2}}, {"type": "Feature", "geometry": {"type": "Point", "coordinates": [-73.721645, 40.973379]}, "properties": {"intersectionId": "ix-4575", "connectedWayCount": 2}}, {"type": "Feature", "geometry": {"type": "Point", "coordinates": [-73.721715, 40.973988]}, "properties": {"intersectionId": "ix-4576", "connectedWayCount": 2}}, {"type": "Feature", "geometry": {"type": "Point", "coordinates": [-73.743029, 40.952796]}, "properties": {"intersectionId": "ix-4577", "connectedWayCount": 3}}, {"type": "Feature", "geometry": {"type": "Point", "coordinates": [-73.742182, 40.952601]}, "properties": {"intersectionId": "ix-4581", "connectedWayCount": 2}}, {"type": "Feature", "geometry": {"type": "Point", "coordinates": [-73.741061, 40.951679]}, "properties": {"intersectionId": "ix-4584", "connectedWayCount": 4}}, {"type": "Feature", "geometry": {"type": "Point", "coordinates": [-73.753175, 40.93523]}, "properties": {"intersectionId": "ix-4585", "connectedWayCount": 3}}, {"type": "Feature", "geometry": {"type": "Point", "coordinates": [-73.718296, 40.956527]}, "properties": {"intersectionId": "ix-4593", "connectedWayCount": 2}}, {"type": "Feature", "geometry": {"type": "Point", "coordinates": [-73.723484, 40.968336]}, "properties": {"intersectionId": "ix-4605", "connectedWayCount": 2}}, {"type": "Feature", "geometry": {"type": "Point", "coordinates": [-73.723858, 40.967515]}, "properties": {"intersectionId": "ix-4607", "connectedWayCount": 3}}, {"type": "Feature", "geometry": {"type": "Point", "coordinates": [-73.707561, 40.973808]}, "properties": {"intersectionId": "ix-4616", "connectedWayCount": 2}}, {"type": "Feature", "geometry": {"type": "Point", "coordinates": [-73.749774, 40.91838]}, "properties": {"intersectionId": "ix-4621", "connectedWayCount": 2}}, {"type": "Feature", "geometry": {"type": "Point", "coordinates": [-73.75175, 40.921967]}, "properties": {"intersectionId": "ix-4622", "connectedWayCount": 2}}, {"type": "Feature", "geometry": {"type": "Point", "coordinates": [-73.757091, 40.94589]}, "properties": {"intersectionId": "ix-4623", "connectedWayCount": 2}}, {"type": "Feature", "geometry": {"type": "Point", "coordinates": [-73.710052, 40.952847]}, "properties": {"intersectionId": "ix-4628", "connectedWayCount": 2}}, {"type": "Feature", "geometry": {"type": "Point", "coordinates": [-73.708584, 40.951061]}, "properties": {"intersectionId": "ix-4643", "connectedWayCount": 2}}, {"type": "Feature", "geometry": {"type": "Point", "coordinates": [-73.736403, 40.964465]}, "properties": {"intersectionId": "ix-4644", "connectedWayCount": 3}}, {"type": "Feature", "geometry": {"type": "Point", "coordinates": [-73.736427, 40.964552]}, "properties": {"intersectionId": "ix-4645", "connectedWayCount": 2}}, {"type": "Feature", "geometry": {"type": "Point", "coordinates": [-73.753593, 40.925039]}, "properties": {"intersectionId": "ix-4650", "connectedWayCount": 2}}, {"type": "Feature", "geometry": {"type": "Point", "coordinates": [-73.738315, 40.97504]}, "properties": {"intersectionId": "ix-4657", "connectedWayCount": 2}}, {"type": "Feature", "geometry": {"type": "Point", "coordinates": [-73.738681, 40.975221]}, "properties": {"intersectionId": "ix-4658", "connectedWayCount": 2}}, {"type": "Feature", "geometry": {"type": "Point", "coordinates": [-73.7387, 40.97523]}, "properties": {"intersectionId": "ix-4659", "connectedWayCount": 2}}, {"type": "Feature", "geometry": {"type": "Point", "coordinates": [-73.746396, 40.9299]}, "properties": {"intersectionId": "ix-4660", "connectedWayCount": 2}}, {"type": "Feature", "geometry": {"type": "Point", "coordinates": [-73.748348, 40.975483]}, "properties": {"intersectionId": "ix-4673", "connectedWayCount": 2}}, {"type": "Feature", "geometry": {"type": "Point", "coordinates": [-73.748777, 40.974977]}, "properties": {"intersectionId": "ix-4675", "connectedWayCount": 2}}, {"type": "Feature", "geometry": {"type": "Point", "coordinates": [-73.717435, 40.976308]}, "properties": {"intersectionId": "ix-4678", "connectedWayCount": 2}}, {"type": "Feature", "geometry": {"type": "Point", "coordinates": [-73.716509, 40.976354]}, "properties": {"intersectionId": "ix-4681", "connectedWayCount": 2}}, {"type": "Feature", "geometry": {"type": "Point", "coordinates": [-73.713951, 40.976429]}, "properties": {"intersectionId": "ix-4684", "connectedWayCount": 2}}, {"type": "Feature", "geometry": {"type": "Point", "coordinates": [-73.719785, 40.953245]}, "properties": {"intersectionId": "ix-4686", "connectedWayCount": 2}}, {"type": "Feature", "geometry": {"type": "Point", "coordinates": [-73.718993, 40.953422]}, "properties": {"intersectionId": "ix-4690", "connectedWayCount": 2}}, {"type": "Feature", "geometry": {"type": "Point", "coordinates": [-73.760634, 40.932282]}, "properties": {"intersectionId": "ix-4691", "connectedWayCount": 2}}, {"type": "Feature", "geometry": {"type": "Point", "coordinates": [-73.759682, 40.931867]}, "properties": {"intersectionId": "ix-4694", "connectedWayCount": 4}}, {"type": "Feature", "geometry": {"type": "Point", "coordinates": [-73.748901, 40.951785]}, "properties": {"intersectionId": "ix-4698", "connectedWayCount": 2}}, {"type": "Feature", "geometry": {"type": "Point", "coordinates": [-73.748581, 40.951253]}, "properties": {"intersectionId": "ix-4701", "connectedWayCount": 3}}, {"type": "Feature", "geometry": {"type": "Point", "coordinates": [-73.715229, 40.962676]}, "properties": {"intersectionId": "ix-4703", "connectedWayCount": 2}}, {"type": "Feature", "geometry": {"type": "Point", "coordinates": [-73.705465, 40.95995]}, "properties": {"intersectionId": "ix-4712", "connectedWayCount": 2}}, {"type": "Feature", "geometry": {"type": "Point", "coordinates": [-73.706389, 40.959312]}, "properties": {"intersectionId": "ix-4721", "connectedWayCount": 2}}, {"type": "Feature", "geometry": {"type": "Point", "coordinates": [-73.707045, 40.95889]}, "properties": {"intersectionId": "ix-4723", "connectedWayCount": 3}}, {"type": "Feature", "geometry": {"type": "Point", "coordinates": [-73.739679, 40.931556]}, "properties": {"intersectionId": "ix-4724", "connectedWayCount": 2}}, {"type": "Feature", "geometry": {"type": "Point", "coordinates": [-73.738972, 40.931245]}, "properties": {"intersectionId": "ix-4730", "connectedWayCount": 2}}, {"type": "Feature", "geometry": {"type": "Point", "coordinates": [-73.713228, 40.971251]}, "properties": {"intersectionId": "ix-4731", "connectedWayCount": 2}}, {"type": "Feature", "geometry": {"type": "Point", "coordinates": [-73.70993, 40.972638]}, "properties": {"intersectionId": "ix-4735", "connectedWayCount": 2}}, {"type": "Feature", "geometry": {"type": "Point", "coordinates": [-73.747088, 40.923488]}, "properties": {"intersectionId": "ix-4736", "connectedWayCount": 2}}, {"type": "Feature", "geometry": {"type": "Point", "coordinates": [-73.747465, 40.923673]}, "properties": {"intersectionId": "ix-4741", "connectedWayCount": 3}}, {"type": "Feature", "geometry": {"type": "Point", "coordinates": [-73.718267, 40.964241]}, "properties": {"intersectionId": "ix-4743", "connectedWayCount": 2}}, {"type": "Feature", "geometry": {"type": "Point", "coordinates": [-73.718863, 40.964794]}, "properties": {"intersectionId": "ix-4744", "connectedWayCount": 3}}, {"type": "Feature", "geometry": {"type": "Point", "coordinates": [-73.73496, 40.960358]}, "properties": {"intersectionId": "ix-4745", "connectedWayCount": 3}}, {"type": "Feature", "geometry": {"type": "Point", "coordinates": [-73.738083, 40.942751]}, "properties": {"intersectionId": "ix-4755", "connectedWayCount": 2}}, {"type": "Feature", "geometry": {"type": "Point", "coordinates": [-73.737895, 40.942711]}, "properties": {"intersectionId": "ix-4756", "connectedWayCount": 2}}, {"type": "Feature", "geometry": {"type": "Point", "coordinates": [-73.737057, 40.942648]}, "properties": {"intersectionId": "ix-4758", "connectedWayCount": 3}}, {"type": "Feature", "geometry": {"type": "Point", "coordinates": [-73.735319, 40.941966]}, "properties": {"intersectionId": "ix-4760", "connectedWayCount": 2}}, {"type": "Feature", "geometry": {"type": "Point", "coordinates": [-73.734186, 40.941466]}, "properties": {"intersectionId": "ix-4763", "connectedWayCount": 2}}, {"type": "Feature", "geometry": {"type": "Point", "coordinates": [-73.730352, 40.939812]}, "properties": {"intersectionId": "ix-4765", "connectedWayCount": 2}}, {"type": "Feature", "geometry": {"type": "Point", "coordinates": [-73.730293, 40.939788]}, "properties": {"intersectionId": "ix-4766", "connectedWayCount": 2}}, {"type": "Feature", "geometry": {"type": "Point", "coordinates": [-73.729018, 40.939216]}, "properties": {"intersectionId": "ix-4767", "connectedWayCount": 2}}, {"type": "Feature", "geometry": {"type": "Point", "coordinates": [-73.728794, 40.939123]}, "properties": {"intersectionId": "ix-4768", "connectedWayCount": 2}}, {"type": "Feature", "geometry": {"type": "Point", "coordinates": [-73.727542, 40.9386]}, "properties": {"intersectionId": "ix-4769", "connectedWayCount": 2}}, {"type": "Feature", "geometry": {"type": "Point", "coordinates": [-73.726543, 40.938174]}, "properties": {"intersectionId": "ix-4770", "connectedWayCount": 2}}, {"type": "Feature", "geometry": {"type": "Point", "coordinates": [-73.7265, 40.938156]}, "properties": {"intersectionId": "ix-4771", "connectedWayCount": 2}}, {"type": "Feature", "geometry": {"type": "Point", "coordinates": [-73.725886, 40.937892]}, "properties": {"intersectionId": "ix-4772", "connectedWayCount": 2}}, {"type": "Feature", "geometry": {"type": "Point", "coordinates": [-73.725207, 40.937585]}, "properties": {"intersectionId": "ix-4773", "connectedWayCount": 2}}, {"type": "Feature", "geometry": {"type": "Point", "coordinates": [-73.725076, 40.937526]}, "properties": {"intersectionId": "ix-4774", "connectedWayCount": 2}}, {"type": "Feature", "geometry": {"type": "Point", "coordinates": [-73.724742, 40.937381]}, "properties": {"intersectionId": "ix-4776", "connectedWayCount": 2}}, {"type": "Feature", "geometry": {"type": "Point", "coordinates": [-73.732225, 40.937245]}, "properties": {"intersectionId": "ix-4780", "connectedWayCount": 2}}, {"type": "Feature", "geometry": {"type": "Point", "coordinates": [-73.733249, 40.93666]}, "properties": {"intersectionId": "ix-4781", "connectedWayCount": 2}}, {"type": "Feature", "geometry": {"type": "Point", "coordinates": [-73.733404, 40.936575]}, "properties": {"intersectionId": "ix-4782", "connectedWayCount": 2}}, {"type": "Feature", "geometry": {"type": "Point", "coordinates": [-73.744141, 40.938269]}, "properties": {"intersectionId": "ix-4783", "connectedWayCount": 3}}, {"type": "Feature", "geometry": {"type": "Point", "coordinates": [-73.745786, 40.921829]}, "properties": {"intersectionId": "ix-4791", "connectedWayCount": 2}}, {"type": "Feature", "geometry": {"type": "Point", "coordinates": [-73.745974, 40.922181]}, "properties": {"intersectionId": "ix-4792", "connectedWayCount": 2}}, {"type": "Feature", "geometry": {"type": "Point", "coordinates": [-73.746209, 40.922608]}, "properties": {"intersectionId": "ix-4794", "connectedWayCount": 2}}, {"type": "Feature", "geometry": {"type": "Point", "coordinates": [-73.746259, 40.922699]}, "properties": {"intersectionId": "ix-4795", "connectedWayCount": 2}}, {"type": "Feature", "geometry": {"type": "Point", "coordinates": [-73.713759, 40.974024]}, "properties": {"intersectionId": "ix-4798", "connectedWayCount": 2}}, {"type": "Feature", "geometry": {"type": "Point", "coordinates": [-73.753743, 40.94952]}, "properties": {"intersectionId": "ix-4801", "connectedWayCount": 2}}, {"type": "Feature", "geometry": {"type": "Point", "coordinates": [-73.755679, 40.974613]}, "properties": {"intersectionId": "ix-4814", "connectedWayCount": 2}}, {"type": "Feature", "geometry": {"type": "Point", "coordinates": [-73.755896, 40.974494]}, "properties": {"intersectionId": "ix-4815", "connectedWayCount": 2}}, {"type": "Feature", "geometry": {"type": "Point", "coordinates": [-73.756158, 40.974347]}, "properties": {"intersectionId": "ix-4816", "connectedWayCount": 2}}, {"type": "Feature", "geometry": {"type": "Point", "coordinates": [-73.756299, 40.974261]}, "properties": {"intersectionId": "ix-4818", "connectedWayCount": 2}}, {"type": "Feature", "geometry": {"type": "Point", "coordinates": [-73.75646, 40.974144]}, "properties": {"intersectionId": "ix-4819", "connectedWayCount": 2}}, {"type": "Feature", "geometry": {"type": "Point", "coordinates": [-73.756635, 40.974024]}, "properties": {"intersectionId": "ix-4820", "connectedWayCount": 4}}, {"type": "Feature", "geometry": {"type": "Point", "coordinates": [-73.750727, 40.948839]}, "properties": {"intersectionId": "ix-4830", "connectedWayCount": 3}}, {"type": "Feature", "geometry": {"type": "Point", "coordinates": [-73.707143, 40.976149]}, "properties": {"intersectionId": "ix-4835", "connectedWayCount": 2}}, {"type": "Feature", "geometry": {"type": "Point", "coordinates": [-73.754114, 40.944609]}, "properties": {"intersectionId": "ix-4836", "connectedWayCount": 2}}, {"type": "Feature", "geometry": {"type": "Point", "coordinates": [-73.705445, 40.949421]}, "properties": {"intersectionId": "ix-4842", "connectedWayCount": 2}}, {"type": "Feature", "geometry": {"type": "Point", "coordinates": [-73.705003, 40.948288]}, "properties": {"intersectionId": "ix-4849", "connectedWayCount": 2}}, {"type": "Feature", "geometry": {"type": "Point", "coordinates": [-73.704938, 40.947994]}, "properties": {"intersectionId": "ix-4851", "connectedWayCount": 2}}, {"type": "Feature", "geometry": {"type": "Point", "coordinates": [-73.750253, 40.930529]}, "properties": {"intersectionId": "ix-4852", "connectedWayCount": 2}}, {"type": "Feature", "geometry": {"type": "Point", "coordinates": [-73.75279, 40.931603]}, "properties": {"intersectionId": "ix-4853", "connectedWayCount": 2}}, {"type": "Feature", "geometry": {"type": "Point", "coordinates": [-73.752869, 40.93164]}, "properties": {"intersectionId": "ix-4854", "connectedWayCount": 2}}, {"type": "Feature", "geometry": {"type": "Point", "coordinates": [-73.713848, 40.974891]}, "properties": {"intersectionId": "ix-4856", "connectedWayCount": 2}}, {"type": "Feature", "geometry": {"type": "Point", "coordinates": [-73.732391, 40.950788]}, "properties": {"intersectionId": "ix-4857", "connectedWayCount": 2}}, {"type": "Feature", "geometry": {"type": "Point", "coordinates": [-73.732212, 40.950892]}, "properties": {"intersectionId": "ix-4859", "connectedWayCount": 2}}, {"type": "Feature", "geometry": {"type": "Point", "coordinates": [-73.738618, 40.974741]}, "properties": {"intersectionId": "ix-4861", "connectedWayCount": 2}}, {"type": "Feature", "geometry": {"type": "Point", "coordinates": [-73.738759, 40.97445]}, "properties": {"intersectionId": "ix-4864", "connectedWayCount": 2}}, {"type": "Feature", "geometry": {"type": "Point", "coordinates": [-73.738767, 40.974412]}, "properties": {"intersectionId": "ix-4865", "connectedWayCount": 2}}, {"type": "Feature", "geometry": {"type": "Point", "coordinates": [-73.728365, 40.932151]}, "properties": {"intersectionId": "ix-4866", "connectedWayCount": 2}}, {"type": "Feature", "geometry": {"type": "Point", "coordinates": [-73.707217, 40.969945]}, "properties": {"intersectionId": "ix-4875", "connectedWayCount": 4}}, {"type": "Feature", "geometry": {"type": "Point", "coordinates": [-73.707067, 40.969974]}, "properties": {"intersectionId": "ix-4876", "connectedWayCount": 2}}, {"type": "Feature", "geometry": {"type": "Point", "coordinates": [-73.706133, 40.970175]}, "properties": {"intersectionId": "ix-4878", "connectedWayCount": 2}}, {"type": "Feature", "geometry": {"type": "Point", "coordinates": [-73.705166, 40.971145]}, "properties": {"intersectionId": "ix-4884", "connectedWayCount": 2}}, {"type": "Feature", "geometry": {"type": "Point", "coordinates": [-73.709557, 40.964354]}, "properties": {"intersectionId": "ix-4898", "connectedWayCount": 2}}, {"type": "Feature", "geometry": {"type": "Point", "coordinates": [-73.711048, 40.965288]}, "properties": {"intersectionId": "ix-4902", "connectedWayCount": 2}}, {"type": "Feature", "geometry": {"type": "Point", "coordinates": [-73.709424, 40.964192]}, "properties": {"intersectionId": "ix-4903", "connectedWayCount": 2}}, {"type": "Feature", "geometry": {"type": "Point", "coordinates": [-73.70634, 40.961637]}, "properties": {"intersectionId": "ix-4909", "connectedWayCount": 2}}, {"type": "Feature", "geometry": {"type": "Point", "coordinates": [-73.70538, 40.960916]}, "properties": {"intersectionId": "ix-4916", "connectedWayCount": 2}}, {"type": "Feature", "geometry": {"type": "Point", "coordinates": [-73.705565, 40.960549]}, "properties": {"intersectionId": "ix-4918", "connectedWayCount": 2}}, {"type": "Feature", "geometry": {"type": "Point", "coordinates": [-73.705232, 40.959775]}, "properties": {"intersectionId": "ix-4923", "connectedWayCount": 2}}, {"type": "Feature", "geometry": {"type": "Point", "coordinates": [-73.704851, 40.95949]}, "properties": {"intersectionId": "ix-4924", "connectedWayCount": 2}}, {"type": "Feature", "geometry": {"type": "Point", "coordinates": [-73.704306, 40.959105]}, "properties": {"intersectionId": "ix-4926", "connectedWayCount": 2}}, {"type": "Feature", "geometry": {"type": "Point", "coordinates": [-73.737193, 40.959535]}, "properties": {"intersectionId": "ix-4927", "connectedWayCount": 3}}, {"type": "Feature", "geometry": {"type": "Point", "coordinates": [-73.73734, 40.959566]}, "properties": {"intersectionId": "ix-4928", "connectedWayCount": 2}}, {"type": "Feature", "geometry": {"type": "Point", "coordinates": [-73.737625, 40.959626]}, "properties": {"intersectionId": "ix-4929", "connectedWayCount": 3}}, {"type": "Feature", "geometry": {"type": "Point", "coordinates": [-73.738294, 40.94328]}, "properties": {"intersectionId": "ix-4930", "connectedWayCount": 3}}, {"type": "Feature", "geometry": {"type": "Point", "coordinates": [-73.738455, 40.943158]}, "properties": {"intersectionId": "ix-4931", "connectedWayCount": 2}}, {"type": "Feature", "geometry": {"type": "Point", "coordinates": [-73.739656, 40.942251]}, "properties": {"intersectionId": "ix-4932", "connectedWayCount": 2}}, {"type": "Feature", "geometry": {"type": "Point", "coordinates": [-73.733731, 40.96768]}, "properties": {"intersectionId": "ix-4935", "connectedWayCount": 2}}, {"type": "Feature", "geometry": {"type": "Point", "coordinates": [-73.740985, 40.95175]}, "properties": {"intersectionId": "ix-4937", "connectedWayCount": 2}}, {"type": "Feature", "geometry": {"type": "Point", "coordinates": [-73.739917, 40.952764]}, "properties": {"intersectionId": "ix-4939", "connectedWayCount": 2}}, {"type": "Feature", "geometry": {"type": "Point", "coordinates": [-73.73883, 40.953806]}, "properties": {"intersectionId": "ix-4941", "connectedWayCount": 2}}, {"type": "Feature", "geometry": {"type": "Point", "coordinates": [-73.750169, 40.925616]}, "properties": {"intersectionId": "ix-4942", "connectedWayCount": 2}}, {"type": "Feature", "geometry": {"type": "Point", "coordinates": [-73.750716, 40.925426]}, "properties": {"intersectionId": "ix-4944", "connectedWayCount": 2}}, {"type": "Feature", "geometry": {"type": "Point", "coordinates": [-73.753449, 40.924463]}, "properties": {"intersectionId": "ix-4945", "connectedWayCount": 2}}, {"type": "Feature", "geometry": {"type": "Point", "coordinates": [-73.703681, 40.966332]}, "properties": {"intersectionId": "ix-4946", "connectedWayCount": 2}}, {"type": "Feature", "geometry": {"type": "Point", "coordinates": [-73.727872, 40.962881]}, "properties": {"intersectionId": "ix-4967", "connectedWayCount": 2}}, {"type": "Feature", "geometry": {"type": "Point", "coordinates": [-73.729199, 40.933724]}, "properties": {"intersectionId": "ix-4973", "connectedWayCount": 2}}, {"type": "Feature", "geometry": {"type": "Point", "coordinates": [-73.754254, 40.940453]}, "properties": {"intersectionId": "ix-4987", "connectedWayCount": 3}}, {"type": "Feature", "geometry": {"type": "Point", "coordinates": [-73.754338, 40.94038]}, "properties": {"intersectionId": "ix-4988", "connectedWayCount": 2}}, {"type": "Feature", "geometry": {"type": "Point", "coordinates": [-73.731158, 40.951604]}, "properties": {"intersectionId": "ix-4995", "connectedWayCount": 2}}, {"type": "Feature", "geometry": {"type": "Point", "coordinates": [-73.730471, 40.950181]}, "properties": {"intersectionId": "ix-4996", "connectedWayCount": 2}}, {"type": "Feature", "geometry": {"type": "Point", "coordinates": [-73.725685, 40.949944]}, "properties": {"intersectionId": "ix-5000", "connectedWayCount": 2}}, {"type": "Feature", "geometry": {"type": "Point", "coordinates": [-73.725889, 40.950339]}, "properties": {"intersectionId": "ix-5010", "connectedWayCount": 2}}, {"type": "Feature", "geometry": {"type": "Point", "coordinates": [-73.727191, 40.950922]}, "properties": {"intersectionId": "ix-5012", "connectedWayCount": 2}}, {"type": "Feature", "geometry": {"type": "Point", "coordinates": [-73.716592, 40.977055]}, "properties": {"intersectionId": "ix-5017", "connectedWayCount": 2}}, {"type": "Feature", "geometry": {"type": "Point", "coordinates": [-73.714877, 40.977132]}, "properties": {"intersectionId": "ix-5021", "connectedWayCount": 3}}, {"type": "Feature", "geometry": {"type": "Point", "coordinates": [-73.720916, 40.962587]}, "properties": {"intersectionId": "ix-5027", "connectedWayCount": 3}}, {"type": "Feature", "geometry": {"type": "Point", "coordinates": [-73.721525, 40.963155]}, "properties": {"intersectionId": "ix-5028", "connectedWayCount": 3}}, {"type": "Feature", "geometry": {"type": "Point", "coordinates": [-73.750125, 40.971221]}, "properties": {"intersectionId": "ix-5038", "connectedWayCount": 2}}, {"type": "Feature", "geometry": {"type": "Point", "coordinates": [-73.750101, 40.97136]}, "properties": {"intersectionId": "ix-5040", "connectedWayCount": 2}}, {"type": "Feature", "geometry": {"type": "Point", "coordinates": [-73.747387, 40.973544]}, "properties": {"intersectionId": "ix-5041", "connectedWayCount": 2}}, {"type": "Feature", "geometry": {"type": "Point", "coordinates": [-73.75008, 40.971489]}, "properties": {"intersectionId": "ix-5051", "connectedWayCount": 2}}, {"type": "Feature", "geometry": {"type": "Point", "coordinates": [-73.75455, 40.945327]}, "properties": {"intersectionId": "ix-5062", "connectedWayCount": 2}}, {"type": "Feature", "geometry": {"type": "Point", "coordinates": [-73.755697, 40.945623]}, "properties": {"intersectionId": "ix-5069", "connectedWayCount": 2}}, {"type": "Feature", "geometry": {"type": "Point", "coordinates": [-73.75686, 40.945924]}, "properties": {"intersectionId": "ix-5075", "connectedWayCount": 2}}, {"type": "Feature", "geometry": {"type": "Point", "coordinates": [-73.756952, 40.945918]}, "properties": {"intersectionId": "ix-5076", "connectedWayCount": 2}}, {"type": "Feature", "geometry": {"type": "Point", "coordinates": [-73.711725, 40.949204]}, "properties": {"intersectionId": "ix-5078", "connectedWayCount": 2}}, {"type": "Feature", "geometry": {"type": "Point", "coordinates": [-73.711782, 40.949133]}, "properties": {"intersectionId": "ix-5080", "connectedWayCount": 2}}, {"type": "Feature", "geometry": {"type": "Point", "coordinates": [-73.734531, 40.967488]}, "properties": {"intersectionId": "ix-5084", "connectedWayCount": 2}}, {"type": "Feature", "geometry": {"type": "Point", "coordinates": [-73.734739, 40.967841]}, "properties": {"intersectionId": "ix-5086", "connectedWayCount": 2}}, {"type": "Feature", "geometry": {"type": "Point", "coordinates": [-73.73338, 40.965108]}, "properties": {"intersectionId": "ix-5088", "connectedWayCount": 2}}, {"type": "Feature", "geometry": {"type": "Point", "coordinates": [-73.734108, 40.966846]}, "properties": {"intersectionId": "ix-5090", "connectedWayCount": 2}}, {"type": "Feature", "geometry": {"type": "Point", "coordinates": [-73.732689, 40.963859]}, "properties": {"intersectionId": "ix-5091", "connectedWayCount": 3}}, {"type": "Feature", "geometry": {"type": "Point", "coordinates": [-73.733188, 40.965155]}, "properties": {"intersectionId": "ix-5093", "connectedWayCount": 2}}, {"type": "Feature", "geometry": {"type": "Point", "coordinates": [-73.732638, 40.963794]}, "properties": {"intersectionId": "ix-5094", "connectedWayCount": 2}}, {"type": "Feature", "geometry": {"type": "Point", "coordinates": [-73.720257, 40.954943]}, "properties": {"intersectionId": "ix-5096", "connectedWayCount": 2}}, {"type": "Feature", "geometry": {"type": "Point", "coordinates": [-73.720204, 40.954967]}, "properties": {"intersectionId": "ix-5097", "connectedWayCount": 2}}, {"type": "Feature", "geometry": {"type": "Point", "coordinates": [-73.705031, 40.967246]}, "properties": {"intersectionId": "ix-5109", "connectedWayCount": 2}}, {"type": "Feature", "geometry": {"type": "Point", "coordinates": [-73.714721, 40.970528]}, "properties": {"intersectionId": "ix-5111", "connectedWayCount": 3}}, {"type": "Feature", "geometry": {"type": "Point", "coordinates": [-73.713719, 40.970639]}, "properties": {"intersectionId": "ix-5112", "connectedWayCount": 2}}, {"type": "Feature", "geometry": {"type": "Point", "coordinates": [-73.713137, 40.97071]}, "properties": {"intersectionId": "ix-5114", "connectedWayCount": 2}}, {"type": "Feature", "geometry": {"type": "Point", "coordinates": [-73.758224, 40.934284]}, "properties": {"intersectionId": "ix-5116", "connectedWayCount": 4}}, {"type": "Feature", "geometry": {"type": "Point", "coordinates": [-73.758021, 40.934391]}, "properties": {"intersectionId": "ix-5117", "connectedWayCount": 2}}, {"type": "Feature", "geometry": {"type": "Point", "coordinates": [-73.757691, 40.934666]}, "properties": {"intersectionId": "ix-5118", "connectedWayCount": 2}}, {"type": "Feature", "geometry": {"type": "Point", "coordinates": [-73.756945, 40.935334]}, "properties": {"intersectionId": "ix-5119", "connectedWayCount": 2}}, {"type": "Feature", "geometry": {"type": "Point", "coordinates": [-73.756788, 40.93524]}, "properties": {"intersectionId": "ix-5120", "connectedWayCount": 3}}, {"type": "Feature", "geometry": {"type": "Point", "coordinates": [-73.744508, 40.947083]}, "properties": {"intersectionId": "ix-5121", "connectedWayCount": 2}}, {"type": "Feature", "geometry": {"type": "Point", "coordinates": [-73.744304, 40.947406]}, "properties": {"intersectionId": "ix-5125", "connectedWayCount": 2}}, {"type": "Feature", "geometry": {"type": "Point", "coordinates": [-73.743687, 40.948314]}, "properties": {"intersectionId": "ix-5129", "connectedWayCount": 2}}, {"type": "Feature", "geometry": {"type": "Point", "coordinates": [-73.741646, 40.950326]}, "properties": {"intersectionId": "ix-5136", "connectedWayCount": 2}}, {"type": "Feature", "geometry": {"type": "Point", "coordinates": [-73.707281, 40.977783]}, "properties": {"intersectionId": "ix-5139", "connectedWayCount": 2}}, {"type": "Feature", "geometry": {"type": "Point", "coordinates": [-73.723477, 40.957528]}, "properties": {"intersectionId": "ix-5160", "connectedWayCount": 2}}, {"type": "Feature", "geometry": {"type": "Point", "coordinates": [-73.725038, 40.959172]}, "properties": {"intersectionId": "ix-5167", "connectedWayCount": 2}}, {"type": "Feature", "geometry": {"type": "Point", "coordinates": [-73.735322, 40.964761]}, "properties": {"intersectionId": "ix-5173", "connectedWayCount": 2}}, {"type": "Feature", "geometry": {"type": "Point", "coordinates": [-73.753753, 40.925628]}, "properties": {"intersectionId": "ix-5174", "connectedWayCount": 2}}, {"type": "Feature", "geometry": {"type": "Point", "coordinates": [-73.741134, 40.956867]}, "properties": {"intersectionId": "ix-5175", "connectedWayCount": 3}}, {"type": "Feature", "geometry": {"type": "Point", "coordinates": [-73.752369, 40.932254]}, "properties": {"intersectionId": "ix-5178", "connectedWayCount": 4}}, {"type": "Feature", "geometry": {"type": "Point", "coordinates": [-73.742035, 40.95575]}, "properties": {"intersectionId": "ix-5189", "connectedWayCount": 2}}, {"type": "Feature", "geometry": {"type": "Point", "coordinates": [-73.741273, 40.956565]}, "properties": {"intersectionId": "ix-5192", "connectedWayCount": 2}}, {"type": "Feature", "geometry": {"type": "Point", "coordinates": [-73.730405, 40.944819]}, "properties": {"intersectionId": "ix-5199", "connectedWayCount": 3}}, {"type": "Feature", "geometry": {"type": "Point", "coordinates": [-73.730211, 40.944704]}, "properties": {"intersectionId": "ix-5203", "connectedWayCount": 2}}, {"type": "Feature", "geometry": {"type": "Point", "coordinates": [-73.730037, 40.944587]}, "properties": {"intersectionId": "ix-5208", "connectedWayCount": 2}}, {"type": "Feature", "geometry": {"type": "Point", "coordinates": [-73.730274, 40.944536]}, "properties": {"intersectionId": "ix-5212", "connectedWayCount": 2}}, {"type": "Feature", "geometry": {"type": "Point", "coordinates": [-73.758689, 40.946567]}, "properties": {"intersectionId": "ix-5223", "connectedWayCount": 2}}, {"type": "Feature", "geometry": {"type": "Point", "coordinates": [-73.722938, 40.960448]}, "properties": {"intersectionId": "ix-5224", "connectedWayCount": 2}}, {"type": "Feature", "geometry": {"type": "Point", "coordinates": [-73.723492, 40.960997]}, "properties": {"intersectionId": "ix-5225", "connectedWayCount": 2}}, {"type": "Feature", "geometry": {"type": "Point", "coordinates": [-73.759473, 40.923836]}, "properties": {"intersectionId": "ix-5231", "connectedWayCount": 5}}, {"type": "Feature", "geometry": {"type": "Point", "coordinates": [-73.758968, 40.923224]}, "properties": {"intersectionId": "ix-5232", "connectedWayCount": 3}}, {"type": "Feature", "geometry": {"type": "Point", "coordinates": [-73.720731, 40.973335]}, "properties": {"intersectionId": "ix-5234", "connectedWayCount": 2}}, {"type": "Feature", "geometry": {"type": "Point", "coordinates": [-73.713384, 40.951746]}, "properties": {"intersectionId": "ix-5237", "connectedWayCount": 2}}, {"type": "Feature", "geometry": {"type": "Point", "coordinates": [-73.713791, 40.951256]}, "properties": {"intersectionId": "ix-5244", "connectedWayCount": 2}}, {"type": "Feature", "geometry": {"type": "Point", "coordinates": [-73.74905, 40.936213]}, "properties": {"intersectionId": "ix-5251", "connectedWayCount": 4}}, {"type": "Feature", "geometry": {"type": "Point", "coordinates": [-73.748856, 40.936262]}, "properties": {"intersectionId": "ix-5254", "connectedWayCount": 3}}, {"type": "Feature", "geometry": {"type": "Point", "coordinates": [-73.743615, 40.934254]}, "properties": {"intersectionId": "ix-5255", "connectedWayCount": 3}}, {"type": "Feature", "geometry": {"type": "Point", "coordinates": [-73.742801, 40.934399]}, "properties": {"intersectionId": "ix-5258", "connectedWayCount": 2}}, {"type": "Feature", "geometry": {"type": "Point", "coordinates": [-73.740012, 40.93417]}, "properties": {"intersectionId": "ix-5268", "connectedWayCount": 2}}, {"type": "Feature", "geometry": {"type": "Point", "coordinates": [-73.73949, 40.933886]}, "properties": {"intersectionId": "ix-5272", "connectedWayCount": 2}}, {"type": "Feature", "geometry": {"type": "Point", "coordinates": [-73.737028, 40.933092]}, "properties": {"intersectionId": "ix-5319", "connectedWayCount": 2}}, {"type": "Feature", "geometry": {"type": "Point", "coordinates": [-73.736828, 40.932755]}, "properties": {"intersectionId": "ix-5326", "connectedWayCount": 2}}, {"type": "Feature", "geometry": {"type": "Point", "coordinates": [-73.736867, 40.932453]}, "properties": {"intersectionId": "ix-5333", "connectedWayCount": 2}}, {"type": "Feature", "geometry": {"type": "Point", "coordinates": [-73.759046, 40.93663]}, "properties": {"intersectionId": "ix-5342", "connectedWayCount": 2}}, {"type": "Feature", "geometry": {"type": "Point", "coordinates": [-73.723196, 40.963856]}, "properties": {"intersectionId": "ix-5345", "connectedWayCount": 2}}, {"type": "Feature", "geometry": {"type": "Point", "coordinates": [-73.722642, 40.964192]}, "properties": {"intersectionId": "ix-5346", "connectedWayCount": 2}}, {"type": "Feature", "geometry": {"type": "Point", "coordinates": [-73.719974, 40.965837]}, "properties": {"intersectionId": "ix-5347", "connectedWayCount": 2}}, {"type": "Feature", "geometry": {"type": "Point", "coordinates": [-73.717116, 40.956258]}, "properties": {"intersectionId": "ix-5349", "connectedWayCount": 2}}, {"type": "Feature", "geometry": {"type": "Point", "coordinates": [-73.716265, 40.955239]}, "properties": {"intersectionId": "ix-5355", "connectedWayCount": 2}}, {"type": "Feature", "geometry": {"type": "Point", "coordinates": [-73.716223, 40.95516]}, "properties": {"intersectionId": "ix-5356", "connectedWayCount": 2}}, {"type": "Feature", "geometry": {"type": "Point", "coordinates": [-73.716139, 40.954944]}, "properties": {"intersectionId": "ix-5358", "connectedWayCount": 2}}, {"type": "Feature", "geometry": {"type": "Point", "coordinates": [-73.749978, 40.940043]}, "properties": {"intersectionId": "ix-5359", "connectedWayCount": 2}}, {"type": "Feature", "geometry": {"type": "Point", "coordinates": [-73.748954, 40.939407]}, "properties": {"intersectionId": "ix-5368", "connectedWayCount": 2}}, {"type": "Feature", "geometry": {"type": "Point", "coordinates": [-73.75881, 40.943467]}, "properties": {"intersectionId": "ix-5369", "connectedWayCount": 2}}, {"type": "Feature", "geometry": {"type": "Point", "coordinates": [-73.753235, 40.923695]}, "properties": {"intersectionId": "ix-5378", "connectedWayCount": 2}}, {"type": "Feature", "geometry": {"type": "Point", "coordinates": [-73.749837, 40.925071]}, "properties": {"intersectionId": "ix-5384", "connectedWayCount": 2}}, {"type": "Feature", "geometry": {"type": "Point", "coordinates": [-73.75042, 40.924867]}, "properties": {"intersectionId": "ix-5386", "connectedWayCount": 2}}, {"type": "Feature", "geometry": {"type": "Point", "coordinates": [-73.753278, 40.92385]}, "properties": {"intersectionId": "ix-5387", "connectedWayCount": 2}}, {"type": "Feature", "geometry": {"type": "Point", "coordinates": [-73.720373, 40.955182]}, "properties": {"intersectionId": "ix-5406", "connectedWayCount": 2}}, {"type": "Feature", "geometry": {"type": "Point", "coordinates": [-73.735945, 40.957774]}, "properties": {"intersectionId": "ix-5407", "connectedWayCount": 2}}, {"type": "Feature", "geometry": {"type": "Point", "coordinates": [-73.735579, 40.958631]}, "properties": {"intersectionId": "ix-5409", "connectedWayCount": 2}}, {"type": "Feature", "geometry": {"type": "Point", "coordinates": [-73.738014, 40.947527]}, "properties": {"intersectionId": "ix-5418", "connectedWayCount": 2}}, {"type": "Feature", "geometry": {"type": "Point", "coordinates": [-73.71996, 40.954014]}, "properties": {"intersectionId": "ix-5438", "connectedWayCount": 2}}, {"type": "Feature", "geometry": {"type": "Point", "coordinates": [-73.719916, 40.954207]}, "properties": {"intersectionId": "ix-5440", "connectedWayCount": 3}}, {"type": "Feature", "geometry": {"type": "Point", "coordinates": [-73.750578, 40.944261]}, "properties": {"intersectionId": "ix-5446", "connectedWayCount": 2}}, {"type": "Feature", "geometry": {"type": "Point", "coordinates": [-73.750061, 40.945611]}, "properties": {"intersectionId": "ix-5450", "connectedWayCount": 2}}, {"type": "Feature", "geometry": {"type": "Point", "coordinates": [-73.759171, 40.938618]}, "properties": {"intersectionId": "ix-5454", "connectedWayCount": 2}}, {"type": "Feature", "geometry": {"type": "Point", "coordinates": [-73.756768, 40.94027]}, "properties": {"intersectionId": "ix-5457", "connectedWayCount": 2}}, {"type": "Feature", "geometry": {"type": "Point", "coordinates": [-73.756168, 40.940714]}, "properties": {"intersectionId": "ix-5458", "connectedWayCount": 2}}, {"type": "Feature", "geometry": {"type": "Point", "coordinates": [-73.710348, 40.96856]}, "properties": {"intersectionId": "ix-5459", "connectedWayCount": 2}}, {"type": "Feature", "geometry": {"type": "Point", "coordinates": [-73.733042, 40.948681]}, "properties": {"intersectionId": "ix-5460", "connectedWayCount": 5}}, {"type": "Feature", "geometry": {"type": "Point", "coordinates": [-73.733008, 40.948535]}, "properties": {"intersectionId": "ix-5461", "connectedWayCount": 2}}, {"type": "Feature", "geometry": {"type": "Point", "coordinates": [-73.732725, 40.947552]}, "properties": {"intersectionId": "ix-5463", "connectedWayCount": 3}}, {"type": "Feature", "geometry": {"type": "Point", "coordinates": [-73.732635, 40.947514]}, "properties": {"intersectionId": "ix-5465", "connectedWayCount": 3}}, {"type": "Feature", "geometry": {"type": "Point", "coordinates": [-73.708211, 40.958195]}, "properties": {"intersectionId": "ix-5468", "connectedWayCount": 3}}, {"type": "Feature", "geometry": {"type": "Point", "coordinates": [-73.758653, 40.937067]}, "properties": {"intersectionId": "ix-5469", "connectedWayCount": 2}}, {"type": "Feature", "geometry": {"type": "Point", "coordinates": [-73.714103, 40.964269]}, "properties": {"intersectionId": "ix-5471", "connectedWayCount": 3}}, {"type": "Feature", "geometry": {"type": "Point", "coordinates": [-73.753291, 40.913533]}, "properties": {"intersectionId": "ix-5473", "connectedWayCount": 2}}, {"type": "Feature", "geometry": {"type": "Point", "coordinates": [-73.753229, 40.915017]}, "properties": {"intersectionId": "ix-5475", "connectedWayCount": 2}}, {"type": "Feature", "geometry": {"type": "Point", "coordinates": [-73.753226, 40.915175]}, "properties": {"intersectionId": "ix-5476", "connectedWayCount": 2}}, {"type": "Feature", "geometry": {"type": "Point", "coordinates": [-73.75322, 40.915517]}, "properties": {"intersectionId": "ix-5477", "connectedWayCount": 2}}, {"type": "Feature", "geometry": {"type": "Point", "coordinates": [-73.753212, 40.915891]}, "properties": {"intersectionId": "ix-5478", "connectedWayCount": 2}}, {"type": "Feature", "geometry": {"type": "Point", "coordinates": [-73.753205, 40.91629]}, "properties": {"intersectionId": "ix-5479", "connectedWayCount": 2}}, {"type": "Feature", "geometry": {"type": "Point", "coordinates": [-73.753203, 40.916374]}, "properties": {"intersectionId": "ix-5480", "connectedWayCount": 2}}, {"type": "Feature", "geometry": {"type": "Point", "coordinates": [-73.753202, 40.91642]}, "properties": {"intersectionId": "ix-5481", "connectedWayCount": 2}}, {"type": "Feature", "geometry": {"type": "Point", "coordinates": [-73.753195, 40.91679]}, "properties": {"intersectionId": "ix-5482", "connectedWayCount": 3}}, {"type": "Feature", "geometry": {"type": "Point", "coordinates": [-73.715311, 40.949638]}, "properties": {"intersectionId": "ix-5487", "connectedWayCount": 2}}, {"type": "Feature", "geometry": {"type": "Point", "coordinates": [-73.715516, 40.966392]}, "properties": {"intersectionId": "ix-5510", "connectedWayCount": 2}}, {"type": "Feature", "geometry": {"type": "Point", "coordinates": [-73.715043, 40.966738]}, "properties": {"intersectionId": "ix-5513", "connectedWayCount": 2}}, {"type": "Feature", "geometry": {"type": "Point", "coordinates": [-73.714488, 40.967083]}, "properties": {"intersectionId": "ix-5514", "connectedWayCount": 2}}, {"type": "Feature", "geometry": {"type": "Point", "coordinates": [-73.71381, 40.967504]}, "properties": {"intersectionId": "ix-5515", "connectedWayCount": 2}}, {"type": "Feature", "geometry": {"type": "Point", "coordinates": [-73.713696, 40.967575]}, "properties": {"intersectionId": "ix-5516", "connectedWayCount": 2}}, {"type": "Feature", "geometry": {"type": "Point", "coordinates": [-73.713634, 40.967585]}, "properties": {"intersectionId": "ix-5517", "connectedWayCount": 2}}, {"type": "Feature", "geometry": {"type": "Point", "coordinates": [-73.713445, 40.967618]}, "properties": {"intersectionId": "ix-5519", "connectedWayCount": 2}}, {"type": "Feature", "geometry": {"type": "Point", "coordinates": [-73.713338, 40.967637]}, "properties": {"intersectionId": "ix-5520", "connectedWayCount": 2}}, {"type": "Feature", "geometry": {"type": "Point", "coordinates": [-73.713247, 40.967654]}, "properties": {"intersectionId": "ix-5521", "connectedWayCount": 2}}, {"type": "Feature", "geometry": {"type": "Point", "coordinates": [-73.713125, 40.967676]}, "properties": {"intersectionId": "ix-5522", "connectedWayCount": 2}}, {"type": "Feature", "geometry": {"type": "Point", "coordinates": [-73.713102, 40.96768]}, "properties": {"intersectionId": "ix-5523", "connectedWayCount": 2}}, {"type": "Feature", "geometry": {"type": "Point", "coordinates": [-73.712536, 40.967736]}, "properties": {"intersectionId": "ix-5525", "connectedWayCount": 3}}, {"type": "Feature", "geometry": {"type": "Point", "coordinates": [-73.731233, 40.940486]}, "properties": {"intersectionId": "ix-5527", "connectedWayCount": 2}}, {"type": "Feature", "geometry": {"type": "Point", "coordinates": [-73.730511, 40.940885]}, "properties": {"intersectionId": "ix-5533", "connectedWayCount": 2}}, {"type": "Feature", "geometry": {"type": "Point", "coordinates": [-73.730711, 40.940997]}, "properties": {"intersectionId": "ix-5539", "connectedWayCount": 2}}, {"type": "Feature", "geometry": {"type": "Point", "coordinates": [-73.748612, 40.923078]}, "properties": {"intersectionId": "ix-5544", "connectedWayCount": 3}}, {"type": "Feature", "geometry": {"type": "Point", "coordinates": [-73.749376, 40.924325]}, "properties": {"intersectionId": "ix-5546", "connectedWayCount": 3}}, {"type": "Feature", "geometry": {"type": "Point", "coordinates": [-73.749772, 40.93343]}, "properties": {"intersectionId": "ix-5547", "connectedWayCount": 4}}, {"type": "Feature", "geometry": {"type": "Point", "coordinates": [-73.725714, 40.938585]}, "properties": {"intersectionId": "ix-5561", "connectedWayCount": 2}}, {"type": "Feature", "geometry": {"type": "Point", "coordinates": [-73.725377, 40.938656]}, "properties": {"intersectionId": "ix-5564", "connectedWayCount": 2}}, {"type": "Feature", "geometry": {"type": "Point", "coordinates": [-73.725297, 40.938671]}, "properties": {"intersectionId": "ix-5565", "connectedWayCount": 2}}, {"type": "Feature", "geometry": {"type": "Point", "coordinates": [-73.725206, 40.938921]}, "properties": {"intersectionId": "ix-5567", "connectedWayCount": 3}}, {"type": "Feature", "geometry": {"type": "Point", "coordinates": [-73.708299, 40.979152]}, "properties": {"intersectionId": "ix-5586", "connectedWayCount": 2}}, {"type": "Feature", "geometry": {"type": "Point", "coordinates": [-73.708083, 40.979364]}, "properties": {"intersectionId": "ix-5587", "connectedWayCount": 2}}, {"type": "Feature", "geometry": {"type": "Point", "coordinates": [-73.757102, 40.94571]}, "properties": {"intersectionId": "ix-5602", "connectedWayCount": 2}}, {"type": "Feature", "geometry": {"type": "Point", "coordinates": [-73.727643, 40.940294]}, "properties": {"intersectionId": "ix-5606", "connectedWayCount": 2}}, {"type": "Feature", "geometry": {"type": "Point", "coordinates": [-73.726375, 40.940094]}, "properties": {"intersectionId": "ix-5609", "connectedWayCount": 2}}, {"type": "Feature", "geometry": {"type": "Point", "coordinates": [-73.753505, 40.943806]}, "properties": {"intersectionId": "ix-5611", "connectedWayCount": 2}}, {"type": "Feature", "geometry": {"type": "Point", "coordinates": [-73.726123, 40.929578]}, "properties": {"intersectionId": "ix-5661", "connectedWayCount": 2}}, {"type": "Feature", "geometry": {"type": "Point", "coordinates": [-73.72882, 40.93023]}, "properties": {"intersectionId": "ix-5666", "connectedWayCount": 2}}, {"type": "Feature", "geometry": {"type": "Point", "coordinates": [-73.728204, 40.930138]}, "properties": {"intersectionId": "ix-5667", "connectedWayCount": 2}}, {"type": "Feature", "geometry": {"type": "Point", "coordinates": [-73.72817, 40.93013]}, "properties": {"intersectionId": "ix-5668", "connectedWayCount": 2}}, {"type": "Feature", "geometry": {"type": "Point", "coordinates": [-73.72794, 40.930075]}, "properties": {"intersectionId": "ix-5669", "connectedWayCount": 2}}, {"type": "Feature", "geometry": {"type": "Point", "coordinates": [-73.727801, 40.930042]}, "properties": {"intersectionId": "ix-5670", "connectedWayCount": 2}}, {"type": "Feature", "geometry": {"type": "Point", "coordinates": [-73.727739, 40.930027]}, "properties": {"intersectionId": "ix-5671", "connectedWayCount": 2}}, {"type": "Feature", "geometry": {"type": "Point", "coordinates": [-73.727289, 40.929881]}, "properties": {"intersectionId": "ix-5672", "connectedWayCount": 2}}, {"type": "Feature", "geometry": {"type": "Point", "coordinates": [-73.727212, 40.929857]}, "properties": {"intersectionId": "ix-5673", "connectedWayCount": 2}}, {"type": "Feature", "geometry": {"type": "Point", "coordinates": [-73.726916, 40.929757]}, "properties": {"intersectionId": "ix-5675", "connectedWayCount": 2}}, {"type": "Feature", "geometry": {"type": "Point", "coordinates": [-73.757134, 40.937011]}, "properties": {"intersectionId": "ix-5681", "connectedWayCount": 2}}, {"type": "Feature", "geometry": {"type": "Point", "coordinates": [-73.753565, 40.939961]}, "properties": {"intersectionId": "ix-5691", "connectedWayCount": 2}}, {"type": "Feature", "geometry": {"type": "Point", "coordinates": [-73.753623, 40.939919]}, "properties": {"intersectionId": "ix-5692", "connectedWayCount": 2}}, {"type": "Feature", "geometry": {"type": "Point", "coordinates": [-73.758789, 40.9614]}, "properties": {"intersectionId": "ix-5723", "connectedWayCount": 2}}, {"type": "Feature", "geometry": {"type": "Point", "coordinates": [-73.748079, 40.969085]}, "properties": {"intersectionId": "ix-5731", "connectedWayCount": 2}}, {"type": "Feature", "geometry": {"type": "Point", "coordinates": [-73.747466, 40.970658]}, "properties": {"intersectionId": "ix-5736", "connectedWayCount": 2}}, {"type": "Feature", "geometry": {"type": "Point", "coordinates": [-73.747381, 40.9708]}, "properties": {"intersectionId": "ix-5738", "connectedWayCount": 2}}, {"type": "Feature", "geometry": {"type": "Point", "coordinates": [-73.713556, 40.973001]}, "properties": {"intersectionId": "ix-5759", "connectedWayCount": 2}}, {"type": "Feature", "geometry": {"type": "Point", "coordinates": [-73.710862, 40.973909]}, "properties": {"intersectionId": "ix-5760", "connectedWayCount": 2}}, {"type": "Feature", "geometry": {"type": "Point", "coordinates": [-73.716707, 40.966357]}, "properties": {"intersectionId": "ix-5762", "connectedWayCount": 3}}, {"type": "Feature", "geometry": {"type": "Point", "coordinates": [-73.718066, 40.967271]}, "properties": {"intersectionId": "ix-5763", "connectedWayCount": 4}}, {"type": "Feature", "geometry": {"type": "Point", "coordinates": [-73.729509, 40.938609]}, "properties": {"intersectionId": "ix-5765", "connectedWayCount": 2}}, {"type": "Feature", "geometry": {"type": "Point", "coordinates": [-73.731263, 40.936395]}, "properties": {"intersectionId": "ix-5769", "connectedWayCount": 2}}, {"type": "Feature", "geometry": {"type": "Point", "coordinates": [-73.727012, 40.939258]}, "properties": {"intersectionId": "ix-5771", "connectedWayCount": 2}}, {"type": "Feature", "geometry": {"type": "Point", "coordinates": [-73.729254, 40.936425]}, "properties": {"intersectionId": "ix-5772", "connectedWayCount": 2}}, {"type": "Feature", "geometry": {"type": "Point", "coordinates": [-73.730081, 40.935388]}, "properties": {"intersectionId": "ix-5774", "connectedWayCount": 2}}, {"type": "Feature", "geometry": {"type": "Point", "coordinates": [-73.712845, 40.963319]}, "properties": {"intersectionId": "ix-5781", "connectedWayCount": 2}}, {"type": "Feature", "geometry": {"type": "Point", "coordinates": [-73.73016, 40.959881]}, "properties": {"intersectionId": "ix-5782", "connectedWayCount": 2}}, {"type": "Feature", "geometry": {"type": "Point", "coordinates": [-73.746583, 40.927994]}, "properties": {"intersectionId": "ix-5783", "connectedWayCount": 2}}, {"type": "Feature", "geometry": {"type": "Point", "coordinates": [-73.746806, 40.927819]}, "properties": {"intersectionId": "ix-5788", "connectedWayCount": 3}}, {"type": "Feature", "geometry": {"type": "Point", "coordinates": [-73.750399, 40.939711]}, "properties": {"intersectionId": "ix-5789", "connectedWayCount": 2}}, {"type": "Feature", "geometry": {"type": "Point", "coordinates": [-73.717759, 40.974925]}, "properties": {"intersectionId": "ix-5795", "connectedWayCount": 2}}, {"type": "Feature", "geometry": {"type": "Point", "coordinates": [-73.759568, 40.956329]}, "properties": {"intersectionId": "ix-5796", "connectedWayCount": 2}}, {"type": "Feature", "geometry": {"type": "Point", "coordinates": [-73.727614, 40.976371]}, "properties": {"intersectionId": "ix-5809", "connectedWayCount": 2}}, {"type": "Feature", "geometry": {"type": "Point", "coordinates": [-73.727007, 40.976562]}, "properties": {"intersectionId": "ix-5810", "connectedWayCount": 2}}, {"type": "Feature", "geometry": {"type": "Point", "coordinates": [-73.728624, 40.980726]}, "properties": {"intersectionId": "ix-5851", "connectedWayCount": 2}}, {"type": "Feature", "geometry": {"type": "Point", "coordinates": [-73.73102, 40.9736]}, "properties": {"intersectionId": "ix-5861", "connectedWayCount": 2}}, {"type": "Feature", "geometry": {"type": "Point", "coordinates": [-73.730495, 40.973672]}, "properties": {"intersectionId": "ix-5862", "connectedWayCount": 2}}, {"type": "Feature", "geometry": {"type": "Point", "coordinates": [-73.728607, 40.973673]}, "properties": {"intersectionId": "ix-5866", "connectedWayCount": 2}}, {"type": "Feature", "geometry": {"type": "Point", "coordinates": [-73.759892, 40.945379]}, "properties": {"intersectionId": "ix-5868", "connectedWayCount": 2}}, {"type": "Feature", "geometry": {"type": "Point", "coordinates": [-73.757948, 40.947361]}, "properties": {"intersectionId": "ix-5873", "connectedWayCount": 2}}, {"type": "Feature", "geometry": {"type": "Point", "coordinates": [-73.753355, 40.943461]}, "properties": {"intersectionId": "ix-5879", "connectedWayCount": 2}}, {"type": "Feature", "geometry": {"type": "Point", "coordinates": [-73.73504, 40.966622]}, "properties": {"intersectionId": "ix-5881", "connectedWayCount": 3}}, {"type": "Feature", "geometry": {"type": "Point", "coordinates": [-73.74362, 40.937876]}, "properties": {"intersectionId": "ix-5892", "connectedWayCount": 2}}, {"type": "Feature", "geometry": {"type": "Point", "coordinates": [-73.703937, 40.968243]}, "properties": {"intersectionId": "ix-5904", "connectedWayCount": 2}}, {"type": "Feature", "geometry": {"type": "Point", "coordinates": [-73.707359, 40.964112]}, "properties": {"intersectionId": "ix-5909", "connectedWayCount": 2}}, {"type": "Feature", "geometry": {"type": "Point", "coordinates": [-73.708044, 40.969793]}, "properties": {"intersectionId": "ix-5910", "connectedWayCount": 2}}, {"type": "Feature", "geometry": {"type": "Point", "coordinates": [-73.708142, 40.970025]}, "properties": {"intersectionId": "ix-5911", "connectedWayCount": 2}}, {"type": "Feature", "geometry": {"type": "Point", "coordinates": [-73.708227, 40.97017]}, "properties": {"intersectionId": "ix-5912", "connectedWayCount": 2}}, {"type": "Feature", "geometry": {"type": "Point", "coordinates": [-73.708295, 40.970284]}, "properties": {"intersectionId": "ix-5913", "connectedWayCount": 2}}, {"type": "Feature", "geometry": {"type": "Point", "coordinates": [-73.708347, 40.970374]}, "properties": {"intersectionId": "ix-5914", "connectedWayCount": 2}}, {"type": "Feature", "geometry": {"type": "Point", "coordinates": [-73.728488, 40.931961]}, "properties": {"intersectionId": "ix-5918", "connectedWayCount": 2}}, {"type": "Feature", "geometry": {"type": "Point", "coordinates": [-73.728653, 40.931322]}, "properties": {"intersectionId": "ix-5922", "connectedWayCount": 2}}, {"type": "Feature", "geometry": {"type": "Point", "coordinates": [-73.728715, 40.93083]}, "properties": {"intersectionId": "ix-5923", "connectedWayCount": 2}}, {"type": "Feature", "geometry": {"type": "Point", "coordinates": [-73.728769, 40.930519]}, "properties": {"intersectionId": "ix-5924", "connectedWayCount": 2}}, {"type": "Feature", "geometry": {"type": "Point", "coordinates": [-73.728939, 40.929359]}, "properties": {"intersectionId": "ix-5925", "connectedWayCount": 2}}, {"type": "Feature", "geometry": {"type": "Point", "coordinates": [-73.729126, 40.928342]}, "properties": {"intersectionId": "ix-5926", "connectedWayCount": 2}}, {"type": "Feature", "geometry": {"type": "Point", "coordinates": [-73.756687, 40.954334]}, "properties": {"intersectionId": "ix-5934", "connectedWayCount": 2}}, {"type": "Feature", "geometry": {"type": "Point", "coordinates": [-73.732593, 40.950671]}, "properties": {"intersectionId": "ix-5943", "connectedWayCount": 3}}, {"type": "Feature", "geometry": {"type": "Point", "coordinates": [-73.733354, 40.949953]}, "properties": {"intersectionId": "ix-5944", "connectedWayCount": 2}}, {"type": "Feature", "geometry": {"type": "Point", "coordinates": [-73.732719, 40.950118]}, "properties": {"intersectionId": "ix-5945", "connectedWayCount": 2}}, {"type": "Feature", "geometry": {"type": "Point", "coordinates": [-73.746699, 40.960785]}, "properties": {"intersectionId": "ix-5950", "connectedWayCount": 2}}, {"type": "Feature", "geometry": {"type": "Point", "coordinates": [-73.736386, 40.964422]}, "properties": {"intersectionId": "ix-5964", "connectedWayCount": 2}}, {"type": "Feature", "geometry": {"type": "Point", "coordinates": [-73.73273, 40.956641]}, "properties": {"intersectionId": "ix-5970", "connectedWayCount": 2}}, {"type": "Feature", "geometry": {"type": "Point", "coordinates": [-73.732781, 40.9567]}, "properties": {"intersectionId": "ix-5971", "connectedWayCount": 2}}, {"type": "Feature", "geometry": {"type": "Point", "coordinates": [-73.714595, 40.968478]}, "properties": {"intersectionId": "ix-5973", "connectedWayCount": 3}}, {"type": "Feature", "geometry": {"type": "Point", "coordinates": [-73.714457, 40.96835]}, "properties": {"intersectionId": "ix-5975", "connectedWayCount": 3}}, {"type": "Feature", "geometry": {"type": "Point", "coordinates": [-73.707277, 40.954681]}, "properties": {"intersectionId": "ix-5977", "connectedWayCount": 2}}, {"type": "Feature", "geometry": {"type": "Point", "coordinates": [-73.706428, 40.953211]}, "properties": {"intersectionId": "ix-5981", "connectedWayCount": 2}}, {"type": "Feature", "geometry": {"type": "Point", "coordinates": [-73.708829, 40.966661]}, "properties": {"intersectionId": "ix-5995", "connectedWayCount": 2}}, {"type": "Feature", "geometry": {"type": "Point", "coordinates": [-73.756179, 40.930864]}, "properties": {"intersectionId": "ix-5996", "connectedWayCount": 2}}, {"type": "Feature", "geometry": {"type": "Point", "coordinates": [-73.726247, 40.951535]}, "properties": {"intersectionId": "ix-5999", "connectedWayCount": 2}}, {"type": "Feature", "geometry": {"type": "Point", "coordinates": [-73.743322, 40.945669]}, "properties": {"intersectionId": "ix-6005", "connectedWayCount": 3}}, {"type": "Feature", "geometry": {"type": "Point", "coordinates": [-73.743144, 40.945237]}, "properties": {"intersectionId": "ix-6008", "connectedWayCount": 2}}, {"type": "Feature", "geometry": {"type": "Point", "coordinates": [-73.742828, 40.945505]}, "properties": {"intersectionId": "ix-6009", "connectedWayCount": 2}}, {"type": "Feature", "geometry": {"type": "Point", "coordinates": [-73.74212, 40.957281]}, "properties": {"intersectionId": "ix-6011", "connectedWayCount": 2}}, {"type": "Feature", "geometry": {"type": "Point", "coordinates": [-73.743317, 40.955971]}, "properties": {"intersectionId": "ix-6013", "connectedWayCount": 2}}, {"type": "Feature", "geometry": {"type": "Point", "coordinates": [-73.752896, 40.94166]}, "properties": {"intersectionId": "ix-6016", "connectedWayCount": 2}}, {"type": "Feature", "geometry": {"type": "Point", "coordinates": [-73.752832, 40.941606]}, "properties": {"intersectionId": "ix-6017", "connectedWayCount": 2}}, {"type": "Feature", "geometry": {"type": "Point", "coordinates": [-73.740592, 40.955204]}, "properties": {"intersectionId": "ix-6021", "connectedWayCount": 3}}, {"type": "Feature", "geometry": {"type": "Point", "coordinates": [-73.737878, 40.972902]}, "properties": {"intersectionId": "ix-6028", "connectedWayCount": 2}}, {"type": "Feature", "geometry": {"type": "Point", "coordinates": [-73.738036, 40.972846]}, "properties": {"intersectionId": "ix-6029", "connectedWayCount": 2}}, {"type": "Feature", "geometry": {"type": "Point", "coordinates": [-73.73823, 40.972793]}, "properties": {"intersectionId": "ix-6031", "connectedWayCount": 2}}, {"type": "Feature", "geometry": {"type": "Point", "coordinates": [-73.738564, 40.972694]}, "properties": {"intersectionId": "ix-6032", "connectedWayCount": 2}}, {"type": "Feature", "geometry": {"type": "Point", "coordinates": [-73.738711, 40.972635]}, "properties": {"intersectionId": "ix-6033", "connectedWayCount": 2}}, {"type": "Feature", "geometry": {"type": "Point", "coordinates": [-73.738912, 40.972558]}, "properties": {"intersectionId": "ix-6034", "connectedWayCount": 4}}, {"type": "Feature", "geometry": {"type": "Point", "coordinates": [-73.735615, 40.955215]}, "properties": {"intersectionId": "ix-6036", "connectedWayCount": 2}}, {"type": "Feature", "geometry": {"type": "Point", "coordinates": [-73.750136, 40.973984]}, "properties": {"intersectionId": "ix-6037", "connectedWayCount": 2}}, {"type": "Feature", "geometry": {"type": "Point", "coordinates": [-73.709662, 40.969484]}, "properties": {"intersectionId": "ix-6038", "connectedWayCount": 2}}, {"type": "Feature", "geometry": {"type": "Point", "coordinates": [-73.709644, 40.969432]}, "properties": {"intersectionId": "ix-6039", "connectedWayCount": 2}}, {"type": "Feature", "geometry": {"type": "Point", "coordinates": [-73.709562, 40.96919]}, "properties": {"intersectionId": "ix-6040", "connectedWayCount": 2}}, {"type": "Feature", "geometry": {"type": "Point", "coordinates": [-73.709532, 40.969099]}, "properties": {"intersectionId": "ix-6041", "connectedWayCount": 2}}, {"type": "Feature", "geometry": {"type": "Point", "coordinates": [-73.709487, 40.968961]}, "properties": {"intersectionId": "ix-6042", "connectedWayCount": 2}}, {"type": "Feature", "geometry": {"type": "Point", "coordinates": [-73.709465, 40.968903]}, "properties": {"intersectionId": "ix-6043", "connectedWayCount": 2}}, {"type": "Feature", "geometry": {"type": "Point", "coordinates": [-73.70638, 40.949379]}, "properties": {"intersectionId": "ix-6046", "connectedWayCount": 2}}, {"type": "Feature", "geometry": {"type": "Point", "coordinates": [-73.706145, 40.949297]}, "properties": {"intersectionId": "ix-6051", "connectedWayCount": 2}}, {"type": "Feature", "geometry": {"type": "Point", "coordinates": [-73.754497, 40.940489]}, "properties": {"intersectionId": "ix-6067", "connectedWayCount": 2}}, {"type": "Feature", "geometry": {"type": "Point", "coordinates": [-73.754537, 40.940569]}, "properties": {"intersectionId": "ix-6068", "connectedWayCount": 2}}, {"type": "Feature", "geometry": {"type": "Point", "coordinates": [-73.754549, 40.940592]}, "properties": {"intersectionId": "ix-6069", "connectedWayCount": 2}}, {"type": "Feature", "geometry": {"type": "Point", "coordinates": [-73.754844, 40.941202]}, "properties": {"intersectionId": "ix-6072", "connectedWayCount": 2}}, {"type": "Feature", "geometry": {"type": "Point", "coordinates": [-73.753299, 40.943343]}, "properties": {"intersectionId": "ix-6080", "connectedWayCount": 2}}, {"type": "Feature", "geometry": {"type": "Point", "coordinates": [-73.756565, 40.954747]}, "properties": {"intersectionId": "ix-6081", "connectedWayCount": 3}}, {"type": "Feature", "geometry": {"type": "Point", "coordinates": [-73.756711, 40.954266]}, "properties": {"intersectionId": "ix-6082", "connectedWayCount": 2}}, {"type": "Feature", "geometry": {"type": "Point", "coordinates": [-73.756831, 40.953931]}, "properties": {"intersectionId": "ix-6083", "connectedWayCount": 2}}, {"type": "Feature", "geometry": {"type": "Point", "coordinates": [-73.756349, 40.954958]}, "properties": {"intersectionId": "ix-6094", "connectedWayCount": 3}}, {"type": "Feature", "geometry": {"type": "Point", "coordinates": [-73.732371, 40.952713]}, "properties": {"intersectionId": "ix-6097", "connectedWayCount": 2}}, {"type": "Feature", "geometry": {"type": "Point", "coordinates": [-73.734366, 40.952307]}, "properties": {"intersectionId": "ix-6101", "connectedWayCount": 2}}, {"type": "Feature", "geometry": {"type": "Point", "coordinates": [-73.719967, 40.957052]}, "properties": {"intersectionId": "ix-6102", "connectedWayCount": 2}}, {"type": "Feature", "geometry": {"type": "Point", "coordinates": [-73.748966, 40.94089]}, "properties": {"intersectionId": "ix-6123", "connectedWayCount": 2}}, {"type": "Feature", "geometry": {"type": "Point", "coordinates": [-73.74838, 40.940496]}, "properties": {"intersectionId": "ix-6124", "connectedWayCount": 2}}, {"type": "Feature", "geometry": {"type": "Point", "coordinates": [-73.747705, 40.939905]}, "properties": {"intersectionId": "ix-6129", "connectedWayCount": 2}}, {"type": "Feature", "geometry": {"type": "Point", "coordinates": [-73.747502, 40.939809]}, "properties": {"intersectionId": "ix-6131", "connectedWayCount": 2}}, {"type": "Feature", "geometry": {"type": "Point", "coordinates": [-73.747301, 40.939754]}, "properties": {"intersectionId": "ix-6134", "connectedWayCount": 2}}, {"type": "Feature", "geometry": {"type": "Point", "coordinates": [-73.755675, 40.931562]}, "properties": {"intersectionId": "ix-6141", "connectedWayCount": 4}}, {"type": "Feature", "geometry": {"type": "Point", "coordinates": [-73.707255, 40.960759]}, "properties": {"intersectionId": "ix-6144", "connectedWayCount": 2}}, {"type": "Feature", "geometry": {"type": "Point", "coordinates": [-73.735902, 40.966389]}, "properties": {"intersectionId": "ix-6146", "connectedWayCount": 2}}, {"type": "Feature", "geometry": {"type": "Point", "coordinates": [-73.735818, 40.966413]}, "properties": {"intersectionId": "ix-6147", "connectedWayCount": 2}}, {"type": "Feature", "geometry": {"type": "Point", "coordinates": [-73.73467, 40.956346]}, "properties": {"intersectionId": "ix-6151", "connectedWayCount": 2}}, {"type": "Feature", "geometry": {"type": "Point", "coordinates": [-73.739398, 40.958497]}, "properties": {"intersectionId": "ix-6153", "connectedWayCount": 2}}, {"type": "Feature", "geometry": {"type": "Point", "coordinates": [-73.745684, 40.920043]}, "properties": {"intersectionId": "ix-6155", "connectedWayCount": 2}}, {"type": "Feature", "geometry": {"type": "Point", "coordinates": [-73.753406, 40.916789]}, "properties": {"intersectionId": "ix-6158", "connectedWayCount": 2}}, {"type": "Feature", "geometry": {"type": "Point", "coordinates": [-73.754436, 40.917326]}, "properties": {"intersectionId": "ix-6165", "connectedWayCount": 2}}, {"type": "Feature", "geometry": {"type": "Point", "coordinates": [-73.754554, 40.917369]}, "properties": {"intersectionId": "ix-6167", "connectedWayCount": 2}}, {"type": "Feature", "geometry": {"type": "Point", "coordinates": [-73.754955, 40.91733]}, "properties": {"intersectionId": "ix-6171", "connectedWayCount": 2}}, {"type": "Feature", "geometry": {"type": "Point", "coordinates": [-73.752097, 40.948492]}, "properties": {"intersectionId": "ix-6177", "connectedWayCount": 2}}, {"type": "Feature", "geometry": {"type": "Point", "coordinates": [-73.753823, 40.948377]}, "properties": {"intersectionId": "ix-6183", "connectedWayCount": 2}}, {"type": "Feature", "geometry": {"type": "Point", "coordinates": [-73.75538, 40.948924]}, "properties": {"intersectionId": "ix-6190", "connectedWayCount": 2}}, {"type": "Feature", "geometry": {"type": "Point", "coordinates": [-73.756678, 40.949527]}, "properties": {"intersectionId": "ix-6195", "connectedWayCount": 2}}, {"type": "Feature", "geometry": {"type": "Point", "coordinates": [-73.7578, 40.949522]}, "properties": {"intersectionId": "ix-6198", "connectedWayCount": 2}}, {"type": "Feature", "geometry": {"type": "Point", "coordinates": [-73.757925, 40.949517]}, "properties": {"intersectionId": "ix-6199", "connectedWayCount": 2}}, {"type": "Feature", "geometry": {"type": "Point", "coordinates": [-73.757984, 40.949514]}, "properties": {"intersectionId": "ix-6200", "connectedWayCount": 2}}, {"type": "Feature", "geometry": {"type": "Point", "coordinates": [-73.750928, 40.939252]}, "properties": {"intersectionId": "ix-6209", "connectedWayCount": 2}}, {"type": "Feature", "geometry": {"type": "Point", "coordinates": [-73.746447, 40.927773]}, "properties": {"intersectionId": "ix-6219", "connectedWayCount": 2}}, {"type": "Feature", "geometry": {"type": "Point", "coordinates": [-73.746424, 40.928582]}, "properties": {"intersectionId": "ix-6228", "connectedWayCount": 2}}, {"type": "Feature", "geometry": {"type": "Point", "coordinates": [-73.746416, 40.928825]}, "properties": {"intersectionId": "ix-6231", "connectedWayCount": 2}}, {"type": "Feature", "geometry": {"type": "Point", "coordinates": [-73.745916, 40.930979]}, "properties": {"intersectionId": "ix-6246", "connectedWayCount": 2}}, {"type": "Feature", "geometry": {"type": "Point", "coordinates": [-73.754621, 40.928594]}, "properties": {"intersectionId": "ix-6249", "connectedWayCount": 2}}, {"type": "Feature", "geometry": {"type": "Point", "coordinates": [-73.757104, 40.928254]}, "properties": {"intersectionId": "ix-6258", "connectedWayCount": 2}}, {"type": "Feature", "geometry": {"type": "Point", "coordinates": [-73.713281, 40.979095]}, "properties": {"intersectionId": "ix-6281", "connectedWayCount": 3}}, {"type": "Feature", "geometry": {"type": "Point", "coordinates": [-73.713744, 40.979181]}, "properties": {"intersectionId": "ix-6282", "connectedWayCount": 2}}, {"type": "Feature", "geometry": {"type": "Point", "coordinates": [-73.71425, 40.979275]}, "properties": {"intersectionId": "ix-6283", "connectedWayCount": 2}}, {"type": "Feature", "geometry": {"type": "Point", "coordinates": [-73.716651, 40.979718]}, "properties": {"intersectionId": "ix-6285", "connectedWayCount": 2}}, {"type": "Feature", "geometry": {"type": "Point", "coordinates": [-73.725027, 40.981126]}, "properties": {"intersectionId": "ix-6304", "connectedWayCount": 2}}, {"type": "Feature", "geometry": {"type": "Point", "coordinates": [-73.731505, 40.951418]}, "properties": {"intersectionId": "ix-6331", "connectedWayCount": 2}}, {"type": "Feature", "geometry": {"type": "Point", "coordinates": [-73.732782, 40.953381]}, "properties": {"intersectionId": "ix-6333", "connectedWayCount": 2}}, {"type": "Feature", "geometry": {"type": "Point", "coordinates": [-73.732936, 40.953632]}, "properties": {"intersectionId": "ix-6334", "connectedWayCount": 2}}, {"type": "Feature", "geometry": {"type": "Point", "coordinates": [-73.733866, 40.955147]}, "properties": {"intersectionId": "ix-6335", "connectedWayCount": 2}}, {"type": "Feature", "geometry": {"type": "Point", "coordinates": [-73.748825, 40.932894]}, "properties": {"intersectionId": "ix-6337", "connectedWayCount": 3}}, {"type": "Feature", "geometry": {"type": "Point", "coordinates": [-73.758027, 40.937503]}, "properties": {"intersectionId": "ix-6338", "connectedWayCount": 2}}, {"type": "Feature", "geometry": {"type": "Point", "coordinates": [-73.739928, 40.947957]}, "properties": {"intersectionId": "ix-6345", "connectedWayCount": 2}}, {"type": "Feature", "geometry": {"type": "Point", "coordinates": [-73.740763, 40.94856]}, "properties": {"intersectionId": "ix-6346", "connectedWayCount": 2}}, {"type": "Feature", "geometry": {"type": "Point", "coordinates": [-73.731134, 40.949762]}, "properties": {"intersectionId": "ix-6348", "connectedWayCount": 2}}, {"type": "Feature", "geometry": {"type": "Point", "coordinates": [-73.731987, 40.951039]}, "properties": {"intersectionId": "ix-6350", "connectedWayCount": 2}}, {"type": "Feature", "geometry": {"type": "Point", "coordinates": [-73.728669, 40.958894]}, "properties": {"intersectionId": "ix-6352", "connectedWayCount": 2}}, {"type": "Feature", "geometry": {"type": "Point", "coordinates": [-73.728794, 40.959031]}, "properties": {"intersectionId": "ix-6353", "connectedWayCount": 2}}, {"type": "Feature", "geometry": {"type": "Point", "coordinates": [-73.751308, 40.943945]}, "properties": {"intersectionId": "ix-6362", "connectedWayCount": 2}}, {"type": "Feature", "geometry": {"type": "Point", "coordinates": [-73.751308, 40.944012]}, "properties": {"intersectionId": "ix-6363", "connectedWayCount": 2}}, {"type": "Feature", "geometry": {"type": "Point", "coordinates": [-73.751304, 40.94513]}, "properties": {"intersectionId": "ix-6365", "connectedWayCount": 2}}, {"type": "Feature", "geometry": {"type": "Point", "coordinates": [-73.715172, 40.951535]}, "properties": {"intersectionId": "ix-6372", "connectedWayCount": 2}}, {"type": "Feature", "geometry": {"type": "Point", "coordinates": [-73.74209, 40.946208]}, "properties": {"intersectionId": "ix-6381", "connectedWayCount": 2}}, {"type": "Feature", "geometry": {"type": "Point", "coordinates": [-73.710392, 40.973268]}, "properties": {"intersectionId": "ix-6383", "connectedWayCount": 2}}, {"type": "Feature", "geometry": {"type": "Point", "coordinates": [-73.738155, 40.956895]}, "properties": {"intersectionId": "ix-6387", "connectedWayCount": 3}}, {"type": "Feature", "geometry": {"type": "Point", "coordinates": [-73.739548, 40.957061]}, "properties": {"intersectionId": "ix-6391", "connectedWayCount": 2}}, {"type": "Feature", "geometry": {"type": "Point", "coordinates": [-73.739768, 40.957033]}, "properties": {"intersectionId": "ix-6392", "connectedWayCount": 2}}, {"type": "Feature", "geometry": {"type": "Point", "coordinates": [-73.741042, 40.956878]}, "properties": {"intersectionId": "ix-6393", "connectedWayCount": 2}}, {"type": "Feature", "geometry": {"type": "Point", "coordinates": [-73.738152, 40.954153]}, "properties": {"intersectionId": "ix-6397", "connectedWayCount": 3}}, {"type": "Feature", "geometry": {"type": "Point", "coordinates": [-73.738481, 40.953849]}, "properties": {"intersectionId": "ix-6401", "connectedWayCount": 2}}, {"type": "Feature", "geometry": {"type": "Point", "coordinates": [-73.738571, 40.953784]}, "properties": {"intersectionId": "ix-6402", "connectedWayCount": 3}}, {"type": "Feature", "geometry": {"type": "Point", "coordinates": [-73.738317, 40.95359]}, "properties": {"intersectionId": "ix-6403", "connectedWayCount": 3}}, {"type": "Feature", "geometry": {"type": "Point", "coordinates": [-73.738279, 40.953702]}, "properties": {"intersectionId": "ix-6404", "connectedWayCount": 2}}, {"type": "Feature", "geometry": {"type": "Point", "coordinates": [-73.739523, 40.965382]}, "properties": {"intersectionId": "ix-6410", "connectedWayCount": 3}}, {"type": "Feature", "geometry": {"type": "Point", "coordinates": [-73.735578, 40.967665]}, "properties": {"intersectionId": "ix-6416", "connectedWayCount": 2}}, {"type": "Feature", "geometry": {"type": "Point", "coordinates": [-73.736215, 40.940991]}, "properties": {"intersectionId": "ix-6423", "connectedWayCount": 2}}, {"type": "Feature", "geometry": {"type": "Point", "coordinates": [-73.73319, 40.936374]}, "properties": {"intersectionId": "ix-6436", "connectedWayCount": 2}}, {"type": "Feature", "geometry": {"type": "Point", "coordinates": [-73.734054, 40.935822]}, "properties": {"intersectionId": "ix-6442", "connectedWayCount": 2}}, {"type": "Feature", "geometry": {"type": "Point", "coordinates": [-73.734478, 40.933559]}, "properties": {"intersectionId": "ix-6467", "connectedWayCount": 2}}, {"type": "Feature", "geometry": {"type": "Point", "coordinates": [-73.735406, 40.933046]}, "properties": {"intersectionId": "ix-6478", "connectedWayCount": 2}}, {"type": "Feature", "geometry": {"type": "Point", "coordinates": [-73.735708, 40.932781]}, "properties": {"intersectionId": "ix-6484", "connectedWayCount": 2}}, {"type": "Feature", "geometry": {"type": "Point", "coordinates": [-73.736006, 40.932664]}, "properties": {"intersectionId": "ix-6487", "connectedWayCount": 2}}, {"type": "Feature", "geometry": {"type": "Point", "coordinates": [-73.736749, 40.93338]}, "properties": {"intersectionId": "ix-6502", "connectedWayCount": 2}}, {"type": "Feature", "geometry": {"type": "Point", "coordinates": [-73.73653, 40.933554]}, "properties": {"intersectionId": "ix-6503", "connectedWayCount": 2}}, {"type": "Feature", "geometry": {"type": "Point", "coordinates": [-73.736203, 40.933756]}, "properties": {"intersectionId": "ix-6508", "connectedWayCount": 2}}, {"type": "Feature", "geometry": {"type": "Point", "coordinates": [-73.734961, 40.934052]}, "properties": {"intersectionId": "ix-6515", "connectedWayCount": 2}}, {"type": "Feature", "geometry": {"type": "Point", "coordinates": [-73.723642, 40.960015]}, "properties": {"intersectionId": "ix-6543", "connectedWayCount": 2}}, {"type": "Feature", "geometry": {"type": "Point", "coordinates": [-73.746231, 40.928584]}, "properties": {"intersectionId": "ix-6551", "connectedWayCount": 3}}, {"type": "Feature", "geometry": {"type": "Point", "coordinates": [-73.743609, 40.942433]}, "properties": {"intersectionId": "ix-6556", "connectedWayCount": 2}}, {"type": "Feature", "geometry": {"type": "Point", "coordinates": [-73.730148, 40.96759]}, "properties": {"intersectionId": "ix-6578", "connectedWayCount": 2}}, {"type": "Feature", "geometry": {"type": "Point", "coordinates": [-73.727597, 40.9691]}, "properties": {"intersectionId": "ix-6585", "connectedWayCount": 2}}, {"type": "Feature", "geometry": {"type": "Point", "coordinates": [-73.712901, 40.965558]}, "properties": {"intersectionId": "ix-6587", "connectedWayCount": 3}}, {"type": "Feature", "geometry": {"type": "Point", "coordinates": [-73.718863, 40.97275]}, "properties": {"intersectionId": "ix-6589", "connectedWayCount": 2}}, {"type": "Feature", "geometry": {"type": "Point", "coordinates": [-73.730173, 40.96453]}, "properties": {"intersectionId": "ix-6722", "connectedWayCount": 2}}, {"type": "Feature", "geometry": {"type": "Point", "coordinates": [-73.707351, 40.974358]}, "properties": {"intersectionId": "ix-6723", "connectedWayCount": 2}}, {"type": "Feature", "geometry": {"type": "Point", "coordinates": [-73.707246, 40.974883]}, "properties": {"intersectionId": "ix-6724", "connectedWayCount": 2}}, {"type": "Feature", "geometry": {"type": "Point", "coordinates": [-73.713855, 40.974985]}, "properties": {"intersectionId": "ix-6732", "connectedWayCount": 2}}, {"type": "Feature", "geometry": {"type": "Point", "coordinates": [-73.713902, 40.975584]}, "properties": {"intersectionId": "ix-6733", "connectedWayCount": 2}}, {"type": "Feature", "geometry": {"type": "Point", "coordinates": [-73.713936, 40.976085]}, "properties": {"intersectionId": "ix-6735", "connectedWayCount": 2}}, {"type": "Feature", "geometry": {"type": "Point", "coordinates": [-73.713952, 40.976461]}, "properties": {"intersectionId": "ix-6736", "connectedWayCount": 2}}, {"type": "Feature", "geometry": {"type": "Point", "coordinates": [-73.713966, 40.976768]}, "properties": {"intersectionId": "ix-6737", "connectedWayCount": 2}}, {"type": "Feature", "geometry": {"type": "Point", "coordinates": [-73.713969, 40.977086]}, "properties": {"intersectionId": "ix-6739", "connectedWayCount": 2}}, {"type": "Feature", "geometry": {"type": "Point", "coordinates": [-73.71383, 40.977712]}, "properties": {"intersectionId": "ix-6742", "connectedWayCount": 2}}, {"type": "Feature", "geometry": {"type": "Point", "coordinates": [-73.71381, 40.97777]}, "properties": {"intersectionId": "ix-6743", "connectedWayCount": 2}}, {"type": "Feature", "geometry": {"type": "Point", "coordinates": [-73.716434, 40.975642]}, "properties": {"intersectionId": "ix-6767", "connectedWayCount": 2}}, {"type": "Feature", "geometry": {"type": "Point", "coordinates": [-73.716691, 40.977884]}, "properties": {"intersectionId": "ix-6770", "connectedWayCount": 2}}, {"type": "Feature", "geometry": {"type": "Point", "coordinates": [-73.716745, 40.979274]}, "properties": {"intersectionId": "ix-6774", "connectedWayCount": 2}}, {"type": "Feature", "geometry": {"type": "Point", "coordinates": [-73.728682, 40.965915]}, "properties": {"intersectionId": "ix-6777", "connectedWayCount": 2}}, {"type": "Feature", "geometry": {"type": "Point", "coordinates": [-73.729012, 40.966122]}, "properties": {"intersectionId": "ix-6778", "connectedWayCount": 2}}, {"type": "Feature", "geometry": {"type": "Point", "coordinates": [-73.729386, 40.966558]}, "properties": {"intersectionId": "ix-6781", "connectedWayCount": 2}}, {"type": "Feature", "geometry": {"type": "Point", "coordinates": [-73.730933, 40.968751]}, "properties": {"intersectionId": "ix-6791", "connectedWayCount": 2}}, {"type": "Feature", "geometry": {"type": "Point", "coordinates": [-73.73704, 40.959967]}, "properties": {"intersectionId": "ix-6794", "connectedWayCount": 2}}, {"type": "Feature", "geometry": {"type": "Point", "coordinates": [-73.737108, 40.959775]}, "properties": {"intersectionId": "ix-6795", "connectedWayCount": 3}}, {"type": "Feature", "geometry": {"type": "Point", "coordinates": [-73.73585, 40.962354]}, "properties": {"intersectionId": "ix-6796", "connectedWayCount": 2}}, {"type": "Feature", "geometry": {"type": "Point", "coordinates": [-73.736555, 40.962156]}, "properties": {"intersectionId": "ix-6797", "connectedWayCount": 2}}, {"type": "Feature", "geometry": {"type": "Point", "coordinates": [-73.739452, 40.960945]}, "properties": {"intersectionId": "ix-6818", "connectedWayCount": 2}}, {"type": "Feature", "geometry": {"type": "Point", "coordinates": [-73.745511, 40.952039]}, "properties": {"intersectionId": "ix-6864", "connectedWayCount": 2}}, {"type": "Feature", "geometry": {"type": "Point", "coordinates": [-73.735795, 40.962506]}, "properties": {"intersectionId": "ix-6865", "connectedWayCount": 2}}, {"type": "Feature", "geometry": {"type": "Point", "coordinates": [-73.735906, 40.962202]}, "properties": {"intersectionId": "ix-6887", "connectedWayCount": 2}}, {"type": "Feature", "geometry": {"type": "Point", "coordinates": [-73.730587, 40.96412]}, "properties": {"intersectionId": "ix-6900", "connectedWayCount": 2}}, {"type": "Feature", "geometry": {"type": "Point", "coordinates": [-73.736508, 40.961017]}, "properties": {"intersectionId": "ix-6941", "connectedWayCount": 2}}, {"type": "Feature", "geometry": {"type": "Point", "coordinates": [-73.736568, 40.961232]}, "properties": {"intersectionId": "ix-6943", "connectedWayCount": 3}}, {"type": "Feature", "geometry": {"type": "Point", "coordinates": [-73.73899, 40.96155]}, "properties": {"intersectionId": "ix-6944", "connectedWayCount": 2}}, {"type": "Feature", "geometry": {"type": "Point", "coordinates": [-73.738695, 40.960903]}, "properties": {"intersectionId": "ix-6955", "connectedWayCount": 2}}, {"type": "Feature", "geometry": {"type": "Point", "coordinates": [-73.739344, 40.960784]}, "properties": {"intersectionId": "ix-6990", "connectedWayCount": 3}}, {"type": "Feature", "geometry": {"type": "Point", "coordinates": [-73.741446, 40.956754]}, "properties": {"intersectionId": "ix-6991", "connectedWayCount": 2}}, {"type": "Feature", "geometry": {"type": "Point", "coordinates": [-73.741918, 40.957127]}, "properties": {"intersectionId": "ix-6992", "connectedWayCount": 2}}, {"type": "Feature", "geometry": {"type": "Point", "coordinates": [-73.744896, 40.960152]}, "properties": {"intersectionId": "ix-6993", "connectedWayCount": 3}}, {"type": "Feature", "geometry": {"type": "Point", "coordinates": [-73.746832, 40.961199]}, "properties": {"intersectionId": "ix-7013", "connectedWayCount": 2}}, {"type": "Feature", "geometry": {"type": "Point", "coordinates": [-73.746858, 40.961709]}, "properties": {"intersectionId": "ix-7019", "connectedWayCount": 2}}, {"type": "Feature", "geometry": {"type": "Point", "coordinates": [-73.749245, 40.966857]}, "properties": {"intersectionId": "ix-7042", "connectedWayCount": 2}}, {"type": "Feature", "geometry": {"type": "Point", "coordinates": [-73.749351, 40.96838]}, "properties": {"intersectionId": "ix-7048", "connectedWayCount": 2}}, {"type": "Feature", "geometry": {"type": "Point", "coordinates": [-73.74992, 40.969181]}, "properties": {"intersectionId": "ix-7055", "connectedWayCount": 2}}, {"type": "Feature", "geometry": {"type": "Point", "coordinates": [-73.751145, 40.970254]}, "properties": {"intersectionId": "ix-7058", "connectedWayCount": 2}}, {"type": "Feature", "geometry": {"type": "Point", "coordinates": [-73.751586, 40.970587]}, "properties": {"intersectionId": "ix-7059", "connectedWayCount": 2}}, {"type": "Feature", "geometry": {"type": "Point", "coordinates": [-73.745673, 40.95161]}, "properties": {"intersectionId": "ix-7064", "connectedWayCount": 2}}, {"type": "Feature", "geometry": {"type": "Point", "coordinates": [-73.745355, 40.951988]}, "properties": {"intersectionId": "ix-7065", "connectedWayCount": 2}}, {"type": "Feature", "geometry": {"type": "Point", "coordinates": [-73.739643, 40.960546]}, "properties": {"intersectionId": "ix-7107", "connectedWayCount": 2}}, {"type": "Feature", "geometry": {"type": "Point", "coordinates": [-73.745824, 40.951663]}, "properties": {"intersectionId": "ix-7108", "connectedWayCount": 2}}, {"type": "Feature", "geometry": {"type": "Point", "coordinates": [-73.758189, 40.935227]}, "properties": {"intersectionId": "ix-7147", "connectedWayCount": 2}}, {"type": "Feature", "geometry": {"type": "Point", "coordinates": [-73.748034, 40.947413]}, "properties": {"intersectionId": "ix-7148", "connectedWayCount": 2}}, {"type": "Feature", "geometry": {"type": "Point", "coordinates": [-73.748742, 40.947653]}, "properties": {"intersectionId": "ix-7149", "connectedWayCount": 2}}, {"type": "Feature", "geometry": {"type": "Point", "coordinates": [-73.753353, 40.93977]}, "properties": {"intersectionId": "ix-7154", "connectedWayCount": 2}}, {"type": "Feature", "geometry": {"type": "Point", "coordinates": [-73.753018, 40.939468]}, "properties": {"intersectionId": "ix-7155", "connectedWayCount": 2}}, {"type": "Feature", "geometry": {"type": "Point", "coordinates": [-73.752759, 40.93923]}, "properties": {"intersectionId": "ix-7156", "connectedWayCount": 2}}, {"type": "Feature", "geometry": {"type": "Point", "coordinates": [-73.751787, 40.938438]}, "properties": {"intersectionId": "ix-7157", "connectedWayCount": 4}}, {"type": "Feature", "geometry": {"type": "Point", "coordinates": [-73.751728, 40.938394]}, "properties": {"intersectionId": "ix-7158", "connectedWayCount": 2}}, {"type": "Feature", "geometry": {"type": "Point", "coordinates": [-73.750308, 40.937911]}, "properties": {"intersectionId": "ix-7164", "connectedWayCount": 2}}, {"type": "Feature", "geometry": {"type": "Point", "coordinates": [-73.749609, 40.937204]}, "properties": {"intersectionId": "ix-7170", "connectedWayCount": 2}}, {"type": "Feature", "geometry": {"type": "Point", "coordinates": [-73.758704, 40.976903]}, "properties": {"intersectionId": "ix-7174", "connectedWayCount": 2}}, {"type": "Feature", "geometry": {"type": "Point", "coordinates": [-73.708411, 40.964806]}, "properties": {"intersectionId": "ix-7224", "connectedWayCount": 2}}, {"type": "Feature", "geometry": {"type": "Point", "coordinates": [-73.706279, 40.963405]}, "properties": {"intersectionId": "ix-7227", "connectedWayCount": 2}}, {"type": "Feature", "geometry": {"type": "Point", "coordinates": [-73.705894, 40.963155]}, "properties": {"intersectionId": "ix-7228", "connectedWayCount": 2}}, {"type": "Feature", "geometry": {"type": "Point", "coordinates": [-73.705835, 40.963113]}, "properties": {"intersectionId": "ix-7229", "connectedWayCount": 2}}, {"type": "Feature", "geometry": {"type": "Point", "coordinates": [-73.705196, 40.962655]}, "properties": {"intersectionId": "ix-7230", "connectedWayCount": 2}}, {"type": "Feature", "geometry": {"type": "Point", "coordinates": [-73.705044, 40.962546]}, "properties": {"intersectionId": "ix-7231", "connectedWayCount": 2}}, {"type": "Feature", "geometry": {"type": "Point", "coordinates": [-73.704804, 40.962374]}, "properties": {"intersectionId": "ix-7232", "connectedWayCount": 2}}, {"type": "Feature", "geometry": {"type": "Point", "coordinates": [-73.759793, 40.913252]}, "properties": {"intersectionId": "ix-7238", "connectedWayCount": 2}}, {"type": "Feature", "geometry": {"type": "Point", "coordinates": [-73.75833, 40.976728]}, "properties": {"intersectionId": "ix-7239", "connectedWayCount": 2}}, {"type": "Feature", "geometry": {"type": "Point", "coordinates": [-73.757336, 40.975925]}, "properties": {"intersectionId": "ix-7240", "connectedWayCount": 2}}, {"type": "Feature", "geometry": {"type": "Point", "coordinates": [-73.757024, 40.975671]}, "properties": {"intersectionId": "ix-7241", "connectedWayCount": 2}}, {"type": "Feature", "geometry": {"type": "Point", "coordinates": [-73.756906, 40.975576]}, "properties": {"intersectionId": "ix-7242", "connectedWayCount": 2}}, {"type": "Feature", "geometry": {"type": "Point", "coordinates": [-73.756602, 40.97534]}, "properties": {"intersectionId": "ix-7243", "connectedWayCount": 2}}, {"type": "Feature", "geometry": {"type": "Point", "coordinates": [-73.756153, 40.975012]}, "properties": {"intersectionId": "ix-7246", "connectedWayCount": 3}}, {"type": "Feature", "geometry": {"type": "Point", "coordinates": [-73.755623, 40.974551]}, "properties": {"intersectionId": "ix-7251", "connectedWayCount": 2}}, {"type": "Feature", "geometry": {"type": "Point", "coordinates": [-73.755297, 40.974134]}, "properties": {"intersectionId": "ix-7253", "connectedWayCount": 2}}, {"type": "Feature", "geometry": {"type": "Point", "coordinates": [-73.755253, 40.974071]}, "properties": {"intersectionId": "ix-7254", "connectedWayCount": 2}}, {"type": "Feature", "geometry": {"type": "Point", "coordinates": [-73.754603, 40.973165]}, "properties": {"intersectionId": "ix-7255", "connectedWayCount": 2}}, {"type": "Feature", "geometry": {"type": "Point", "coordinates": [-73.758747, 40.977053]}, "properties": {"intersectionId": "ix-7259", "connectedWayCount": 2}}, {"type": "Feature", "geometry": {"type": "Point", "coordinates": [-73.720223, 40.95658]}, "properties": {"intersectionId": "ix-7260", "connectedWayCount": 2}}, {"type": "Feature", "geometry": {"type": "Point", "coordinates": [-73.719093, 40.958482]}, "properties": {"intersectionId": "ix-7264", "connectedWayCount": 2}}, {"type": "Feature", "geometry": {"type": "Point", "coordinates": [-73.718858, 40.95876]}, "properties": {"intersectionId": "ix-7266", "connectedWayCount": 2}}, {"type": "Feature", "geometry": {"type": "Point", "coordinates": [-73.717891, 40.959815]}, "properties": {"intersectionId": "ix-7269", "connectedWayCount": 2}}, {"type": "Feature", "geometry": {"type": "Point", "coordinates": [-73.715036, 40.96289]}, "properties": {"intersectionId": "ix-7280", "connectedWayCount": 2}}, {"type": "Feature", "geometry": {"type": "Point", "coordinates": [-73.714884, 40.963081]}, "properties": {"intersectionId": "ix-7281", "connectedWayCount": 2}}, {"type": "Feature", "geometry": {"type": "Point", "coordinates": [-73.714785, 40.96323]}, "properties": {"intersectionId": "ix-7282", "connectedWayCount": 2}}, {"type": "Feature", "geometry": {"type": "Point", "coordinates": [-73.713589, 40.964872]}, "properties": {"intersectionId": "ix-7286", "connectedWayCount": 2}}, {"type": "Feature", "geometry": {"type": "Point", "coordinates": [-73.713536, 40.964927]}, "properties": {"intersectionId": "ix-7287", "connectedWayCount": 2}}, {"type": "Feature", "geometry": {"type": "Point", "coordinates": [-73.717035, 40.968391]}, "properties": {"intersectionId": "ix-7296", "connectedWayCount": 2}}, {"type": "Feature", "geometry": {"type": "Point", "coordinates": [-73.745137, 40.945926]}, "properties": {"intersectionId": "ix-7297", "connectedWayCount": 2}}, {"type": "Feature", "geometry": {"type": "Point", "coordinates": [-73.744768, 40.945077]}, "properties": {"intersectionId": "ix-7299", "connectedWayCount": 2}}, {"type": "Feature", "geometry": {"type": "Point", "coordinates": [-73.744355, 40.94449]}, "properties": {"intersectionId": "ix-7303", "connectedWayCount": 2}}, {"type": "Feature", "geometry": {"type": "Point", "coordinates": [-73.7442, 40.94435]}, "properties": {"intersectionId": "ix-7305", "connectedWayCount": 2}}, {"type": "Feature", "geometry": {"type": "Point", "coordinates": [-73.743869, 40.944061]}, "properties": {"intersectionId": "ix-7307", "connectedWayCount": 2}}, {"type": "Feature", "geometry": {"type": "Point", "coordinates": [-73.743528, 40.943818]}, "properties": {"intersectionId": "ix-7308", "connectedWayCount": 2}}, {"type": "Feature", "geometry": {"type": "Point", "coordinates": [-73.731331, 40.959158]}, "properties": {"intersectionId": "ix-7312", "connectedWayCount": 4}}, {"type": "Feature", "geometry": {"type": "Point", "coordinates": [-73.73148, 40.959374]}, "properties": {"intersectionId": "ix-7313", "connectedWayCount": 2}}, {"type": "Feature", "geometry": {"type": "Point", "coordinates": [-73.73254, 40.960462]}, "properties": {"intersectionId": "ix-7318", "connectedWayCount": 2}}, {"type": "Feature", "geometry": {"type": "Point", "coordinates": [-73.745467, 40.946149]}, "properties": {"intersectionId": "ix-7319", "connectedWayCount": 2}}, {"type": "Feature", "geometry": {"type": "Point", "coordinates": [-73.730949, 40.958636]}, "properties": {"intersectionId": "ix-7322", "connectedWayCount": 2}}, {"type": "Feature", "geometry": {"type": "Point", "coordinates": [-73.712863, 40.96933]}, "properties": {"intersectionId": "ix-7323", "connectedWayCount": 2}}, {"type": "Feature", "geometry": {"type": "Point", "coordinates": [-73.712945, 40.969783]}, "properties": {"intersectionId": "ix-7324", "connectedWayCount": 2}}, {"type": "Feature", "geometry": {"type": "Point", "coordinates": [-73.735211, 40.958343]}, "properties": {"intersectionId": "ix-7327", "connectedWayCount": 2}}, {"type": "Feature", "geometry": {"type": "Point", "coordinates": [-73.713129, 40.970674]}, "properties": {"intersectionId": "ix-7328", "connectedWayCount": 2}}, {"type": "Feature", "geometry": {"type": "Point", "coordinates": [-73.713259, 40.971412]}, "properties": {"intersectionId": "ix-7329", "connectedWayCount": 2}}, {"type": "Feature", "geometry": {"type": "Point", "coordinates": [-73.713294, 40.971592]}, "properties": {"intersectionId": "ix-7330", "connectedWayCount": 2}}, {"type": "Feature", "geometry": {"type": "Point", "coordinates": [-73.723775, 40.964619]}, "properties": {"intersectionId": "ix-7333", "connectedWayCount": 2}}, {"type": "Feature", "geometry": {"type": "Point", "coordinates": [-73.723637, 40.964455]}, "properties": {"intersectionId": "ix-7334", "connectedWayCount": 2}}, {"type": "Feature", "geometry": {"type": "Point", "coordinates": [-73.723063, 40.963529]}, "properties": {"intersectionId": "ix-7337", "connectedWayCount": 2}}, {"type": "Feature", "geometry": {"type": "Point", "coordinates": [-73.722493, 40.962565]}, "properties": {"intersectionId": "ix-7340", "connectedWayCount": 3}}, {"type": "Feature", "geometry": {"type": "Point", "coordinates": [-73.722253, 40.962073]}, "properties": {"intersectionId": "ix-7342", "connectedWayCount": 2}}, {"type": "Feature", "geometry": {"type": "Point", "coordinates": [-73.721984, 40.961742]}, "properties": {"intersectionId": "ix-7345", "connectedWayCount": 2}}, {"type": "Feature", "geometry": {"type": "Point", "coordinates": [-73.720111, 40.959636]}, "properties": {"intersectionId": "ix-7362", "connectedWayCount": 2}}, {"type": "Feature", "geometry": {"type": "Point", "coordinates": [-73.733017, 40.956868]}, "properties": {"intersectionId": "ix-7366", "connectedWayCount": 2}}, {"type": "Feature", "geometry": {"type": "Point", "coordinates": [-73.717022, 40.968374]}, "properties": {"intersectionId": "ix-7367", "connectedWayCount": 2}}, {"type": "Feature", "geometry": {"type": "Point", "coordinates": [-73.716703, 40.968026]}, "properties": {"intersectionId": "ix-7370", "connectedWayCount": 2}}, {"type": "Feature", "geometry": {"type": "Point", "coordinates": [-73.716604, 40.967925]}, "properties": {"intersectionId": "ix-7372", "connectedWayCount": 2}}, {"type": "Feature", "geometry": {"type": "Point", "coordinates": [-73.716182, 40.967557]}, "properties": {"intersectionId": "ix-7373", "connectedWayCount": 2}}, {"type": "Feature", "geometry": {"type": "Point", "coordinates": [-73.715611, 40.967217]}, "properties": {"intersectionId": "ix-7376", "connectedWayCount": 2}}, {"type": "Feature", "geometry": {"type": "Point", "coordinates": [-73.758171, 40.934885]}, "properties": {"intersectionId": "ix-7381", "connectedWayCount": 3}}, {"type": "Feature", "geometry": {"type": "Point", "coordinates": [-73.757955, 40.934742]}, "properties": {"intersectionId": "ix-7384", "connectedWayCount": 2}}, {"type": "Feature", "geometry": {"type": "Point", "coordinates": [-73.759728, 40.933239]}, "properties": {"intersectionId": "ix-7385", "connectedWayCount": 3}}, {"type": "Feature", "geometry": {"type": "Point", "coordinates": [-73.760069, 40.916413]}, "properties": {"intersectionId": "ix-7420", "connectedWayCount": 2}}, {"type": "Feature", "geometry": {"type": "Point", "coordinates": [-73.759498, 40.916716]}, "properties": {"intersectionId": "ix-7425", "connectedWayCount": 2}}, {"type": "Feature", "geometry": {"type": "Point", "coordinates": [-73.759198, 40.916846]}, "properties": {"intersectionId": "ix-7428", "connectedWayCount": 2}}, {"type": "Feature", "geometry": {"type": "Point", "coordinates": [-73.758942, 40.911538]}, "properties": {"intersectionId": "ix-7446", "connectedWayCount": 2}}, {"type": "Feature", "geometry": {"type": "Point", "coordinates": [-73.75897, 40.911865]}, "properties": {"intersectionId": "ix-7449", "connectedWayCount": 2}}, {"type": "Feature", "geometry": {"type": "Point", "coordinates": [-73.75915, 40.911889]}, "properties": {"intersectionId": "ix-7452", "connectedWayCount": 2}}, {"type": "Feature", "geometry": {"type": "Point", "coordinates": [-73.758758, 40.911906]}, "properties": {"intersectionId": "ix-7454", "connectedWayCount": 2}}, {"type": "Feature", "geometry": {"type": "Point", "coordinates": [-73.758456, 40.912027]}, "properties": {"intersectionId": "ix-7457", "connectedWayCount": 2}}, {"type": "Feature", "geometry": {"type": "Point", "coordinates": [-73.756536, 40.913485]}, "properties": {"intersectionId": "ix-7465", "connectedWayCount": 2}}, {"type": "Feature", "geometry": {"type": "Point", "coordinates": [-73.75946, 40.932139]}, "properties": {"intersectionId": "ix-7495", "connectedWayCount": 2}}, {"type": "Feature", "geometry": {"type": "Point", "coordinates": [-73.759406, 40.932206]}, "properties": {"intersectionId": "ix-7496", "connectedWayCount": 3}}, {"type": "Feature", "geometry": {"type": "Point", "coordinates": [-73.755363, 40.917264]}, "properties": {"intersectionId": "ix-7526", "connectedWayCount": 2}}, {"type": "Feature", "geometry": {"type": "Point", "coordinates": [-73.758518, 40.919538]}, "properties": {"intersectionId": "ix-7549", "connectedWayCount": 2}}, {"type": "Feature", "geometry": {"type": "Point", "coordinates": [-73.753418, 40.924371]}, "properties": {"intersectionId": "ix-7562", "connectedWayCount": 2}}, {"type": "Feature", "geometry": {"type": "Point", "coordinates": [-73.746205, 40.91876]}, "properties": {"intersectionId": "ix-7570", "connectedWayCount": 2}}, {"type": "Feature", "geometry": {"type": "Point", "coordinates": [-73.746621, 40.918826]}, "properties": {"intersectionId": "ix-7573", "connectedWayCount": 3}}, {"type": "Feature", "geometry": {"type": "Point", "coordinates": [-73.746863, 40.918624]}, "properties": {"intersectionId": "ix-7578", "connectedWayCount": 2}}, {"type": "Feature", "geometry": {"type": "Point", "coordinates": [-73.748119, 40.918115]}, "properties": {"intersectionId": "ix-7582", "connectedWayCount": 2}}, {"type": "Feature", "geometry": {"type": "Point", "coordinates": [-73.748211, 40.918106]}, "properties": {"intersectionId": "ix-7584", "connectedWayCount": 2}}, {"type": "Feature", "geometry": {"type": "Point", "coordinates": [-73.749387, 40.91777]}, "properties": {"intersectionId": "ix-7587", "connectedWayCount": 2}}, {"type": "Feature", "geometry": {"type": "Point", "coordinates": [-73.747378, 40.919254]}, "properties": {"intersectionId": "ix-7595", "connectedWayCount": 2}}, {"type": "Feature", "geometry": {"type": "Point", "coordinates": [-73.749539, 40.922747]}, "properties": {"intersectionId": "ix-7599", "connectedWayCount": 2}}, {"type": "Feature", "geometry": {"type": "Point", "coordinates": [-73.750293, 40.923997]}, "properties": {"intersectionId": "ix-7600", "connectedWayCount": 2}}, {"type": "Feature", "geometry": {"type": "Point", "coordinates": [-73.747627, 40.923342]}, "properties": {"intersectionId": "ix-7607", "connectedWayCount": 2}}, {"type": "Feature", "geometry": {"type": "Point", "coordinates": [-73.749727, 40.916282]}, "properties": {"intersectionId": "ix-7608", "connectedWayCount": 2}}, {"type": "Feature", "geometry": {"type": "Point", "coordinates": [-73.749484, 40.917237]}, "properties": {"intersectionId": "ix-7618", "connectedWayCount": 2}}, {"type": "Feature", "geometry": {"type": "Point", "coordinates": [-73.745879, 40.926173]}, "properties": {"intersectionId": "ix-7625", "connectedWayCount": 2}}, {"type": "Feature", "geometry": {"type": "Point", "coordinates": [-73.753175, 40.917718]}, "properties": {"intersectionId": "ix-7626", "connectedWayCount": 2}}, {"type": "Feature", "geometry": {"type": "Point", "coordinates": [-73.75063, 40.918127]}, "properties": {"intersectionId": "ix-7631", "connectedWayCount": 4}}, {"type": "Feature", "geometry": {"type": "Point", "coordinates": [-73.747117, 40.925067]}, "properties": {"intersectionId": "ix-7639", "connectedWayCount": 2}}, {"type": "Feature", "geometry": {"type": "Point", "coordinates": [-73.747141, 40.925038]}, "properties": {"intersectionId": "ix-7640", "connectedWayCount": 2}}, {"type": "Feature", "geometry": {"type": "Point", "coordinates": [-73.747507, 40.924963]}, "properties": {"intersectionId": "ix-7641", "connectedWayCount": 2}}, {"type": "Feature", "geometry": {"type": "Point", "coordinates": [-73.747949, 40.924814]}, "properties": {"intersectionId": "ix-7642", "connectedWayCount": 2}}, {"type": "Feature", "geometry": {"type": "Point", "coordinates": [-73.753058, 40.923025]}, "properties": {"intersectionId": "ix-7646", "connectedWayCount": 2}}, {"type": "Feature", "geometry": {"type": "Point", "coordinates": [-73.752585, 40.92168]}, "properties": {"intersectionId": "ix-7650", "connectedWayCount": 3}}, {"type": "Feature", "geometry": {"type": "Point", "coordinates": [-73.747491, 40.925235]}, "properties": {"intersectionId": "ix-7651", "connectedWayCount": 2}}, {"type": "Feature", "geometry": {"type": "Point", "coordinates": [-73.75331, 40.930975]}, "properties": {"intersectionId": "ix-7660", "connectedWayCount": 3}}, {"type": "Feature", "geometry": {"type": "Point", "coordinates": [-73.750521, 40.929351]}, "properties": {"intersectionId": "ix-7661", "connectedWayCount": 3}}, {"type": "Feature", "geometry": {"type": "Point", "coordinates": [-73.750834, 40.92953]}, "properties": {"intersectionId": "ix-7664", "connectedWayCount": 5}}, {"type": "Feature", "geometry": {"type": "Point", "coordinates": [-73.746944, 40.924882]}, "properties": {"intersectionId": "ix-7681", "connectedWayCount": 2}}, {"type": "Feature", "geometry": {"type": "Point", "coordinates": [-73.748724, 40.926699]}, "properties": {"intersectionId": "ix-7688", "connectedWayCount": 4}}, {"type": "Feature", "geometry": {"type": "Point", "coordinates": [-73.75908, 40.932062]}, "properties": {"intersectionId": "ix-7689", "connectedWayCount": 3}}, {"type": "Feature", "geometry": {"type": "Point", "coordinates": [-73.758901, 40.932901]}, "properties": {"intersectionId": "ix-7690", "connectedWayCount": 4}}, {"type": "Feature", "geometry": {"type": "Point", "coordinates": [-73.75806, 40.935142]}, "properties": {"intersectionId": "ix-7691", "connectedWayCount": 2}}, {"type": "Feature", "geometry": {"type": "Point", "coordinates": [-73.747728, 40.948519]}, "properties": {"intersectionId": "ix-7723", "connectedWayCount": 2}}, {"type": "Feature", "geometry": {"type": "Point", "coordinates": [-73.757039, 40.93389]}, "properties": {"intersectionId": "ix-7724", "connectedWayCount": 3}}, {"type": "Feature", "geometry": {"type": "Point", "coordinates": [-73.75632, 40.934014]}, "properties": {"intersectionId": "ix-7728", "connectedWayCount": 3}}, {"type": "Feature", "geometry": {"type": "Point", "coordinates": [-73.756477, 40.934169]}, "properties": {"intersectionId": "ix-7730", "connectedWayCount": 2}}, {"type": "Feature", "geometry": {"type": "Point", "coordinates": [-73.759599, 40.933188]}, "properties": {"intersectionId": "ix-7736", "connectedWayCount": 3}}, {"type": "Feature", "geometry": {"type": "Point", "coordinates": [-73.756879, 40.933946]}, "properties": {"intersectionId": "ix-7743", "connectedWayCount": 2}}, {"type": "Feature", "geometry": {"type": "Point", "coordinates": [-73.756604, 40.935257]}, "properties": {"intersectionId": "ix-7746", "connectedWayCount": 2}}, {"type": "Feature", "geometry": {"type": "Point", "coordinates": [-73.756552, 40.935331]}, "properties": {"intersectionId": "ix-7748", "connectedWayCount": 2}}, {"type": "Feature", "geometry": {"type": "Point", "coordinates": [-73.756457, 40.935458]}, "properties": {"intersectionId": "ix-7749", "connectedWayCount": 2}}, {"type": "Feature", "geometry": {"type": "Point", "coordinates": [-73.75638, 40.935562]}, "properties": {"intersectionId": "ix-7750", "connectedWayCount": 2}}, {"type": "Feature", "geometry": {"type": "Point", "coordinates": [-73.756268, 40.935743]}, "properties": {"intersectionId": "ix-7751", "connectedWayCount": 2}}, {"type": "Feature", "geometry": {"type": "Point", "coordinates": [-73.747414, 40.93565]}, "properties": {"intersectionId": "ix-7757", "connectedWayCount": 2}}, {"type": "Feature", "geometry": {"type": "Point", "coordinates": [-73.747355, 40.935745]}, "properties": {"intersectionId": "ix-7758", "connectedWayCount": 3}}, {"type": "Feature", "geometry": {"type": "Point", "coordinates": [-73.749882, 40.926298]}, "properties": {"intersectionId": "ix-7759", "connectedWayCount": 2}}, {"type": "Feature", "geometry": {"type": "Point", "coordinates": [-73.749931, 40.926281]}, "properties": {"intersectionId": "ix-7760", "connectedWayCount": 2}}, {"type": "Feature", "geometry": {"type": "Point", "coordinates": [-73.750466, 40.926096]}, "properties": {"intersectionId": "ix-7762", "connectedWayCount": 2}}, {"type": "Feature", "geometry": {"type": "Point", "coordinates": [-73.745693, 40.932177]}, "properties": {"intersectionId": "ix-7766", "connectedWayCount": 2}}, {"type": "Feature", "geometry": {"type": "Point", "coordinates": [-73.748024, 40.930403]}, "properties": {"intersectionId": "ix-7779", "connectedWayCount": 2}}, {"type": "Feature", "geometry": {"type": "Point", "coordinates": [-73.747568, 40.931103]}, "properties": {"intersectionId": "ix-7780", "connectedWayCount": 2}}, {"type": "Feature", "geometry": {"type": "Point", "coordinates": [-73.750985, 40.937236]}, "properties": {"intersectionId": "ix-7797", "connectedWayCount": 2}}, {"type": "Feature", "geometry": {"type": "Point", "coordinates": [-73.750392, 40.937826]}, "properties": {"intersectionId": "ix-7799", "connectedWayCount": 2}}, {"type": "Feature", "geometry": {"type": "Point", "coordinates": [-73.752302, 40.938826]}, "properties": {"intersectionId": "ix-7800", "connectedWayCount": 2}}, {"type": "Feature", "geometry": {"type": "Point", "coordinates": [-73.752184, 40.938606]}, "properties": {"intersectionId": "ix-7802", "connectedWayCount": 2}}, {"type": "Feature", "geometry": {"type": "Point", "coordinates": [-73.752028, 40.938307]}, "properties": {"intersectionId": "ix-7804", "connectedWayCount": 2}}, {"type": "Feature", "geometry": {"type": "Point", "coordinates": [-73.752014, 40.938177]}, "properties": {"intersectionId": "ix-7806", "connectedWayCount": 2}}, {"type": "Feature", "geometry": {"type": "Point", "coordinates": [-73.759311, 40.935748]}, "properties": {"intersectionId": "ix-7810", "connectedWayCount": 2}}, {"type": "Feature", "geometry": {"type": "Point", "coordinates": [-73.758813, 40.934822]}, "properties": {"intersectionId": "ix-7811", "connectedWayCount": 2}}, {"type": "Feature", "geometry": {"type": "Point", "coordinates": [-73.73744, 40.952907]}, "properties": {"intersectionId": "ix-7812", "connectedWayCount": 2}}, {"type": "Feature", "geometry": {"type": "Point", "coordinates": [-73.734758, 40.950994]}, "properties": {"intersectionId": "ix-7813", "connectedWayCount": 2}}, {"type": "Feature", "geometry": {"type": "Point", "coordinates": [-73.735858, 40.951811]}, "properties": {"intersectionId": "ix-7815", "connectedWayCount": 2}}, {"type": "Feature", "geometry": {"type": "Point", "coordinates": [-73.736774, 40.95248]}, "properties": {"intersectionId": "ix-7816", "connectedWayCount": 2}}, {"type": "Feature", "geometry": {"type": "Point", "coordinates": [-73.736826, 40.952518]}, "properties": {"intersectionId": "ix-7817", "connectedWayCount": 2}}, {"type": "Feature", "geometry": {"type": "Point", "coordinates": [-73.736772, 40.951537]}, "properties": {"intersectionId": "ix-7820", "connectedWayCount": 2}}, {"type": "Feature", "geometry": {"type": "Point", "coordinates": [-73.736834, 40.951687]}, "properties": {"intersectionId": "ix-7821", "connectedWayCount": 2}}, {"type": "Feature", "geometry": {"type": "Point", "coordinates": [-73.736847, 40.95172]}, "properties": {"intersectionId": "ix-7822", "connectedWayCount": 2}}, {"type": "Feature", "geometry": {"type": "Point", "coordinates": [-73.736872, 40.951777]}, "properties": {"intersectionId": "ix-7824", "connectedWayCount": 2}}, {"type": "Feature", "geometry": {"type": "Point", "coordinates": [-73.746666, 40.943031]}, "properties": {"intersectionId": "ix-7826", "connectedWayCount": 2}}, {"type": "Feature", "geometry": {"type": "Point", "coordinates": [-73.746237, 40.943351]}, "properties": {"intersectionId": "ix-7827", "connectedWayCount": 2}}, {"type": "Feature", "geometry": {"type": "Point", "coordinates": [-73.745777, 40.943653]}, "properties": {"intersectionId": "ix-7828", "connectedWayCount": 2}}, {"type": "Feature", "geometry": {"type": "Point", "coordinates": [-73.744868, 40.944189]}, "properties": {"intersectionId": "ix-7830", "connectedWayCount": 2}}, {"type": "Feature", "geometry": {"type": "Point", "coordinates": [-73.744678, 40.944301]}, "properties": {"intersectionId": "ix-7831", "connectedWayCount": 2}}, {"type": "Feature", "geometry": {"type": "Point", "coordinates": [-73.74338, 40.945071]}, "properties": {"intersectionId": "ix-7833", "connectedWayCount": 2}}, {"type": "Feature", "geometry": {"type": "Point", "coordinates": [-73.743269, 40.945145]}, "properties": {"intersectionId": "ix-7834", "connectedWayCount": 2}}, {"type": "Feature", "geometry": {"type": "Point", "coordinates": [-73.741487, 40.94679]}, "properties": {"intersectionId": "ix-7836", "connectedWayCount": 3}}, {"type": "Feature", "geometry": {"type": "Point", "coordinates": [-73.741204, 40.94704]}, "properties": {"intersectionId": "ix-7837", "connectedWayCount": 2}}, {"type": "Feature", "geometry": {"type": "Point", "coordinates": [-73.740964, 40.947231]}, "properties": {"intersectionId": "ix-7839", "connectedWayCount": 2}}, {"type": "Feature", "geometry": {"type": "Point", "coordinates": [-73.739148, 40.948509]}, "properties": {"intersectionId": "ix-7840", "connectedWayCount": 2}}, {"type": "Feature", "geometry": {"type": "Point", "coordinates": [-73.738941, 40.948656]}, "properties": {"intersectionId": "ix-7841", "connectedWayCount": 4}}, {"type": "Feature", "geometry": {"type": "Point", "coordinates": [-73.747142, 40.95241]}, "properties": {"intersectionId": "ix-7844", "connectedWayCount": 2}}, {"type": "Feature", "geometry": {"type": "Point", "coordinates": [-73.747894, 40.9527]}, "properties": {"intersectionId": "ix-7845", "connectedWayCount": 2}}, {"type": "Feature", "geometry": {"type": "Point", "coordinates": [-73.748281, 40.952849]}, "properties": {"intersectionId": "ix-7846", "connectedWayCount": 2}}, {"type": "Feature", "geometry": {"type": "Point", "coordinates": [-73.749862, 40.953344]}, "properties": {"intersectionId": "ix-7850", "connectedWayCount": 2}}, {"type": "Feature", "geometry": {"type": "Point", "coordinates": [-73.750976, 40.953686]}, "properties": {"intersectionId": "ix-7852", "connectedWayCount": 2}}, {"type": "Feature", "geometry": {"type": "Point", "coordinates": [-73.752281, 40.954061]}, "properties": {"intersectionId": "ix-7855", "connectedWayCount": 2}}, {"type": "Feature", "geometry": {"type": "Point", "coordinates": [-73.752314, 40.954072]}, "properties": {"intersectionId": "ix-7856", "connectedWayCount": 2}}, {"type": "Feature", "geometry": {"type": "Point", "coordinates": [-73.753812, 40.954384]}, "properties": {"intersectionId": "ix-7859", "connectedWayCount": 2}}, {"type": "Feature", "geometry": {"type": "Point", "coordinates": [-73.754494, 40.954487]}, "properties": {"intersectionId": "ix-7863", "connectedWayCount": 2}}, {"type": "Feature", "geometry": {"type": "Point", "coordinates": [-73.756534, 40.954995]}, "properties": {"intersectionId": "ix-7867", "connectedWayCount": 2}}, {"type": "Feature", "geometry": {"type": "Point", "coordinates": [-73.757757, 40.955707]}, "properties": {"intersectionId": "ix-7872", "connectedWayCount": 2}}, {"type": "Feature", "geometry": {"type": "Point", "coordinates": [-73.75808, 40.955912]}, "properties": {"intersectionId": "ix-7874", "connectedWayCount": 2}}, {"type": "Feature", "geometry": {"type": "Point", "coordinates": [-73.75844, 40.956131]}, "properties": {"intersectionId": "ix-7876", "connectedWayCount": 2}}, {"type": "Feature", "geometry": {"type": "Point", "coordinates": [-73.759208, 40.956547]}, "properties": {"intersectionId": "ix-7879", "connectedWayCount": 2}}, {"type": "Feature", "geometry": {"type": "Point", "coordinates": [-73.759711, 40.956791]}, "properties": {"intersectionId": "ix-7881", "connectedWayCount": 2}}, {"type": "Feature", "geometry": {"type": "Point", "coordinates": [-73.737678, 40.955444]}, "properties": {"intersectionId": "ix-7898", "connectedWayCount": 2}}, {"type": "Feature", "geometry": {"type": "Point", "coordinates": [-73.737628, 40.955594]}, "properties": {"intersectionId": "ix-7899", "connectedWayCount": 2}}, {"type": "Feature", "geometry": {"type": "Point", "coordinates": [-73.737568, 40.955776]}, "properties": {"intersectionId": "ix-7900", "connectedWayCount": 2}}, {"type": "Feature", "geometry": {"type": "Point", "coordinates": [-73.740174, 40.970908]}, "properties": {"intersectionId": "ix-7901", "connectedWayCount": 2}}, {"type": "Feature", "geometry": {"type": "Point", "coordinates": [-73.74209, 40.972575]}, "properties": {"intersectionId": "ix-7916", "connectedWayCount": 2}}, {"type": "Feature", "geometry": {"type": "Point", "coordinates": [-73.742402, 40.971269]}, "properties": {"intersectionId": "ix-7924", "connectedWayCount": 2}}, {"type": "Feature", "geometry": {"type": "Point", "coordinates": [-73.742224, 40.970822]}, "properties": {"intersectionId": "ix-7927", "connectedWayCount": 3}}, {"type": "Feature", "geometry": {"type": "Point", "coordinates": [-73.742146, 40.970717]}, "properties": {"intersectionId": "ix-7929", "connectedWayCount": 2}}, {"type": "Feature", "geometry": {"type": "Point", "coordinates": [-73.708579, 40.967094]}, "properties": {"intersectionId": "ix-7931", "connectedWayCount": 2}}, {"type": "Feature", "geometry": {"type": "Point", "coordinates": [-73.708355, 40.967457]}, "properties": {"intersectionId": "ix-7932", "connectedWayCount": 2}}, {"type": "Feature", "geometry": {"type": "Point", "coordinates": [-73.708347, 40.96747]}, "properties": {"intersectionId": "ix-7933", "connectedWayCount": 2}}, {"type": "Feature", "geometry": {"type": "Point", "coordinates": [-73.708965, 40.967992]}, "properties": {"intersectionId": "ix-7940", "connectedWayCount": 2}}, {"type": "Feature", "geometry": {"type": "Point", "coordinates": [-73.708428, 40.970507]}, "properties": {"intersectionId": "ix-7941", "connectedWayCount": 2}}, {"type": "Feature", "geometry": {"type": "Point", "coordinates": [-73.708686, 40.970949]}, "properties": {"intersectionId": "ix-7942", "connectedWayCount": 2}}, {"type": "Feature", "geometry": {"type": "Point", "coordinates": [-73.708779, 40.97132]}, "properties": {"intersectionId": "ix-7945", "connectedWayCount": 2}}, {"type": "Feature", "geometry": {"type": "Point", "coordinates": [-73.708792, 40.971594]}, "properties": {"intersectionId": "ix-7946", "connectedWayCount": 2}}, {"type": "Feature", "geometry": {"type": "Point", "coordinates": [-73.708766, 40.972061]}, "properties": {"intersectionId": "ix-7950", "connectedWayCount": 2}}, {"type": "Feature", "geometry": {"type": "Point", "coordinates": [-73.707458, 40.974003]}, "properties": {"intersectionId": "ix-7960", "connectedWayCount": 2}}, {"type": "Feature", "geometry": {"type": "Point", "coordinates": [-73.707363, 40.974275]}, "properties": {"intersectionId": "ix-7963", "connectedWayCount": 2}}, {"type": "Feature", "geometry": {"type": "Point", "coordinates": [-73.711699, 40.970696]}, "properties": {"intersectionId": "ix-7964", "connectedWayCount": 2}}, {"type": "Feature", "geometry": {"type": "Point", "coordinates": [-73.704499, 40.970666]}, "properties": {"intersectionId": "ix-7982", "connectedWayCount": 2}}, {"type": "Feature", "geometry": {"type": "Point", "coordinates": [-73.704167, 40.970581]}, "properties": {"intersectionId": "ix-7983", "connectedWayCount": 4}}, {"type": "Feature", "geometry": {"type": "Point", "coordinates": [-73.741293, 40.968396]}, "properties": {"intersectionId": "ix-7984", "connectedWayCount": 2}}, {"type": "Feature", "geometry": {"type": "Point", "coordinates": [-73.741762, 40.969328]}, "properties": {"intersectionId": "ix-7985", "connectedWayCount": 2}}, {"type": "Feature", "geometry": {"type": "Point", "coordinates": [-73.742995, 40.975581]}, "properties": {"intersectionId": "ix-7995", "connectedWayCount": 2}}, {"type": "Feature", "geometry": {"type": "Point", "coordinates": [-73.74303, 40.976386]}, "properties": {"intersectionId": "ix-7997", "connectedWayCount": 2}}, {"type": "Feature", "geometry": {"type": "Point", "coordinates": [-73.743039, 40.976552]}, "properties": {"intersectionId": "ix-7999", "connectedWayCount": 3}}, {"type": "Feature", "geometry": {"type": "Point", "coordinates": [-73.743045, 40.976632]}, "properties": {"intersectionId": "ix-8000", "connectedWayCount": 3}}, {"type": "Feature", "geometry": {"type": "Point", "coordinates": [-73.743051, 40.976793]}, "properties": {"intersectionId": "ix-8001", "connectedWayCount": 2}}, {"type": "Feature", "geometry": {"type": "Point", "coordinates": [-73.743098, 40.977511]}, "properties": {"intersectionId": "ix-8003", "connectedWayCount": 2}}, {"type": "Feature", "geometry": {"type": "Point", "coordinates": [-73.741323, 40.968145]}, "properties": {"intersectionId": "ix-8004", "connectedWayCount": 2}}, {"type": "Feature", "geometry": {"type": "Point", "coordinates": [-73.741237, 40.967976]}, "properties": {"intersectionId": "ix-8005", "connectedWayCount": 2}}, {"type": "Feature", "geometry": {"type": "Point", "coordinates": [-73.751711, 40.93853]}, "properties": {"intersectionId": "ix-8008", "connectedWayCount": 2}}, {"type": "Feature", "geometry": {"type": "Point", "coordinates": [-73.755763, 40.934796]}, "properties": {"intersectionId": "ix-8014", "connectedWayCount": 2}}, {"type": "Feature", "geometry": {"type": "Point", "coordinates": [-73.755037, 40.93545]}, "properties": {"intersectionId": "ix-8016", "connectedWayCount": 2}}, {"type": "Feature", "geometry": {"type": "Point", "coordinates": [-73.754908, 40.935565]}, "properties": {"intersectionId": "ix-8017", "connectedWayCount": 2}}, {"type": "Feature", "geometry": {"type": "Point", "coordinates": [-73.711395, 40.96962]}, "properties": {"intersectionId": "ix-8020", "connectedWayCount": 2}}, {"type": "Feature", "geometry": {"type": "Point", "coordinates": [-73.711578, 40.970164]}, "properties": {"intersectionId": "ix-8022", "connectedWayCount": 2}}, {"type": "Feature", "geometry": {"type": "Point", "coordinates": [-73.743085, 40.950875]}, "properties": {"intersectionId": "ix-8023", "connectedWayCount": 4}}, {"type": "Feature", "geometry": {"type": "Point", "coordinates": [-73.745591, 40.948688]}, "properties": {"intersectionId": "ix-8025", "connectedWayCount": 2}}, {"type": "Feature", "geometry": {"type": "Point", "coordinates": [-73.745743, 40.948553]}, "properties": {"intersectionId": "ix-8026", "connectedWayCount": 2}}, {"type": "Feature", "geometry": {"type": "Point", "coordinates": [-73.745891, 40.948421]}, "properties": {"intersectionId": "ix-8027", "connectedWayCount": 2}}, {"type": "Feature", "geometry": {"type": "Point", "coordinates": [-73.746, 40.948318]}, "properties": {"intersectionId": "ix-8028", "connectedWayCount": 2}}, {"type": "Feature", "geometry": {"type": "Point", "coordinates": [-73.742249, 40.950553]}, "properties": {"intersectionId": "ix-8029", "connectedWayCount": 4}}, {"type": "Feature", "geometry": {"type": "Point", "coordinates": [-73.742764, 40.950096]}, "properties": {"intersectionId": "ix-8030", "connectedWayCount": 2}}, {"type": "Feature", "geometry": {"type": "Point", "coordinates": [-73.743415, 40.949519]}, "properties": {"intersectionId": "ix-8031", "connectedWayCount": 2}}, {"type": "Feature", "geometry": {"type": "Point", "coordinates": [-73.743481, 40.94946]}, "properties": {"intersectionId": "ix-8032", "connectedWayCount": 2}}, {"type": "Feature", "geometry": {"type": "Point", "coordinates": [-73.744248, 40.94878]}, "properties": {"intersectionId": "ix-8033", "connectedWayCount": 2}}, {"type": "Feature", "geometry": {"type": "Point", "coordinates": [-73.744522, 40.948537]}, "properties": {"intersectionId": "ix-8034", "connectedWayCount": 2}}, {"type": "Feature", "geometry": {"type": "Point", "coordinates": [-73.745147, 40.94799]}, "properties": {"intersectionId": "ix-8035", "connectedWayCount": 2}}, {"type": "Feature", "geometry": {"type": "Point", "coordinates": [-73.745287, 40.947869]}, "properties": {"intersectionId": "ix-8036", "connectedWayCount": 2}}, {"type": "Feature", "geometry": {"type": "Point", "coordinates": [-73.746298, 40.94714]}, "properties": {"intersectionId": "ix-8039", "connectedWayCount": 2}}, {"type": "Feature", "geometry": {"type": "Point", "coordinates": [-73.707561, 40.969884]}, "properties": {"intersectionId": "ix-8046", "connectedWayCount": 2}}, {"type": "Feature", "geometry": {"type": "Point", "coordinates": [-73.707623, 40.969873]}, "properties": {"intersectionId": "ix-8047", "connectedWayCount": 3}}, {"type": "Feature", "geometry": {"type": "Point", "coordinates": [-73.705523, 40.969279]}, "properties": {"intersectionId": "ix-8048", "connectedWayCount": 2}}, {"type": "Feature", "geometry": {"type": "Point", "coordinates": [-73.706897, 40.96971]}, "properties": {"intersectionId": "ix-8056", "connectedWayCount": 2}}, {"type": "Feature", "geometry": {"type": "Point", "coordinates": [-73.707008, 40.969735]}, "properties": {"intersectionId": "ix-8057", "connectedWayCount": 3}}, {"type": "Feature", "geometry": {"type": "Point", "coordinates": [-73.759336, 40.931363]}, "properties": {"intersectionId": "ix-8063", "connectedWayCount": 2}}, {"type": "Feature", "geometry": {"type": "Point", "coordinates": [-73.758898, 40.931982]}, "properties": {"intersectionId": "ix-8064", "connectedWayCount": 2}}, {"type": "Feature", "geometry": {"type": "Point", "coordinates": [-73.730424, 40.943104]}, "properties": {"intersectionId": "ix-8069", "connectedWayCount": 2}}, {"type": "Feature", "geometry": {"type": "Point", "coordinates": [-73.730828, 40.943377]}, "properties": {"intersectionId": "ix-8073", "connectedWayCount": 2}}, {"type": "Feature", "geometry": {"type": "Point", "coordinates": [-73.73056, 40.943941]}, "properties": {"intersectionId": "ix-8080", "connectedWayCount": 2}}, {"type": "Feature", "geometry": {"type": "Point", "coordinates": [-73.730933, 40.943181]}, "properties": {"intersectionId": "ix-8081", "connectedWayCount": 2}}, {"type": "Feature", "geometry": {"type": "Point", "coordinates": [-73.73249, 40.947177]}, "properties": {"intersectionId": "ix-8082", "connectedWayCount": 2}}, {"type": "Feature", "geometry": {"type": "Point", "coordinates": [-73.732646, 40.9471]}, "properties": {"intersectionId": "ix-8083", "connectedWayCount": 2}}, {"type": "Feature", "geometry": {"type": "Point", "coordinates": [-73.731774, 40.94589]}, "properties": {"intersectionId": "ix-8086", "connectedWayCount": 2}}, {"type": "Feature", "geometry": {"type": "Point", "coordinates": [-73.731966, 40.945393]}, "properties": {"intersectionId": "ix-8088", "connectedWayCount": 2}}, {"type": "Feature", "geometry": {"type": "Point", "coordinates": [-73.731959, 40.946117]}, "properties": {"intersectionId": "ix-8089", "connectedWayCount": 2}}, {"type": "Feature", "geometry": {"type": "Point", "coordinates": [-73.732209, 40.945467]}, "properties": {"intersectionId": "ix-8091", "connectedWayCount": 2}}, {"type": "Feature", "geometry": {"type": "Point", "coordinates": [-73.732097, 40.946286]}, "properties": {"intersectionId": "ix-8092", "connectedWayCount": 2}}, {"type": "Feature", "geometry": {"type": "Point", "coordinates": [-73.732402, 40.945526]}, "properties": {"intersectionId": "ix-8094", "connectedWayCount": 2}}, {"type": "Feature", "geometry": {"type": "Point", "coordinates": [-73.732792, 40.94353]}, "properties": {"intersectionId": "ix-8107", "connectedWayCount": 2}}, {"type": "Feature", "geometry": {"type": "Point", "coordinates": [-73.732814, 40.94354]}, "properties": {"intersectionId": "ix-8108", "connectedWayCount": 2}}, {"type": "Feature", "geometry": {"type": "Point", "coordinates": [-73.737159, 40.944247]}, "properties": {"intersectionId": "ix-8120", "connectedWayCount": 2}}, {"type": "Feature", "geometry": {"type": "Point", "coordinates": [-73.736212, 40.943011]}, "properties": {"intersectionId": "ix-8133", "connectedWayCount": 2}}, {"type": "Feature", "geometry": {"type": "Point", "coordinates": [-73.732223, 40.946837]}, "properties": {"intersectionId": "ix-8134", "connectedWayCount": 2}}, {"type": "Feature", "geometry": {"type": "Point", "coordinates": [-73.732579, 40.94737]}, "properties": {"intersectionId": "ix-8140", "connectedWayCount": 2}}, {"type": "Feature", "geometry": {"type": "Point", "coordinates": [-73.732419, 40.947041]}, "properties": {"intersectionId": "ix-8142", "connectedWayCount": 2}}, {"type": "Feature", "geometry": {"type": "Point", "coordinates": [-73.742036, 40.972415]}, "properties": {"intersectionId": "ix-8154", "connectedWayCount": 2}}, {"type": "Feature", "geometry": {"type": "Point", "coordinates": [-73.740412, 40.970939]}, "properties": {"intersectionId": "ix-8155", "connectedWayCount": 3}}, {"type": "Feature", "geometry": {"type": "Point", "coordinates": [-73.740535, 40.971871]}, "properties": {"intersectionId": "ix-8163", "connectedWayCount": 2}}, {"type": "Feature", "geometry": {"type": "Point", "coordinates": [-73.741906, 40.970594]}, "properties": {"intersectionId": "ix-8177", "connectedWayCount": 2}}, {"type": "Feature", "geometry": {"type": "Point", "coordinates": [-73.748508, 40.937293]}, "properties": {"intersectionId": "ix-8188", "connectedWayCount": 2}}, {"type": "Feature", "geometry": {"type": "Point", "coordinates": [-73.74762, 40.937451]}, "properties": {"intersectionId": "ix-8194", "connectedWayCount": 2}}, {"type": "Feature", "geometry": {"type": "Point", "coordinates": [-73.732892, 40.948758]}, "properties": {"intersectionId": "ix-8197", "connectedWayCount": 2}}, {"type": "Feature", "geometry": {"type": "Point", "coordinates": [-73.732732, 40.948834]}, "properties": {"intersectionId": "ix-8199", "connectedWayCount": 2}}, {"type": "Feature", "geometry": {"type": "Point", "coordinates": [-73.738766, 40.948447]}, "properties": {"intersectionId": "ix-8200", "connectedWayCount": 2}}, {"type": "Feature", "geometry": {"type": "Point", "coordinates": [-73.736982, 40.946266]}, "properties": {"intersectionId": "ix-8201", "connectedWayCount": 2}}, {"type": "Feature", "geometry": {"type": "Point", "coordinates": [-73.736877, 40.952548]}, "properties": {"intersectionId": "ix-8202", "connectedWayCount": 2}}, {"type": "Feature", "geometry": {"type": "Point", "coordinates": [-73.736946, 40.952588]}, "properties": {"intersectionId": "ix-8203", "connectedWayCount": 2}}, {"type": "Feature", "geometry": {"type": "Point", "coordinates": [-73.736985, 40.96012]}, "properties": {"intersectionId": "ix-8204", "connectedWayCount": 3}}, {"type": "Feature", "geometry": {"type": "Point", "coordinates": [-73.733078, 40.94882]}, "properties": {"intersectionId": "ix-8205", "connectedWayCount": 2}}, {"type": "Feature", "geometry": {"type": "Point", "coordinates": [-73.739019, 40.954288]}, "properties": {"intersectionId": "ix-8209", "connectedWayCount": 3}}, {"type": "Feature", "geometry": {"type": "Point", "coordinates": [-73.736096, 40.962534]}, "properties": {"intersectionId": "ix-8210", "connectedWayCount": 3}}, {"type": "Feature", "geometry": {"type": "Point", "coordinates": [-73.733165, 40.948588]}, "properties": {"intersectionId": "ix-8212", "connectedWayCount": 2}}, {"type": "Feature", "geometry": {"type": "Point", "coordinates": [-73.744851, 40.93882]}, "properties": {"intersectionId": "ix-8213", "connectedWayCount": 2}}, {"type": "Feature", "geometry": {"type": "Point", "coordinates": [-73.744728, 40.938926]}, "properties": {"intersectionId": "ix-8214", "connectedWayCount": 2}}, {"type": "Feature", "geometry": {"type": "Point", "coordinates": [-73.747709, 40.935236]}, "properties": {"intersectionId": "ix-8215", "connectedWayCount": 4}}, {"type": "Feature", "geometry": {"type": "Point", "coordinates": [-73.748114, 40.935481]}, "properties": {"intersectionId": "ix-8217", "connectedWayCount": 2}}, {"type": "Feature", "geometry": {"type": "Point", "coordinates": [-73.748009, 40.935423]}, "properties": {"intersectionId": "ix-8218", "connectedWayCount": 2}}, {"type": "Feature", "geometry": {"type": "Point", "coordinates": [-73.741858, 40.950396]}, "properties": {"intersectionId": "ix-8221", "connectedWayCount": 2}}, {"type": "Feature", "geometry": {"type": "Point", "coordinates": [-73.742813, 40.950763]}, "properties": {"intersectionId": "ix-8222", "connectedWayCount": 2}}, {"type": "Feature", "geometry": {"type": "Point", "coordinates": [-73.742652, 40.950703]}, "properties": {"intersectionId": "ix-8223", "connectedWayCount": 2}}, {"type": "Feature", "geometry": {"type": "Point", "coordinates": [-73.743648, 40.951094]}, "properties": {"intersectionId": "ix-8224", "connectedWayCount": 2}}, {"type": "Feature", "geometry": {"type": "Point", "coordinates": [-73.744431, 40.951395]}, "properties": {"intersectionId": "ix-8225", "connectedWayCount": 2}}, {"type": "Feature", "geometry": {"type": "Point", "coordinates": [-73.744502, 40.951422]}, "properties": {"intersectionId": "ix-8226", "connectedWayCount": 2}}, {"type": "Feature", "geometry": {"type": "Point", "coordinates": [-73.744559, 40.951444]}, "properties": {"intersectionId": "ix-8227", "connectedWayCount": 2}}, {"type": "Feature", "geometry": {"type": "Point", "coordinates": [-73.74492, 40.951576]}, "properties": {"intersectionId": "ix-8228", "connectedWayCount": 2}}, {"type": "Feature", "geometry": {"type": "Point", "coordinates": [-73.737127, 40.950121]}, "properties": {"intersectionId": "ix-8233", "connectedWayCount": 2}}, {"type": "Feature", "geometry": {"type": "Point", "coordinates": [-73.737185, 40.950085]}, "properties": {"intersectionId": "ix-8234", "connectedWayCount": 4}}, {"type": "Feature", "geometry": {"type": "Point", "coordinates": [-73.737045, 40.952792]}, "properties": {"intersectionId": "ix-8235", "connectedWayCount": 2}}, {"type": "Feature", "geometry": {"type": "Point", "coordinates": [-73.736902, 40.952931]}, "properties": {"intersectionId": "ix-8236", "connectedWayCount": 2}}, {"type": "Feature", "geometry": {"type": "Point", "coordinates": [-73.736761, 40.953068]}, "properties": {"intersectionId": "ix-8237", "connectedWayCount": 2}}, {"type": "Feature", "geometry": {"type": "Point", "coordinates": [-73.736959, 40.951983]}, "properties": {"intersectionId": "ix-8238", "connectedWayCount": 2}}, {"type": "Feature", "geometry": {"type": "Point", "coordinates": [-73.737126, 40.952377]}, "properties": {"intersectionId": "ix-8239", "connectedWayCount": 2}}, {"type": "Feature", "geometry": {"type": "Point", "coordinates": [-73.75916, 40.932554]}, "properties": {"intersectionId": "ix-8242", "connectedWayCount": 2}}, {"type": "Feature", "geometry": {"type": "Point", "coordinates": [-73.747914, 40.934954]}, "properties": {"intersectionId": "ix-8245", "connectedWayCount": 2}}, {"type": "Feature", "geometry": {"type": "Point", "coordinates": [-73.748052, 40.934728]}, "properties": {"intersectionId": "ix-8246", "connectedWayCount": 2}}, {"type": "Feature", "geometry": {"type": "Point", "coordinates": [-73.75128, 40.929706]}, "properties": {"intersectionId": "ix-8247", "connectedWayCount": 3}}, {"type": "Feature", "geometry": {"type": "Point", "coordinates": [-73.745081, 40.951632]}, "properties": {"intersectionId": "ix-8248", "connectedWayCount": 2}}, {"type": "Feature", "geometry": {"type": "Point", "coordinates": [-73.745048, 40.920108]}, "properties": {"intersectionId": "ix-8251", "connectedWayCount": 2}}, {"type": "Feature", "geometry": {"type": "Point", "coordinates": [-73.752448, 40.92785]}, "properties": {"intersectionId": "ix-8257", "connectedWayCount": 2}}, {"type": "Feature", "geometry": {"type": "Point", "coordinates": [-73.759838, 40.924421]}, "properties": {"intersectionId": "ix-8270", "connectedWayCount": 2}}, {"type": "Feature", "geometry": {"type": "Point", "coordinates": [-73.758768, 40.92308]}, "properties": {"intersectionId": "ix-8280", "connectedWayCount": 2}}, {"type": "Feature", "geometry": {"type": "Point", "coordinates": [-73.737906, 40.931296]}, "properties": {"intersectionId": "ix-8290", "connectedWayCount": 2}}, {"type": "Feature", "geometry": {"type": "Point", "coordinates": [-73.737756, 40.931525]}, "properties": {"intersectionId": "ix-8294", "connectedWayCount": 2}}, {"type": "Feature", "geometry": {"type": "Point", "coordinates": [-73.739847, 40.931331]}, "properties": {"intersectionId": "ix-8302", "connectedWayCount": 2}}, {"type": "Feature", "geometry": {"type": "Point", "coordinates": [-73.740098, 40.931038]}, "properties": {"intersectionId": "ix-8303", "connectedWayCount": 2}}, {"type": "Feature", "geometry": {"type": "Point", "coordinates": [-73.741328, 40.929496]}, "properties": {"intersectionId": "ix-8311", "connectedWayCount": 2}}, {"type": "Feature", "geometry": {"type": "Point", "coordinates": [-73.741509, 40.929134]}, "properties": {"intersectionId": "ix-8312", "connectedWayCount": 2}}, {"type": "Feature", "geometry": {"type": "Point", "coordinates": [-73.741529, 40.929093]}, "properties": {"intersectionId": "ix-8313", "connectedWayCount": 2}}, {"type": "Feature", "geometry": {"type": "Point", "coordinates": [-73.741632, 40.928885]}, "properties": {"intersectionId": "ix-8314", "connectedWayCount": 2}}, {"type": "Feature", "geometry": {"type": "Point", "coordinates": [-73.742404, 40.928808]}, "properties": {"intersectionId": "ix-8325", "connectedWayCount": 2}}, {"type": "Feature", "geometry": {"type": "Point", "coordinates": [-73.742467, 40.928878]}, "properties": {"intersectionId": "ix-8326", "connectedWayCount": 2}}, {"type": "Feature", "geometry": {"type": "Point", "coordinates": [-73.747354, 40.935051]}, "properties": {"intersectionId": "ix-8328", "connectedWayCount": 2}}, {"type": "Feature", "geometry": {"type": "Point", "coordinates": [-73.74697, 40.934887]}, "properties": {"intersectionId": "ix-8329", "connectedWayCount": 2}}, {"type": "Feature", "geometry": {"type": "Point", "coordinates": [-73.746843, 40.934833]}, "properties": {"intersectionId": "ix-8331", "connectedWayCount": 2}}, {"type": "Feature", "geometry": {"type": "Point", "coordinates": [-73.746695, 40.934794]}, "properties": {"intersectionId": "ix-8333", "connectedWayCount": 2}}, {"type": "Feature", "geometry": {"type": "Point", "coordinates": [-73.746556, 40.934789]}, "properties": {"intersectionId": "ix-8335", "connectedWayCount": 2}}, {"type": "Feature", "geometry": {"type": "Point", "coordinates": [-73.746415, 40.93485]}, "properties": {"intersectionId": "ix-8336", "connectedWayCount": 2}}, {"type": "Feature", "geometry": {"type": "Point", "coordinates": [-73.744511, 40.935115]}, "properties": {"intersectionId": "ix-8347", "connectedWayCount": 2}}, {"type": "Feature", "geometry": {"type": "Point", "coordinates": [-73.744263, 40.934751]}, "properties": {"intersectionId": "ix-8349", "connectedWayCount": 2}}, {"type": "Feature", "geometry": {"type": "Point", "coordinates": [-73.744179, 40.934627]}, "properties": {"intersectionId": "ix-8351", "connectedWayCount": 2}}, {"type": "Feature", "geometry": {"type": "Point", "coordinates": [-73.738879, 40.931191]}, "properties": {"intersectionId": "ix-8358", "connectedWayCount": 2}}, {"type": "Feature", "geometry": {"type": "Point", "coordinates": [-73.739809, 40.931712]}, "properties": {"intersectionId": "ix-8375", "connectedWayCount": 2}}, {"type": "Feature", "geometry": {"type": "Point", "coordinates": [-73.734953, 40.938653]}, "properties": {"intersectionId": "ix-8410", "connectedWayCount": 2}}, {"type": "Feature", "geometry": {"type": "Point", "coordinates": [-73.731996, 40.935584]}, "properties": {"intersectionId": "ix-8415", "connectedWayCount": 2}}, {"type": "Feature", "geometry": {"type": "Point", "coordinates": [-73.732143, 40.935488]}, "properties": {"intersectionId": "ix-8416", "connectedWayCount": 2}}, {"type": "Feature", "geometry": {"type": "Point", "coordinates": [-73.747464, 40.940968]}, "properties": {"intersectionId": "ix-8422", "connectedWayCount": 2}}, {"type": "Feature", "geometry": {"type": "Point", "coordinates": [-73.748954, 40.939261]}, "properties": {"intersectionId": "ix-8427", "connectedWayCount": 2}}, {"type": "Feature", "geometry": {"type": "Point", "coordinates": [-73.745813, 40.940165]}, "properties": {"intersectionId": "ix-8437", "connectedWayCount": 2}}, {"type": "Feature", "geometry": {"type": "Point", "coordinates": [-73.745817, 40.939961]}, "properties": {"intersectionId": "ix-8439", "connectedWayCount": 3}}, {"type": "Feature", "geometry": {"type": "Point", "coordinates": [-73.745829, 40.939923]}, "properties": {"intersectionId": "ix-8441", "connectedWayCount": 2}}, {"type": "Feature", "geometry": {"type": "Point", "coordinates": [-73.747528, 40.940961]}, "properties": {"intersectionId": "ix-8442", "connectedWayCount": 3}}, {"type": "Feature", "geometry": {"type": "Point", "coordinates": [-73.745637, 40.940035]}, "properties": {"intersectionId": "ix-8446", "connectedWayCount": 2}}, {"type": "Feature", "geometry": {"type": "Point", "coordinates": [-73.738065, 40.941003]}, "properties": {"intersectionId": "ix-8456", "connectedWayCount": 2}}, {"type": "Feature", "geometry": {"type": "Point", "coordinates": [-73.743599, 40.946249]}, "properties": {"intersectionId": "ix-8461", "connectedWayCount": 2}}, {"type": "Feature", "geometry": {"type": "Point", "coordinates": [-73.743663, 40.946384]}, "properties": {"intersectionId": "ix-8470", "connectedWayCount": 2}}, {"type": "Feature", "geometry": {"type": "Point", "coordinates": [-73.742879, 40.943532]}, "properties": {"intersectionId": "ix-8477", "connectedWayCount": 2}}, {"type": "Feature", "geometry": {"type": "Point", "coordinates": [-73.742595, 40.943599]}, "properties": {"intersectionId": "ix-8480", "connectedWayCount": 2}}, {"type": "Feature", "geometry": {"type": "Point", "coordinates": [-73.742024, 40.943916]}, "properties": {"intersectionId": "ix-8483", "connectedWayCount": 2}}, {"type": "Feature", "geometry": {"type": "Point", "coordinates": [-73.743951, 40.946757]}, "properties": {"intersectionId": "ix-8497", "connectedWayCount": 2}}, {"type": "Feature", "geometry": {"type": "Point", "coordinates": [-73.738568, 40.943954]}, "properties": {"intersectionId": "ix-8512", "connectedWayCount": 2}}, {"type": "Feature", "geometry": {"type": "Point", "coordinates": [-73.738045, 40.941318]}, "properties": {"intersectionId": "ix-8517", "connectedWayCount": 2}}, {"type": "Feature", "geometry": {"type": "Point", "coordinates": [-73.738031, 40.940827]}, "properties": {"intersectionId": "ix-8520", "connectedWayCount": 2}}, {"type": "Feature", "geometry": {"type": "Point", "coordinates": [-73.736772, 40.940073]}, "properties": {"intersectionId": "ix-8525", "connectedWayCount": 2}}, {"type": "Feature", "geometry": {"type": "Point", "coordinates": [-73.735278, 40.938786]}, "properties": {"intersectionId": "ix-8530", "connectedWayCount": 2}}, {"type": "Feature", "geometry": {"type": "Point", "coordinates": [-73.735115, 40.938589]}, "properties": {"intersectionId": "ix-8531", "connectedWayCount": 2}}, {"type": "Feature", "geometry": {"type": "Point", "coordinates": [-73.735042, 40.938497]}, "properties": {"intersectionId": "ix-8532", "connectedWayCount": 2}}, {"type": "Feature", "geometry": {"type": "Point", "coordinates": [-73.730353, 40.93427]}, "properties": {"intersectionId": "ix-8544", "connectedWayCount": 2}}, {"type": "Feature", "geometry": {"type": "Point", "coordinates": [-73.729335, 40.933775]}, "properties": {"intersectionId": "ix-8548", "connectedWayCount": 2}}, {"type": "Feature", "geometry": {"type": "Point", "coordinates": [-73.745046, 40.960794]}, "properties": {"intersectionId": "ix-8563", "connectedWayCount": 3}}, {"type": "Feature", "geometry": {"type": "Point", "coordinates": [-73.743482, 40.962006]}, "properties": {"intersectionId": "ix-8603", "connectedWayCount": 2}}, {"type": "Feature", "geometry": {"type": "Point", "coordinates": [-73.742709, 40.962222]}, "properties": {"intersectionId": "ix-8617", "connectedWayCount": 3}}, {"type": "Feature", "geometry": {"type": "Point", "coordinates": [-73.744431, 40.965969]}, "properties": {"intersectionId": "ix-8618", "connectedWayCount": 3}}, {"type": "Feature", "geometry": {"type": "Point", "coordinates": [-73.744441, 40.972775]}, "properties": {"intersectionId": "ix-8706", "connectedWayCount": 2}}, {"type": "Feature", "geometry": {"type": "Point", "coordinates": [-73.751799, 40.978332]}, "properties": {"intersectionId": "ix-8766", "connectedWayCount": 3}}, {"type": "Feature", "geometry": {"type": "Point", "coordinates": [-73.759053, 40.97725]}, "properties": {"intersectionId": "ix-8781", "connectedWayCount": 3}}, {"type": "Feature", "geometry": {"type": "Point", "coordinates": [-73.758795, 40.977015]}, "properties": {"intersectionId": "ix-8782", "connectedWayCount": 2}}, {"type": "Feature", "geometry": {"type": "Point", "coordinates": [-73.718553, 40.957977]}, "properties": {"intersectionId": "ix-8931", "connectedWayCount": 2}}, {"type": "Feature", "geometry": {"type": "Point", "coordinates": [-73.720637, 40.953116]}, "properties": {"intersectionId": "ix-8936", "connectedWayCount": 2}}, {"type": "Feature", "geometry": {"type": "Point", "coordinates": [-73.726337, 40.942917]}, "properties": {"intersectionId": "ix-8940", "connectedWayCount": 2}}, {"type": "Feature", "geometry": {"type": "Point", "coordinates": [-73.725376, 40.944963]}, "properties": {"intersectionId": "ix-8943", "connectedWayCount": 2}}, {"type": "Feature", "geometry": {"type": "Point", "coordinates": [-73.725279, 40.945095]}, "properties": {"intersectionId": "ix-8945", "connectedWayCount": 2}}, {"type": "Feature", "geometry": {"type": "Point", "coordinates": [-73.724058, 40.946759]}, "properties": {"intersectionId": "ix-8947", "connectedWayCount": 2}}, {"type": "Feature", "geometry": {"type": "Point", "coordinates": [-73.722733, 40.948651]}, "properties": {"intersectionId": "ix-8948", "connectedWayCount": 2}}, {"type": "Feature", "geometry": {"type": "Point", "coordinates": [-73.722641, 40.948783]}, "properties": {"intersectionId": "ix-8949", "connectedWayCount": 2}}, {"type": "Feature", "geometry": {"type": "Point", "coordinates": [-73.719838, 40.953134]}, "properties": {"intersectionId": "ix-8957", "connectedWayCount": 2}}, {"type": "Feature", "geometry": {"type": "Point", "coordinates": [-73.711635, 40.964748]}, "properties": {"intersectionId": "ix-8961", "connectedWayCount": 2}}, {"type": "Feature", "geometry": {"type": "Point", "coordinates": [-73.717454, 40.946398]}, "properties": {"intersectionId": "ix-8964", "connectedWayCount": 2}}, {"type": "Feature", "geometry": {"type": "Point", "coordinates": [-73.725421, 40.94944]}, "properties": {"intersectionId": "ix-8967", "connectedWayCount": 2}}, {"type": "Feature", "geometry": {"type": "Point", "coordinates": [-73.725342, 40.949282]}, "properties": {"intersectionId": "ix-8968", "connectedWayCount": 2}}, {"type": "Feature", "geometry": {"type": "Point", "coordinates": [-73.718322, 40.943214]}, "properties": {"intersectionId": "ix-8974", "connectedWayCount": 2}}, {"type": "Feature", "geometry": {"type": "Point", "coordinates": [-73.719107, 40.943631]}, "properties": {"intersectionId": "ix-8976", "connectedWayCount": 2}}, {"type": "Feature", "geometry": {"type": "Point", "coordinates": [-73.71735, 40.944174]}, "properties": {"intersectionId": "ix-8977", "connectedWayCount": 2}}, {"type": "Feature", "geometry": {"type": "Point", "coordinates": [-73.735273, 40.942028]}, "properties": {"intersectionId": "ix-9018", "connectedWayCount": 3}}, {"type": "Feature", "geometry": {"type": "Point", "coordinates": [-73.72941, 40.945061]}, "properties": {"intersectionId": "ix-9020", "connectedWayCount": 2}}, {"type": "Feature", "geometry": {"type": "Point", "coordinates": [-73.730554, 40.945142]}, "properties": {"intersectionId": "ix-9021", "connectedWayCount": 2}}, {"type": "Feature", "geometry": {"type": "Point", "coordinates": [-73.730714, 40.945158]}, "properties": {"intersectionId": "ix-9022", "connectedWayCount": 2}}, {"type": "Feature", "geometry": {"type": "Point", "coordinates": [-73.730851, 40.945166]}, "properties": {"intersectionId": "ix-9023", "connectedWayCount": 2}}, {"type": "Feature", "geometry": {"type": "Point", "coordinates": [-73.731048, 40.945263]}, "properties": {"intersectionId": "ix-9024", "connectedWayCount": 2}}, {"type": "Feature", "geometry": {"type": "Point", "coordinates": [-73.731463, 40.945037]}, "properties": {"intersectionId": "ix-9027", "connectedWayCount": 2}}, {"type": "Feature", "geometry": {"type": "Point", "coordinates": [-73.732011, 40.944659]}, "properties": {"intersectionId": "ix-9029", "connectedWayCount": 2}}, {"type": "Feature", "geometry": {"type": "Point", "coordinates": [-73.758854, 40.971542]}, "properties": {"intersectionId": "ix-9045", "connectedWayCount": 2}}, {"type": "Feature", "geometry": {"type": "Point", "coordinates": [-73.722642, 40.970816]}, "properties": {"intersectionId": "ix-9050", "connectedWayCount": 2}}, {"type": "Feature", "geometry": {"type": "Point", "coordinates": [-73.722604, 40.970497]}, "properties": {"intersectionId": "ix-9051", "connectedWayCount": 2}}, {"type": "Feature", "geometry": {"type": "Point", "coordinates": [-73.722418, 40.970825]}, "properties": {"intersectionId": "ix-9052", "connectedWayCount": 3}}, {"type": "Feature", "geometry": {"type": "Point", "coordinates": [-73.7228, 40.970496]}, "properties": {"intersectionId": "ix-9059", "connectedWayCount": 2}}, {"type": "Feature", "geometry": {"type": "Point", "coordinates": [-73.722828, 40.970802]}, "properties": {"intersectionId": "ix-9060", "connectedWayCount": 3}}, {"type": "Feature", "geometry": {"type": "Point", "coordinates": [-73.72227, 40.970973]}, "properties": {"intersectionId": "ix-9063", "connectedWayCount": 3}}, {"type": "Feature", "geometry": {"type": "Point", "coordinates": [-73.722257, 40.970832]}, "properties": {"intersectionId": "ix-9064", "connectedWayCount": 2}}, {"type": "Feature", "geometry": {"type": "Point", "coordinates": [-73.742832, 40.976567]}, "properties": {"intersectionId": "ix-9070", "connectedWayCount": 3}}, {"type": "Feature", "geometry": {"type": "Point", "coordinates": [-73.74193, 40.976334]}, "properties": {"intersectionId": "ix-9073", "connectedWayCount": 2}}, {"type": "Feature", "geometry": {"type": "Point", "coordinates": [-73.741688, 40.976359]}, "properties": {"intersectionId": "ix-9076", "connectedWayCount": 2}}, {"type": "Feature", "geometry": {"type": "Point", "coordinates": [-73.741471, 40.976492]}, "properties": {"intersectionId": "ix-9079", "connectedWayCount": 2}}, {"type": "Feature", "geometry": {"type": "Point", "coordinates": [-73.741294, 40.976776]}, "properties": {"intersectionId": "ix-9083", "connectedWayCount": 2}}, {"type": "Feature", "geometry": {"type": "Point", "coordinates": [-73.74128, 40.976879]}, "properties": {"intersectionId": "ix-9085", "connectedWayCount": 2}}, {"type": "Feature", "geometry": {"type": "Point", "coordinates": [-73.741282, 40.976942]}, "properties": {"intersectionId": "ix-9087", "connectedWayCount": 2}}, {"type": "Feature", "geometry": {"type": "Point", "coordinates": [-73.741454, 40.97748]}, "properties": {"intersectionId": "ix-9089", "connectedWayCount": 2}}, {"type": "Feature", "geometry": {"type": "Point", "coordinates": [-73.741515, 40.977605]}, "properties": {"intersectionId": "ix-9091", "connectedWayCount": 3}}, {"type": "Feature", "geometry": {"type": "Point", "coordinates": [-73.741792, 40.977785]}, "properties": {"intersectionId": "ix-9094", "connectedWayCount": 2}}, {"type": "Feature", "geometry": {"type": "Point", "coordinates": [-73.742065, 40.977839]}, "properties": {"intersectionId": "ix-9098", "connectedWayCount": 2}}, {"type": "Feature", "geometry": {"type": "Point", "coordinates": [-73.742303, 40.977835]}, "properties": {"intersectionId": "ix-9101", "connectedWayCount": 2}}, {"type": "Feature", "geometry": {"type": "Point", "coordinates": [-73.742976, 40.97844]}, "properties": {"intersectionId": "ix-9110", "connectedWayCount": 3}}, {"type": "Feature", "geometry": {"type": "Point", "coordinates": [-73.743041, 40.979106]}, "properties": {"intersectionId": "ix-9112", "connectedWayCount": 3}}, {"type": "Feature", "geometry": {"type": "Point", "coordinates": [-73.743359, 40.979167]}, "properties": {"intersectionId": "ix-9116", "connectedWayCount": 2}}, {"type": "Feature", "geometry": {"type": "Point", "coordinates": [-73.743329, 40.978997]}, "properties": {"intersectionId": "ix-9117", "connectedWayCount": 2}}, {"type": "Feature", "geometry": {"type": "Point", "coordinates": [-73.743067, 40.979226]}, "properties": {"intersectionId": "ix-9131", "connectedWayCount": 2}}, {"type": "Feature", "geometry": {"type": "Point", "coordinates": [-73.742396, 40.979388]}, "properties": {"intersectionId": "ix-9155", "connectedWayCount": 2}}, {"type": "Feature", "geometry": {"type": "Point", "coordinates": [-73.742381, 40.979298]}, "properties": {"intersectionId": "ix-9156", "connectedWayCount": 2}}, {"type": "Feature", "geometry": {"type": "Point", "coordinates": [-73.742302, 40.9788]}, "properties": {"intersectionId": "ix-9158", "connectedWayCount": 2}}, {"type": "Feature", "geometry": {"type": "Point", "coordinates": [-73.742516, 40.978749]}, "properties": {"intersectionId": "ix-9161", "connectedWayCount": 2}}, {"type": "Feature", "geometry": {"type": "Point", "coordinates": [-73.742728, 40.97873]}, "properties": {"intersectionId": "ix-9162", "connectedWayCount": 2}}, {"type": "Feature", "geometry": {"type": "Point", "coordinates": [-73.745564, 40.978169]}, "properties": {"intersectionId": "ix-9164", "connectedWayCount": 2}}, {"type": "Feature", "geometry": {"type": "Point", "coordinates": [-73.745761, 40.977215]}, "properties": {"intersectionId": "ix-9168", "connectedWayCount": 3}}, {"type": "Feature", "geometry": {"type": "Point", "coordinates": [-73.715579, 40.957074]}, "properties": {"intersectionId": "ix-9169", "connectedWayCount": 2}}, {"type": "Feature", "geometry": {"type": "Point", "coordinates": [-73.716058, 40.957541]}, "properties": {"intersectionId": "ix-9194", "connectedWayCount": 2}}, {"type": "Feature", "geometry": {"type": "Point", "coordinates": [-73.715986, 40.957424]}, "properties": {"intersectionId": "ix-9195", "connectedWayCount": 2}}, {"type": "Feature", "geometry": {"type": "Point", "coordinates": [-73.715235, 40.957449]}, "properties": {"intersectionId": "ix-9203", "connectedWayCount": 2}}, {"type": "Feature", "geometry": {"type": "Point", "coordinates": [-73.715072, 40.958034]}, "properties": {"intersectionId": "ix-9209", "connectedWayCount": 2}}, {"type": "Feature", "geometry": {"type": "Point", "coordinates": [-73.71504, 40.958167]}, "properties": {"intersectionId": "ix-9210", "connectedWayCount": 2}}, {"type": "Feature", "geometry": {"type": "Point", "coordinates": [-73.714955, 40.958287]}, "properties": {"intersectionId": "ix-9212", "connectedWayCount": 2}}, {"type": "Feature", "geometry": {"type": "Point", "coordinates": [-73.714731, 40.95848]}, "properties": {"intersectionId": "ix-9217", "connectedWayCount": 2}}, {"type": "Feature", "geometry": {"type": "Point", "coordinates": [-73.714695, 40.958613]}, "properties": {"intersectionId": "ix-9218", "connectedWayCount": 2}}, {"type": "Feature", "geometry": {"type": "Point", "coordinates": [-73.714775, 40.95924]}, "properties": {"intersectionId": "ix-9221", "connectedWayCount": 2}}, {"type": "Feature", "geometry": {"type": "Point", "coordinates": [-73.714901, 40.959257]}, "properties": {"intersectionId": "ix-9223", "connectedWayCount": 3}}, {"type": "Feature", "geometry": {"type": "Point", "coordinates": [-73.715047, 40.959213]}, "properties": {"intersectionId": "ix-9225", "connectedWayCount": 2}}, {"type": "Feature", "geometry": {"type": "Point", "coordinates": [-73.714869, 40.959579]}, "properties": {"intersectionId": "ix-9243", "connectedWayCount": 2}}, {"type": "Feature", "geometry": {"type": "Point", "coordinates": [-73.714777, 40.959633]}, "properties": {"intersectionId": "ix-9244", "connectedWayCount": 2}}, {"type": "Feature", "geometry": {"type": "Point", "coordinates": [-73.714429, 40.959825]}, "properties": {"intersectionId": "ix-9246", "connectedWayCount": 2}}, {"type": "Feature", "geometry": {"type": "Point", "coordinates": [-73.713601, 40.960205]}, "properties": {"intersectionId": "ix-9248", "connectedWayCount": 2}}, {"type": "Feature", "geometry": {"type": "Point", "coordinates": [-73.713121, 40.960465]}, "properties": {"intersectionId": "ix-9253", "connectedWayCount": 2}}, {"type": "Feature", "geometry": {"type": "Point", "coordinates": [-73.743885, 40.952845]}, "properties": {"intersectionId": "ix-9270", "connectedWayCount": 2}}, {"type": "Feature", "geometry": {"type": "Point", "coordinates": [-73.740908, 40.955838]}, "properties": {"intersectionId": "ix-9274", "connectedWayCount": 4}}, {"type": "Feature", "geometry": {"type": "Point", "coordinates": [-73.741018, 40.955775]}, "properties": {"intersectionId": "ix-9275", "connectedWayCount": 2}}, {"type": "Feature", "geometry": {"type": "Point", "coordinates": [-73.743893, 40.95307]}, "properties": {"intersectionId": "ix-9278", "connectedWayCount": 2}}, {"type": "Feature", "geometry": {"type": "Point", "coordinates": [-73.745171, 40.946957]}, "properties": {"intersectionId": "ix-9281", "connectedWayCount": 3}}, {"type": "Feature", "geometry": {"type": "Point", "coordinates": [-73.745465, 40.947146]}, "properties": {"intersectionId": "ix-9282", "connectedWayCount": 2}}, {"type": "Feature", "geometry": {"type": "Point", "coordinates": [-73.741622, 40.952144]}, "properties": {"intersectionId": "ix-9283", "connectedWayCount": 2}}, {"type": "Feature", "geometry": {"type": "Point", "coordinates": [-73.742624, 40.952313]}, "properties": {"intersectionId": "ix-9285", "connectedWayCount": 2}}, {"type": "Feature", "geometry": {"type": "Point", "coordinates": [-73.742951, 40.952033]}, "properties": {"intersectionId": "ix-9286", "connectedWayCount": 2}}, {"type": "Feature", "geometry": {"type": "Point", "coordinates": [-73.743094, 40.951911]}, "properties": {"intersectionId": "ix-9287", "connectedWayCount": 2}}, {"type": "Feature", "geometry": {"type": "Point", "coordinates": [-73.743558, 40.951515]}, "properties": {"intersectionId": "ix-9288", "connectedWayCount": 2}}, {"type": "Feature", "geometry": {"type": "Point", "coordinates": [-73.734263, 40.949205]}, "properties": {"intersectionId": "ix-9293", "connectedWayCount": 2}}, {"type": "Feature", "geometry": {"type": "Point", "coordinates": [-73.73441, 40.949427]}, "properties": {"intersectionId": "ix-9294", "connectedWayCount": 2}}, {"type": "Feature", "geometry": {"type": "Point", "coordinates": [-73.73451, 40.949591]}, "properties": {"intersectionId": "ix-9295", "connectedWayCount": 2}}, {"type": "Feature", "geometry": {"type": "Point", "coordinates": [-73.739105, 40.954285]}, "properties": {"intersectionId": "ix-9296", "connectedWayCount": 3}}, {"type": "Feature", "geometry": {"type": "Point", "coordinates": [-73.739291, 40.954277]}, "properties": {"intersectionId": "ix-9297", "connectedWayCount": 2}}, {"type": "Feature", "geometry": {"type": "Point", "coordinates": [-73.739349, 40.95428]}, "properties": {"intersectionId": "ix-9299", "connectedWayCount": 2}}, {"type": "Feature", "geometry": {"type": "Point", "coordinates": [-73.724083, 40.956647]}, "properties": {"intersectionId": "ix-9301", "connectedWayCount": 2}}, {"type": "Feature", "geometry": {"type": "Point", "coordinates": [-73.714377, 40.965995]}, "properties": {"intersectionId": "ix-9302", "connectedWayCount": 2}}, {"type": "Feature", "geometry": {"type": "Point", "coordinates": [-73.714184, 40.96576]}, "properties": {"intersectionId": "ix-9304", "connectedWayCount": 2}}, {"type": "Feature", "geometry": {"type": "Point", "coordinates": [-73.713644, 40.964922]}, "properties": {"intersectionId": "ix-9308", "connectedWayCount": 2}}, {"type": "Feature", "geometry": {"type": "Point", "coordinates": [-73.714719, 40.970242]}, "properties": {"intersectionId": "ix-9310", "connectedWayCount": 2}}, {"type": "Feature", "geometry": {"type": "Point", "coordinates": [-73.719455, 40.969923]}, "properties": {"intersectionId": "ix-9315", "connectedWayCount": 2}}, {"type": "Feature", "geometry": {"type": "Point", "coordinates": [-73.714408, 40.965969]}, "properties": {"intersectionId": "ix-9326", "connectedWayCount": 2}}, {"type": "Feature", "geometry": {"type": "Point", "coordinates": [-73.714542, 40.965857]}, "properties": {"intersectionId": "ix-9327", "connectedWayCount": 2}}, {"type": "Feature", "geometry": {"type": "Point", "coordinates": [-73.714737, 40.965697]}, "properties": {"intersectionId": "ix-9328", "connectedWayCount": 2}}, {"type": "Feature", "geometry": {"type": "Point", "coordinates": [-73.714314, 40.965643]}, "properties": {"intersectionId": "ix-9329", "connectedWayCount": 2}}, {"type": "Feature", "geometry": {"type": "Point", "coordinates": [-73.714271, 40.965687]}, "properties": {"intersectionId": "ix-9330", "connectedWayCount": 2}}, {"type": "Feature", "geometry": {"type": "Point", "coordinates": [-73.714218, 40.965732]}, "properties": {"intersectionId": "ix-9331", "connectedWayCount": 2}}, {"type": "Feature", "geometry": {"type": "Point", "coordinates": [-73.71321, 40.96921]}, "properties": {"intersectionId": "ix-9332", "connectedWayCount": 2}}, {"type": "Feature", "geometry": {"type": "Point", "coordinates": [-73.713092, 40.968956]}, "properties": {"intersectionId": "ix-9336", "connectedWayCount": 3}}, {"type": "Feature", "geometry": {"type": "Point", "coordinates": [-73.713821, 40.969061]}, "properties": {"intersectionId": "ix-9337", "connectedWayCount": 2}}, {"type": "Feature", "geometry": {"type": "Point", "coordinates": [-73.713365, 40.968635]}, "properties": {"intersectionId": "ix-9339", "connectedWayCount": 2}}, {"type": "Feature", "geometry": {"type": "Point", "coordinates": [-73.713591, 40.968508]}, "properties": {"intersectionId": "ix-9340", "connectedWayCount": 2}}, {"type": "Feature", "geometry": {"type": "Point", "coordinates": [-73.713988, 40.968897]}, "properties": {"intersectionId": "ix-9342", "connectedWayCount": 2}}, {"type": "Feature", "geometry": {"type": "Point", "coordinates": [-73.713403, 40.969162]}, "properties": {"intersectionId": "ix-9345", "connectedWayCount": 2}}, {"type": "Feature", "geometry": {"type": "Point", "coordinates": [-73.752018, 40.930013]}, "properties": {"intersectionId": "ix-9346", "connectedWayCount": 3}}, {"type": "Feature", "geometry": {"type": "Point", "coordinates": [-73.751889, 40.930198]}, "properties": {"intersectionId": "ix-9347", "connectedWayCount": 2}}, {"type": "Feature", "geometry": {"type": "Point", "coordinates": [-73.751898, 40.930541]}, "properties": {"intersectionId": "ix-9349", "connectedWayCount": 2}}, {"type": "Feature", "geometry": {"type": "Point", "coordinates": [-73.752241, 40.930347]}, "properties": {"intersectionId": "ix-9351", "connectedWayCount": 2}}, {"type": "Feature", "geometry": {"type": "Point", "coordinates": [-73.751414, 40.929762]}, "properties": {"intersectionId": "ix-9352", "connectedWayCount": 3}}, {"type": "Feature", "geometry": {"type": "Point", "coordinates": [-73.742301, 40.941974]}, "properties": {"intersectionId": "ix-9366", "connectedWayCount": 2}}, {"type": "Feature", "geometry": {"type": "Point", "coordinates": [-73.742476, 40.942051]}, "properties": {"intersectionId": "ix-9367", "connectedWayCount": 2}}, {"type": "Feature", "geometry": {"type": "Point", "coordinates": [-73.742684, 40.942099]}, "properties": {"intersectionId": "ix-9368", "connectedWayCount": 2}}, {"type": "Feature", "geometry": {"type": "Point", "coordinates": [-73.742773, 40.941997]}, "properties": {"intersectionId": "ix-9369", "connectedWayCount": 2}}, {"type": "Feature", "geometry": {"type": "Point", "coordinates": [-73.742962, 40.94178]}, "properties": {"intersectionId": "ix-9370", "connectedWayCount": 2}}, {"type": "Feature", "geometry": {"type": "Point", "coordinates": [-73.743166, 40.941253]}, "properties": {"intersectionId": "ix-9376", "connectedWayCount": 2}}, {"type": "Feature", "geometry": {"type": "Point", "coordinates": [-73.742784, 40.941694]}, "properties": {"intersectionId": "ix-9377", "connectedWayCount": 2}}, {"type": "Feature", "geometry": {"type": "Point", "coordinates": [-73.742747, 40.941089]}, "properties": {"intersectionId": "ix-9378", "connectedWayCount": 2}}, {"type": "Feature", "geometry": {"type": "Point", "coordinates": [-73.742609, 40.94161]}, "properties": {"intersectionId": "ix-9383", "connectedWayCount": 2}}, {"type": "Feature", "geometry": {"type": "Point", "coordinates": [-73.743384, 40.940289]}, "properties": {"intersectionId": "ix-9384", "connectedWayCount": 2}}, {"type": "Feature", "geometry": {"type": "Point", "coordinates": [-73.743361, 40.940399]}, "properties": {"intersectionId": "ix-9385", "connectedWayCount": 2}}, {"type": "Feature", "geometry": {"type": "Point", "coordinates": [-73.7529, 40.958158]}, "properties": {"intersectionId": "ix-9399", "connectedWayCount": 2}}, {"type": "Feature", "geometry": {"type": "Point", "coordinates": [-73.752732, 40.958268]}, "properties": {"intersectionId": "ix-9400", "connectedWayCount": 2}}, {"type": "Feature", "geometry": {"type": "Point", "coordinates": [-73.751853, 40.958847]}, "properties": {"intersectionId": "ix-9401", "connectedWayCount": 2}}, {"type": "Feature", "geometry": {"type": "Point", "coordinates": [-73.751713, 40.958939]}, "properties": {"intersectionId": "ix-9402", "connectedWayCount": 2}}, {"type": "Feature", "geometry": {"type": "Point", "coordinates": [-73.750735, 40.959531]}, "properties": {"intersectionId": "ix-9406", "connectedWayCount": 2}}, {"type": "Feature", "geometry": {"type": "Point", "coordinates": [-73.749497, 40.959421]}, "properties": {"intersectionId": "ix-9417", "connectedWayCount": 2}}, {"type": "Feature", "geometry": {"type": "Point", "coordinates": [-73.750554, 40.963802]}, "properties": {"intersectionId": "ix-9439", "connectedWayCount": 2}}, {"type": "Feature", "geometry": {"type": "Point", "coordinates": [-73.752109, 40.962828]}, "properties": {"intersectionId": "ix-9446", "connectedWayCount": 2}}, {"type": "Feature", "geometry": {"type": "Point", "coordinates": [-73.753412, 40.96253]}, "properties": {"intersectionId": "ix-9460", "connectedWayCount": 2}}, {"type": "Feature", "geometry": {"type": "Point", "coordinates": [-73.753699, 40.962592]}, "properties": {"intersectionId": "ix-9465", "connectedWayCount": 2}}, {"type": "Feature", "geometry": {"type": "Point", "coordinates": [-73.711768, 40.970682]}, "properties": {"intersectionId": "ix-9504", "connectedWayCount": 2}}, {"type": "Feature", "geometry": {"type": "Point", "coordinates": [-73.754342, 40.954834]}, "properties": {"intersectionId": "ix-9505", "connectedWayCount": 3}}, {"type": "Feature", "geometry": {"type": "Point", "coordinates": [-73.755057, 40.956237]}, "properties": {"intersectionId": "ix-9519", "connectedWayCount": 2}}, {"type": "Feature", "geometry": {"type": "Point", "coordinates": [-73.754949, 40.956299]}, "properties": {"intersectionId": "ix-9520", "connectedWayCount": 2}}, {"type": "Feature", "geometry": {"type": "Point", "coordinates": [-73.754585, 40.95649]}, "properties": {"intersectionId": "ix-9521", "connectedWayCount": 2}}, {"type": "Feature", "geometry": {"type": "Point", "coordinates": [-73.754349, 40.956743]}, "properties": {"intersectionId": "ix-9525", "connectedWayCount": 2}}, {"type": "Feature", "geometry": {"type": "Point", "coordinates": [-73.754223, 40.956984]}, "properties": {"intersectionId": "ix-9528", "connectedWayCount": 2}}, {"type": "Feature", "geometry": {"type": "Point", "coordinates": [-73.75404, 40.957216]}, "properties": {"intersectionId": "ix-9532", "connectedWayCount": 2}}, {"type": "Feature", "geometry": {"type": "Point", "coordinates": [-73.753564, 40.957462]}, "properties": {"intersectionId": "ix-9537", "connectedWayCount": 2}}, {"type": "Feature", "geometry": {"type": "Point", "coordinates": [-73.753252, 40.957579]}, "properties": {"intersectionId": "ix-9539", "connectedWayCount": 2}}, {"type": "Feature", "geometry": {"type": "Point", "coordinates": [-73.752927, 40.9578]}, "properties": {"intersectionId": "ix-9544", "connectedWayCount": 2}}, {"type": "Feature", "geometry": {"type": "Point", "coordinates": [-73.752578, 40.958035]}, "properties": {"intersectionId": "ix-9547", "connectedWayCount": 2}}, {"type": "Feature", "geometry": {"type": "Point", "coordinates": [-73.753205, 40.95793]}, "properties": {"intersectionId": "ix-9548", "connectedWayCount": 2}}, {"type": "Feature", "geometry": {"type": "Point", "coordinates": [-73.752882, 40.957934]}, "properties": {"intersectionId": "ix-9556", "connectedWayCount": 2}}, {"type": "Feature", "geometry": {"type": "Point", "coordinates": [-73.752882, 40.958101]}, "properties": {"intersectionId": "ix-9559", "connectedWayCount": 2}}, {"type": "Feature", "geometry": {"type": "Point", "coordinates": [-73.750171, 40.963728]}, "properties": {"intersectionId": "ix-9565", "connectedWayCount": 2}}, {"type": "Feature", "geometry": {"type": "Point", "coordinates": [-73.749742, 40.962874]}, "properties": {"intersectionId": "ix-9582", "connectedWayCount": 2}}, {"type": "Feature", "geometry": {"type": "Point", "coordinates": [-73.749202, 40.959788]}, "properties": {"intersectionId": "ix-9587", "connectedWayCount": 2}}, {"type": "Feature", "geometry": {"type": "Point", "coordinates": [-73.749556, 40.959894]}, "properties": {"intersectionId": "ix-9588", "connectedWayCount": 2}}, {"type": "Feature", "geometry": {"type": "Point", "coordinates": [-73.749619, 40.959914]}, "properties": {"intersectionId": "ix-9603", "connectedWayCount": 2}}, {"type": "Feature", "geometry": {"type": "Point", "coordinates": [-73.756203, 40.967163]}, "properties": {"intersectionId": "ix-9647", "connectedWayCount": 2}}, {"type": "Feature", "geometry": {"type": "Point", "coordinates": [-73.756191, 40.967181]}, "properties": {"intersectionId": "ix-9648", "connectedWayCount": 2}}, {"type": "Feature", "geometry": {"type": "Point", "coordinates": [-73.756078, 40.967415]}, "properties": {"intersectionId": "ix-9651", "connectedWayCount": 2}}, {"type": "Feature", "geometry": {"type": "Point", "coordinates": [-73.756103, 40.967373]}, "properties": {"intersectionId": "ix-9654", "connectedWayCount": 2}}, {"type": "Feature", "geometry": {"type": "Point", "coordinates": [-73.753528, 40.962789]}, "properties": {"intersectionId": "ix-9717", "connectedWayCount": 2}}, {"type": "Feature", "geometry": {"type": "Point", "coordinates": [-73.749288, 40.964352]}, "properties": {"intersectionId": "ix-9735", "connectedWayCount": 2}}, {"type": "Feature", "geometry": {"type": "Point", "coordinates": [-73.749762, 40.964427]}, "properties": {"intersectionId": "ix-9736", "connectedWayCount": 2}}, {"type": "Feature", "geometry": {"type": "Point", "coordinates": [-73.757153, 40.967223]}, "properties": {"intersectionId": "ix-9777", "connectedWayCount": 2}}, {"type": "Feature", "geometry": {"type": "Point", "coordinates": [-73.75713, 40.967282]}, "properties": {"intersectionId": "ix-9778", "connectedWayCount": 2}}, {"type": "Feature", "geometry": {"type": "Point", "coordinates": [-73.757028, 40.961387]}, "properties": {"intersectionId": "ix-9794", "connectedWayCount": 2}}, {"type": "Feature", "geometry": {"type": "Point", "coordinates": [-73.75569, 40.968644]}, "properties": {"intersectionId": "ix-9852", "connectedWayCount": 2}}, {"type": "Feature", "geometry": {"type": "Point", "coordinates": [-73.752907, 40.958329]}, "properties": {"intersectionId": "ix-9876", "connectedWayCount": 2}}, {"type": "Feature", "geometry": {"type": "Point", "coordinates": [-73.752745, 40.958397]}, "properties": {"intersectionId": "ix-9881", "connectedWayCount": 2}}, {"type": "Feature", "geometry": {"type": "Point", "coordinates": [-73.712782, 40.968885]}, "properties": {"intersectionId": "ix-9926", "connectedWayCount": 4}}, {"type": "Feature", "geometry": {"type": "Point", "coordinates": [-73.712763, 40.968785]}, "properties": {"intersectionId": "ix-9927", "connectedWayCount": 2}}, {"type": "Feature", "geometry": {"type": "Point", "coordinates": [-73.7127, 40.968462]}, "properties": {"intersectionId": "ix-9928", "connectedWayCount": 2}}, {"type": "Feature", "geometry": {"type": "Point", "coordinates": [-73.712692, 40.968424]}, "properties": {"intersectionId": "ix-9929", "connectedWayCount": 2}}, {"type": "Feature", "geometry": {"type": "Point", "coordinates": [-73.712668, 40.968304]}, "properties": {"intersectionId": "ix-9930", "connectedWayCount": 2}}, {"type": "Feature", "geometry": {"type": "Point", "coordinates": [-73.712612, 40.96805]}, "properties": {"intersectionId": "ix-9932", "connectedWayCount": 2}}, {"type": "Feature", "geometry": {"type": "Point", "coordinates": [-73.711676, 40.966561]}, "properties": {"intersectionId": "ix-9935", "connectedWayCount": 2}}, {"type": "Feature", "geometry": {"type": "Point", "coordinates": [-73.711297, 40.966424]}, "properties": {"intersectionId": "ix-9936", "connectedWayCount": 2}}, {"type": "Feature", "geometry": {"type": "Point", "coordinates": [-73.710638, 40.966191]}, "properties": {"intersectionId": "ix-9937", "connectedWayCount": 2}}, {"type": "Feature", "geometry": {"type": "Point", "coordinates": [-73.712408, 40.964025]}, "properties": {"intersectionId": "ix-9938", "connectedWayCount": 2}}, {"type": "Feature", "geometry": {"type": "Point", "coordinates": [-73.712803, 40.969001]}, "properties": {"intersectionId": "ix-9944", "connectedWayCount": 2}}, {"type": "Feature", "geometry": {"type": "Point", "coordinates": [-73.709018, 40.969609]}, "properties": {"intersectionId": "ix-9946", "connectedWayCount": 2}}, {"type": "Feature", "geometry": {"type": "Point", "coordinates": [-73.709592, 40.969497]}, "properties": {"intersectionId": "ix-9947", "connectedWayCount": 2}}, {"type": "Feature", "geometry": {"type": "Point", "coordinates": [-73.709963, 40.969424]}, "properties": {"intersectionId": "ix-9949", "connectedWayCount": 2}}, {"type": "Feature", "geometry": {"type": "Point", "coordinates": [-73.710761, 40.969272]}, "properties": {"intersectionId": "ix-9951", "connectedWayCount": 2}}, {"type": "Feature", "geometry": {"type": "Point", "coordinates": [-73.711278, 40.96918]}, "properties": {"intersectionId": "ix-9955", "connectedWayCount": 2}}, {"type": "Feature", "geometry": {"type": "Point", "coordinates": [-73.711378, 40.969158]}, "properties": {"intersectionId": "ix-9956", "connectedWayCount": 2}}, {"type": "Feature", "geometry": {"type": "Point", "coordinates": [-73.71144, 40.969145]}, "properties": {"intersectionId": "ix-9957", "connectedWayCount": 2}}, {"type": "Feature", "geometry": {"type": "Point", "coordinates": [-73.711852, 40.969057]}, "properties": {"intersectionId": "ix-9958", "connectedWayCount": 2}}, {"type": "Feature", "geometry": {"type": "Point", "coordinates": [-73.712693, 40.968895]}, "properties": {"intersectionId": "ix-9963", "connectedWayCount": 2}}, {"type": "Feature", "geometry": {"type": "Point", "coordinates": [-73.759591, 40.977564]}, "properties": {"intersectionId": "ix-9964", "connectedWayCount": 2}}, {"type": "Feature", "geometry": {"type": "Point", "coordinates": [-73.759799, 40.977694]}, "properties": {"intersectionId": "ix-9965", "connectedWayCount": 2}}, {"type": "Feature", "geometry": {"type": "Point", "coordinates": [-73.750732, 40.929705]}, "properties": {"intersectionId": "ix-9980", "connectedWayCount": 3}}, {"type": "Feature", "geometry": {"type": "Point", "coordinates": [-73.753196, 40.916961]}, "properties": {"intersectionId": "ix-9981", "connectedWayCount": 3}}, {"type": "Feature", "geometry": {"type": "Point", "coordinates": [-73.753155, 40.918776]}, "properties": {"intersectionId": "ix-9982", "connectedWayCount": 2}}, {"type": "Feature", "geometry": {"type": "Point", "coordinates": [-73.75314, 40.919576]}, "properties": {"intersectionId": "ix-9983", "connectedWayCount": 2}}, {"type": "Feature", "geometry": {"type": "Point", "coordinates": [-73.753879, 40.929229]}, "properties": {"intersectionId": "ix-9988", "connectedWayCount": 3}}, {"type": "Feature", "geometry": {"type": "Point", "coordinates": [-73.759224, 40.949448]}, "properties": {"intersectionId": "ix-9997", "connectedWayCount": 2}}, {"type": "Feature", "geometry": {"type": "Point", "coordinates": [-73.76157, 40.945]}, "properties": {"intersectionId": "ix-10009", "connectedWayCount": 2}}, {"type": "Feature", "geometry": {"type": "Point", "coordinates": [-73.741209, 40.951482]}, "properties": {"intersectionId": "ix-10012", "connectedWayCount": 3}}, {"type": "Feature", "geometry": {"type": "Point", "coordinates": [-73.741466, 40.95124]}, "properties": {"intersectionId": "ix-10013", "connectedWayCount": 2}}, {"type": "Feature", "geometry": {"type": "Point", "coordinates": [-73.738082, 40.949406]}, "properties": {"intersectionId": "ix-10014", "connectedWayCount": 2}}, {"type": "Feature", "geometry": {"type": "Point", "coordinates": [-73.747446, 40.942303]}, "properties": {"intersectionId": "ix-10019", "connectedWayCount": 2}}, {"type": "Feature", "geometry": {"type": "Point", "coordinates": [-73.74216, 40.947287]}, "properties": {"intersectionId": "ix-10022", "connectedWayCount": 2}}, {"type": "Feature", "geometry": {"type": "Point", "coordinates": [-73.74226, 40.947361]}, "properties": {"intersectionId": "ix-10023", "connectedWayCount": 2}}, {"type": "Feature", "geometry": {"type": "Point", "coordinates": [-73.754434, 40.935992]}, "properties": {"intersectionId": "ix-10026", "connectedWayCount": 2}}, {"type": "Feature", "geometry": {"type": "Point", "coordinates": [-73.753502, 40.936826]}, "properties": {"intersectionId": "ix-10027", "connectedWayCount": 2}}, {"type": "Feature", "geometry": {"type": "Point", "coordinates": [-73.753122, 40.937166]}, "properties": {"intersectionId": "ix-10028", "connectedWayCount": 2}}, {"type": "Feature", "geometry": {"type": "Point", "coordinates": [-73.752654, 40.937586]}, "properties": {"intersectionId": "ix-10029", "connectedWayCount": 2}}, {"type": "Feature", "geometry": {"type": "Point", "coordinates": [-73.752033, 40.938158]}, "properties": {"intersectionId": "ix-10031", "connectedWayCount": 2}}, {"type": "Feature", "geometry": {"type": "Point", "coordinates": [-73.751841, 40.938371]}, "properties": {"intersectionId": "ix-10033", "connectedWayCount": 2}}, {"type": "Feature", "geometry": {"type": "Point", "coordinates": [-73.752473, 40.938976]}, "properties": {"intersectionId": "ix-10035", "connectedWayCount": 2}}, {"type": "Feature", "geometry": {"type": "Point", "coordinates": [-73.752388, 40.938901]}, "properties": {"intersectionId": "ix-10036", "connectedWayCount": 2}}, {"type": "Feature", "geometry": {"type": "Point", "coordinates": [-73.751884, 40.938513]}, "properties": {"intersectionId": "ix-10040", "connectedWayCount": 2}}, {"type": "Feature", "geometry": {"type": "Point", "coordinates": [-73.758716, 40.943389]}, "properties": {"intersectionId": "ix-10050", "connectedWayCount": 2}}, {"type": "Feature", "geometry": {"type": "Point", "coordinates": [-73.756502, 40.941065]}, "properties": {"intersectionId": "ix-10064", "connectedWayCount": 2}}, {"type": "Feature", "geometry": {"type": "Point", "coordinates": [-73.755708, 40.940417]}, "properties": {"intersectionId": "ix-10068", "connectedWayCount": 2}}, {"type": "Feature", "geometry": {"type": "Point", "coordinates": [-73.730629, 40.964257]}, "properties": {"intersectionId": "ix-10069", "connectedWayCount": 3}}, {"type": "Feature", "geometry": {"type": "Point", "coordinates": [-73.703818, 40.95609]}, "properties": {"intersectionId": "ix-10097", "connectedWayCount": 2}}, {"type": "Feature", "geometry": {"type": "Point", "coordinates": [-73.703969, 40.956095]}, "properties": {"intersectionId": "ix-10098", "connectedWayCount": 2}}, {"type": "Feature", "geometry": {"type": "Point", "coordinates": [-73.703846, 40.955894]}, "properties": {"intersectionId": "ix-10134", "connectedWayCount": 3}}, {"type": "Feature", "geometry": {"type": "Point", "coordinates": [-73.732617, 40.947468]}, "properties": {"intersectionId": "ix-10135", "connectedWayCount": 2}}, {"type": "Feature", "geometry": {"type": "Point", "coordinates": [-73.73247, 40.947507]}, "properties": {"intersectionId": "ix-10136", "connectedWayCount": 2}}, {"type": "Feature", "geometry": {"type": "Point", "coordinates": [-73.730351, 40.945721]}, "properties": {"intersectionId": "ix-10138", "connectedWayCount": 2}}, {"type": "Feature", "geometry": {"type": "Point", "coordinates": [-73.732422, 40.947408]}, "properties": {"intersectionId": "ix-10157", "connectedWayCount": 2}}, {"type": "Feature", "geometry": {"type": "Point", "coordinates": [-73.732505, 40.947572]}, "properties": {"intersectionId": "ix-10158", "connectedWayCount": 2}}, {"type": "Feature", "geometry": {"type": "Point", "coordinates": [-73.732552, 40.947601]}, "properties": {"intersectionId": "ix-10160", "connectedWayCount": 2}}, {"type": "Feature", "geometry": {"type": "Point", "coordinates": [-73.732711, 40.948133]}, "properties": {"intersectionId": "ix-10165", "connectedWayCount": 2}}, {"type": "Feature", "geometry": {"type": "Point", "coordinates": [-73.732734, 40.948163]}, "properties": {"intersectionId": "ix-10166", "connectedWayCount": 2}}, {"type": "Feature", "geometry": {"type": "Point", "coordinates": [-73.73276, 40.948196]}, "properties": {"intersectionId": "ix-10167", "connectedWayCount": 2}}, {"type": "Feature", "geometry": {"type": "Point", "coordinates": [-73.732914, 40.948601]}, "properties": {"intersectionId": "ix-10171", "connectedWayCount": 2}}, {"type": "Feature", "geometry": {"type": "Point", "coordinates": [-73.732875, 40.948685]}, "properties": {"intersectionId": "ix-10174", "connectedWayCount": 2}}, {"type": "Feature", "geometry": {"type": "Point", "coordinates": [-73.730315, 40.944867]}, "properties": {"intersectionId": "ix-10176", "connectedWayCount": 2}}, {"type": "Feature", "geometry": {"type": "Point", "coordinates": [-73.730486, 40.94479]}, "properties": {"intersectionId": "ix-10177", "connectedWayCount": 2}}, {"type": "Feature", "geometry": {"type": "Point", "coordinates": [-73.730266, 40.944908]}, "properties": {"intersectionId": "ix-10178", "connectedWayCount": 2}}, {"type": "Feature", "geometry": {"type": "Point", "coordinates": [-73.73016, 40.944935]}, "properties": {"intersectionId": "ix-10179", "connectedWayCount": 2}}, {"type": "Feature", "geometry": {"type": "Point", "coordinates": [-73.730034, 40.945172]}, "properties": {"intersectionId": "ix-10180", "connectedWayCount": 2}}, {"type": "Feature", "geometry": {"type": "Point", "coordinates": [-73.730057, 40.945212]}, "properties": {"intersectionId": "ix-10181", "connectedWayCount": 2}}, {"type": "Feature", "geometry": {"type": "Point", "coordinates": [-73.732619, 40.947586]}, "properties": {"intersectionId": "ix-10193", "connectedWayCount": 2}}, {"type": "Feature", "geometry": {"type": "Point", "coordinates": [-73.732809, 40.947525]}, "properties": {"intersectionId": "ix-10194", "connectedWayCount": 3}}, {"type": "Feature", "geometry": {"type": "Point", "coordinates": [-73.732678, 40.947134]}, "properties": {"intersectionId": "ix-10199", "connectedWayCount": 2}}, {"type": "Feature", "geometry": {"type": "Point", "coordinates": [-73.732602, 40.947063]}, "properties": {"intersectionId": "ix-10200", "connectedWayCount": 2}}, {"type": "Feature", "geometry": {"type": "Point", "coordinates": [-73.732301, 40.946355]}, "properties": {"intersectionId": "ix-10208", "connectedWayCount": 2}}, {"type": "Feature", "geometry": {"type": "Point", "coordinates": [-73.730233, 40.945421]}, "properties": {"intersectionId": "ix-10225", "connectedWayCount": 2}}, {"type": "Feature", "geometry": {"type": "Point", "coordinates": [-73.730206, 40.944739]}, "properties": {"intersectionId": "ix-10232", "connectedWayCount": 2}}, {"type": "Feature", "geometry": {"type": "Point", "coordinates": [-73.729928, 40.944565]}, "properties": {"intersectionId": "ix-10238", "connectedWayCount": 2}}, {"type": "Feature", "geometry": {"type": "Point", "coordinates": [-73.729708, 40.945022]}, "properties": {"intersectionId": "ix-10249", "connectedWayCount": 2}}, {"type": "Feature", "geometry": {"type": "Point", "coordinates": [-73.737055, 40.942691]}, "properties": {"intersectionId": "ix-10262", "connectedWayCount": 2}}, {"type": "Feature", "geometry": {"type": "Point", "coordinates": [-73.737915, 40.942805]}, "properties": {"intersectionId": "ix-10264", "connectedWayCount": 2}}, {"type": "Feature", "geometry": {"type": "Point", "coordinates": [-73.738198, 40.943334]}, "properties": {"intersectionId": "ix-10266", "connectedWayCount": 2}}, {"type": "Feature", "geometry": {"type": "Point", "coordinates": [-73.7382, 40.94334]}, "properties": {"intersectionId": "ix-10267", "connectedWayCount": 2}}, {"type": "Feature", "geometry": {"type": "Point", "coordinates": [-73.738491, 40.944053]}, "properties": {"intersectionId": "ix-10269", "connectedWayCount": 2}}, {"type": "Feature", "geometry": {"type": "Point", "coordinates": [-73.733859, 40.947501]}, "properties": {"intersectionId": "ix-10281", "connectedWayCount": 2}}, {"type": "Feature", "geometry": {"type": "Point", "coordinates": [-73.733569, 40.947918]}, "properties": {"intersectionId": "ix-10282", "connectedWayCount": 2}}, {"type": "Feature", "geometry": {"type": "Point", "coordinates": [-73.733155, 40.948414]}, "properties": {"intersectionId": "ix-10285", "connectedWayCount": 2}}, {"type": "Feature", "geometry": {"type": "Point", "coordinates": [-73.738237, 40.944019]}, "properties": {"intersectionId": "ix-10288", "connectedWayCount": 3}}, {"type": "Feature", "geometry": {"type": "Point", "coordinates": [-73.738022, 40.943984]}, "properties": {"intersectionId": "ix-10292", "connectedWayCount": 3}}, {"type": "Feature", "geometry": {"type": "Point", "coordinates": [-73.737893, 40.94396]}, "properties": {"intersectionId": "ix-10296", "connectedWayCount": 2}}, {"type": "Feature", "geometry": {"type": "Point", "coordinates": [-73.7331, 40.943824]}, "properties": {"intersectionId": "ix-10317", "connectedWayCount": 2}}, {"type": "Feature", "geometry": {"type": "Point", "coordinates": [-73.731601, 40.945364]}, "properties": {"intersectionId": "ix-10325", "connectedWayCount": 2}}, {"type": "Feature", "geometry": {"type": "Point", "coordinates": [-73.731564, 40.945214]}, "properties": {"intersectionId": "ix-10340", "connectedWayCount": 2}}, {"type": "Feature", "geometry": {"type": "Point", "coordinates": [-73.731542, 40.945146]}, "properties": {"intersectionId": "ix-10349", "connectedWayCount": 2}}, {"type": "Feature", "geometry": {"type": "Point", "coordinates": [-73.732794, 40.948155]}, "properties": {"intersectionId": "ix-10354", "connectedWayCount": 2}}, {"type": "Feature", "geometry": {"type": "Point", "coordinates": [-73.732974, 40.948559]}, "properties": {"intersectionId": "ix-10356", "connectedWayCount": 2}}, {"type": "Feature", "geometry": {"type": "Point", "coordinates": [-73.73267, 40.948163]}, "properties": {"intersectionId": "ix-10361", "connectedWayCount": 2}}, {"type": "Feature", "geometry": {"type": "Point", "coordinates": [-73.732538, 40.948918]}, "properties": {"intersectionId": "ix-10363", "connectedWayCount": 2}}, {"type": "Feature", "geometry": {"type": "Point", "coordinates": [-73.734941, 40.954659]}, "properties": {"intersectionId": "ix-10364", "connectedWayCount": 2}}, {"type": "Feature", "geometry": {"type": "Point", "coordinates": [-73.736111, 40.953624]}, "properties": {"intersectionId": "ix-10367", "connectedWayCount": 2}}, {"type": "Feature", "geometry": {"type": "Point", "coordinates": [-73.736192, 40.953552]}, "properties": {"intersectionId": "ix-10368", "connectedWayCount": 3}}, {"type": "Feature", "geometry": {"type": "Point", "coordinates": [-73.734741, 40.954766]}, "properties": {"intersectionId": "ix-10369", "connectedWayCount": 2}}, {"type": "Feature", "geometry": {"type": "Point", "coordinates": [-73.734555, 40.952353]}, "properties": {"intersectionId": "ix-10370", "connectedWayCount": 2}}, {"type": "Feature", "geometry": {"type": "Point", "coordinates": [-73.731936, 40.951084]}, "properties": {"intersectionId": "ix-10374", "connectedWayCount": 2}}, {"type": "Feature", "geometry": {"type": "Point", "coordinates": [-73.735974, 40.954741]}, "properties": {"intersectionId": "ix-10378", "connectedWayCount": 2}}, {"type": "Feature", "geometry": {"type": "Point", "coordinates": [-73.735724, 40.954883]}, "properties": {"intersectionId": "ix-10380", "connectedWayCount": 2}}, {"type": "Feature", "geometry": {"type": "Point", "coordinates": [-73.735431, 40.955159]}, "properties": {"intersectionId": "ix-10383", "connectedWayCount": 2}}, {"type": "Feature", "geometry": {"type": "Point", "coordinates": [-73.735394, 40.955244]}, "properties": {"intersectionId": "ix-10384", "connectedWayCount": 4}}, {"type": "Feature", "geometry": {"type": "Point", "coordinates": [-73.736552, 40.955762]}, "properties": {"intersectionId": "ix-10386", "connectedWayCount": 2}}, {"type": "Feature", "geometry": {"type": "Point", "coordinates": [-73.73504, 40.956013]}, "properties": {"intersectionId": "ix-10387", "connectedWayCount": 2}}, {"type": "Feature", "geometry": {"type": "Point", "coordinates": [-73.733607, 40.957275]}, "properties": {"intersectionId": "ix-10388", "connectedWayCount": 2}}, {"type": "Feature", "geometry": {"type": "Point", "coordinates": [-73.735103, 40.958264]}, "properties": {"intersectionId": "ix-10393", "connectedWayCount": 2}}, {"type": "Feature", "geometry": {"type": "Point", "coordinates": [-73.730118, 40.964398]}, "properties": {"intersectionId": "ix-10411", "connectedWayCount": 2}}, {"type": "Feature", "geometry": {"type": "Point", "coordinates": [-73.704311, 40.97473]}, "properties": {"intersectionId": "ix-10510", "connectedWayCount": 2}}, {"type": "Feature", "geometry": {"type": "Point", "coordinates": [-73.736862, 40.969088]}, "properties": {"intersectionId": "ix-10511", "connectedWayCount": 2}}, {"type": "Feature", "geometry": {"type": "Point", "coordinates": [-73.737312, 40.969651]}, "properties": {"intersectionId": "ix-10514", "connectedWayCount": 2}}, {"type": "Feature", "geometry": {"type": "Point", "coordinates": [-73.737668, 40.970078]}, "properties": {"intersectionId": "ix-10515", "connectedWayCount": 2}}, {"type": "Feature", "geometry": {"type": "Point", "coordinates": [-73.737751, 40.970283]}, "properties": {"intersectionId": "ix-10517", "connectedWayCount": 2}}, {"type": "Feature", "geometry": {"type": "Point", "coordinates": [-73.737559, 40.970893]}, "properties": {"intersectionId": "ix-10521", "connectedWayCount": 2}}, {"type": "Feature", "geometry": {"type": "Point", "coordinates": [-73.736823, 40.968995]}, "properties": {"intersectionId": "ix-10527", "connectedWayCount": 2}}, {"type": "Feature", "geometry": {"type": "Point", "coordinates": [-73.738146, 40.953466]}, "properties": {"intersectionId": "ix-10528", "connectedWayCount": 2}}, {"type": "Feature", "geometry": {"type": "Point", "coordinates": [-73.738167, 40.953481]}, "properties": {"intersectionId": "ix-10529", "connectedWayCount": 3}}, {"type": "Feature", "geometry": {"type": "Point", "coordinates": [-73.738036, 40.953376]}, "properties": {"intersectionId": "ix-10530", "connectedWayCount": 2}}, {"type": "Feature", "geometry": {"type": "Point", "coordinates": [-73.736984, 40.954025]}, "properties": {"intersectionId": "ix-10532", "connectedWayCount": 3}}, {"type": "Feature", "geometry": {"type": "Point", "coordinates": [-73.736958, 40.954056]}, "properties": {"intersectionId": "ix-10533", "connectedWayCount": 2}}, {"type": "Feature", "geometry": {"type": "Point", "coordinates": [-73.736842, 40.954192]}, "properties": {"intersectionId": "ix-10534", "connectedWayCount": 2}}, {"type": "Feature", "geometry": {"type": "Point", "coordinates": [-73.736661, 40.954317]}, "properties": {"intersectionId": "ix-10535", "connectedWayCount": 2}}, {"type": "Feature", "geometry": {"type": "Point", "coordinates": [-73.737681, 40.953272]}, "properties": {"intersectionId": "ix-10536", "connectedWayCount": 4}}, {"type": "Feature", "geometry": {"type": "Point", "coordinates": [-73.737451, 40.953282]}, "properties": {"intersectionId": "ix-10539", "connectedWayCount": 3}}, {"type": "Feature", "geometry": {"type": "Point", "coordinates": [-73.737584, 40.953162]}, "properties": {"intersectionId": "ix-10541", "connectedWayCount": 2}}, {"type": "Feature", "geometry": {"type": "Point", "coordinates": [-73.736835, 40.953693]}, "properties": {"intersectionId": "ix-10545", "connectedWayCount": 3}}, {"type": "Feature", "geometry": {"type": "Point", "coordinates": [-73.736633, 40.953873]}, "properties": {"intersectionId": "ix-10546", "connectedWayCount": 2}}, {"type": "Feature", "geometry": {"type": "Point", "coordinates": [-73.736558, 40.95394]}, "properties": {"intersectionId": "ix-10547", "connectedWayCount": 2}}, {"type": "Feature", "geometry": {"type": "Point", "coordinates": [-73.736392, 40.954088]}, "properties": {"intersectionId": "ix-10549", "connectedWayCount": 2}}, {"type": "Feature", "geometry": {"type": "Point", "coordinates": [-73.735978, 40.954396]}, "properties": {"intersectionId": "ix-10552", "connectedWayCount": 2}}, {"type": "Feature", "geometry": {"type": "Point", "coordinates": [-73.735768, 40.954534]}, "properties": {"intersectionId": "ix-10553", "connectedWayCount": 2}}, {"type": "Feature", "geometry": {"type": "Point", "coordinates": [-73.737208, 40.953306]}, "properties": {"intersectionId": "ix-10555", "connectedWayCount": 2}}, {"type": "Feature", "geometry": {"type": "Point", "coordinates": [-73.736127, 40.953779]}, "properties": {"intersectionId": "ix-10556", "connectedWayCount": 2}}, {"type": "Feature", "geometry": {"type": "Point", "coordinates": [-73.736362, 40.953943]}, "properties": {"intersectionId": "ix-10557", "connectedWayCount": 3}}, {"type": "Feature", "geometry": {"type": "Point", "coordinates": [-73.736718, 40.954189]}, "properties": {"intersectionId": "ix-10558", "connectedWayCount": 2}}, {"type": "Feature", "geometry": {"type": "Point", "coordinates": [-73.736167, 40.953742]}, "properties": {"intersectionId": "ix-10559", "connectedWayCount": 3}}, {"type": "Feature", "geometry": {"type": "Point", "coordinates": [-73.736416, 40.953902]}, "properties": {"intersectionId": "ix-10560", "connectedWayCount": 2}}, {"type": "Feature", "geometry": {"type": "Point", "coordinates": [-73.736281, 40.954016]}, "properties": {"intersectionId": "ix-10561", "connectedWayCount": 2}}, {"type": "Feature", "geometry": {"type": "Point", "coordinates": [-73.736784, 40.954155]}, "properties": {"intersectionId": "ix-10562", "connectedWayCount": 2}}, {"type": "Feature", "geometry": {"type": "Point", "coordinates": [-73.736814, 40.954174]}, "properties": {"intersectionId": "ix-10563", "connectedWayCount": 2}}, {"type": "Feature", "geometry": {"type": "Point", "coordinates": [-73.736469, 40.953913]}, "properties": {"intersectionId": "ix-10564", "connectedWayCount": 2}}, {"type": "Feature", "geometry": {"type": "Point", "coordinates": [-73.736395, 40.953887]}, "properties": {"intersectionId": "ix-10566", "connectedWayCount": 3}}, {"type": "Feature", "geometry": {"type": "Point", "coordinates": [-73.736181, 40.95369]}, "properties": {"intersectionId": "ix-10568", "connectedWayCount": 3}}, {"type": "Feature", "geometry": {"type": "Point", "coordinates": [-73.736045, 40.953564]}, "properties": {"intersectionId": "ix-10569", "connectedWayCount": 2}}, {"type": "Feature", "geometry": {"type": "Point", "coordinates": [-73.73729, 40.954242]}, "properties": {"intersectionId": "ix-10570", "connectedWayCount": 3}}, {"type": "Feature", "geometry": {"type": "Point", "coordinates": [-73.737507, 40.954237]}, "properties": {"intersectionId": "ix-10571", "connectedWayCount": 3}}, {"type": "Feature", "geometry": {"type": "Point", "coordinates": [-73.737915, 40.953435]}, "properties": {"intersectionId": "ix-10572", "connectedWayCount": 3}}, {"type": "Feature", "geometry": {"type": "Point", "coordinates": [-73.737218, 40.954186]}, "properties": {"intersectionId": "ix-10579", "connectedWayCount": 3}}, {"type": "Feature", "geometry": {"type": "Point", "coordinates": [-73.737158, 40.954278]}, "properties": {"intersectionId": "ix-10581", "connectedWayCount": 2}}, {"type": "Feature", "geometry": {"type": "Point", "coordinates": [-73.736876, 40.954541]}, "properties": {"intersectionId": "ix-10584", "connectedWayCount": 2}}, {"type": "Feature", "geometry": {"type": "Point", "coordinates": [-73.73682, 40.954815]}, "properties": {"intersectionId": "ix-10586", "connectedWayCount": 3}}, {"type": "Feature", "geometry": {"type": "Point", "coordinates": [-73.736879, 40.954947]}, "properties": {"intersectionId": "ix-10587", "connectedWayCount": 2}}, {"type": "Feature", "geometry": {"type": "Point", "coordinates": [-73.737382, 40.95512]}, "properties": {"intersectionId": "ix-10592", "connectedWayCount": 2}}, {"type": "Feature", "geometry": {"type": "Point", "coordinates": [-73.737657, 40.955006]}, "properties": {"intersectionId": "ix-10594", "connectedWayCount": 2}}, {"type": "Feature", "geometry": {"type": "Point", "coordinates": [-73.737778, 40.954759]}, "properties": {"intersectionId": "ix-10596", "connectedWayCount": 2}}, {"type": "Feature", "geometry": {"type": "Point", "coordinates": [-73.737672, 40.954289]}, "properties": {"intersectionId": "ix-10601", "connectedWayCount": 2}}, {"type": "Feature", "geometry": {"type": "Point", "coordinates": [-73.73772, 40.954211]}, "properties": {"intersectionId": "ix-10602", "connectedWayCount": 2}}, {"type": "Feature", "geometry": {"type": "Point", "coordinates": [-73.738133, 40.953607]}, "properties": {"intersectionId": "ix-10607", "connectedWayCount": 3}}, {"type": "Feature", "geometry": {"type": "Point", "coordinates": [-73.738064, 40.95356]}, "properties": {"intersectionId": "ix-10608", "connectedWayCount": 2}}, {"type": "Feature", "geometry": {"type": "Point", "coordinates": [-73.737955, 40.953478]}, "properties": {"intersectionId": "ix-10609", "connectedWayCount": 2}}, {"type": "Feature", "geometry": {"type": "Point", "coordinates": [-73.737486, 40.955332]}, "properties": {"intersectionId": "ix-10610", "connectedWayCount": 2}}, {"type": "Feature", "geometry": {"type": "Point", "coordinates": [-73.737618, 40.955408]}, "properties": {"intersectionId": "ix-10611", "connectedWayCount": 2}}, {"type": "Feature", "geometry": {"type": "Point", "coordinates": [-73.736549, 40.954713]}, "properties": {"intersectionId": "ix-10614", "connectedWayCount": 2}}, {"type": "Feature", "geometry": {"type": "Point", "coordinates": [-73.736078, 40.954772]}, "properties": {"intersectionId": "ix-10616", "connectedWayCount": 2}}, {"type": "Feature", "geometry": {"type": "Point", "coordinates": [-73.712866, 40.96888]}, "properties": {"intersectionId": "ix-10617", "connectedWayCount": 2}}, {"type": "Feature", "geometry": {"type": "Point", "coordinates": [-73.713011, 40.968851]}, "properties": {"intersectionId": "ix-10619", "connectedWayCount": 3}}, {"type": "Feature", "geometry": {"type": "Point", "coordinates": [-73.72303, 40.962214]}, "properties": {"intersectionId": "ix-10621", "connectedWayCount": 2}}, {"type": "Feature", "geometry": {"type": "Point", "coordinates": [-73.755481, 40.94037]}, "properties": {"intersectionId": "ix-10623", "connectedWayCount": 2}}, {"type": "Feature", "geometry": {"type": "Point", "coordinates": [-73.754594, 40.940477]}, "properties": {"intersectionId": "ix-10626", "connectedWayCount": 2}}, {"type": "Feature", "geometry": {"type": "Point", "coordinates": [-73.754169, 40.940427]}, "properties": {"intersectionId": "ix-10628", "connectedWayCount": 2}}, {"type": "Feature", "geometry": {"type": "Point", "coordinates": [-73.70778, 40.944904]}, "properties": {"intersectionId": "ix-10665", "connectedWayCount": 2}}, {"type": "Feature", "geometry": {"type": "Point", "coordinates": [-73.707616, 40.944911]}, "properties": {"intersectionId": "ix-10668", "connectedWayCount": 2}}, {"type": "Feature", "geometry": {"type": "Point", "coordinates": [-73.707301, 40.946055]}, "properties": {"intersectionId": "ix-10690", "connectedWayCount": 2}}, {"type": "Feature", "geometry": {"type": "Point", "coordinates": [-73.707336, 40.945978]}, "properties": {"intersectionId": "ix-10699", "connectedWayCount": 2}}, {"type": "Feature", "geometry": {"type": "Point", "coordinates": [-73.70723, 40.945945]}, "properties": {"intersectionId": "ix-10705", "connectedWayCount": 2}}, {"type": "Feature", "geometry": {"type": "Point", "coordinates": [-73.707466, 40.945936]}, "properties": {"intersectionId": "ix-10712", "connectedWayCount": 2}}, {"type": "Feature", "geometry": {"type": "Point", "coordinates": [-73.707407, 40.945955]}, "properties": {"intersectionId": "ix-10713", "connectedWayCount": 2}}, {"type": "Feature", "geometry": {"type": "Point", "coordinates": [-73.707404, 40.945811]}, "properties": {"intersectionId": "ix-10715", "connectedWayCount": 2}}, {"type": "Feature", "geometry": {"type": "Point", "coordinates": [-73.707338, 40.945831]}, "properties": {"intersectionId": "ix-10717", "connectedWayCount": 2}}, {"type": "Feature", "geometry": {"type": "Point", "coordinates": [-73.708906, 40.946217]}, "properties": {"intersectionId": "ix-10733", "connectedWayCount": 2}}, {"type": "Feature", "geometry": {"type": "Point", "coordinates": [-73.709056, 40.946292]}, "properties": {"intersectionId": "ix-10736", "connectedWayCount": 2}}, {"type": "Feature", "geometry": {"type": "Point", "coordinates": [-73.742771, 40.943751]}, "properties": {"intersectionId": "ix-10741", "connectedWayCount": 2}}, {"type": "Feature", "geometry": {"type": "Point", "coordinates": [-73.742319, 40.943987]}, "properties": {"intersectionId": "ix-10744", "connectedWayCount": 2}}, {"type": "Feature", "geometry": {"type": "Point", "coordinates": [-73.74359, 40.944198]}, "properties": {"intersectionId": "ix-10749", "connectedWayCount": 2}}, {"type": "Feature", "geometry": {"type": "Point", "coordinates": [-73.743447, 40.944079]}, "properties": {"intersectionId": "ix-10759", "connectedWayCount": 2}}, {"type": "Feature", "geometry": {"type": "Point", "coordinates": [-73.745053, 40.942979]}, "properties": {"intersectionId": "ix-10762", "connectedWayCount": 2}}, {"type": "Feature", "geometry": {"type": "Point", "coordinates": [-73.741141, 40.942984]}, "properties": {"intersectionId": "ix-10763", "connectedWayCount": 2}}, {"type": "Feature", "geometry": {"type": "Point", "coordinates": [-73.740289, 40.942988]}, "properties": {"intersectionId": "ix-10771", "connectedWayCount": 2}}, {"type": "Feature", "geometry": {"type": "Point", "coordinates": [-73.741071, 40.942965]}, "properties": {"intersectionId": "ix-10772", "connectedWayCount": 2}}, {"type": "Feature", "geometry": {"type": "Point", "coordinates": [-73.74102, 40.942951]}, "properties": {"intersectionId": "ix-10782", "connectedWayCount": 2}}, {"type": "Feature", "geometry": {"type": "Point", "coordinates": [-73.741099, 40.94265]}, "properties": {"intersectionId": "ix-10783", "connectedWayCount": 2}}, {"type": "Feature", "geometry": {"type": "Point", "coordinates": [-73.740802, 40.942723]}, "properties": {"intersectionId": "ix-10787", "connectedWayCount": 2}}, {"type": "Feature", "geometry": {"type": "Point", "coordinates": [-73.741946, 40.943199]}, "properties": {"intersectionId": "ix-10792", "connectedWayCount": 2}}, {"type": "Feature", "geometry": {"type": "Point", "coordinates": [-73.741999, 40.943012]}, "properties": {"intersectionId": "ix-10793", "connectedWayCount": 2}}, {"type": "Feature", "geometry": {"type": "Point", "coordinates": [-73.742427, 40.943474]}, "properties": {"intersectionId": "ix-10800", "connectedWayCount": 2}}, {"type": "Feature", "geometry": {"type": "Point", "coordinates": [-73.742413, 40.943345]}, "properties": {"intersectionId": "ix-10804", "connectedWayCount": 2}}, {"type": "Feature", "geometry": {"type": "Point", "coordinates": [-73.743244, 40.944625]}, "properties": {"intersectionId": "ix-10816", "connectedWayCount": 2}}, {"type": "Feature", "geometry": {"type": "Point", "coordinates": [-73.743134, 40.945042]}, "properties": {"intersectionId": "ix-10818", "connectedWayCount": 2}}, {"type": "Feature", "geometry": {"type": "Point", "coordinates": [-73.742807, 40.944784]}, "properties": {"intersectionId": "ix-10819", "connectedWayCount": 2}}, {"type": "Feature", "geometry": {"type": "Point", "coordinates": [-73.743257, 40.944965]}, "properties": {"intersectionId": "ix-10822", "connectedWayCount": 2}}, {"type": "Feature", "geometry": {"type": "Point", "coordinates": [-73.743002, 40.944745]}, "properties": {"intersectionId": "ix-10823", "connectedWayCount": 2}}, {"type": "Feature", "geometry": {"type": "Point", "coordinates": [-73.743397, 40.944375]}, "properties": {"intersectionId": "ix-10824", "connectedWayCount": 2}}, {"type": "Feature", "geometry": {"type": "Point", "coordinates": [-73.743459, 40.94401]}, "properties": {"intersectionId": "ix-10827", "connectedWayCount": 2}}, {"type": "Feature", "geometry": {"type": "Point", "coordinates": [-73.745274, 40.945042]}, "properties": {"intersectionId": "ix-10835", "connectedWayCount": 2}}, {"type": "Feature", "geometry": {"type": "Point", "coordinates": [-73.745259, 40.945541]}, "properties": {"intersectionId": "ix-10837", "connectedWayCount": 2}}, {"type": "Feature", "geometry": {"type": "Point", "coordinates": [-73.744958, 40.944304]}, "properties": {"intersectionId": "ix-10838", "connectedWayCount": 2}}, {"type": "Feature", "geometry": {"type": "Point", "coordinates": [-73.745009, 40.944781]}, "properties": {"intersectionId": "ix-10843", "connectedWayCount": 2}}, {"type": "Feature", "geometry": {"type": "Point", "coordinates": [-73.745046, 40.945043]}, "properties": {"intersectionId": "ix-10844", "connectedWayCount": 2}}, {"type": "Feature", "geometry": {"type": "Point", "coordinates": [-73.726936, 40.952406]}, "properties": {"intersectionId": "ix-10854", "connectedWayCount": 2}}, {"type": "Feature", "geometry": {"type": "Point", "coordinates": [-73.734444, 40.954893]}, "properties": {"intersectionId": "ix-10857", "connectedWayCount": 3}}, {"type": "Feature", "geometry": {"type": "Point", "coordinates": [-73.737837, 40.953393]}, "properties": {"intersectionId": "ix-10859", "connectedWayCount": 3}}, {"type": "Feature", "geometry": {"type": "Point", "coordinates": [-73.737878, 40.953391]}, "properties": {"intersectionId": "ix-10860", "connectedWayCount": 2}}, {"type": "Feature", "geometry": {"type": "Point", "coordinates": [-73.737603, 40.953144]}, "properties": {"intersectionId": "ix-10862", "connectedWayCount": 2}}, {"type": "Feature", "geometry": {"type": "Point", "coordinates": [-73.737089, 40.954081]}, "properties": {"intersectionId": "ix-10863", "connectedWayCount": 3}}, {"type": "Feature", "geometry": {"type": "Point", "coordinates": [-73.736929, 40.951665]}, "properties": {"intersectionId": "ix-10867", "connectedWayCount": 2}}, {"type": "Feature", "geometry": {"type": "Point", "coordinates": [-73.734605, 40.954824]}, "properties": {"intersectionId": "ix-10869", "connectedWayCount": 2}}, {"type": "Feature", "geometry": {"type": "Point", "coordinates": [-73.731396, 40.949588]}, "properties": {"intersectionId": "ix-10870", "connectedWayCount": 2}}, {"type": "Feature", "geometry": {"type": "Point", "coordinates": [-73.730303, 40.950286]}, "properties": {"intersectionId": "ix-10871", "connectedWayCount": 2}}, {"type": "Feature", "geometry": {"type": "Point", "coordinates": [-73.730159, 40.950377]}, "properties": {"intersectionId": "ix-10872", "connectedWayCount": 2}}, {"type": "Feature", "geometry": {"type": "Point", "coordinates": [-73.729438, 40.950836]}, "properties": {"intersectionId": "ix-10873", "connectedWayCount": 2}}, {"type": "Feature", "geometry": {"type": "Point", "coordinates": [-73.729263, 40.950948]}, "properties": {"intersectionId": "ix-10874", "connectedWayCount": 2}}, {"type": "Feature", "geometry": {"type": "Point", "coordinates": [-73.728995, 40.95112]}, "properties": {"intersectionId": "ix-10875", "connectedWayCount": 2}}, {"type": "Feature", "geometry": {"type": "Point", "coordinates": [-73.728922, 40.951166]}, "properties": {"intersectionId": "ix-10876", "connectedWayCount": 2}}, {"type": "Feature", "geometry": {"type": "Point", "coordinates": [-73.728669, 40.951329]}, "properties": {"intersectionId": "ix-10877", "connectedWayCount": 2}}, {"type": "Feature", "geometry": {"type": "Point", "coordinates": [-73.728492, 40.951442]}, "properties": {"intersectionId": "ix-10878", "connectedWayCount": 2}}, {"type": "Feature", "geometry": {"type": "Point", "coordinates": [-73.728419, 40.951489]}, "properties": {"intersectionId": "ix-10879", "connectedWayCount": 2}}, {"type": "Feature", "geometry": {"type": "Point", "coordinates": [-73.728188, 40.951641]}, "properties": {"intersectionId": "ix-10880", "connectedWayCount": 2}}, {"type": "Feature", "geometry": {"type": "Point", "coordinates": [-73.726138, 40.952703]}, "properties": {"intersectionId": "ix-10884", "connectedWayCount": 2}}, {"type": "Feature", "geometry": {"type": "Point", "coordinates": [-73.72603, 40.952745]}, "properties": {"intersectionId": "ix-10885", "connectedWayCount": 2}}, {"type": "Feature", "geometry": {"type": "Point", "coordinates": [-73.725898, 40.952798]}, "properties": {"intersectionId": "ix-10887", "connectedWayCount": 2}}, {"type": "Feature", "geometry": {"type": "Point", "coordinates": [-73.725655, 40.952909]}, "properties": {"intersectionId": "ix-10888", "connectedWayCount": 2}}, {"type": "Feature", "geometry": {"type": "Point", "coordinates": [-73.725428, 40.953026]}, "properties": {"intersectionId": "ix-10889", "connectedWayCount": 2}}, {"type": "Feature", "geometry": {"type": "Point", "coordinates": [-73.724946, 40.953306]}, "properties": {"intersectionId": "ix-10890", "connectedWayCount": 2}}, {"type": "Feature", "geometry": {"type": "Point", "coordinates": [-73.724776, 40.953409]}, "properties": {"intersectionId": "ix-10891", "connectedWayCount": 2}}, {"type": "Feature", "geometry": {"type": "Point", "coordinates": [-73.738614, 40.955655]}, "properties": {"intersectionId": "ix-10893", "connectedWayCount": 2}}, {"type": "Feature", "geometry": {"type": "Point", "coordinates": [-73.738746, 40.955306]}, "properties": {"intersectionId": "ix-10894", "connectedWayCount": 3}}, {"type": "Feature", "geometry": {"type": "Point", "coordinates": [-73.733497, 40.951262]}, "properties": {"intersectionId": "ix-10903", "connectedWayCount": 2}}, {"type": "Feature", "geometry": {"type": "Point", "coordinates": [-73.733233, 40.9512]}, "properties": {"intersectionId": "ix-10906", "connectedWayCount": 2}}, {"type": "Feature", "geometry": {"type": "Point", "coordinates": [-73.732648, 40.950753]}, "properties": {"intersectionId": "ix-10910", "connectedWayCount": 2}}, {"type": "Feature", "geometry": {"type": "Point", "coordinates": [-73.737559, 40.955672]}, "properties": {"intersectionId": "ix-10913", "connectedWayCount": 2}}, {"type": "Feature", "geometry": {"type": "Point", "coordinates": [-73.742144, 40.957369]}, "properties": {"intersectionId": "ix-10917", "connectedWayCount": 2}}, {"type": "Feature", "geometry": {"type": "Point", "coordinates": [-73.74187, 40.957164]}, "properties": {"intersectionId": "ix-10919", "connectedWayCount": 2}}, {"type": "Feature", "geometry": {"type": "Point", "coordinates": [-73.741235, 40.956944]}, "properties": {"intersectionId": "ix-10920", "connectedWayCount": 2}}, {"type": "Feature", "geometry": {"type": "Point", "coordinates": [-73.741408, 40.956911]}, "properties": {"intersectionId": "ix-10921", "connectedWayCount": 2}}, {"type": "Feature", "geometry": {"type": "Point", "coordinates": [-73.741404, 40.956819]}, "properties": {"intersectionId": "ix-10922", "connectedWayCount": 2}}, {"type": "Feature", "geometry": {"type": "Point", "coordinates": [-73.741432, 40.956835]}, "properties": {"intersectionId": "ix-10923", "connectedWayCount": 2}}, {"type": "Feature", "geometry": {"type": "Point", "coordinates": [-73.754569, 40.945308]}, "properties": {"intersectionId": "ix-10925", "connectedWayCount": 2}}, {"type": "Feature", "geometry": {"type": "Point", "coordinates": [-73.757149, 40.945759]}, "properties": {"intersectionId": "ix-10926", "connectedWayCount": 2}}, {"type": "Feature", "geometry": {"type": "Point", "coordinates": [-73.757174, 40.945792]}, "properties": {"intersectionId": "ix-10927", "connectedWayCount": 2}}, {"type": "Feature", "geometry": {"type": "Point", "coordinates": [-73.757017, 40.945909]}, "properties": {"intersectionId": "ix-10928", "connectedWayCount": 2}}, {"type": "Feature", "geometry": {"type": "Point", "coordinates": [-73.747406, 40.95756]}, "properties": {"intersectionId": "ix-10947", "connectedWayCount": 2}}, {"type": "Feature", "geometry": {"type": "Point", "coordinates": [-73.747489, 40.95757]}, "properties": {"intersectionId": "ix-10951", "connectedWayCount": 2}}, {"type": "Feature", "geometry": {"type": "Point", "coordinates": [-73.747361, 40.957555]}, "properties": {"intersectionId": "ix-10959", "connectedWayCount": 2}}, {"type": "Feature", "geometry": {"type": "Point", "coordinates": [-73.747131, 40.957447]}, "properties": {"intersectionId": "ix-10962", "connectedWayCount": 3}}, {"type": "Feature", "geometry": {"type": "Point", "coordinates": [-73.736669, 40.968558]}, "properties": {"intersectionId": "ix-10978", "connectedWayCount": 2}}, {"type": "Feature", "geometry": {"type": "Point", "coordinates": [-73.736812, 40.96855]}, "properties": {"intersectionId": "ix-10980", "connectedWayCount": 2}}, {"type": "Feature", "geometry": {"type": "Point", "coordinates": [-73.737515, 40.968386]}, "properties": {"intersectionId": "ix-10982", "connectedWayCount": 2}}, {"type": "Feature", "geometry": {"type": "Point", "coordinates": [-73.70311, 40.971642]}, "properties": {"intersectionId": "ix-11011", "connectedWayCount": 2}}, {"type": "Feature", "geometry": {"type": "Point", "coordinates": [-73.70412, 40.970129]}, "properties": {"intersectionId": "ix-11036", "connectedWayCount": 2}}, {"type": "Feature", "geometry": {"type": "Point", "coordinates": [-73.739523, 40.956879]}, "properties": {"intersectionId": "ix-11056", "connectedWayCount": 2}}, {"type": "Feature", "geometry": {"type": "Point", "coordinates": [-73.73952, 40.956833]}, "properties": {"intersectionId": "ix-11057", "connectedWayCount": 2}}, {"type": "Feature", "geometry": {"type": "Point", "coordinates": [-73.739945, 40.95442]}, "properties": {"intersectionId": "ix-11060", "connectedWayCount": 2}}, {"type": "Feature", "geometry": {"type": "Point", "coordinates": [-73.739818, 40.954541]}, "properties": {"intersectionId": "ix-11065", "connectedWayCount": 2}}, {"type": "Feature", "geometry": {"type": "Point", "coordinates": [-73.703848, 40.960524]}, "properties": {"intersectionId": "ix-11077", "connectedWayCount": 2}}, {"type": "Feature", "geometry": {"type": "Point", "coordinates": [-73.703597, 40.959923]}, "properties": {"intersectionId": "ix-11085", "connectedWayCount": 2}}, {"type": "Feature", "geometry": {"type": "Point", "coordinates": [-73.744682, 40.939812]}, "properties": {"intersectionId": "ix-11094", "connectedWayCount": 2}}, {"type": "Feature", "geometry": {"type": "Point", "coordinates": [-73.744365, 40.939908]}, "properties": {"intersectionId": "ix-11099", "connectedWayCount": 2}}, {"type": "Feature", "geometry": {"type": "Point", "coordinates": [-73.745071, 40.938588]}, "properties": {"intersectionId": "ix-11101", "connectedWayCount": 3}}, {"type": "Feature", "geometry": {"type": "Point", "coordinates": [-73.74426, 40.938616]}, "properties": {"intersectionId": "ix-11106", "connectedWayCount": 2}}, {"type": "Feature", "geometry": {"type": "Point", "coordinates": [-73.744396, 40.938823]}, "properties": {"intersectionId": "ix-11107", "connectedWayCount": 2}}, {"type": "Feature", "geometry": {"type": "Point", "coordinates": [-73.744215, 40.938894]}, "properties": {"intersectionId": "ix-11109", "connectedWayCount": 2}}, {"type": "Feature", "geometry": {"type": "Point", "coordinates": [-73.744982, 40.938677]}, "properties": {"intersectionId": "ix-11113", "connectedWayCount": 3}}, {"type": "Feature", "geometry": {"type": "Point", "coordinates": [-73.723713, 40.96331]}, "properties": {"intersectionId": "ix-11119", "connectedWayCount": 2}}, {"type": "Feature", "geometry": {"type": "Point", "coordinates": [-73.757701, 40.95431]}, "properties": {"intersectionId": "ix-11128", "connectedWayCount": 3}}, {"type": "Feature", "geometry": {"type": "Point", "coordinates": [-73.759297, 40.952989]}, "properties": {"intersectionId": "ix-11132", "connectedWayCount": 2}}, {"type": "Feature", "geometry": {"type": "Point", "coordinates": [-73.746893, 40.934049]}, "properties": {"intersectionId": "ix-11149", "connectedWayCount": 2}}, {"type": "Feature", "geometry": {"type": "Point", "coordinates": [-73.747103, 40.933613]}, "properties": {"intersectionId": "ix-11152", "connectedWayCount": 2}}, {"type": "Feature", "geometry": {"type": "Point", "coordinates": [-73.746735, 40.933949]}, "properties": {"intersectionId": "ix-11153", "connectedWayCount": 2}}, {"type": "Feature", "geometry": {"type": "Point", "coordinates": [-73.748266, 40.934196]}, "properties": {"intersectionId": "ix-11158", "connectedWayCount": 3}}, {"type": "Feature", "geometry": {"type": "Point", "coordinates": [-73.748028, 40.934123]}, "properties": {"intersectionId": "ix-11160", "connectedWayCount": 2}}, {"type": "Feature", "geometry": {"type": "Point", "coordinates": [-73.748199, 40.933652]}, "properties": {"intersectionId": "ix-11161", "connectedWayCount": 2}}, {"type": "Feature", "geometry": {"type": "Point", "coordinates": [-73.748437, 40.933692]}, "properties": {"intersectionId": "ix-11162", "connectedWayCount": 3}}, {"type": "Feature", "geometry": {"type": "Point", "coordinates": [-73.748684, 40.933116]}, "properties": {"intersectionId": "ix-11163", "connectedWayCount": 3}}, {"type": "Feature", "geometry": {"type": "Point", "coordinates": [-73.748546, 40.933385]}, "properties": {"intersectionId": "ix-11166", "connectedWayCount": 3}}, {"type": "Feature", "geometry": {"type": "Point", "coordinates": [-73.745249, 40.942525]}, "properties": {"intersectionId": "ix-11189", "connectedWayCount": 2}}, {"type": "Feature", "geometry": {"type": "Point", "coordinates": [-73.745878, 40.942711]}, "properties": {"intersectionId": "ix-11190", "connectedWayCount": 2}}, {"type": "Feature", "geometry": {"type": "Point", "coordinates": [-73.746665, 40.942284]}, "properties": {"intersectionId": "ix-11191", "connectedWayCount": 2}}, {"type": "Feature", "geometry": {"type": "Point", "coordinates": [-73.74634, 40.942129]}, "properties": {"intersectionId": "ix-11192", "connectedWayCount": 2}}, {"type": "Feature", "geometry": {"type": "Point", "coordinates": [-73.746208, 40.942066]}, "properties": {"intersectionId": "ix-11193", "connectedWayCount": 2}}, {"type": "Feature", "geometry": {"type": "Point", "coordinates": [-73.756939, 40.974226]}, "properties": {"intersectionId": "ix-11206", "connectedWayCount": 2}}, {"type": "Feature", "geometry": {"type": "Point", "coordinates": [-73.757064, 40.974313]}, "properties": {"intersectionId": "ix-11208", "connectedWayCount": 2}}, {"type": "Feature", "geometry": {"type": "Point", "coordinates": [-73.725748, 40.93585]}, "properties": {"intersectionId": "ix-11234", "connectedWayCount": 2}}, {"type": "Feature", "geometry": {"type": "Point", "coordinates": [-73.725507, 40.934905]}, "properties": {"intersectionId": "ix-11237", "connectedWayCount": 2}}, {"type": "Feature", "geometry": {"type": "Point", "coordinates": [-73.724965, 40.934631]}, "properties": {"intersectionId": "ix-11240", "connectedWayCount": 2}}, {"type": "Feature", "geometry": {"type": "Point", "coordinates": [-73.728031, 40.935556]}, "properties": {"intersectionId": "ix-11251", "connectedWayCount": 2}}, {"type": "Feature", "geometry": {"type": "Point", "coordinates": [-73.728585, 40.935411]}, "properties": {"intersectionId": "ix-11253", "connectedWayCount": 2}}, {"type": "Feature", "geometry": {"type": "Point", "coordinates": [-73.724784, 40.935513]}, "properties": {"intersectionId": "ix-11261", "connectedWayCount": 2}}, {"type": "Feature", "geometry": {"type": "Point", "coordinates": [-73.754435, 40.918155]}, "properties": {"intersectionId": "ix-11268", "connectedWayCount": 2}}, {"type": "Feature", "geometry": {"type": "Point", "coordinates": [-73.7546, 40.918172]}, "properties": {"intersectionId": "ix-11270", "connectedWayCount": 2}}, {"type": "Feature", "geometry": {"type": "Point", "coordinates": [-73.739006, 40.940234]}, "properties": {"intersectionId": "ix-11276", "connectedWayCount": 2}}, {"type": "Feature", "geometry": {"type": "Point", "coordinates": [-73.72131, 40.953763]}, "properties": {"intersectionId": "ix-11285", "connectedWayCount": 3}}, {"type": "Feature", "geometry": {"type": "Point", "coordinates": [-73.72132, 40.953873]}, "properties": {"intersectionId": "ix-11286", "connectedWayCount": 4}}, {"type": "Feature", "geometry": {"type": "Point", "coordinates": [-73.720207, 40.954128]}, "properties": {"intersectionId": "ix-11289", "connectedWayCount": 2}}, {"type": "Feature", "geometry": {"type": "Point", "coordinates": [-73.72012, 40.954181]}, "properties": {"intersectionId": "ix-11290", "connectedWayCount": 3}}, {"type": "Feature", "geometry": {"type": "Point", "coordinates": [-73.721331, 40.953772]}, "properties": {"intersectionId": "ix-11293", "connectedWayCount": 2}}, {"type": "Feature", "geometry": {"type": "Point", "coordinates": [-73.72129, 40.953773]}, "properties": {"intersectionId": "ix-11294", "connectedWayCount": 2}}, {"type": "Feature", "geometry": {"type": "Point", "coordinates": [-73.720394, 40.954446]}, "properties": {"intersectionId": "ix-11302", "connectedWayCount": 2}}, {"type": "Feature", "geometry": {"type": "Point", "coordinates": [-73.720097, 40.954243]}, "properties": {"intersectionId": "ix-11308", "connectedWayCount": 3}}, {"type": "Feature", "geometry": {"type": "Point", "coordinates": [-73.71997, 40.954202]}, "properties": {"intersectionId": "ix-11309", "connectedWayCount": 3}}, {"type": "Feature", "geometry": {"type": "Point", "coordinates": [-73.720002, 40.954227]}, "properties": {"intersectionId": "ix-11310", "connectedWayCount": 2}}, {"type": "Feature", "geometry": {"type": "Point", "coordinates": [-73.720019, 40.954171]}, "properties": {"intersectionId": "ix-11312", "connectedWayCount": 2}}, {"type": "Feature", "geometry": {"type": "Point", "coordinates": [-73.751118, 40.915992]}, "properties": {"intersectionId": "ix-11314", "connectedWayCount": 3}}, {"type": "Feature", "geometry": {"type": "Point", "coordinates": [-73.75092, 40.91589]}, "properties": {"intersectionId": "ix-11315", "connectedWayCount": 3}}, {"type": "Feature", "geometry": {"type": "Point", "coordinates": [-73.751797, 40.915664]}, "properties": {"intersectionId": "ix-11319", "connectedWayCount": 2}}, {"type": "Feature", "geometry": {"type": "Point", "coordinates": [-73.751774, 40.915514]}, "properties": {"intersectionId": "ix-11322", "connectedWayCount": 3}}, {"type": "Feature", "geometry": {"type": "Point", "coordinates": [-73.750856, 40.915587]}, "properties": {"intersectionId": "ix-11331", "connectedWayCount": 2}}, {"type": "Feature", "geometry": {"type": "Point", "coordinates": [-73.750818, 40.915771]}, "properties": {"intersectionId": "ix-11334", "connectedWayCount": 3}}, {"type": "Feature", "geometry": {"type": "Point", "coordinates": [-73.727126, 40.930473]}, "properties": {"intersectionId": "ix-11351", "connectedWayCount": 2}}, {"type": "Feature", "geometry": {"type": "Point", "coordinates": [-73.733842, 40.94873]}, "properties": {"intersectionId": "ix-11363", "connectedWayCount": 2}}, {"type": "Feature", "geometry": {"type": "Point", "coordinates": [-73.747624, 40.957526]}, "properties": {"intersectionId": "ix-11387", "connectedWayCount": 2}}, {"type": "Feature", "geometry": {"type": "Point", "coordinates": [-73.755114, 40.940496]}, "properties": {"intersectionId": "ix-11399", "connectedWayCount": 2}}, {"type": "Feature", "geometry": {"type": "Point", "coordinates": [-73.754614, 40.940574]}, "properties": {"intersectionId": "ix-11403", "connectedWayCount": 2}}, {"type": "Feature", "geometry": {"type": "Point", "coordinates": [-73.755669, 40.941367]}, "properties": {"intersectionId": "ix-11406", "connectedWayCount": 2}}, {"type": "Feature", "geometry": {"type": "Point", "coordinates": [-73.755808, 40.941009]}, "properties": {"intersectionId": "ix-11411", "connectedWayCount": 2}}, {"type": "Feature", "geometry": {"type": "Point", "coordinates": [-73.742764, 40.940275]}, "properties": {"intersectionId": "ix-11431", "connectedWayCount": 2}}, {"type": "Feature", "geometry": {"type": "Point", "coordinates": [-73.742823, 40.940306]}, "properties": {"intersectionId": "ix-11432", "connectedWayCount": 2}}, {"type": "Feature", "geometry": {"type": "Point", "coordinates": [-73.74253, 40.939683]}, "properties": {"intersectionId": "ix-11433", "connectedWayCount": 3}}, {"type": "Feature", "geometry": {"type": "Point", "coordinates": [-73.742267, 40.939667]}, "properties": {"intersectionId": "ix-11436", "connectedWayCount": 2}}, {"type": "Feature", "geometry": {"type": "Point", "coordinates": [-73.742572, 40.939391]}, "properties": {"intersectionId": "ix-11442", "connectedWayCount": 2}}, {"type": "Feature", "geometry": {"type": "Point", "coordinates": [-73.74267, 40.939553]}, "properties": {"intersectionId": "ix-11445", "connectedWayCount": 3}}, {"type": "Feature", "geometry": {"type": "Point", "coordinates": [-73.736289, 40.946913]}, "properties": {"intersectionId": "ix-11451", "connectedWayCount": 2}}, {"type": "Feature", "geometry": {"type": "Point", "coordinates": [-73.72609, 40.936588]}, "properties": {"intersectionId": "ix-11479", "connectedWayCount": 2}}, {"type": "Feature", "geometry": {"type": "Point", "coordinates": [-73.725278, 40.93705]}, "properties": {"intersectionId": "ix-11499", "connectedWayCount": 2}}, {"type": "Feature", "geometry": {"type": "Point", "coordinates": [-73.725064, 40.937329]}, "properties": {"intersectionId": "ix-11503", "connectedWayCount": 2}}, {"type": "Feature", "geometry": {"type": "Point", "coordinates": [-73.748516, 40.933468]}, "properties": {"intersectionId": "ix-11509", "connectedWayCount": 3}}, {"type": "Feature", "geometry": {"type": "Point", "coordinates": [-73.748458, 40.933629]}, "properties": {"intersectionId": "ix-11512", "connectedWayCount": 3}}, {"type": "Feature", "geometry": {"type": "Point", "coordinates": [-73.748496, 40.933523]}, "properties": {"intersectionId": "ix-11514", "connectedWayCount": 2}}, {"type": "Feature", "geometry": {"type": "Point", "coordinates": [-73.748394, 40.933818]}, "properties": {"intersectionId": "ix-11516", "connectedWayCount": 3}}, {"type": "Feature", "geometry": {"type": "Point", "coordinates": [-73.748191, 40.93439]}, "properties": {"intersectionId": "ix-11518", "connectedWayCount": 2}}, {"type": "Feature", "geometry": {"type": "Point", "coordinates": [-73.755113, 40.935495]}, "properties": {"intersectionId": "ix-11530", "connectedWayCount": 2}}, {"type": "Feature", "geometry": {"type": "Point", "coordinates": [-73.755515, 40.935729]}, "properties": {"intersectionId": "ix-11531", "connectedWayCount": 2}}, {"type": "Feature", "geometry": {"type": "Point", "coordinates": [-73.755765, 40.935873]}, "properties": {"intersectionId": "ix-11533", "connectedWayCount": 2}}, {"type": "Feature", "geometry": {"type": "Point", "coordinates": [-73.738185, 40.956806]}, "properties": {"intersectionId": "ix-11549", "connectedWayCount": 3}}, {"type": "Feature", "geometry": {"type": "Point", "coordinates": [-73.737891, 40.956745]}, "properties": {"intersectionId": "ix-11550", "connectedWayCount": 3}}, {"type": "Feature", "geometry": {"type": "Point", "coordinates": [-73.737273, 40.956615]}, "properties": {"intersectionId": "ix-11551", "connectedWayCount": 2}}, {"type": "Feature", "geometry": {"type": "Point", "coordinates": [-73.737179, 40.956777]}, "properties": {"intersectionId": "ix-11553", "connectedWayCount": 2}}, {"type": "Feature", "geometry": {"type": "Point", "coordinates": [-73.737831, 40.956909]}, "properties": {"intersectionId": "ix-11554", "connectedWayCount": 3}}, {"type": "Feature", "geometry": {"type": "Point", "coordinates": [-73.737144, 40.956954]}, "properties": {"intersectionId": "ix-11557", "connectedWayCount": 2}}, {"type": "Feature", "geometry": {"type": "Point", "coordinates": [-73.737768, 40.957083]}, "properties": {"intersectionId": "ix-11559", "connectedWayCount": 2}}, {"type": "Feature", "geometry": {"type": "Point", "coordinates": [-73.738059, 40.957148]}, "properties": {"intersectionId": "ix-11560", "connectedWayCount": 2}}, {"type": "Feature", "geometry": {"type": "Point", "coordinates": [-73.748286, 40.934137]}, "properties": {"intersectionId": "ix-11574", "connectedWayCount": 3}}, {"type": "Feature", "geometry": {"type": "Point", "coordinates": [-73.748365, 40.935594]}, "properties": {"intersectionId": "ix-11575", "connectedWayCount": 3}}, {"type": "Feature", "geometry": {"type": "Point", "coordinates": [-73.748249, 40.935689]}, "properties": {"intersectionId": "ix-11576", "connectedWayCount": 2}}, {"type": "Feature", "geometry": {"type": "Point", "coordinates": [-73.747875, 40.936016]}, "properties": {"intersectionId": "ix-11578", "connectedWayCount": 2}}, {"type": "Feature", "geometry": {"type": "Point", "coordinates": [-73.747554, 40.935851]}, "properties": {"intersectionId": "ix-11580", "connectedWayCount": 3}}, {"type": "Feature", "geometry": {"type": "Point", "coordinates": [-73.747057, 40.936224]}, "properties": {"intersectionId": "ix-11583", "connectedWayCount": 3}}, {"type": "Feature", "geometry": {"type": "Point", "coordinates": [-73.746616, 40.936886]}, "properties": {"intersectionId": "ix-11585", "connectedWayCount": 2}}, {"type": "Feature", "geometry": {"type": "Point", "coordinates": [-73.746322, 40.937281]}, "properties": {"intersectionId": "ix-11588", "connectedWayCount": 2}}, {"type": "Feature", "geometry": {"type": "Point", "coordinates": [-73.746027, 40.937636]}, "properties": {"intersectionId": "ix-11590", "connectedWayCount": 2}}, {"type": "Feature", "geometry": {"type": "Point", "coordinates": [-73.745871, 40.937802]}, "properties": {"intersectionId": "ix-11591", "connectedWayCount": 2}}, {"type": "Feature", "geometry": {"type": "Point", "coordinates": [-73.745531, 40.938144]}, "properties": {"intersectionId": "ix-11592", "connectedWayCount": 3}}, {"type": "Feature", "geometry": {"type": "Point", "coordinates": [-73.746988, 40.937043]}, "properties": {"intersectionId": "ix-11593", "connectedWayCount": 3}}, {"type": "Feature", "geometry": {"type": "Point", "coordinates": [-73.747441, 40.936368]}, "properties": {"intersectionId": "ix-11594", "connectedWayCount": 2}}, {"type": "Feature", "geometry": {"type": "Point", "coordinates": [-73.747281, 40.936308]}, "properties": {"intersectionId": "ix-11595", "connectedWayCount": 2}}, {"type": "Feature", "geometry": {"type": "Point", "coordinates": [-73.746846, 40.936983]}, "properties": {"intersectionId": "ix-11596", "connectedWayCount": 2}}, {"type": "Feature", "geometry": {"type": "Point", "coordinates": [-73.721701, 40.953528]}, "properties": {"intersectionId": "ix-11600", "connectedWayCount": 2}}, {"type": "Feature", "geometry": {"type": "Point", "coordinates": [-73.721816, 40.953332]}, "properties": {"intersectionId": "ix-11605", "connectedWayCount": 2}}, {"type": "Feature", "geometry": {"type": "Point", "coordinates": [-73.756772, 40.9473]}, "properties": {"intersectionId": "ix-11624", "connectedWayCount": 2}}, {"type": "Feature", "geometry": {"type": "Point", "coordinates": [-73.717109, 40.958353]}, "properties": {"intersectionId": "ix-11658", "connectedWayCount": 2}}, {"type": "Feature", "geometry": {"type": "Point", "coordinates": [-73.717534, 40.957915]}, "properties": {"intersectionId": "ix-11661", "connectedWayCount": 2}}, {"type": "Feature", "geometry": {"type": "Point", "coordinates": [-73.717674, 40.957844]}, "properties": {"intersectionId": "ix-11665", "connectedWayCount": 2}}, {"type": "Feature", "geometry": {"type": "Point", "coordinates": [-73.717719, 40.957826]}, "properties": {"intersectionId": "ix-11666", "connectedWayCount": 3}}, {"type": "Feature", "geometry": {"type": "Point", "coordinates": [-73.753198, 40.937208]}, "properties": {"intersectionId": "ix-11675", "connectedWayCount": 2}}, {"type": "Feature", "geometry": {"type": "Point", "coordinates": [-73.753812, 40.937622]}, "properties": {"intersectionId": "ix-11677", "connectedWayCount": 3}}, {"type": "Feature", "geometry": {"type": "Point", "coordinates": [-73.752544, 40.938944]}, "properties": {"intersectionId": "ix-11678", "connectedWayCount": 2}}, {"type": "Feature", "geometry": {"type": "Point", "coordinates": [-73.75273, 40.93891]}, "properties": {"intersectionId": "ix-11680", "connectedWayCount": 2}}, {"type": "Feature", "geometry": {"type": "Point", "coordinates": [-73.753013, 40.938806]}, "properties": {"intersectionId": "ix-11682", "connectedWayCount": 2}}, {"type": "Feature", "geometry": {"type": "Point", "coordinates": [-73.705296, 40.958354]}, "properties": {"intersectionId": "ix-11722", "connectedWayCount": 2}}, {"type": "Feature", "geometry": {"type": "Point", "coordinates": [-73.704933, 40.958571]}, "properties": {"intersectionId": "ix-11724", "connectedWayCount": 2}}, {"type": "Feature", "geometry": {"type": "Point", "coordinates": [-73.703874, 40.959581]}, "properties": {"intersectionId": "ix-11730", "connectedWayCount": 2}}, {"type": "Feature", "geometry": {"type": "Point", "coordinates": [-73.724582, 40.938388]}, "properties": {"intersectionId": "ix-11733", "connectedWayCount": 3}}, {"type": "Feature", "geometry": {"type": "Point", "coordinates": [-73.724477, 40.938192]}, "properties": {"intersectionId": "ix-11734", "connectedWayCount": 2}}, {"type": "Feature", "geometry": {"type": "Point", "coordinates": [-73.724271, 40.938115]}, "properties": {"intersectionId": "ix-11736", "connectedWayCount": 2}}, {"type": "Feature", "geometry": {"type": "Point", "coordinates": [-73.724554, 40.937744]}, "properties": {"intersectionId": "ix-11737", "connectedWayCount": 2}}, {"type": "Feature", "geometry": {"type": "Point", "coordinates": [-73.724669, 40.937592]}, "properties": {"intersectionId": "ix-11738", "connectedWayCount": 2}}, {"type": "Feature", "geometry": {"type": "Point", "coordinates": [-73.724873, 40.937675]}, "properties": {"intersectionId": "ix-11739", "connectedWayCount": 2}}, {"type": "Feature", "geometry": {"type": "Point", "coordinates": [-73.725077, 40.937761]}, "properties": {"intersectionId": "ix-11740", "connectedWayCount": 3}}, {"type": "Feature", "geometry": {"type": "Point", "coordinates": [-73.724588, 40.93756]}, "properties": {"intersectionId": "ix-11742", "connectedWayCount": 2}}, {"type": "Feature", "geometry": {"type": "Point", "coordinates": [-73.724453, 40.979394]}, "properties": {"intersectionId": "ix-11765", "connectedWayCount": 2}}, {"type": "Feature", "geometry": {"type": "Point", "coordinates": [-73.724449, 40.979299]}, "properties": {"intersectionId": "ix-11766", "connectedWayCount": 2}}, {"type": "Feature", "geometry": {"type": "Point", "coordinates": [-73.724432, 40.978893]}, "properties": {"intersectionId": "ix-11768", "connectedWayCount": 2}}, {"type": "Feature", "geometry": {"type": "Point", "coordinates": [-73.708401, 40.971119]}, "properties": {"intersectionId": "ix-11795", "connectedWayCount": 2}}, {"type": "Feature", "geometry": {"type": "Point", "coordinates": [-73.708345, 40.971152]}, "properties": {"intersectionId": "ix-11796", "connectedWayCount": 2}}, {"type": "Feature", "geometry": {"type": "Point", "coordinates": [-73.707278, 40.971537]}, "properties": {"intersectionId": "ix-11799", "connectedWayCount": 2}}, {"type": "Feature", "geometry": {"type": "Point", "coordinates": [-73.707113, 40.971443]}, "properties": {"intersectionId": "ix-11801", "connectedWayCount": 2}}, {"type": "Feature", "geometry": {"type": "Point", "coordinates": [-73.743549, 40.940192]}, "properties": {"intersectionId": "ix-11811", "connectedWayCount": 2}}, {"type": "Feature", "geometry": {"type": "Point", "coordinates": [-73.743893, 40.939871]}, "properties": {"intersectionId": "ix-11812", "connectedWayCount": 2}}, {"type": "Feature", "geometry": {"type": "Point", "coordinates": [-73.747514, 40.955275]}, "properties": {"intersectionId": "ix-11820", "connectedWayCount": 2}}, {"type": "Feature", "geometry": {"type": "Point", "coordinates": [-73.753594, 40.91502]}, "properties": {"intersectionId": "ix-11837", "connectedWayCount": 2}}, {"type": "Feature", "geometry": {"type": "Point", "coordinates": [-73.75367, 40.91496]}, "properties": {"intersectionId": "ix-11850", "connectedWayCount": 2}}, {"type": "Feature", "geometry": {"type": "Point", "coordinates": [-73.753113, 40.927656]}, "properties": {"intersectionId": "ix-11871", "connectedWayCount": 2}}, {"type": "Feature", "geometry": {"type": "Point", "coordinates": [-73.752614, 40.927586]}, "properties": {"intersectionId": "ix-11874", "connectedWayCount": 2}}, {"type": "Feature", "geometry": {"type": "Point", "coordinates": [-73.753053, 40.927748]}, "properties": {"intersectionId": "ix-11875", "connectedWayCount": 2}}, {"type": "Feature", "geometry": {"type": "Point", "coordinates": [-73.753572, 40.936874]}, "properties": {"intersectionId": "ix-11882", "connectedWayCount": 2}}, {"type": "Feature", "geometry": {"type": "Point", "coordinates": [-73.739087, 40.966093]}, "properties": {"intersectionId": "ix-11904", "connectedWayCount": 2}}, {"type": "Feature", "geometry": {"type": "Point", "coordinates": [-73.720344, 40.969849]}, "properties": {"intersectionId": "ix-11920", "connectedWayCount": 2}}, {"type": "Feature", "geometry": {"type": "Point", "coordinates": [-73.721574, 40.969797]}, "properties": {"intersectionId": "ix-11921", "connectedWayCount": 2}}, {"type": "Feature", "geometry": {"type": "Point", "coordinates": [-73.75074, 40.926551]}, "properties": {"intersectionId": "ix-11931", "connectedWayCount": 2}}, {"type": "Feature", "geometry": {"type": "Point", "coordinates": [-73.750136, 40.927017]}, "properties": {"intersectionId": "ix-11934", "connectedWayCount": 2}}, {"type": "Feature", "geometry": {"type": "Point", "coordinates": [-73.750295, 40.927278]}, "properties": {"intersectionId": "ix-11935", "connectedWayCount": 2}}, {"type": "Feature", "geometry": {"type": "Point", "coordinates": [-73.750321, 40.92732]}, "properties": {"intersectionId": "ix-11936", "connectedWayCount": 2}}, {"type": "Feature", "geometry": {"type": "Point", "coordinates": [-73.751182, 40.927268]}, "properties": {"intersectionId": "ix-11939", "connectedWayCount": 3}}, {"type": "Feature", "geometry": {"type": "Point", "coordinates": [-73.741285, 40.929113]}, "properties": {"intersectionId": "ix-11954", "connectedWayCount": 2}}, {"type": "Feature", "geometry": {"type": "Point", "coordinates": [-73.741218, 40.929155]}, "properties": {"intersectionId": "ix-11955", "connectedWayCount": 2}}, {"type": "Feature", "geometry": {"type": "Point", "coordinates": [-73.735312, 40.949455]}, "properties": {"intersectionId": "ix-12007", "connectedWayCount": 2}}, {"type": "Feature", "geometry": {"type": "Point", "coordinates": [-73.735329, 40.949492]}, "properties": {"intersectionId": "ix-12008", "connectedWayCount": 2}}, {"type": "Feature", "geometry": {"type": "Point", "coordinates": [-73.73538, 40.949606]}, "properties": {"intersectionId": "ix-12009", "connectedWayCount": 2}}, {"type": "Feature", "geometry": {"type": "Point", "coordinates": [-73.751086, 40.929101]}, "properties": {"intersectionId": "ix-12027", "connectedWayCount": 2}}, {"type": "Feature", "geometry": {"type": "Point", "coordinates": [-73.750503, 40.929343]}, "properties": {"intersectionId": "ix-12033", "connectedWayCount": 2}}, {"type": "Feature", "geometry": {"type": "Point", "coordinates": [-73.749306, 40.932141]}, "properties": {"intersectionId": "ix-12052", "connectedWayCount": 2}}, {"type": "Feature", "geometry": {"type": "Point", "coordinates": [-73.749489, 40.932208]}, "properties": {"intersectionId": "ix-12053", "connectedWayCount": 2}}, {"type": "Feature", "geometry": {"type": "Point", "coordinates": [-73.748895, 40.932791]}, "properties": {"intersectionId": "ix-12059", "connectedWayCount": 3}}, {"type": "Feature", "geometry": {"type": "Point", "coordinates": [-73.748782, 40.932962]}, "properties": {"intersectionId": "ix-12061", "connectedWayCount": 2}}, {"type": "Feature", "geometry": {"type": "Point", "coordinates": [-73.721954, 40.942715]}, "properties": {"intersectionId": "ix-12098", "connectedWayCount": 3}}, {"type": "Feature", "geometry": {"type": "Point", "coordinates": [-73.722016, 40.942778]}, "properties": {"intersectionId": "ix-12099", "connectedWayCount": 2}}, {"type": "Feature", "geometry": {"type": "Point", "coordinates": [-73.722951, 40.943218]}, "properties": {"intersectionId": "ix-12104", "connectedWayCount": 3}}, {"type": "Feature", "geometry": {"type": "Point", "coordinates": [-73.727505, 40.953112]}, "properties": {"intersectionId": "ix-12112", "connectedWayCount": 2}}, {"type": "Feature", "geometry": {"type": "Point", "coordinates": [-73.727399, 40.952955]}, "properties": {"intersectionId": "ix-12113", "connectedWayCount": 2}}, {"type": "Feature", "geometry": {"type": "Point", "coordinates": [-73.727293, 40.952797]}, "properties": {"intersectionId": "ix-12114", "connectedWayCount": 2}}, {"type": "Feature", "geometry": {"type": "Point", "coordinates": [-73.726253, 40.928787]}, "properties": {"intersectionId": "ix-12125", "connectedWayCount": 2}}, {"type": "Feature", "geometry": {"type": "Point", "coordinates": [-73.738251, 40.956631]}, "properties": {"intersectionId": "ix-12126", "connectedWayCount": 3}}, {"type": "Feature", "geometry": {"type": "Point", "coordinates": [-73.738052, 40.956586]}, "properties": {"intersectionId": "ix-12127", "connectedWayCount": 3}}, {"type": "Feature", "geometry": {"type": "Point", "coordinates": [-73.738165, 40.956221]}, "properties": {"intersectionId": "ix-12129", "connectedWayCount": 2}}, {"type": "Feature", "geometry": {"type": "Point", "coordinates": [-73.737878, 40.95617]}, "properties": {"intersectionId": "ix-12131", "connectedWayCount": 2}}, {"type": "Feature", "geometry": {"type": "Point", "coordinates": [-73.742755, 40.973073]}, "properties": {"intersectionId": "ix-12139", "connectedWayCount": 3}}, {"type": "Feature", "geometry": {"type": "Point", "coordinates": [-73.742504, 40.973145]}, "properties": {"intersectionId": "ix-12140", "connectedWayCount": 4}}, {"type": "Feature", "geometry": {"type": "Point", "coordinates": [-73.740579, 40.973238]}, "properties": {"intersectionId": "ix-12159", "connectedWayCount": 2}}, {"type": "Feature", "geometry": {"type": "Point", "coordinates": [-73.740564, 40.973287]}, "properties": {"intersectionId": "ix-12160", "connectedWayCount": 2}}, {"type": "Feature", "geometry": {"type": "Point", "coordinates": [-73.740525, 40.974086]}, "properties": {"intersectionId": "ix-12164", "connectedWayCount": 2}}, {"type": "Feature", "geometry": {"type": "Point", "coordinates": [-73.740538, 40.974137]}, "properties": {"intersectionId": "ix-12166", "connectedWayCount": 2}}, {"type": "Feature", "geometry": {"type": "Point", "coordinates": [-73.74098, 40.974836]}, "properties": {"intersectionId": "ix-12170", "connectedWayCount": 3}}, {"type": "Feature", "geometry": {"type": "Point", "coordinates": [-73.741505, 40.97509]}, "properties": {"intersectionId": "ix-12174", "connectedWayCount": 2}}, {"type": "Feature", "geometry": {"type": "Point", "coordinates": [-73.742423, 40.97397]}, "properties": {"intersectionId": "ix-12185", "connectedWayCount": 3}}, {"type": "Feature", "geometry": {"type": "Point", "coordinates": [-73.742463, 40.973553]}, "properties": {"intersectionId": "ix-12186", "connectedWayCount": 2}}, {"type": "Feature", "geometry": {"type": "Point", "coordinates": [-73.742221, 40.973576]}, "properties": {"intersectionId": "ix-12187", "connectedWayCount": 2}}, {"type": "Feature", "geometry": {"type": "Point", "coordinates": [-73.742232, 40.973693]}, "properties": {"intersectionId": "ix-12188", "connectedWayCount": 2}}, {"type": "Feature", "geometry": {"type": "Point", "coordinates": [-73.742252, 40.973974]}, "properties": {"intersectionId": "ix-12189", "connectedWayCount": 2}}, {"type": "Feature", "geometry": {"type": "Point", "coordinates": [-73.716953, 40.979308]}, "properties": {"intersectionId": "ix-12202", "connectedWayCount": 2}}, {"type": "Feature", "geometry": {"type": "Point", "coordinates": [-73.717161, 40.977969]}, "properties": {"intersectionId": "ix-12206", "connectedWayCount": 2}}, {"type": "Feature", "geometry": {"type": "Point", "coordinates": [-73.741609, 40.975671]}, "properties": {"intersectionId": "ix-12231", "connectedWayCount": 2}}, {"type": "Feature", "geometry": {"type": "Point", "coordinates": [-73.74137, 40.975736]}, "properties": {"intersectionId": "ix-12232", "connectedWayCount": 2}}, {"type": "Feature", "geometry": {"type": "Point", "coordinates": [-73.741133, 40.975801]}, "properties": {"intersectionId": "ix-12233", "connectedWayCount": 2}}, {"type": "Feature", "geometry": {"type": "Point", "coordinates": [-73.740842, 40.975881]}, "properties": {"intersectionId": "ix-12234", "connectedWayCount": 2}}, {"type": "Feature", "geometry": {"type": "Point", "coordinates": [-73.740571, 40.975955]}, "properties": {"intersectionId": "ix-12235", "connectedWayCount": 2}}, {"type": "Feature", "geometry": {"type": "Point", "coordinates": [-73.740347, 40.976051]}, "properties": {"intersectionId": "ix-12238", "connectedWayCount": 2}}, {"type": "Feature", "geometry": {"type": "Point", "coordinates": [-73.740852, 40.977059]}, "properties": {"intersectionId": "ix-12239", "connectedWayCount": 2}}, {"type": "Feature", "geometry": {"type": "Point", "coordinates": [-73.741096, 40.976993]}, "properties": {"intersectionId": "ix-12240", "connectedWayCount": 2}}, {"type": "Feature", "geometry": {"type": "Point", "coordinates": [-73.735765, 40.953236]}, "properties": {"intersectionId": "ix-12248", "connectedWayCount": 2}}, {"type": "Feature", "geometry": {"type": "Point", "coordinates": [-73.735812, 40.953271]}, "properties": {"intersectionId": "ix-12249", "connectedWayCount": 2}}, {"type": "Feature", "geometry": {"type": "Point", "coordinates": [-73.736109, 40.953491]}, "properties": {"intersectionId": "ix-12251", "connectedWayCount": 2}}, {"type": "Feature", "geometry": {"type": "Point", "coordinates": [-73.756998, 40.924914]}, "properties": {"intersectionId": "ix-12300", "connectedWayCount": 2}}, {"type": "Feature", "geometry": {"type": "Point", "coordinates": [-73.756863, 40.924729]}, "properties": {"intersectionId": "ix-12302", "connectedWayCount": 2}}, {"type": "Feature", "geometry": {"type": "Point", "coordinates": [-73.75682, 40.924371]}, "properties": {"intersectionId": "ix-12307", "connectedWayCount": 2}}, {"type": "Feature", "geometry": {"type": "Point", "coordinates": [-73.757336, 40.92408]}, "properties": {"intersectionId": "ix-12309", "connectedWayCount": 2}}, {"type": "Feature", "geometry": {"type": "Point", "coordinates": [-73.757466, 40.924096]}, "properties": {"intersectionId": "ix-12311", "connectedWayCount": 2}}, {"type": "Feature", "geometry": {"type": "Point", "coordinates": [-73.75779, 40.924564]}, "properties": {"intersectionId": "ix-12314", "connectedWayCount": 3}}, {"type": "Feature", "geometry": {"type": "Point", "coordinates": [-73.738383, 40.956269]}, "properties": {"intersectionId": "ix-12334", "connectedWayCount": 2}}, {"type": "Feature", "geometry": {"type": "Point", "coordinates": [-73.72182, 40.942922]}, "properties": {"intersectionId": "ix-12337", "connectedWayCount": 3}}, {"type": "Feature", "geometry": {"type": "Point", "coordinates": [-73.72146, 40.9431]}, "properties": {"intersectionId": "ix-12341", "connectedWayCount": 2}}, {"type": "Feature", "geometry": {"type": "Point", "coordinates": [-73.72157, 40.943178]}, "properties": {"intersectionId": "ix-12345", "connectedWayCount": 2}}, {"type": "Feature", "geometry": {"type": "Point", "coordinates": [-73.758918, 40.936229]}, "properties": {"intersectionId": "ix-12349", "connectedWayCount": 2}}, {"type": "Feature", "geometry": {"type": "Point", "coordinates": [-73.758971, 40.936051]}, "properties": {"intersectionId": "ix-12351", "connectedWayCount": 2}}, {"type": "Feature", "geometry": {"type": "Point", "coordinates": [-73.759017, 40.935882]}, "properties": {"intersectionId": "ix-12352", "connectedWayCount": 2}}, {"type": "Feature", "geometry": {"type": "Point", "coordinates": [-73.758709, 40.935694]}, "properties": {"intersectionId": "ix-12355", "connectedWayCount": 2}}, {"type": "Feature", "geometry": {"type": "Point", "coordinates": [-73.758578, 40.935802]}, "properties": {"intersectionId": "ix-12356", "connectedWayCount": 2}}, {"type": "Feature", "geometry": {"type": "Point", "coordinates": [-73.758032, 40.935655]}, "properties": {"intersectionId": "ix-12358", "connectedWayCount": 2}}, {"type": "Feature", "geometry": {"type": "Point", "coordinates": [-73.757658, 40.936045]}, "properties": {"intersectionId": "ix-12359", "connectedWayCount": 2}}, {"type": "Feature", "geometry": {"type": "Point", "coordinates": [-73.75795, 40.936034]}, "properties": {"intersectionId": "ix-12362", "connectedWayCount": 2}}, {"type": "Feature", "geometry": {"type": "Point", "coordinates": [-73.758102, 40.936131]}, "properties": {"intersectionId": "ix-12363", "connectedWayCount": 2}}, {"type": "Feature", "geometry": {"type": "Point", "coordinates": [-73.742179, 40.971298]}, "properties": {"intersectionId": "ix-12365", "connectedWayCount": 2}}, {"type": "Feature", "geometry": {"type": "Point", "coordinates": [-73.742131, 40.971215]}, "properties": {"intersectionId": "ix-12366", "connectedWayCount": 2}}, {"type": "Feature", "geometry": {"type": "Point", "coordinates": [-73.741923, 40.971195]}, "properties": {"intersectionId": "ix-12369", "connectedWayCount": 3}}, {"type": "Feature", "geometry": {"type": "Point", "coordinates": [-73.741965, 40.97144]}, "properties": {"intersectionId": "ix-12373", "connectedWayCount": 3}}, {"type": "Feature", "geometry": {"type": "Point", "coordinates": [-73.74216, 40.971402]}, "properties": {"intersectionId": "ix-12375", "connectedWayCount": 2}}, {"type": "Feature", "geometry": {"type": "Point", "coordinates": [-73.742067, 40.972017]}, "properties": {"intersectionId": "ix-12377", "connectedWayCount": 2}}, {"type": "Feature", "geometry": {"type": "Point", "coordinates": [-73.741828, 40.970658]}, "properties": {"intersectionId": "ix-12378", "connectedWayCount": 3}}, {"type": "Feature", "geometry": {"type": "Point", "coordinates": [-73.739007, 40.952838]}, "properties": {"intersectionId": "ix-12402", "connectedWayCount": 3}}, {"type": "Feature", "geometry": {"type": "Point", "coordinates": [-73.739567, 40.9525]}, "properties": {"intersectionId": "ix-12405", "connectedWayCount": 3}}, {"type": "Feature", "geometry": {"type": "Point", "coordinates": [-73.740625, 40.951458]}, "properties": {"intersectionId": "ix-12406", "connectedWayCount": 3}}, {"type": "Feature", "geometry": {"type": "Point", "coordinates": [-73.739043, 40.952801]}, "properties": {"intersectionId": "ix-12410", "connectedWayCount": 2}}, {"type": "Feature", "geometry": {"type": "Point", "coordinates": [-73.739394, 40.952439]}, "properties": {"intersectionId": "ix-12411", "connectedWayCount": 2}}, {"type": "Feature", "geometry": {"type": "Point", "coordinates": [-73.751445, 40.937826]}, "properties": {"intersectionId": "ix-12517", "connectedWayCount": 2}}, {"type": "Feature", "geometry": {"type": "Point", "coordinates": [-73.745361, 40.938915]}, "properties": {"intersectionId": "ix-12541", "connectedWayCount": 2}}, {"type": "Feature", "geometry": {"type": "Point", "coordinates": [-73.70897, 40.969461]}, "properties": {"intersectionId": "ix-12546", "connectedWayCount": 2}}, {"type": "Feature", "geometry": {"type": "Point", "coordinates": [-73.708902, 40.969303]}, "properties": {"intersectionId": "ix-12548", "connectedWayCount": 2}}, {"type": "Feature", "geometry": {"type": "Point", "coordinates": [-73.708502, 40.969183]}, "properties": {"intersectionId": "ix-12553", "connectedWayCount": 2}}, {"type": "Feature", "geometry": {"type": "Point", "coordinates": [-73.708387, 40.9694]}, "properties": {"intersectionId": "ix-12555", "connectedWayCount": 2}}, {"type": "Feature", "geometry": {"type": "Point", "coordinates": [-73.708277, 40.969601]}, "properties": {"intersectionId": "ix-12556", "connectedWayCount": 2}}, {"type": "Feature", "geometry": {"type": "Point", "coordinates": [-73.742165, 40.978513]}, "properties": {"intersectionId": "ix-12570", "connectedWayCount": 2}}, {"type": "Feature", "geometry": {"type": "Point", "coordinates": [-73.741468, 40.97773]}, "properties": {"intersectionId": "ix-12576", "connectedWayCount": 2}}, {"type": "Feature", "geometry": {"type": "Point", "coordinates": [-73.741161, 40.977507]}, "properties": {"intersectionId": "ix-12578", "connectedWayCount": 2}}, {"type": "Feature", "geometry": {"type": "Point", "coordinates": [-73.741399, 40.978948]}, "properties": {"intersectionId": "ix-12587", "connectedWayCount": 2}}, {"type": "Feature", "geometry": {"type": "Point", "coordinates": [-73.742838, 40.97925]}, "properties": {"intersectionId": "ix-12592", "connectedWayCount": 2}}, {"type": "Feature", "geometry": {"type": "Point", "coordinates": [-73.742613, 40.979273]}, "properties": {"intersectionId": "ix-12593", "connectedWayCount": 2}}, {"type": "Feature", "geometry": {"type": "Point", "coordinates": [-73.739971, 40.956198]}, "properties": {"intersectionId": "ix-12613", "connectedWayCount": 3}}, {"type": "Feature", "geometry": {"type": "Point", "coordinates": [-73.739954, 40.956268]}, "properties": {"intersectionId": "ix-12616", "connectedWayCount": 3}}, {"type": "Feature", "geometry": {"type": "Point", "coordinates": [-73.707861, 40.948875]}, "properties": {"intersectionId": "ix-12624", "connectedWayCount": 2}}, {"type": "Feature", "geometry": {"type": "Point", "coordinates": [-73.741706, 40.952073]}, "properties": {"intersectionId": "ix-12649", "connectedWayCount": 2}}, {"type": "Feature", "geometry": {"type": "Point", "coordinates": [-73.751962, 40.929439]}, "properties": {"intersectionId": "ix-12652", "connectedWayCount": 3}}, {"type": "Feature", "geometry": {"type": "Point", "coordinates": [-73.751726, 40.929242]}, "properties": {"intersectionId": "ix-12657", "connectedWayCount": 2}}, {"type": "Feature", "geometry": {"type": "Point", "coordinates": [-73.751882, 40.929298]}, "properties": {"intersectionId": "ix-12658", "connectedWayCount": 3}}, {"type": "Feature", "geometry": {"type": "Point", "coordinates": [-73.706009, 40.947639]}, "properties": {"intersectionId": "ix-12660", "connectedWayCount": 2}}, {"type": "Feature", "geometry": {"type": "Point", "coordinates": [-73.70497, 40.947719]}, "properties": {"intersectionId": "ix-12671", "connectedWayCount": 2}}, {"type": "Feature", "geometry": {"type": "Point", "coordinates": [-73.725214, 40.953598]}, "properties": {"intersectionId": "ix-12695", "connectedWayCount": 2}}, {"type": "Feature", "geometry": {"type": "Point", "coordinates": [-73.746509, 40.935152]}, "properties": {"intersectionId": "ix-12715", "connectedWayCount": 2}}, {"type": "Feature", "geometry": {"type": "Point", "coordinates": [-73.741672, 40.977132]}, "properties": {"intersectionId": "ix-12721", "connectedWayCount": 2}}, {"type": "Feature", "geometry": {"type": "Point", "coordinates": [-73.741694, 40.977187]}, "properties": {"intersectionId": "ix-12722", "connectedWayCount": 2}}, {"type": "Feature", "geometry": {"type": "Point", "coordinates": [-73.705404, 40.971229]}, "properties": {"intersectionId": "ix-12735", "connectedWayCount": 3}}, {"type": "Feature", "geometry": {"type": "Point", "coordinates": [-73.705578, 40.971078]}, "properties": {"intersectionId": "ix-12736", "connectedWayCount": 2}}, {"type": "Feature", "geometry": {"type": "Point", "coordinates": [-73.752122, 40.920843]}, "properties": {"intersectionId": "ix-12758", "connectedWayCount": 2}}, {"type": "Feature", "geometry": {"type": "Point", "coordinates": [-73.712759, 40.968409]}, "properties": {"intersectionId": "ix-12759", "connectedWayCount": 2}}, {"type": "Feature", "geometry": {"type": "Point", "coordinates": [-73.713229, 40.968117]}, "properties": {"intersectionId": "ix-12763", "connectedWayCount": 2}}, {"type": "Feature", "geometry": {"type": "Point", "coordinates": [-73.71337, 40.968078]}, "properties": {"intersectionId": "ix-12764", "connectedWayCount": 2}}, {"type": "Feature", "geometry": {"type": "Point", "coordinates": [-73.713352, 40.967719]}, "properties": {"intersectionId": "ix-12767", "connectedWayCount": 2}}, {"type": "Feature", "geometry": {"type": "Point", "coordinates": [-73.713141, 40.967745]}, "properties": {"intersectionId": "ix-12768", "connectedWayCount": 2}}, {"type": "Feature", "geometry": {"type": "Point", "coordinates": [-73.755821, 40.974393]}, "properties": {"intersectionId": "ix-12772", "connectedWayCount": 2}}, {"type": "Feature", "geometry": {"type": "Point", "coordinates": [-73.734336, 40.94918]}, "properties": {"intersectionId": "ix-12820", "connectedWayCount": 2}}, {"type": "Feature", "geometry": {"type": "Point", "coordinates": [-73.734198, 40.949228]}, "properties": {"intersectionId": "ix-12821", "connectedWayCount": 2}}, {"type": "Feature", "geometry": {"type": "Point", "coordinates": [-73.73434, 40.949166]}, "properties": {"intersectionId": "ix-12822", "connectedWayCount": 2}}, {"type": "Feature", "geometry": {"type": "Point", "coordinates": [-73.734661, 40.949665]}, "properties": {"intersectionId": "ix-12824", "connectedWayCount": 2}}, {"type": "Feature", "geometry": {"type": "Point", "coordinates": [-73.73464, 40.949624]}, "properties": {"intersectionId": "ix-12825", "connectedWayCount": 2}}, {"type": "Feature", "geometry": {"type": "Point", "coordinates": [-73.734611, 40.949564]}, "properties": {"intersectionId": "ix-12826", "connectedWayCount": 3}}, {"type": "Feature", "geometry": {"type": "Point", "coordinates": [-73.734449, 40.949607]}, "properties": {"intersectionId": "ix-12827", "connectedWayCount": 2}}, {"type": "Feature", "geometry": {"type": "Point", "coordinates": [-73.733554, 40.949838]}, "properties": {"intersectionId": "ix-12830", "connectedWayCount": 2}}, {"type": "Feature", "geometry": {"type": "Point", "coordinates": [-73.733583, 40.949845]}, "properties": {"intersectionId": "ix-12831", "connectedWayCount": 2}}, {"type": "Feature", "geometry": {"type": "Point", "coordinates": [-73.733457, 40.948503]}, "properties": {"intersectionId": "ix-12837", "connectedWayCount": 2}}, {"type": "Feature", "geometry": {"type": "Point", "coordinates": [-73.733238, 40.948751]}, "properties": {"intersectionId": "ix-12839", "connectedWayCount": 3}}, {"type": "Feature", "geometry": {"type": "Point", "coordinates": [-73.733608, 40.949887]}, "properties": {"intersectionId": "ix-12845", "connectedWayCount": 2}}, {"type": "Feature", "geometry": {"type": "Point", "coordinates": [-73.733642, 40.949942]}, "properties": {"intersectionId": "ix-12846", "connectedWayCount": 2}}, {"type": "Feature", "geometry": {"type": "Point", "coordinates": [-73.733638, 40.949964]}, "properties": {"intersectionId": "ix-12847", "connectedWayCount": 2}}, {"type": "Feature", "geometry": {"type": "Point", "coordinates": [-73.733416, 40.950016]}, "properties": {"intersectionId": "ix-12848", "connectedWayCount": 2}}, {"type": "Feature", "geometry": {"type": "Point", "coordinates": [-73.733388, 40.950009]}, "properties": {"intersectionId": "ix-12850", "connectedWayCount": 2}}, {"type": "Feature", "geometry": {"type": "Point", "coordinates": [-73.73312, 40.948488]}, "properties": {"intersectionId": "ix-12853", "connectedWayCount": 3}}, {"type": "Feature", "geometry": {"type": "Point", "coordinates": [-73.732922, 40.948887]}, "properties": {"intersectionId": "ix-12854", "connectedWayCount": 2}}, {"type": "Feature", "geometry": {"type": "Point", "coordinates": [-73.735824, 40.949372]}, "properties": {"intersectionId": "ix-12856", "connectedWayCount": 2}}, {"type": "Feature", "geometry": {"type": "Point", "coordinates": [-73.736206, 40.950311]}, "properties": {"intersectionId": "ix-12858", "connectedWayCount": 2}}, {"type": "Feature", "geometry": {"type": "Point", "coordinates": [-73.735385, 40.950504]}, "properties": {"intersectionId": "ix-12860", "connectedWayCount": 2}}, {"type": "Feature", "geometry": {"type": "Point", "coordinates": [-73.73473, 40.950807]}, "properties": {"intersectionId": "ix-12863", "connectedWayCount": 2}}, {"type": "Feature", "geometry": {"type": "Point", "coordinates": [-73.734681, 40.950801]}, "properties": {"intersectionId": "ix-12865", "connectedWayCount": 2}}, {"type": "Feature", "geometry": {"type": "Point", "coordinates": [-73.735762, 40.949259]}, "properties": {"intersectionId": "ix-12870", "connectedWayCount": 2}}, {"type": "Feature", "geometry": {"type": "Point", "coordinates": [-73.735743, 40.949217]}, "properties": {"intersectionId": "ix-12872", "connectedWayCount": 2}}, {"type": "Feature", "geometry": {"type": "Point", "coordinates": [-73.735608, 40.948908]}, "properties": {"intersectionId": "ix-12873", "connectedWayCount": 2}}, {"type": "Feature", "geometry": {"type": "Point", "coordinates": [-73.735548, 40.948771]}, "properties": {"intersectionId": "ix-12874", "connectedWayCount": 2}}, {"type": "Feature", "geometry": {"type": "Point", "coordinates": [-73.734492, 40.949394]}, "properties": {"intersectionId": "ix-12885", "connectedWayCount": 2}}, {"type": "Feature", "geometry": {"type": "Point", "coordinates": [-73.734583, 40.949525]}, "properties": {"intersectionId": "ix-12886", "connectedWayCount": 2}}, {"type": "Feature", "geometry": {"type": "Point", "coordinates": [-73.732735, 40.95071]}, "properties": {"intersectionId": "ix-12887", "connectedWayCount": 2}}, {"type": "Feature", "geometry": {"type": "Point", "coordinates": [-73.734362, 40.950875]}, "properties": {"intersectionId": "ix-12895", "connectedWayCount": 2}}, {"type": "Feature", "geometry": {"type": "Point", "coordinates": [-73.734506, 40.950981]}, "properties": {"intersectionId": "ix-12896", "connectedWayCount": 2}}, {"type": "Feature", "geometry": {"type": "Point", "coordinates": [-73.734649, 40.951084]}, "properties": {"intersectionId": "ix-12897", "connectedWayCount": 2}}, {"type": "Feature", "geometry": {"type": "Point", "coordinates": [-73.735752, 40.951881]}, "properties": {"intersectionId": "ix-12898", "connectedWayCount": 2}}, {"type": "Feature", "geometry": {"type": "Point", "coordinates": [-73.735763, 40.951906]}, "properties": {"intersectionId": "ix-12900", "connectedWayCount": 2}}, {"type": "Feature", "geometry": {"type": "Point", "coordinates": [-73.734852, 40.950915]}, "properties": {"intersectionId": "ix-12905", "connectedWayCount": 2}}, {"type": "Feature", "geometry": {"type": "Point", "coordinates": [-73.734854, 40.950902]}, "properties": {"intersectionId": "ix-12906", "connectedWayCount": 2}}, {"type": "Feature", "geometry": {"type": "Point", "coordinates": [-73.747191, 40.922357]}, "properties": {"intersectionId": "ix-12907", "connectedWayCount": 2}}, {"type": "Feature", "geometry": {"type": "Point", "coordinates": [-73.747007, 40.922163]}, "properties": {"intersectionId": "ix-12909", "connectedWayCount": 2}}, {"type": "Feature", "geometry": {"type": "Point", "coordinates": [-73.746688, 40.922183]}, "properties": {"intersectionId": "ix-12912", "connectedWayCount": 2}}, {"type": "Feature", "geometry": {"type": "Point", "coordinates": [-73.746347, 40.938041]}, "properties": {"intersectionId": "ix-12999", "connectedWayCount": 2}}, {"type": "Feature", "geometry": {"type": "Point", "coordinates": [-73.745828, 40.938463]}, "properties": {"intersectionId": "ix-13000", "connectedWayCount": 3}}, {"type": "Feature", "geometry": {"type": "Point", "coordinates": [-73.758555, 40.978107]}, "properties": {"intersectionId": "ix-13001", "connectedWayCount": 3}}, {"type": "Feature", "geometry": {"type": "Point", "coordinates": [-73.758667, 40.979509]}, "properties": {"intersectionId": "ix-13236", "connectedWayCount": 2}}, {"type": "Feature", "geometry": {"type": "Point", "coordinates": [-73.753777, 40.977997]}, "properties": {"intersectionId": "ix-13274", "connectedWayCount": 2}}, {"type": "Feature", "geometry": {"type": "Point", "coordinates": [-73.753714, 40.978123]}, "properties": {"intersectionId": "ix-13275", "connectedWayCount": 2}}, {"type": "Feature", "geometry": {"type": "Point", "coordinates": [-73.758297, 40.977936]}, "properties": {"intersectionId": "ix-13378", "connectedWayCount": 2}}, {"type": "Feature", "geometry": {"type": "Point", "coordinates": [-73.758339, 40.977882]}, "properties": {"intersectionId": "ix-13379", "connectedWayCount": 2}}, {"type": "Feature", "geometry": {"type": "Point", "coordinates": [-73.758497, 40.978162]}, "properties": {"intersectionId": "ix-13385", "connectedWayCount": 2}}, {"type": "Feature", "geometry": {"type": "Point", "coordinates": [-73.726193, 40.954824]}, "properties": {"intersectionId": "ix-13426", "connectedWayCount": 2}}, {"type": "Feature", "geometry": {"type": "Point", "coordinates": [-73.745899, 40.932513]}, "properties": {"intersectionId": "ix-13429", "connectedWayCount": 2}}, {"type": "Feature", "geometry": {"type": "Point", "coordinates": [-73.74568, 40.932875]}, "properties": {"intersectionId": "ix-13431", "connectedWayCount": 2}}, {"type": "Feature", "geometry": {"type": "Point", "coordinates": [-73.743593, 40.931637]}, "properties": {"intersectionId": "ix-13443", "connectedWayCount": 2}}, {"type": "Feature", "geometry": {"type": "Point", "coordinates": [-73.743427, 40.931536]}, "properties": {"intersectionId": "ix-13444", "connectedWayCount": 2}}, {"type": "Feature", "geometry": {"type": "Point", "coordinates": [-73.743564, 40.931483]}, "properties": {"intersectionId": "ix-13450", "connectedWayCount": 2}}, {"type": "Feature", "geometry": {"type": "Point", "coordinates": [-73.746004, 40.931684]}, "properties": {"intersectionId": "ix-13507", "connectedWayCount": 2}}, {"type": "Feature", "geometry": {"type": "Point", "coordinates": [-73.746047, 40.932042]}, "properties": {"intersectionId": "ix-13509", "connectedWayCount": 2}}, {"type": "Feature", "geometry": {"type": "Point", "coordinates": [-73.745677, 40.932085]}, "properties": {"intersectionId": "ix-13513", "connectedWayCount": 2}}, {"type": "Feature", "geometry": {"type": "Point", "coordinates": [-73.745493, 40.931719]}, "properties": {"intersectionId": "ix-13514", "connectedWayCount": 2}}, {"type": "Feature", "geometry": {"type": "Point", "coordinates": [-73.746061, 40.93212]}, "properties": {"intersectionId": "ix-13517", "connectedWayCount": 2}}, {"type": "Feature", "geometry": {"type": "Point", "coordinates": [-73.747282, 40.93174]}, "properties": {"intersectionId": "ix-13518", "connectedWayCount": 2}}, {"type": "Feature", "geometry": {"type": "Point", "coordinates": [-73.747423, 40.931525]}, "properties": {"intersectionId": "ix-13533", "connectedWayCount": 2}}, {"type": "Feature", "geometry": {"type": "Point", "coordinates": [-73.758741, 40.93192]}, "properties": {"intersectionId": "ix-13537", "connectedWayCount": 2}}, {"type": "Feature", "geometry": {"type": "Point", "coordinates": [-73.752306, 40.928324]}, "properties": {"intersectionId": "ix-13539", "connectedWayCount": 3}}, {"type": "Feature", "geometry": {"type": "Point", "coordinates": [-73.750576, 40.92997]}, "properties": {"intersectionId": "ix-13546", "connectedWayCount": 2}}, {"type": "Feature", "geometry": {"type": "Point", "coordinates": [-73.750041, 40.930885]}, "properties": {"intersectionId": "ix-13547", "connectedWayCount": 2}}, {"type": "Feature", "geometry": {"type": "Point", "coordinates": [-73.750171, 40.930665]}, "properties": {"intersectionId": "ix-13550", "connectedWayCount": 2}}, {"type": "Feature", "geometry": {"type": "Point", "coordinates": [-73.748217, 40.935068]}, "properties": {"intersectionId": "ix-13551", "connectedWayCount": 2}}, {"type": "Feature", "geometry": {"type": "Point", "coordinates": [-73.748313, 40.934941]}, "properties": {"intersectionId": "ix-13552", "connectedWayCount": 2}}, {"type": "Feature", "geometry": {"type": "Point", "coordinates": [-73.735833, 40.932542]}, "properties": {"intersectionId": "ix-13560", "connectedWayCount": 3}}, {"type": "Feature", "geometry": {"type": "Point", "coordinates": [-73.744012, 40.958985]}, "properties": {"intersectionId": "ix-13570", "connectedWayCount": 2}}, {"type": "Feature", "geometry": {"type": "Point", "coordinates": [-73.743721, 40.959097]}, "properties": {"intersectionId": "ix-13578", "connectedWayCount": 2}}, {"type": "Feature", "geometry": {"type": "Point", "coordinates": [-73.743859, 40.959153]}, "properties": {"intersectionId": "ix-13581", "connectedWayCount": 2}}, {"type": "Feature", "geometry": {"type": "Point", "coordinates": [-73.758112, 40.932576]}, "properties": {"intersectionId": "ix-13582", "connectedWayCount": 3}}, {"type": "Feature", "geometry": {"type": "Point", "coordinates": [-73.757831, 40.932459]}, "properties": {"intersectionId": "ix-13586", "connectedWayCount": 2}}, {"type": "Feature", "geometry": {"type": "Point", "coordinates": [-73.75896, 40.93201]}, "properties": {"intersectionId": "ix-13587", "connectedWayCount": 2}}, {"type": "Feature", "geometry": {"type": "Point", "coordinates": [-73.758782, 40.931936]}, "properties": {"intersectionId": "ix-13590", "connectedWayCount": 2}}, {"type": "Feature", "geometry": {"type": "Point", "coordinates": [-73.75869, 40.932065]}, "properties": {"intersectionId": "ix-13591", "connectedWayCount": 2}}, {"type": "Feature", "geometry": {"type": "Point", "coordinates": [-73.758378, 40.931776]}, "properties": {"intersectionId": "ix-13593", "connectedWayCount": 2}}, {"type": "Feature", "geometry": {"type": "Point", "coordinates": [-73.758641, 40.923133]}, "properties": {"intersectionId": "ix-13596", "connectedWayCount": 2}}, {"type": "Feature", "geometry": {"type": "Point", "coordinates": [-73.75867, 40.924175]}, "properties": {"intersectionId": "ix-13597", "connectedWayCount": 2}}, {"type": "Feature", "geometry": {"type": "Point", "coordinates": [-73.753899, 40.926154]}, "properties": {"intersectionId": "ix-13603", "connectedWayCount": 2}}, {"type": "Feature", "geometry": {"type": "Point", "coordinates": [-73.752332, 40.93895]}, "properties": {"intersectionId": "ix-13629", "connectedWayCount": 2}}, {"type": "Feature", "geometry": {"type": "Point", "coordinates": [-73.75442, 40.956372]}, "properties": {"intersectionId": "ix-13654", "connectedWayCount": 2}}, {"type": "Feature", "geometry": {"type": "Point", "coordinates": [-73.754281, 40.956269]}, "properties": {"intersectionId": "ix-13655", "connectedWayCount": 2}}, {"type": "Feature", "geometry": {"type": "Point", "coordinates": [-73.75413, 40.956157]}, "properties": {"intersectionId": "ix-13656", "connectedWayCount": 2}}, {"type": "Feature", "geometry": {"type": "Point", "coordinates": [-73.75399, 40.956056]}, "properties": {"intersectionId": "ix-13658", "connectedWayCount": 2}}, {"type": "Feature", "geometry": {"type": "Point", "coordinates": [-73.754886, 40.956111]}, "properties": {"intersectionId": "ix-13665", "connectedWayCount": 2}}, {"type": "Feature", "geometry": {"type": "Point", "coordinates": [-73.754758, 40.955987]}, "properties": {"intersectionId": "ix-13666", "connectedWayCount": 2}}, {"type": "Feature", "geometry": {"type": "Point", "coordinates": [-73.754635, 40.955878]}, "properties": {"intersectionId": "ix-13668", "connectedWayCount": 3}}, {"type": "Feature", "geometry": {"type": "Point", "coordinates": [-73.754506, 40.955754]}, "properties": {"intersectionId": "ix-13669", "connectedWayCount": 2}}, {"type": "Feature", "geometry": {"type": "Point", "coordinates": [-73.748397, 40.93561]}, "properties": {"intersectionId": "ix-13678", "connectedWayCount": 2}}, {"type": "Feature", "geometry": {"type": "Point", "coordinates": [-73.749095, 40.932489]}, "properties": {"intersectionId": "ix-13696", "connectedWayCount": 2}}, {"type": "Feature", "geometry": {"type": "Point", "coordinates": [-73.734938, 40.948295]}, "properties": {"intersectionId": "ix-13711", "connectedWayCount": 2}}, {"type": "Feature", "geometry": {"type": "Point", "coordinates": [-73.734799, 40.948189]}, "properties": {"intersectionId": "ix-13715", "connectedWayCount": 2}}, {"type": "Feature", "geometry": {"type": "Point", "coordinates": [-73.736335, 40.961883]}, "properties": {"intersectionId": "ix-13740", "connectedWayCount": 3}}, {"type": "Feature", "geometry": {"type": "Point", "coordinates": [-73.736184, 40.961869]}, "properties": {"intersectionId": "ix-13741", "connectedWayCount": 2}}, {"type": "Feature", "geometry": {"type": "Point", "coordinates": [-73.736751, 40.95171]}, "properties": {"intersectionId": "ix-13744", "connectedWayCount": 2}}, {"type": "Feature", "geometry": {"type": "Point", "coordinates": [-73.736691, 40.951568]}, "properties": {"intersectionId": "ix-13747", "connectedWayCount": 2}}, {"type": "Feature", "geometry": {"type": "Point", "coordinates": [-73.714329, 40.979068]}, "properties": {"intersectionId": "ix-13748", "connectedWayCount": 2}}, {"type": "Feature", "geometry": {"type": "Point", "coordinates": [-73.71439, 40.978909]}, "properties": {"intersectionId": "ix-13749", "connectedWayCount": 2}}, {"type": "Feature", "geometry": {"type": "Point", "coordinates": [-73.713819, 40.978951]}, "properties": {"intersectionId": "ix-13755", "connectedWayCount": 2}}, {"type": "Feature", "geometry": {"type": "Point", "coordinates": [-73.714537, 40.978948]}, "properties": {"intersectionId": "ix-13757", "connectedWayCount": 4}}, {"type": "Feature", "geometry": {"type": "Point", "coordinates": [-73.714845, 40.979026]}, "properties": {"intersectionId": "ix-13762", "connectedWayCount": 3}}, {"type": "Feature", "geometry": {"type": "Point", "coordinates": [-73.714885, 40.977342]}, "properties": {"intersectionId": "ix-13765", "connectedWayCount": 3}}, {"type": "Feature", "geometry": {"type": "Point", "coordinates": [-73.714208, 40.977324]}, "properties": {"intersectionId": "ix-13766", "connectedWayCount": 2}}, {"type": "Feature", "geometry": {"type": "Point", "coordinates": [-73.743737, 40.940473]}, "properties": {"intersectionId": "ix-13772", "connectedWayCount": 2}}, {"type": "Feature", "geometry": {"type": "Point", "coordinates": [-73.744132, 40.940679]}, "properties": {"intersectionId": "ix-13773", "connectedWayCount": 2}}, {"type": "Feature", "geometry": {"type": "Point", "coordinates": [-73.74282, 40.942166]}, "properties": {"intersectionId": "ix-13777", "connectedWayCount": 2}}, {"type": "Feature", "geometry": {"type": "Point", "coordinates": [-73.743262, 40.942183]}, "properties": {"intersectionId": "ix-13787", "connectedWayCount": 3}}, {"type": "Feature", "geometry": {"type": "Point", "coordinates": [-73.743644, 40.942371]}, "properties": {"intersectionId": "ix-13791", "connectedWayCount": 2}}, {"type": "Feature", "geometry": {"type": "Point", "coordinates": [-73.746885, 40.942087]}, "properties": {"intersectionId": "ix-13794", "connectedWayCount": 2}}, {"type": "Feature", "geometry": {"type": "Point", "coordinates": [-73.745303, 40.94239]}, "properties": {"intersectionId": "ix-13838", "connectedWayCount": 2}}, {"type": "Feature", "geometry": {"type": "Point", "coordinates": [-73.745408, 40.942262]}, "properties": {"intersectionId": "ix-13839", "connectedWayCount": 2}}, {"type": "Feature", "geometry": {"type": "Point", "coordinates": [-73.74337, 40.942236]}, "properties": {"intersectionId": "ix-13842", "connectedWayCount": 2}}, {"type": "Feature", "geometry": {"type": "Point", "coordinates": [-73.743398, 40.94225]}, "properties": {"intersectionId": "ix-13843", "connectedWayCount": 2}}, {"type": "Feature", "geometry": {"type": "Point", "coordinates": [-73.743257, 40.940749]}, "properties": {"intersectionId": "ix-13851", "connectedWayCount": 2}}, {"type": "Feature", "geometry": {"type": "Point", "coordinates": [-73.742952, 40.941075]}, "properties": {"intersectionId": "ix-13852", "connectedWayCount": 2}}, {"type": "Feature", "geometry": {"type": "Point", "coordinates": [-73.742665, 40.940857]}, "properties": {"intersectionId": "ix-13855", "connectedWayCount": 2}}, {"type": "Feature", "geometry": {"type": "Point", "coordinates": [-73.742516, 40.940767]}, "properties": {"intersectionId": "ix-13857", "connectedWayCount": 2}}, {"type": "Feature", "geometry": {"type": "Point", "coordinates": [-73.743108, 40.941185]}, "properties": {"intersectionId": "ix-13860", "connectedWayCount": 2}}, {"type": "Feature", "geometry": {"type": "Point", "coordinates": [-73.746312, 40.942158]}, "properties": {"intersectionId": "ix-13866", "connectedWayCount": 2}}, {"type": "Feature", "geometry": {"type": "Point", "coordinates": [-73.71429, 40.977102]}, "properties": {"intersectionId": "ix-13875", "connectedWayCount": 2}}, {"type": "Feature", "geometry": {"type": "Point", "coordinates": [-73.714329, 40.967866]}, "properties": {"intersectionId": "ix-13894", "connectedWayCount": 2}}, {"type": "Feature", "geometry": {"type": "Point", "coordinates": [-73.714374, 40.96791]}, "properties": {"intersectionId": "ix-13895", "connectedWayCount": 2}}, {"type": "Feature", "geometry": {"type": "Point", "coordinates": [-73.714433, 40.967968]}, "properties": {"intersectionId": "ix-13896", "connectedWayCount": 2}}, {"type": "Feature", "geometry": {"type": "Point", "coordinates": [-73.714623, 40.967845]}, "properties": {"intersectionId": "ix-13897", "connectedWayCount": 2}}, {"type": "Feature", "geometry": {"type": "Point", "coordinates": [-73.71456, 40.967786]}, "properties": {"intersectionId": "ix-13898", "connectedWayCount": 2}}, {"type": "Feature", "geometry": {"type": "Point", "coordinates": [-73.714318, 40.967833]}, "properties": {"intersectionId": "ix-13902", "connectedWayCount": 2}}, {"type": "Feature", "geometry": {"type": "Point", "coordinates": [-73.73913, 40.956]}, "properties": {"intersectionId": "ix-13904", "connectedWayCount": 2}}, {"type": "Feature", "geometry": {"type": "Point", "coordinates": [-73.737855, 40.957704]}, "properties": {"intersectionId": "ix-13915", "connectedWayCount": 3}}, {"type": "Feature", "geometry": {"type": "Point", "coordinates": [-73.737517, 40.957632]}, "properties": {"intersectionId": "ix-13916", "connectedWayCount": 2}}, {"type": "Feature", "geometry": {"type": "Point", "coordinates": [-73.736919, 40.957504]}, "properties": {"intersectionId": "ix-13917", "connectedWayCount": 2}}, {"type": "Feature", "geometry": {"type": "Point", "coordinates": [-73.737897, 40.957589]}, "properties": {"intersectionId": "ix-13918", "connectedWayCount": 3}}, {"type": "Feature", "geometry": {"type": "Point", "coordinates": [-73.744852, 40.93409]}, "properties": {"intersectionId": "ix-13930", "connectedWayCount": 2}}, {"type": "Feature", "geometry": {"type": "Point", "coordinates": [-73.745225, 40.933736]}, "properties": {"intersectionId": "ix-13931", "connectedWayCount": 2}}, {"type": "Feature", "geometry": {"type": "Point", "coordinates": [-73.745312, 40.933661]}, "properties": {"intersectionId": "ix-13932", "connectedWayCount": 2}}, {"type": "Feature", "geometry": {"type": "Point", "coordinates": [-73.730097, 40.95091]}, "properties": {"intersectionId": "ix-13941", "connectedWayCount": 2}}, {"type": "Feature", "geometry": {"type": "Point", "coordinates": [-73.726455, 40.952809]}, "properties": {"intersectionId": "ix-13948", "connectedWayCount": 3}}, {"type": "Feature", "geometry": {"type": "Point", "coordinates": [-73.728937, 40.951822]}, "properties": {"intersectionId": "ix-13957", "connectedWayCount": 2}}, {"type": "Feature", "geometry": {"type": "Point", "coordinates": [-73.728977, 40.951912]}, "properties": {"intersectionId": "ix-13961", "connectedWayCount": 2}}, {"type": "Feature", "geometry": {"type": "Point", "coordinates": [-73.729661, 40.951909]}, "properties": {"intersectionId": "ix-13965", "connectedWayCount": 3}}, {"type": "Feature", "geometry": {"type": "Point", "coordinates": [-73.728795, 40.952088]}, "properties": {"intersectionId": "ix-13968", "connectedWayCount": 2}}, {"type": "Feature", "geometry": {"type": "Point", "coordinates": [-73.72844, 40.952148]}, "properties": {"intersectionId": "ix-13971", "connectedWayCount": 2}}, {"type": "Feature", "geometry": {"type": "Point", "coordinates": [-73.74615, 40.937929]}, "properties": {"intersectionId": "ix-14004", "connectedWayCount": 2}}, {"type": "Feature", "geometry": {"type": "Point", "coordinates": [-73.736074, 40.955525]}, "properties": {"intersectionId": "ix-14017", "connectedWayCount": 2}}, {"type": "Feature", "geometry": {"type": "Point", "coordinates": [-73.735873, 40.955482]}, "properties": {"intersectionId": "ix-14019", "connectedWayCount": 2}}, {"type": "Feature", "geometry": {"type": "Point", "coordinates": [-73.735695, 40.95543]}, "properties": {"intersectionId": "ix-14021", "connectedWayCount": 2}}, {"type": "Feature", "geometry": {"type": "Point", "coordinates": [-73.735591, 40.955271]}, "properties": {"intersectionId": "ix-14025", "connectedWayCount": 2}}, {"type": "Feature", "geometry": {"type": "Point", "coordinates": [-73.735467, 40.955254]}, "properties": {"intersectionId": "ix-14026", "connectedWayCount": 2}}, {"type": "Feature", "geometry": {"type": "Point", "coordinates": [-73.720487, 40.956639]}, "properties": {"intersectionId": "ix-14037", "connectedWayCount": 2}}, {"type": "Feature", "geometry": {"type": "Point", "coordinates": [-73.72084, 40.956066]}, "properties": {"intersectionId": "ix-14038", "connectedWayCount": 2}}, {"type": "Feature", "geometry": {"type": "Point", "coordinates": [-73.722626, 40.961891]}, "properties": {"intersectionId": "ix-14059", "connectedWayCount": 2}}, {"type": "Feature", "geometry": {"type": "Point", "coordinates": [-73.722249, 40.961764]}, "properties": {"intersectionId": "ix-14061", "connectedWayCount": 2}}, {"type": "Feature", "geometry": {"type": "Point", "coordinates": [-73.722442, 40.96198]}, "properties": {"intersectionId": "ix-14064", "connectedWayCount": 2}}, {"type": "Feature", "geometry": {"type": "Point", "coordinates": [-73.72207, 40.961697]}, "properties": {"intersectionId": "ix-14066", "connectedWayCount": 2}}, {"type": "Feature", "geometry": {"type": "Point", "coordinates": [-73.753133, 40.921605]}, "properties": {"intersectionId": "ix-14067", "connectedWayCount": 2}}, {"type": "Feature", "geometry": {"type": "Point", "coordinates": [-73.713683, 40.967678]}, "properties": {"intersectionId": "ix-14075", "connectedWayCount": 2}}, {"type": "Feature", "geometry": {"type": "Point", "coordinates": [-73.714104, 40.968088]}, "properties": {"intersectionId": "ix-14080", "connectedWayCount": 2}}, {"type": "Feature", "geometry": {"type": "Point", "coordinates": [-73.714185, 40.968149]}, "properties": {"intersectionId": "ix-14081", "connectedWayCount": 2}}, {"type": "Feature", "geometry": {"type": "Point", "coordinates": [-73.713075, 40.967386]}, "properties": {"intersectionId": "ix-14084", "connectedWayCount": 2}}, {"type": "Feature", "geometry": {"type": "Point", "coordinates": [-73.7132, 40.967382]}, "properties": {"intersectionId": "ix-14087", "connectedWayCount": 2}}, {"type": "Feature", "geometry": {"type": "Point", "coordinates": [-73.711253, 40.969106]}, "properties": {"intersectionId": "ix-14089", "connectedWayCount": 2}}, {"type": "Feature", "geometry": {"type": "Point", "coordinates": [-73.711354, 40.969087]}, "properties": {"intersectionId": "ix-14092", "connectedWayCount": 2}}, {"type": "Feature", "geometry": {"type": "Point", "coordinates": [-73.711333, 40.969029]}, "properties": {"intersectionId": "ix-14093", "connectedWayCount": 2}}, {"type": "Feature", "geometry": {"type": "Point", "coordinates": [-73.711307, 40.96896]}, "properties": {"intersectionId": "ix-14094", "connectedWayCount": 2}}, {"type": "Feature", "geometry": {"type": "Point", "coordinates": [-73.735031, 40.933818]}, "properties": {"intersectionId": "ix-14109", "connectedWayCount": 4}}, {"type": "Feature", "geometry": {"type": "Point", "coordinates": [-73.745812, 40.933127]}, "properties": {"intersectionId": "ix-14140", "connectedWayCount": 3}}, {"type": "Feature", "geometry": {"type": "Point", "coordinates": [-73.746356, 40.933233]}, "properties": {"intersectionId": "ix-14143", "connectedWayCount": 2}}, {"type": "Feature", "geometry": {"type": "Point", "coordinates": [-73.735119, 40.952564]}, "properties": {"intersectionId": "ix-14145", "connectedWayCount": 2}}, {"type": "Feature", "geometry": {"type": "Point", "coordinates": [-73.73527, 40.952444]}, "properties": {"intersectionId": "ix-14148", "connectedWayCount": 2}}, {"type": "Feature", "geometry": {"type": "Point", "coordinates": [-73.749402, 40.920199]}, "properties": {"intersectionId": "ix-14165", "connectedWayCount": 2}}, {"type": "Feature", "geometry": {"type": "Point", "coordinates": [-73.749342, 40.920087]}, "properties": {"intersectionId": "ix-14166", "connectedWayCount": 2}}, {"type": "Feature", "geometry": {"type": "Point", "coordinates": [-73.744111, 40.960047]}, "properties": {"intersectionId": "ix-14206", "connectedWayCount": 2}}, {"type": "Feature", "geometry": {"type": "Point", "coordinates": [-73.722822, 40.961768]}, "properties": {"intersectionId": "ix-14211", "connectedWayCount": 3}}, {"type": "Feature", "geometry": {"type": "Point", "coordinates": [-73.722234, 40.961561]}, "properties": {"intersectionId": "ix-14219", "connectedWayCount": 2}}, {"type": "Feature", "geometry": {"type": "Point", "coordinates": [-73.740041, 40.954701]}, "properties": {"intersectionId": "ix-14222", "connectedWayCount": 2}}, {"type": "Feature", "geometry": {"type": "Point", "coordinates": [-73.740861, 40.955697]}, "properties": {"intersectionId": "ix-14226", "connectedWayCount": 2}}, {"type": "Feature", "geometry": {"type": "Point", "coordinates": [-73.743338, 40.934873]}, "properties": {"intersectionId": "ix-14243", "connectedWayCount": 2}}, {"type": "Feature", "geometry": {"type": "Point", "coordinates": [-73.743967, 40.934817]}, "properties": {"intersectionId": "ix-14244", "connectedWayCount": 2}}, {"type": "Feature", "geometry": {"type": "Point", "coordinates": [-73.742543, 40.936219]}, "properties": {"intersectionId": "ix-14265", "connectedWayCount": 2}}, {"type": "Feature", "geometry": {"type": "Point", "coordinates": [-73.741262, 40.937595]}, "properties": {"intersectionId": "ix-14266", "connectedWayCount": 2}}, {"type": "Feature", "geometry": {"type": "Point", "coordinates": [-73.741475, 40.93752]}, "properties": {"intersectionId": "ix-14270", "connectedWayCount": 2}}, {"type": "Feature", "geometry": {"type": "Point", "coordinates": [-73.741935, 40.93739]}, "properties": {"intersectionId": "ix-14275", "connectedWayCount": 2}}, {"type": "Feature", "geometry": {"type": "Point", "coordinates": [-73.741788, 40.937738]}, "properties": {"intersectionId": "ix-14346", "connectedWayCount": 2}}, {"type": "Feature", "geometry": {"type": "Point", "coordinates": [-73.741254, 40.938046]}, "properties": {"intersectionId": "ix-14353", "connectedWayCount": 2}}, {"type": "Feature", "geometry": {"type": "Point", "coordinates": [-73.739963, 40.938544]}, "properties": {"intersectionId": "ix-14354", "connectedWayCount": 2}}, {"type": "Feature", "geometry": {"type": "Point", "coordinates": [-73.740358, 40.938372]}, "properties": {"intersectionId": "ix-14358", "connectedWayCount": 5}}, {"type": "Feature", "geometry": {"type": "Point", "coordinates": [-73.741156, 40.936725]}, "properties": {"intersectionId": "ix-14383", "connectedWayCount": 2}}, {"type": "Feature", "geometry": {"type": "Point", "coordinates": [-73.741186, 40.936558]}, "properties": {"intersectionId": "ix-14385", "connectedWayCount": 3}}, {"type": "Feature", "geometry": {"type": "Point", "coordinates": [-73.740415, 40.937561]}, "properties": {"intersectionId": "ix-14386", "connectedWayCount": 2}}, {"type": "Feature", "geometry": {"type": "Point", "coordinates": [-73.738774, 40.935674]}, "properties": {"intersectionId": "ix-14405", "connectedWayCount": 2}}, {"type": "Feature", "geometry": {"type": "Point", "coordinates": [-73.737193, 40.934065]}, "properties": {"intersectionId": "ix-14417", "connectedWayCount": 2}}, {"type": "Feature", "geometry": {"type": "Point", "coordinates": [-73.736845, 40.933477]}, "properties": {"intersectionId": "ix-14422", "connectedWayCount": 2}}, {"type": "Feature", "geometry": {"type": "Point", "coordinates": [-73.738954, 40.937169]}, "properties": {"intersectionId": "ix-14516", "connectedWayCount": 2}}, {"type": "Feature", "geometry": {"type": "Point", "coordinates": [-73.737512, 40.935292]}, "properties": {"intersectionId": "ix-14532", "connectedWayCount": 2}}, {"type": "Feature", "geometry": {"type": "Point", "coordinates": [-73.737405, 40.935221]}, "properties": {"intersectionId": "ix-14533", "connectedWayCount": 2}}, {"type": "Feature", "geometry": {"type": "Point", "coordinates": [-73.739249, 40.936982]}, "properties": {"intersectionId": "ix-14555", "connectedWayCount": 2}}, {"type": "Feature", "geometry": {"type": "Point", "coordinates": [-73.739146, 40.937024]}, "properties": {"intersectionId": "ix-14557", "connectedWayCount": 2}}, {"type": "Feature", "geometry": {"type": "Point", "coordinates": [-73.739039, 40.937039]}, "properties": {"intersectionId": "ix-14558", "connectedWayCount": 2}}, {"type": "Feature", "geometry": {"type": "Point", "coordinates": [-73.737375, 40.935323]}, "properties": {"intersectionId": "ix-14578", "connectedWayCount": 2}}, {"type": "Feature", "geometry": {"type": "Point", "coordinates": [-73.737241, 40.935602]}, "properties": {"intersectionId": "ix-14580", "connectedWayCount": 3}}, {"type": "Feature", "geometry": {"type": "Point", "coordinates": [-73.735076, 40.934853]}, "properties": {"intersectionId": "ix-14596", "connectedWayCount": 2}}, {"type": "Feature", "geometry": {"type": "Point", "coordinates": [-73.736727, 40.935666]}, "properties": {"intersectionId": "ix-14601", "connectedWayCount": 2}}, {"type": "Feature", "geometry": {"type": "Point", "coordinates": [-73.737819, 40.932866]}, "properties": {"intersectionId": "ix-14726", "connectedWayCount": 2}}, {"type": "Feature", "geometry": {"type": "Point", "coordinates": [-73.742515, 40.936243]}, "properties": {"intersectionId": "ix-14727", "connectedWayCount": 2}}, {"type": "Feature", "geometry": {"type": "Point", "coordinates": [-73.737772, 40.932866]}, "properties": {"intersectionId": "ix-14740", "connectedWayCount": 2}}, {"type": "Feature", "geometry": {"type": "Point", "coordinates": [-73.739827, 40.958612]}, "properties": {"intersectionId": "ix-14745", "connectedWayCount": 2}}, {"type": "Feature", "geometry": {"type": "Point", "coordinates": [-73.736913, 40.95752]}, "properties": {"intersectionId": "ix-14752", "connectedWayCount": 2}}, {"type": "Feature", "geometry": {"type": "Point", "coordinates": [-73.736715, 40.957476]}, "properties": {"intersectionId": "ix-14753", "connectedWayCount": 2}}, {"type": "Feature", "geometry": {"type": "Point", "coordinates": [-73.736623, 40.957713]}, "properties": {"intersectionId": "ix-14758", "connectedWayCount": 2}}, {"type": "Feature", "geometry": {"type": "Point", "coordinates": [-73.736825, 40.957751]}, "properties": {"intersectionId": "ix-14759", "connectedWayCount": 2}}, {"type": "Feature", "geometry": {"type": "Point", "coordinates": [-73.745587, 40.947027]}, "properties": {"intersectionId": "ix-14760", "connectedWayCount": 2}}, {"type": "Feature", "geometry": {"type": "Point", "coordinates": [-73.746121, 40.947057]}, "properties": {"intersectionId": "ix-14763", "connectedWayCount": 2}}, {"type": "Feature", "geometry": {"type": "Point", "coordinates": [-73.755691, 40.934742]}, "properties": {"intersectionId": "ix-14774", "connectedWayCount": 2}}, {"type": "Feature", "geometry": {"type": "Point", "coordinates": [-73.755354, 40.934497]}, "properties": {"intersectionId": "ix-14780", "connectedWayCount": 2}}, {"type": "Feature", "geometry": {"type": "Point", "coordinates": [-73.736299, 40.947475]}, "properties": {"intersectionId": "ix-14841", "connectedWayCount": 2}}, {"type": "Feature", "geometry": {"type": "Point", "coordinates": [-73.733444, 40.947841]}, "properties": {"intersectionId": "ix-14851", "connectedWayCount": 2}}, {"type": "Feature", "geometry": {"type": "Point", "coordinates": [-73.735621, 40.950573]}, "properties": {"intersectionId": "ix-14869", "connectedWayCount": 2}}, {"type": "Feature", "geometry": {"type": "Point", "coordinates": [-73.735826, 40.950522]}, "properties": {"intersectionId": "ix-14870", "connectedWayCount": 2}}, {"type": "Feature", "geometry": {"type": "Point", "coordinates": [-73.735167, 40.950684]}, "properties": {"intersectionId": "ix-14872", "connectedWayCount": 2}}, {"type": "Feature", "geometry": {"type": "Point", "coordinates": [-73.736492, 40.950712]}, "properties": {"intersectionId": "ix-14877", "connectedWayCount": 2}}, {"type": "Feature", "geometry": {"type": "Point", "coordinates": [-73.736385, 40.950738]}, "properties": {"intersectionId": "ix-14878", "connectedWayCount": 2}}, {"type": "Feature", "geometry": {"type": "Point", "coordinates": [-73.736935, 40.952402]}, "properties": {"intersectionId": "ix-14892", "connectedWayCount": 2}}, {"type": "Feature", "geometry": {"type": "Point", "coordinates": [-73.73598, 40.95173]}, "properties": {"intersectionId": "ix-14895", "connectedWayCount": 2}}, {"type": "Feature", "geometry": {"type": "Point", "coordinates": [-73.736789, 40.952875]}, "properties": {"intersectionId": "ix-14900", "connectedWayCount": 2}}, {"type": "Feature", "geometry": {"type": "Point", "coordinates": [-73.736154, 40.953451]}, "properties": {"intersectionId": "ix-14905", "connectedWayCount": 2}}, {"type": "Feature", "geometry": {"type": "Point", "coordinates": [-73.735799, 40.953206]}, "properties": {"intersectionId": "ix-14907", "connectedWayCount": 2}}, {"type": "Feature", "geometry": {"type": "Point", "coordinates": [-73.735871, 40.951988]}, "properties": {"intersectionId": "ix-14912", "connectedWayCount": 2}}, {"type": "Feature", "geometry": {"type": "Point", "coordinates": [-73.736775, 40.952631]}, "properties": {"intersectionId": "ix-14914", "connectedWayCount": 2}}, {"type": "Feature", "geometry": {"type": "Point", "coordinates": [-73.736841, 40.952678]}, "properties": {"intersectionId": "ix-14915", "connectedWayCount": 2}}, {"type": "Feature", "geometry": {"type": "Point", "coordinates": [-73.736882, 40.952703]}, "properties": {"intersectionId": "ix-14916", "connectedWayCount": 2}}, {"type": "Feature", "geometry": {"type": "Point", "coordinates": [-73.737032, 40.952514]}, "properties": {"intersectionId": "ix-14918", "connectedWayCount": 2}}, {"type": "Feature", "geometry": {"type": "Point", "coordinates": [-73.744088, 40.948679]}, "properties": {"intersectionId": "ix-14929", "connectedWayCount": 2}}, {"type": "Feature", "geometry": {"type": "Point", "coordinates": [-73.745518, 40.948014]}, "properties": {"intersectionId": "ix-14934", "connectedWayCount": 2}}, {"type": "Feature", "geometry": {"type": "Point", "coordinates": [-73.724237, 40.979347]}, "properties": {"intersectionId": "ix-14940", "connectedWayCount": 3}}, {"type": "Feature", "geometry": {"type": "Point", "coordinates": [-73.747719, 40.936472]}, "properties": {"intersectionId": "ix-14946", "connectedWayCount": 2}}, {"type": "Feature", "geometry": {"type": "Point", "coordinates": [-73.748837, 40.936268]}, "properties": {"intersectionId": "ix-14950", "connectedWayCount": 3}}, {"type": "Feature", "geometry": {"type": "Point", "coordinates": [-73.747974, 40.936568]}, "properties": {"intersectionId": "ix-14951", "connectedWayCount": 2}}, {"type": "Feature", "geometry": {"type": "Point", "coordinates": [-73.748298, 40.936661]}, "properties": {"intersectionId": "ix-14953", "connectedWayCount": 2}}, {"type": "Feature", "geometry": {"type": "Point", "coordinates": [-73.748467, 40.937058]}, "properties": {"intersectionId": "ix-14961", "connectedWayCount": 2}}, {"type": "Feature", "geometry": {"type": "Point", "coordinates": [-73.747069, 40.939281]}, "properties": {"intersectionId": "ix-14980", "connectedWayCount": 2}}, {"type": "Feature", "geometry": {"type": "Point", "coordinates": [-73.746354, 40.938806]}, "properties": {"intersectionId": "ix-14992", "connectedWayCount": 2}}, {"type": "Feature", "geometry": {"type": "Point", "coordinates": [-73.724441, 40.953031]}, "properties": {"intersectionId": "ix-15023", "connectedWayCount": 3}}, {"type": "Feature", "geometry": {"type": "Point", "coordinates": [-73.724718, 40.952905]}, "properties": {"intersectionId": "ix-15024", "connectedWayCount": 3}}, {"type": "Feature", "geometry": {"type": "Point", "coordinates": [-73.725065, 40.952722]}, "properties": {"intersectionId": "ix-15028", "connectedWayCount": 2}}, {"type": "Feature", "geometry": {"type": "Point", "coordinates": [-73.724432, 40.953132]}, "properties": {"intersectionId": "ix-15031", "connectedWayCount": 2}}, {"type": "Feature", "geometry": {"type": "Point", "coordinates": [-73.724546, 40.953247]}, "properties": {"intersectionId": "ix-15032", "connectedWayCount": 2}}, {"type": "Feature", "geometry": {"type": "Point", "coordinates": [-73.745365, 40.951744]}, "properties": {"intersectionId": "ix-15058", "connectedWayCount": 2}}, {"type": "Feature", "geometry": {"type": "Point", "coordinates": [-73.711521, 40.9489]}, "properties": {"intersectionId": "ix-15061", "connectedWayCount": 2}}, {"type": "Feature", "geometry": {"type": "Point", "coordinates": [-73.706401, 40.957444]}, "properties": {"intersectionId": "ix-15084", "connectedWayCount": 2}}, {"type": "Feature", "geometry": {"type": "Point", "coordinates": [-73.740465, 40.955907]}, "properties": {"intersectionId": "ix-15095", "connectedWayCount": 2}}, {"type": "Feature", "geometry": {"type": "Point", "coordinates": [-73.74048, 40.955978]}, "properties": {"intersectionId": "ix-15096", "connectedWayCount": 2}}, {"type": "Feature", "geometry": {"type": "Point", "coordinates": [-73.759423, 40.977732]}, "properties": {"intersectionId": "ix-15108", "connectedWayCount": 2}}, {"type": "Feature", "geometry": {"type": "Point", "coordinates": [-73.75971, 40.977958]}, "properties": {"intersectionId": "ix-15111", "connectedWayCount": 2}}, {"type": "Feature", "geometry": {"type": "Point", "coordinates": [-73.759546, 40.978115]}, "properties": {"intersectionId": "ix-15112", "connectedWayCount": 2}}, {"type": "Feature", "geometry": {"type": "Point", "coordinates": [-73.745991, 40.924233]}, "properties": {"intersectionId": "ix-15133", "connectedWayCount": 2}}, {"type": "Feature", "geometry": {"type": "Point", "coordinates": [-73.738624, 40.955281]}, "properties": {"intersectionId": "ix-15164", "connectedWayCount": 2}}, {"type": "Feature", "geometry": {"type": "Point", "coordinates": [-73.737234, 40.958245]}, "properties": {"intersectionId": "ix-15170", "connectedWayCount": 2}}, {"type": "Feature", "geometry": {"type": "Point", "coordinates": [-73.737796, 40.959662]}, "properties": {"intersectionId": "ix-15184", "connectedWayCount": 2}}, {"type": "Feature", "geometry": {"type": "Point", "coordinates": [-73.737255, 40.959804]}, "properties": {"intersectionId": "ix-15186", "connectedWayCount": 2}}, {"type": "Feature", "geometry": {"type": "Point", "coordinates": [-73.73655, 40.961285]}, "properties": {"intersectionId": "ix-15188", "connectedWayCount": 3}}, {"type": "Feature", "geometry": {"type": "Point", "coordinates": [-73.736699, 40.961316]}, "properties": {"intersectionId": "ix-15189", "connectedWayCount": 2}}, {"type": "Feature", "geometry": {"type": "Point", "coordinates": [-73.736733, 40.961224]}, "properties": {"intersectionId": "ix-15194", "connectedWayCount": 2}}, {"type": "Feature", "geometry": {"type": "Point", "coordinates": [-73.736583, 40.961188]}, "properties": {"intersectionId": "ix-15195", "connectedWayCount": 3}}, {"type": "Feature", "geometry": {"type": "Point", "coordinates": [-73.7385, 40.959811]}, "properties": {"intersectionId": "ix-15207", "connectedWayCount": 2}}, {"type": "Feature", "geometry": {"type": "Point", "coordinates": [-73.738747, 40.959886]}, "properties": {"intersectionId": "ix-15208", "connectedWayCount": 2}}, {"type": "Feature", "geometry": {"type": "Point", "coordinates": [-73.737074, 40.967892]}, "properties": {"intersectionId": "ix-15214", "connectedWayCount": 2}}, {"type": "Feature", "geometry": {"type": "Point", "coordinates": [-73.736901, 40.968193]}, "properties": {"intersectionId": "ix-15215", "connectedWayCount": 2}}, {"type": "Feature", "geometry": {"type": "Point", "coordinates": [-73.736603, 40.968215]}, "properties": {"intersectionId": "ix-15216", "connectedWayCount": 2}}, {"type": "Feature", "geometry": {"type": "Point", "coordinates": [-73.755801, 40.972187]}, "properties": {"intersectionId": "ix-15287", "connectedWayCount": 2}}, {"type": "Feature", "geometry": {"type": "Point", "coordinates": [-73.755202, 40.940695]}, "properties": {"intersectionId": "ix-15304", "connectedWayCount": 2}}, {"type": "Feature", "geometry": {"type": "Point", "coordinates": [-73.755053, 40.941009]}, "properties": {"intersectionId": "ix-15310", "connectedWayCount": 2}}, {"type": "Feature", "geometry": {"type": "Point", "coordinates": [-73.755346, 40.94085]}, "properties": {"intersectionId": "ix-15314", "connectedWayCount": 2}}, {"type": "Feature", "geometry": {"type": "Point", "coordinates": [-73.746096, 40.933466]}, "properties": {"intersectionId": "ix-15376", "connectedWayCount": 2}}, {"type": "Feature", "geometry": {"type": "Point", "coordinates": [-73.738632, 40.93868]}, "properties": {"intersectionId": "ix-15397", "connectedWayCount": 2}}, {"type": "Feature", "geometry": {"type": "Point", "coordinates": [-73.731314, 40.940519]}, "properties": {"intersectionId": "ix-15448", "connectedWayCount": 2}}, {"type": "Feature", "geometry": {"type": "Point", "coordinates": [-73.715804, 40.954533]}, "properties": {"intersectionId": "ix-15561", "connectedWayCount": 3}}, {"type": "Feature", "geometry": {"type": "Point", "coordinates": [-73.715159, 40.954347]}, "properties": {"intersectionId": "ix-15568", "connectedWayCount": 3}}, {"type": "Feature", "geometry": {"type": "Point", "coordinates": [-73.71542, 40.954623]}, "properties": {"intersectionId": "ix-15570", "connectedWayCount": 2}}, {"type": "Feature", "geometry": {"type": "Point", "coordinates": [-73.723746, 40.946204]}, "properties": {"intersectionId": "ix-15664", "connectedWayCount": 2}}, {"type": "Feature", "geometry": {"type": "Point", "coordinates": [-73.749067, 40.931527]}, "properties": {"intersectionId": "ix-15674", "connectedWayCount": 2}}, {"type": "Feature", "geometry": {"type": "Point", "coordinates": [-73.749565, 40.931702]}, "properties": {"intersectionId": "ix-15678", "connectedWayCount": 2}}, {"type": "Feature", "geometry": {"type": "Point", "coordinates": [-73.725663, 40.958787]}, "properties": {"intersectionId": "ix-15679", "connectedWayCount": 2}}, {"type": "Feature", "geometry": {"type": "Point", "coordinates": [-73.712231, 40.968581]}, "properties": {"intersectionId": "ix-15693", "connectedWayCount": 2}}, {"type": "Feature", "geometry": {"type": "Point", "coordinates": [-73.744818, 40.950741]}, "properties": {"intersectionId": "ix-15713", "connectedWayCount": 2}}, {"type": "Feature", "geometry": {"type": "Point", "coordinates": [-73.744649, 40.950884]}, "properties": {"intersectionId": "ix-15714", "connectedWayCount": 2}}, {"type": "Feature", "geometry": {"type": "Point", "coordinates": [-73.745008, 40.951164]}, "properties": {"intersectionId": "ix-15719", "connectedWayCount": 2}}, {"type": "Feature", "geometry": {"type": "Point", "coordinates": [-73.728263, 40.951768]}, "properties": {"intersectionId": "ix-15733", "connectedWayCount": 2}}, {"type": "Feature", "geometry": {"type": "Point", "coordinates": [-73.70747, 40.969572]}, "properties": {"intersectionId": "ix-15749", "connectedWayCount": 2}}, {"type": "Feature", "geometry": {"type": "Point", "coordinates": [-73.756941, 40.97098]}, "properties": {"intersectionId": "ix-15765", "connectedWayCount": 2}}, {"type": "Feature", "geometry": {"type": "Point", "coordinates": [-73.751719, 40.958716]}, "properties": {"intersectionId": "ix-15773", "connectedWayCount": 2}}, {"type": "Feature", "geometry": {"type": "Point", "coordinates": [-73.735476, 40.933631]}, "properties": {"intersectionId": "ix-15805", "connectedWayCount": 2}}, {"type": "Feature", "geometry": {"type": "Point", "coordinates": [-73.735477, 40.933565]}, "properties": {"intersectionId": "ix-15809", "connectedWayCount": 2}}, {"type": "Feature", "geometry": {"type": "Point", "coordinates": [-73.735083, 40.93375]}, "properties": {"intersectionId": "ix-15810", "connectedWayCount": 2}}, {"type": "Feature", "geometry": {"type": "Point", "coordinates": [-73.734819, 40.933719]}, "properties": {"intersectionId": "ix-15820", "connectedWayCount": 2}}, {"type": "Feature", "geometry": {"type": "Point", "coordinates": [-73.734686, 40.933657]}, "properties": {"intersectionId": "ix-15822", "connectedWayCount": 2}}, {"type": "Feature", "geometry": {"type": "Point", "coordinates": [-73.73464, 40.933635]}, "properties": {"intersectionId": "ix-15823", "connectedWayCount": 2}}, {"type": "Feature", "geometry": {"type": "Point", "coordinates": [-73.725284, 40.933798]}, "properties": {"intersectionId": "ix-15844", "connectedWayCount": 2}}, {"type": "Feature", "geometry": {"type": "Point", "coordinates": [-73.725074, 40.933906]}, "properties": {"intersectionId": "ix-15847", "connectedWayCount": 2}}, {"type": "Feature", "geometry": {"type": "Point", "coordinates": [-73.746156, 40.977072]}, "properties": {"intersectionId": "ix-15870", "connectedWayCount": 3}}, {"type": "Feature", "geometry": {"type": "Point", "coordinates": [-73.745831, 40.974083]}, "properties": {"intersectionId": "ix-15906", "connectedWayCount": 3}}, {"type": "Feature", "geometry": {"type": "Point", "coordinates": [-73.759396, 40.959526]}, "properties": {"intersectionId": "ix-15963", "connectedWayCount": 2}}, {"type": "Feature", "geometry": {"type": "Point", "coordinates": [-73.743014, 40.943019]}, "properties": {"intersectionId": "ix-15997", "connectedWayCount": 2}}, {"type": "Feature", "geometry": {"type": "Point", "coordinates": [-73.744155, 40.958423]}, "properties": {"intersectionId": "ix-16018", "connectedWayCount": 2}}, {"type": "Feature", "geometry": {"type": "Point", "coordinates": [-73.754723, 40.918172]}, "properties": {"intersectionId": "ix-16043", "connectedWayCount": 2}}, {"type": "Feature", "geometry": {"type": "Point", "coordinates": [-73.754655, 40.918172]}, "properties": {"intersectionId": "ix-16044", "connectedWayCount": 2}}, {"type": "Feature", "geometry": {"type": "Point", "coordinates": [-73.722307, 40.970971]}, "properties": {"intersectionId": "ix-16121", "connectedWayCount": 2}}, {"type": "Feature", "geometry": {"type": "Point", "coordinates": [-73.722872, 40.970938]}, "properties": {"intersectionId": "ix-16122", "connectedWayCount": 2}}, {"type": "Feature", "geometry": {"type": "Point", "coordinates": [-73.746019, 40.939974]}, "properties": {"intersectionId": "ix-16123", "connectedWayCount": 2}}, {"type": "Feature", "geometry": {"type": "Point", "coordinates": [-73.746031, 40.939977]}, "properties": {"intersectionId": "ix-16124", "connectedWayCount": 2}}, {"type": "Feature", "geometry": {"type": "Point", "coordinates": [-73.746243, 40.939565]}, "properties": {"intersectionId": "ix-16127", "connectedWayCount": 2}}, {"type": "Feature", "geometry": {"type": "Point", "coordinates": [-73.746295, 40.939445]}, "properties": {"intersectionId": "ix-16129", "connectedWayCount": 2}}, {"type": "Feature", "geometry": {"type": "Point", "coordinates": [-73.746165, 40.939416]}, "properties": {"intersectionId": "ix-16130", "connectedWayCount": 2}}, {"type": "Feature", "geometry": {"type": "Point", "coordinates": [-73.745889, 40.939356]}, "properties": {"intersectionId": "ix-16132", "connectedWayCount": 2}}, {"type": "Feature", "geometry": {"type": "Point", "coordinates": [-73.745699, 40.939326]}, "properties": {"intersectionId": "ix-16134", "connectedWayCount": 3}}, {"type": "Feature", "geometry": {"type": "Point", "coordinates": [-73.745081, 40.939581]}, "properties": {"intersectionId": "ix-16140", "connectedWayCount": 2}}, {"type": "Feature", "geometry": {"type": "Point", "coordinates": [-73.746425, 40.939476]}, "properties": {"intersectionId": "ix-16144", "connectedWayCount": 2}}, {"type": "Feature", "geometry": {"type": "Point", "coordinates": [-73.746448, 40.939483]}, "properties": {"intersectionId": "ix-16155", "connectedWayCount": 2}}, {"type": "Feature", "geometry": {"type": "Point", "coordinates": [-73.745726, 40.939438]}, "properties": {"intersectionId": "ix-16156", "connectedWayCount": 2}}, {"type": "Feature", "geometry": {"type": "Point", "coordinates": [-73.74552, 40.939931]}, "properties": {"intersectionId": "ix-16161", "connectedWayCount": 2}}, {"type": "Feature", "geometry": {"type": "Point", "coordinates": [-73.746583, 40.940115]}, "properties": {"intersectionId": "ix-16172", "connectedWayCount": 2}}, {"type": "Feature", "geometry": {"type": "Point", "coordinates": [-73.746579, 40.940225]}, "properties": {"intersectionId": "ix-16173", "connectedWayCount": 2}}, {"type": "Feature", "geometry": {"type": "Point", "coordinates": [-73.746473, 40.940122]}, "properties": {"intersectionId": "ix-16174", "connectedWayCount": 2}}, {"type": "Feature", "geometry": {"type": "Point", "coordinates": [-73.746014, 40.940123]}, "properties": {"intersectionId": "ix-16201", "connectedWayCount": 2}}, {"type": "Feature", "geometry": {"type": "Point", "coordinates": [-73.727469, 40.950788]}, "properties": {"intersectionId": "ix-16219", "connectedWayCount": 2}}, {"type": "Feature", "geometry": {"type": "Point", "coordinates": [-73.727563, 40.950807]}, "properties": {"intersectionId": "ix-16232", "connectedWayCount": 2}}, {"type": "Feature", "geometry": {"type": "Point", "coordinates": [-73.739944, 40.9566]}, "properties": {"intersectionId": "ix-16249", "connectedWayCount": 2}}, {"type": "Feature", "geometry": {"type": "Point", "coordinates": [-73.739833, 40.95637]}, "properties": {"intersectionId": "ix-16256", "connectedWayCount": 2}}, {"type": "Feature", "geometry": {"type": "Point", "coordinates": [-73.739454, 40.956288]}, "properties": {"intersectionId": "ix-16268", "connectedWayCount": 2}}, {"type": "Feature", "geometry": {"type": "Point", "coordinates": [-73.716638, 40.958835]}, "properties": {"intersectionId": "ix-16311", "connectedWayCount": 3}}, {"type": "Feature", "geometry": {"type": "Point", "coordinates": [-73.759452, 40.931551]}, "properties": {"intersectionId": "ix-16336", "connectedWayCount": 2}}, {"type": "Feature", "geometry": {"type": "Point", "coordinates": [-73.756756, 40.930092]}, "properties": {"intersectionId": "ix-16338", "connectedWayCount": 3}}, {"type": "Feature", "geometry": {"type": "Point", "coordinates": [-73.751777, 40.927923]}, "properties": {"intersectionId": "ix-16340", "connectedWayCount": 4}}, {"type": "Feature", "geometry": {"type": "Point", "coordinates": [-73.743391, 40.978384]}, "properties": {"intersectionId": "ix-16346", "connectedWayCount": 4}}, {"type": "Feature", "geometry": {"type": "Point", "coordinates": [-73.744063, 40.978406]}, "properties": {"intersectionId": "ix-16349", "connectedWayCount": 2}}, {"type": "Feature", "geometry": {"type": "Point", "coordinates": [-73.745805, 40.978264]}, "properties": {"intersectionId": "ix-16373", "connectedWayCount": 2}}, {"type": "Feature", "geometry": {"type": "Point", "coordinates": [-73.744573, 40.974277]}, "properties": {"intersectionId": "ix-16374", "connectedWayCount": 2}}, {"type": "Feature", "geometry": {"type": "Point", "coordinates": [-73.744482, 40.97288]}, "properties": {"intersectionId": "ix-16380", "connectedWayCount": 3}}, {"type": "Feature", "geometry": {"type": "Point", "coordinates": [-73.744598, 40.975296]}, "properties": {"intersectionId": "ix-16397", "connectedWayCount": 3}}, {"type": "Feature", "geometry": {"type": "Point", "coordinates": [-73.744564, 40.974362]}, "properties": {"intersectionId": "ix-16398", "connectedWayCount": 2}}, {"type": "Feature", "geometry": {"type": "Point", "coordinates": [-73.744448, 40.972833]}, "properties": {"intersectionId": "ix-16399", "connectedWayCount": 2}}, {"type": "Feature", "geometry": {"type": "Point", "coordinates": [-73.74488, 40.972578]}, "properties": {"intersectionId": "ix-16401", "connectedWayCount": 2}}, {"type": "Feature", "geometry": {"type": "Point", "coordinates": [-73.745767, 40.972755]}, "properties": {"intersectionId": "ix-16414", "connectedWayCount": 2}}, {"type": "Feature", "geometry": {"type": "Point", "coordinates": [-73.746847, 40.977566]}, "properties": {"intersectionId": "ix-16415", "connectedWayCount": 3}}, {"type": "Feature", "geometry": {"type": "Point", "coordinates": [-73.746859, 40.977608]}, "properties": {"intersectionId": "ix-16416", "connectedWayCount": 2}}, {"type": "Feature", "geometry": {"type": "Point", "coordinates": [-73.745792, 40.972646]}, "properties": {"intersectionId": "ix-16444", "connectedWayCount": 2}}, {"type": "Feature", "geometry": {"type": "Point", "coordinates": [-73.746346, 40.965829]}, "properties": {"intersectionId": "ix-16507", "connectedWayCount": 3}}, {"type": "Feature", "geometry": {"type": "Point", "coordinates": [-73.745787, 40.972698]}, "properties": {"intersectionId": "ix-16508", "connectedWayCount": 2}}, {"type": "Feature", "geometry": {"type": "Point", "coordinates": [-73.744399, 40.964234]}, "properties": {"intersectionId": "ix-16527", "connectedWayCount": 3}}, {"type": "Feature", "geometry": {"type": "Point", "coordinates": [-73.743186, 40.962816]}, "properties": {"intersectionId": "ix-16544", "connectedWayCount": 2}}, {"type": "Feature", "geometry": {"type": "Point", "coordinates": [-73.755464, 40.97482]}, "properties": {"intersectionId": "ix-16556", "connectedWayCount": 2}}, {"type": "Feature", "geometry": {"type": "Point", "coordinates": [-73.755894, 40.975089]}, "properties": {"intersectionId": "ix-16558", "connectedWayCount": 3}}, {"type": "Feature", "geometry": {"type": "Point", "coordinates": [-73.754678, 40.975755]}, "properties": {"intersectionId": "ix-16559", "connectedWayCount": 3}}, {"type": "Feature", "geometry": {"type": "Point", "coordinates": [-73.752281, 40.976627]}, "properties": {"intersectionId": "ix-16590", "connectedWayCount": 2}}, {"type": "Feature", "geometry": {"type": "Point", "coordinates": [-73.74905, 40.977305]}, "properties": {"intersectionId": "ix-16627", "connectedWayCount": 3}}, {"type": "Feature", "geometry": {"type": "Point", "coordinates": [-73.752134, 40.976568]}, "properties": {"intersectionId": "ix-16659", "connectedWayCount": 2}}, {"type": "Feature", "geometry": {"type": "Point", "coordinates": [-73.743485, 40.934923]}, "properties": {"intersectionId": "ix-16748", "connectedWayCount": 2}}, {"type": "Feature", "geometry": {"type": "Point", "coordinates": [-73.754508, 40.936037]}, "properties": {"intersectionId": "ix-16753", "connectedWayCount": 2}}, {"type": "Feature", "geometry": {"type": "Point", "coordinates": [-73.758261, 40.956324]}, "properties": {"intersectionId": "ix-16808", "connectedWayCount": 2}}, {"type": "Feature", "geometry": {"type": "Point", "coordinates": [-73.747926, 40.955688]}, "properties": {"intersectionId": "ix-16849", "connectedWayCount": 2}}, {"type": "Feature", "geometry": {"type": "Point", "coordinates": [-73.752264, 40.944789]}, "properties": {"intersectionId": "ix-16894", "connectedWayCount": 2}}, {"type": "Feature", "geometry": {"type": "Point", "coordinates": [-73.741556, 40.974907]}, "properties": {"intersectionId": "ix-16913", "connectedWayCount": 2}}, {"type": "Feature", "geometry": {"type": "Point", "coordinates": [-73.741316, 40.974591]}, "properties": {"intersectionId": "ix-16917", "connectedWayCount": 2}}, {"type": "Feature", "geometry": {"type": "Point", "coordinates": [-73.740764, 40.974105]}, "properties": {"intersectionId": "ix-16922", "connectedWayCount": 2}}, {"type": "Feature", "geometry": {"type": "Point", "coordinates": [-73.740806, 40.973341]}, "properties": {"intersectionId": "ix-16923", "connectedWayCount": 2}}, {"type": "Feature", "geometry": {"type": "Point", "coordinates": [-73.740958, 40.973802]}, "properties": {"intersectionId": "ix-16928", "connectedWayCount": 2}}, {"type": "Feature", "geometry": {"type": "Point", "coordinates": [-73.740755, 40.974056]}, "properties": {"intersectionId": "ix-16931", "connectedWayCount": 2}}, {"type": "Feature", "geometry": {"type": "Point", "coordinates": [-73.740792, 40.973285]}, "properties": {"intersectionId": "ix-16933", "connectedWayCount": 2}}, {"type": "Feature", "geometry": {"type": "Point", "coordinates": [-73.741255, 40.968315]}, "properties": {"intersectionId": "ix-16965", "connectedWayCount": 2}}, {"type": "Feature", "geometry": {"type": "Point", "coordinates": [-73.741177, 40.968179]}, "properties": {"intersectionId": "ix-16966", "connectedWayCount": 2}}, {"type": "Feature", "geometry": {"type": "Point", "coordinates": [-73.741454, 40.968405]}, "properties": {"intersectionId": "ix-16967", "connectedWayCount": 2}}, {"type": "Feature", "geometry": {"type": "Point", "coordinates": [-73.741388, 40.968274]}, "properties": {"intersectionId": "ix-16968", "connectedWayCount": 2}}, {"type": "Feature", "geometry": {"type": "Point", "coordinates": [-73.758019, 40.934562]}, "properties": {"intersectionId": "ix-16976", "connectedWayCount": 2}}, {"type": "Feature", "geometry": {"type": "Point", "coordinates": [-73.75783, 40.934738]}, "properties": {"intersectionId": "ix-16977", "connectedWayCount": 2}}, {"type": "Feature", "geometry": {"type": "Point", "coordinates": [-73.757215, 40.935278]}, "properties": {"intersectionId": "ix-16978", "connectedWayCount": 2}}, {"type": "Feature", "geometry": {"type": "Point", "coordinates": [-73.73807, 40.953247]}, "properties": {"intersectionId": "ix-17014", "connectedWayCount": 2}}, {"type": "Feature", "geometry": {"type": "Point", "coordinates": [-73.738098, 40.953219]}, "properties": {"intersectionId": "ix-17015", "connectedWayCount": 2}}, {"type": "Feature", "geometry": {"type": "Point", "coordinates": [-73.738046, 40.952945]}, "properties": {"intersectionId": "ix-17019", "connectedWayCount": 2}}, {"type": "Feature", "geometry": {"type": "Point", "coordinates": [-73.737926, 40.953065]}, "properties": {"intersectionId": "ix-17022", "connectedWayCount": 3}}, {"type": "Feature", "geometry": {"type": "Point", "coordinates": [-73.737884, 40.953099]}, "properties": {"intersectionId": "ix-17023", "connectedWayCount": 2}}, {"type": "Feature", "geometry": {"type": "Point", "coordinates": [-73.753452, 40.915522]}, "properties": {"intersectionId": "ix-17037", "connectedWayCount": 2}}, {"type": "Feature", "geometry": {"type": "Point", "coordinates": [-73.752722, 40.937635]}, "properties": {"intersectionId": "ix-17098", "connectedWayCount": 2}}, {"type": "Feature", "geometry": {"type": "Point", "coordinates": [-73.716589, 40.966471]}, "properties": {"intersectionId": "ix-17119", "connectedWayCount": 2}}, {"type": "Feature", "geometry": {"type": "Point", "coordinates": [-73.716345, 40.966693]}, "properties": {"intersectionId": "ix-17122", "connectedWayCount": 2}}, {"type": "Feature", "geometry": {"type": "Point", "coordinates": [-73.711891, 40.967339]}, "properties": {"intersectionId": "ix-17123", "connectedWayCount": 2}}, {"type": "Feature", "geometry": {"type": "Point", "coordinates": [-73.711546, 40.967408]}, "properties": {"intersectionId": "ix-17126", "connectedWayCount": 2}}, {"type": "Feature", "geometry": {"type": "Point", "coordinates": [-73.7164, 40.966645]}, "properties": {"intersectionId": "ix-17132", "connectedWayCount": 2}}, {"type": "Feature", "geometry": {"type": "Point", "coordinates": [-73.715859, 40.967054]}, "properties": {"intersectionId": "ix-17143", "connectedWayCount": 2}}, {"type": "Feature", "geometry": {"type": "Point", "coordinates": [-73.713866, 40.967555]}, "properties": {"intersectionId": "ix-17147", "connectedWayCount": 2}}, {"type": "Feature", "geometry": {"type": "Point", "coordinates": [-73.713754, 40.967631]}, "properties": {"intersectionId": "ix-17150", "connectedWayCount": 2}}, {"type": "Feature", "geometry": {"type": "Point", "coordinates": [-73.712689, 40.96804]}, "properties": {"intersectionId": "ix-17152", "connectedWayCount": 2}}, {"type": "Feature", "geometry": {"type": "Point", "coordinates": [-73.712521, 40.968493]}, "properties": {"intersectionId": "ix-17154", "connectedWayCount": 2}}, {"type": "Feature", "geometry": {"type": "Point", "coordinates": [-73.713469, 40.967706]}, "properties": {"intersectionId": "ix-17157", "connectedWayCount": 2}}, {"type": "Feature", "geometry": {"type": "Point", "coordinates": [-73.713486, 40.968085]}, "properties": {"intersectionId": "ix-17159", "connectedWayCount": 2}}, {"type": "Feature", "geometry": {"type": "Point", "coordinates": [-73.714531, 40.967117]}, "properties": {"intersectionId": "ix-17161", "connectedWayCount": 2}}, {"type": "Feature", "geometry": {"type": "Point", "coordinates": [-73.710635, 40.966244]}, "properties": {"intersectionId": "ix-17166", "connectedWayCount": 2}}, {"type": "Feature", "geometry": {"type": "Point", "coordinates": [-73.711222, 40.967227]}, "properties": {"intersectionId": "ix-17170", "connectedWayCount": 2}}, {"type": "Feature", "geometry": {"type": "Point", "coordinates": [-73.711756, 40.968724]}, "properties": {"intersectionId": "ix-17174", "connectedWayCount": 2}}, {"type": "Feature", "geometry": {"type": "Point", "coordinates": [-73.710738, 40.969209]}, "properties": {"intersectionId": "ix-17177", "connectedWayCount": 2}}, {"type": "Feature", "geometry": {"type": "Point", "coordinates": [-73.71034, 40.968958]}, "properties": {"intersectionId": "ix-17179", "connectedWayCount": 2}}, {"type": "Feature", "geometry": {"type": "Point", "coordinates": [-73.71847, 40.965031]}, "properties": {"intersectionId": "ix-17181", "connectedWayCount": 2}}, {"type": "Feature", "geometry": {"type": "Point", "coordinates": [-73.718719, 40.964878]}, "properties": {"intersectionId": "ix-17184", "connectedWayCount": 2}}, {"type": "Feature", "geometry": {"type": "Point", "coordinates": [-73.717985, 40.965363]}, "properties": {"intersectionId": "ix-17185", "connectedWayCount": 2}}, {"type": "Feature", "geometry": {"type": "Point", "coordinates": [-73.71794, 40.965679]}, "properties": {"intersectionId": "ix-17187", "connectedWayCount": 2}}, {"type": "Feature", "geometry": {"type": "Point", "coordinates": [-73.717757, 40.965547]}, "properties": {"intersectionId": "ix-17188", "connectedWayCount": 2}}, {"type": "Feature", "geometry": {"type": "Point", "coordinates": [-73.717627, 40.965846]}, "properties": {"intersectionId": "ix-17189", "connectedWayCount": 2}}, {"type": "Feature", "geometry": {"type": "Point", "coordinates": [-73.717496, 40.965762]}, "properties": {"intersectionId": "ix-17191", "connectedWayCount": 2}}, {"type": "Feature", "geometry": {"type": "Point", "coordinates": [-73.718152, 40.965239]}, "properties": {"intersectionId": "ix-17192", "connectedWayCount": 2}}, {"type": "Feature", "geometry": {"type": "Point", "coordinates": [-73.717277, 40.965937]}, "properties": {"intersectionId": "ix-17195", "connectedWayCount": 2}}, {"type": "Feature", "geometry": {"type": "Point", "coordinates": [-73.717008, 40.966125]}, "properties": {"intersectionId": "ix-17198", "connectedWayCount": 2}}, {"type": "Feature", "geometry": {"type": "Point", "coordinates": [-73.709945, 40.969374]}, "properties": {"intersectionId": "ix-17203", "connectedWayCount": 2}}, {"type": "Feature", "geometry": {"type": "Point", "coordinates": [-73.709627, 40.969177]}, "properties": {"intersectionId": "ix-17205", "connectedWayCount": 2}}, {"type": "Feature", "geometry": {"type": "Point", "coordinates": [-73.709548, 40.968951]}, "properties": {"intersectionId": "ix-17207", "connectedWayCount": 2}}, {"type": "Feature", "geometry": {"type": "Point", "coordinates": [-73.712734, 40.970047]}, "properties": {"intersectionId": "ix-17212", "connectedWayCount": 2}}, {"type": "Feature", "geometry": {"type": "Point", "coordinates": [-73.712335, 40.970191]}, "properties": {"intersectionId": "ix-17214", "connectedWayCount": 3}}, {"type": "Feature", "geometry": {"type": "Point", "coordinates": [-73.711762, 40.970311]}, "properties": {"intersectionId": "ix-17215", "connectedWayCount": 2}}, {"type": "Feature", "geometry": {"type": "Point", "coordinates": [-73.711792, 40.9704]}, "properties": {"intersectionId": "ix-17216", "connectedWayCount": 2}}, {"type": "Feature", "geometry": {"type": "Point", "coordinates": [-73.711823, 40.970494]}, "properties": {"intersectionId": "ix-17217", "connectedWayCount": 2}}, {"type": "Feature", "geometry": {"type": "Point", "coordinates": [-73.712399, 40.970374]}, "properties": {"intersectionId": "ix-17218", "connectedWayCount": 3}}, {"type": "Feature", "geometry": {"type": "Point", "coordinates": [-73.712834, 40.970146]}, "properties": {"intersectionId": "ix-17220", "connectedWayCount": 2}}, {"type": "Feature", "geometry": {"type": "Point", "coordinates": [-73.712314, 40.970135]}, "properties": {"intersectionId": "ix-17226", "connectedWayCount": 2}}, {"type": "Feature", "geometry": {"type": "Point", "coordinates": [-73.712935, 40.970131]}, "properties": {"intersectionId": "ix-17228", "connectedWayCount": 2}}, {"type": "Feature", "geometry": {"type": "Point", "coordinates": [-73.715181, 40.967495]}, "properties": {"intersectionId": "ix-17229", "connectedWayCount": 2}}, {"type": "Feature", "geometry": {"type": "Point", "coordinates": [-73.710191, 40.966284]}, "properties": {"intersectionId": "ix-17231", "connectedWayCount": 2}}, {"type": "Feature", "geometry": {"type": "Point", "coordinates": [-73.71421, 40.968126]}, "properties": {"intersectionId": "ix-17303", "connectedWayCount": 2}}, {"type": "Feature", "geometry": {"type": "Point", "coordinates": [-73.753428, 40.916291]}, "properties": {"intersectionId": "ix-17320", "connectedWayCount": 2}}, {"type": "Feature", "geometry": {"type": "Point", "coordinates": [-73.752986, 40.916421]}, "properties": {"intersectionId": "ix-17324", "connectedWayCount": 2}}, {"type": "Feature", "geometry": {"type": "Point", "coordinates": [-73.716422, 40.955116]}, "properties": {"intersectionId": "ix-17346", "connectedWayCount": 3}}, {"type": "Feature", "geometry": {"type": "Point", "coordinates": [-73.716922, 40.954731]}, "properties": {"intersectionId": "ix-17354", "connectedWayCount": 2}}, {"type": "Feature", "geometry": {"type": "Point", "coordinates": [-73.716892, 40.954655]}, "properties": {"intersectionId": "ix-17355", "connectedWayCount": 2}}, {"type": "Feature", "geometry": {"type": "Point", "coordinates": [-73.716279, 40.955147]}, "properties": {"intersectionId": "ix-17356", "connectedWayCount": 2}}, {"type": "Feature", "geometry": {"type": "Point", "coordinates": [-73.754471, 40.956803]}, "properties": {"intersectionId": "ix-17380", "connectedWayCount": 3}}, {"type": "Feature", "geometry": {"type": "Point", "coordinates": [-73.754936, 40.956462]}, "properties": {"intersectionId": "ix-17383", "connectedWayCount": 3}}, {"type": "Feature", "geometry": {"type": "Point", "coordinates": [-73.744147, 40.958622]}, "properties": {"intersectionId": "ix-17436", "connectedWayCount": 2}}, {"type": "Feature", "geometry": {"type": "Point", "coordinates": [-73.747677, 40.931742]}, "properties": {"intersectionId": "ix-17454", "connectedWayCount": 2}}, {"type": "Feature", "geometry": {"type": "Point", "coordinates": [-73.734697, 40.95507]}, "properties": {"intersectionId": "ix-17469", "connectedWayCount": 2}}, {"type": "Feature", "geometry": {"type": "Point", "coordinates": [-73.707334, 40.970296]}, "properties": {"intersectionId": "ix-17470", "connectedWayCount": 3}}, {"type": "Feature", "geometry": {"type": "Point", "coordinates": [-73.707744, 40.9704]}, "properties": {"intersectionId": "ix-17472", "connectedWayCount": 2}}, {"type": "Feature", "geometry": {"type": "Point", "coordinates": [-73.707681, 40.970227]}, "properties": {"intersectionId": "ix-17473", "connectedWayCount": 3}}, {"type": "Feature", "geometry": {"type": "Point", "coordinates": [-73.745542, 40.937594]}, "properties": {"intersectionId": "ix-17478", "connectedWayCount": 2}}, {"type": "Feature", "geometry": {"type": "Point", "coordinates": [-73.745184, 40.937946]}, "properties": {"intersectionId": "ix-17479", "connectedWayCount": 2}}, {"type": "Feature", "geometry": {"type": "Point", "coordinates": [-73.745345, 40.938035]}, "properties": {"intersectionId": "ix-17482", "connectedWayCount": 4}}, {"type": "Feature", "geometry": {"type": "Point", "coordinates": [-73.745669, 40.937704]}, "properties": {"intersectionId": "ix-17483", "connectedWayCount": 2}}, {"type": "Feature", "geometry": {"type": "Point", "coordinates": [-73.750414, 40.977606]}, "properties": {"intersectionId": "ix-17493", "connectedWayCount": 2}}, {"type": "Feature", "geometry": {"type": "Point", "coordinates": [-73.758714, 40.976826]}, "properties": {"intersectionId": "ix-17532", "connectedWayCount": 2}}, {"type": "Feature", "geometry": {"type": "Point", "coordinates": [-73.755465, 40.977009]}, "properties": {"intersectionId": "ix-17536", "connectedWayCount": 2}}, {"type": "Feature", "geometry": {"type": "Point", "coordinates": [-73.752591, 40.976928]}, "properties": {"intersectionId": "ix-17547", "connectedWayCount": 2}}, {"type": "Feature", "geometry": {"type": "Point", "coordinates": [-73.723408, 40.944588]}, "properties": {"intersectionId": "ix-17586", "connectedWayCount": 2}}, {"type": "Feature", "geometry": {"type": "Point", "coordinates": [-73.713559, 40.968429]}, "properties": {"intersectionId": "ix-17598", "connectedWayCount": 2}}, {"type": "Feature", "geometry": {"type": "Point", "coordinates": [-73.737393, 40.958985]}, "properties": {"intersectionId": "ix-17606", "connectedWayCount": 2}}, {"type": "Feature", "geometry": {"type": "Point", "coordinates": [-73.737274, 40.958964]}, "properties": {"intersectionId": "ix-17607", "connectedWayCount": 2}}, {"type": "Feature", "geometry": {"type": "Point", "coordinates": [-73.73712, 40.950102]}, "properties": {"intersectionId": "ix-17615", "connectedWayCount": 2}}, {"type": "Feature", "geometry": {"type": "Point", "coordinates": [-73.739016, 40.954594]}, "properties": {"intersectionId": "ix-17616", "connectedWayCount": 4}}, {"type": "Feature", "geometry": {"type": "Point", "coordinates": [-73.73699, 40.952444]}, "properties": {"intersectionId": "ix-17650", "connectedWayCount": 2}}, {"type": "Feature", "geometry": {"type": "Point", "coordinates": [-73.715472, 40.955005]}, "properties": {"intersectionId": "ix-17654", "connectedWayCount": 2}}, {"type": "Feature", "geometry": {"type": "Point", "coordinates": [-73.709713, 40.970499]}, "properties": {"intersectionId": "ix-17660", "connectedWayCount": 2}}, {"type": "Feature", "geometry": {"type": "Point", "coordinates": [-73.709328, 40.970403]}, "properties": {"intersectionId": "ix-17663", "connectedWayCount": 3}}, {"type": "Feature", "geometry": {"type": "Point", "coordinates": [-73.758384, 40.976954]}, "properties": {"intersectionId": "ix-17718", "connectedWayCount": 2}}, {"type": "Feature", "geometry": {"type": "Point", "coordinates": [-73.758415, 40.976872]}, "properties": {"intersectionId": "ix-17729", "connectedWayCount": 2}}, {"type": "Feature", "geometry": {"type": "Point", "coordinates": [-73.705345, 40.969193]}, "properties": {"intersectionId": "ix-17732", "connectedWayCount": 2}}, {"type": "Feature", "geometry": {"type": "Point", "coordinates": [-73.741099, 40.95163]}, "properties": {"intersectionId": "ix-17738", "connectedWayCount": 2}}, {"type": "Feature", "geometry": {"type": "Point", "coordinates": [-73.741154, 40.951537]}, "properties": {"intersectionId": "ix-17739", "connectedWayCount": 2}}, {"type": "Feature", "geometry": {"type": "Point", "coordinates": [-73.75343, 40.943847]}, "properties": {"intersectionId": "ix-17753", "connectedWayCount": 2}}, {"type": "Feature", "geometry": {"type": "Point", "coordinates": [-73.75214, 40.943568]}, "properties": {"intersectionId": "ix-17754", "connectedWayCount": 2}}, {"type": "Feature", "geometry": {"type": "Point", "coordinates": [-73.750735, 40.944176]}, "properties": {"intersectionId": "ix-17761", "connectedWayCount": 2}}, {"type": "Feature", "geometry": {"type": "Point", "coordinates": [-73.751664, 40.942721]}, "properties": {"intersectionId": "ix-17763", "connectedWayCount": 2}}, {"type": "Feature", "geometry": {"type": "Point", "coordinates": [-73.754172, 40.94053]}, "properties": {"intersectionId": "ix-17764", "connectedWayCount": 2}}, {"type": "Feature", "geometry": {"type": "Point", "coordinates": [-73.736707, 40.9544]}, "properties": {"intersectionId": "ix-17765", "connectedWayCount": 2}}, {"type": "Feature", "geometry": {"type": "Point", "coordinates": [-73.736733, 40.954386]}, "properties": {"intersectionId": "ix-17768", "connectedWayCount": 2}}, {"type": "Feature", "geometry": {"type": "Point", "coordinates": [-73.737065, 40.954116]}, "properties": {"intersectionId": "ix-17771", "connectedWayCount": 2}}, {"type": "Feature", "geometry": {"type": "Point", "coordinates": [-73.739705, 40.952586]}, "properties": {"intersectionId": "ix-17772", "connectedWayCount": 3}}, {"type": "Feature", "geometry": {"type": "Point", "coordinates": [-73.739895, 40.952739]}, "properties": {"intersectionId": "ix-17774", "connectedWayCount": 2}}, {"type": "Feature", "geometry": {"type": "Point", "coordinates": [-73.740089, 40.951742]}, "properties": {"intersectionId": "ix-17779", "connectedWayCount": 2}}, {"type": "Feature", "geometry": {"type": "Point", "coordinates": [-73.740463, 40.951394]}, "properties": {"intersectionId": "ix-17780", "connectedWayCount": 2}}, {"type": "Feature", "geometry": {"type": "Point", "coordinates": [-73.739883, 40.951931]}, "properties": {"intersectionId": "ix-17783", "connectedWayCount": 2}}, {"type": "Feature", "geometry": {"type": "Point", "coordinates": [-73.739532, 40.952297]}, "properties": {"intersectionId": "ix-17784", "connectedWayCount": 2}}, {"type": "Feature", "geometry": {"type": "Point", "coordinates": [-73.73865, 40.953002]}, "properties": {"intersectionId": "ix-17786", "connectedWayCount": 2}}, {"type": "Feature", "geometry": {"type": "Point", "coordinates": [-73.738784, 40.952862]}, "properties": {"intersectionId": "ix-17788", "connectedWayCount": 3}}, {"type": "Feature", "geometry": {"type": "Point", "coordinates": [-73.738261, 40.953399]}, "properties": {"intersectionId": "ix-17790", "connectedWayCount": 2}}, {"type": "Feature", "geometry": {"type": "Point", "coordinates": [-73.73862, 40.953819]}, "properties": {"intersectionId": "ix-17793", "connectedWayCount": 2}}, {"type": "Feature", "geometry": {"type": "Point", "coordinates": [-73.759565, 40.934341]}, "properties": {"intersectionId": "ix-17795", "connectedWayCount": 2}}, {"type": "Feature", "geometry": {"type": "Point", "coordinates": [-73.759421, 40.934476]}, "properties": {"intersectionId": "ix-17796", "connectedWayCount": 2}}, {"type": "Feature", "geometry": {"type": "Point", "coordinates": [-73.758735, 40.934767]}, "properties": {"intersectionId": "ix-17805", "connectedWayCount": 4}}, {"type": "Feature", "geometry": {"type": "Point", "coordinates": [-73.758572, 40.934665]}, "properties": {"intersectionId": "ix-17806", "connectedWayCount": 2}}, {"type": "Feature", "geometry": {"type": "Point", "coordinates": [-73.759916, 40.933502]}, "properties": {"intersectionId": "ix-17807", "connectedWayCount": 2}}, {"type": "Feature", "geometry": {"type": "Point", "coordinates": [-73.759104, 40.9342]}, "properties": {"intersectionId": "ix-17808", "connectedWayCount": 2}}, {"type": "Feature", "geometry": {"type": "Point", "coordinates": [-73.758257, 40.93494]}, "properties": {"intersectionId": "ix-17809", "connectedWayCount": 2}}, {"type": "Feature", "geometry": {"type": "Point", "coordinates": [-73.758436, 40.934298]}, "properties": {"intersectionId": "ix-17812", "connectedWayCount": 2}}, {"type": "Feature", "geometry": {"type": "Point", "coordinates": [-73.758298, 40.934221]}, "properties": {"intersectionId": "ix-17813", "connectedWayCount": 2}}, {"type": "Feature", "geometry": {"type": "Point", "coordinates": [-73.735648, 40.955604]}, "properties": {"intersectionId": "ix-17822", "connectedWayCount": 2}}, {"type": "Feature", "geometry": {"type": "Point", "coordinates": [-73.736925, 40.96028]}, "properties": {"intersectionId": "ix-17851", "connectedWayCount": 2}}, {"type": "Feature", "geometry": {"type": "Point", "coordinates": [-73.740839, 40.967683]}, "properties": {"intersectionId": "ix-17852", "connectedWayCount": 3}}, {"type": "Feature", "geometry": {"type": "Point", "coordinates": [-73.740945, 40.967618]}, "properties": {"intersectionId": "ix-17853", "connectedWayCount": 4}}, {"type": "Feature", "geometry": {"type": "Point", "coordinates": [-73.749297, 40.97634]}, "properties": {"intersectionId": "ix-17854", "connectedWayCount": 2}}, {"type": "Feature", "geometry": {"type": "Point", "coordinates": [-73.708547, 40.964897]}, "properties": {"intersectionId": "ix-17865", "connectedWayCount": 2}}, {"type": "Feature", "geometry": {"type": "Point", "coordinates": [-73.759926, 40.933322]}, "properties": {"intersectionId": "ix-17876", "connectedWayCount": 2}}, {"type": "Feature", "geometry": {"type": "Point", "coordinates": [-73.758094, 40.934617]}, "properties": {"intersectionId": "ix-17878", "connectedWayCount": 2}}, {"type": "Feature", "geometry": {"type": "Point", "coordinates": [-73.758084, 40.934609]}, "properties": {"intersectionId": "ix-17879", "connectedWayCount": 4}}, {"type": "Feature", "geometry": {"type": "Point", "coordinates": [-73.757899, 40.934741]}, "properties": {"intersectionId": "ix-17881", "connectedWayCount": 2}}, {"type": "Feature", "geometry": {"type": "Point", "coordinates": [-73.757065, 40.975637]}, "properties": {"intersectionId": "ix-17896", "connectedWayCount": 2}}, {"type": "Feature", "geometry": {"type": "Point", "coordinates": [-73.756647, 40.975307]}, "properties": {"intersectionId": "ix-17902", "connectedWayCount": 2}}, {"type": "Feature", "geometry": {"type": "Point", "coordinates": [-73.756976, 40.97395]}, "properties": {"intersectionId": "ix-17925", "connectedWayCount": 2}}, {"type": "Feature", "geometry": {"type": "Point", "coordinates": [-73.753523, 40.916292]}, "properties": {"intersectionId": "ix-17941", "connectedWayCount": 2}}, {"type": "Feature", "geometry": {"type": "Point", "coordinates": [-73.752893, 40.916419]}, "properties": {"intersectionId": "ix-17943", "connectedWayCount": 2}}, {"type": "Feature", "geometry": {"type": "Point", "coordinates": [-73.718967, 40.958419]}, "properties": {"intersectionId": "ix-17950", "connectedWayCount": 2}}, {"type": "Feature", "geometry": {"type": "Point", "coordinates": [-73.748356, 40.934892]}, "properties": {"intersectionId": "ix-17969", "connectedWayCount": 2}}, {"type": "Feature", "geometry": {"type": "Point", "coordinates": [-73.713354, 40.971406]}, "properties": {"intersectionId": "ix-17975", "connectedWayCount": 2}}, {"type": "Feature", "geometry": {"type": "Point", "coordinates": [-73.713872, 40.97146]}, "properties": {"intersectionId": "ix-17979", "connectedWayCount": 2}}, {"type": "Feature", "geometry": {"type": "Point", "coordinates": [-73.752933, 40.97923]}, "properties": {"intersectionId": "ix-17996", "connectedWayCount": 3}}, {"type": "Feature", "geometry": {"type": "Point", "coordinates": [-73.745573, 40.973655]}, "properties": {"intersectionId": "ix-18105", "connectedWayCount": 3}}, {"type": "Feature", "geometry": {"type": "Point", "coordinates": [-73.757561, 40.976976]}, "properties": {"intersectionId": "ix-18120", "connectedWayCount": 2}}, {"type": "Feature", "geometry": {"type": "Point", "coordinates": [-73.757678, 40.924614]}, "properties": {"intersectionId": "ix-18177", "connectedWayCount": 2}}, {"type": "Feature", "geometry": {"type": "Point", "coordinates": [-73.759039, 40.926345]}, "properties": {"intersectionId": "ix-18180", "connectedWayCount": 2}}, {"type": "Feature", "geometry": {"type": "Point", "coordinates": [-73.74116, 40.974711]}, "properties": {"intersectionId": "ix-18216", "connectedWayCount": 2}}, {"type": "Feature", "geometry": {"type": "Point", "coordinates": [-73.736593, 40.960791]}, "properties": {"intersectionId": "ix-18235", "connectedWayCount": 2}}, {"type": "Feature", "geometry": {"type": "Point", "coordinates": [-73.736644, 40.960643]}, "properties": {"intersectionId": "ix-18236", "connectedWayCount": 2}}, {"type": "Feature", "geometry": {"type": "Point", "coordinates": [-73.736535, 40.960944]}, "properties": {"intersectionId": "ix-18237", "connectedWayCount": 2}}, {"type": "Feature", "geometry": {"type": "Point", "coordinates": [-73.736483, 40.961082]}, "properties": {"intersectionId": "ix-18238", "connectedWayCount": 2}}, {"type": "Feature", "geometry": {"type": "Point", "coordinates": [-73.735684, 40.963258]}, "properties": {"intersectionId": "ix-18245", "connectedWayCount": 2}}, {"type": "Feature", "geometry": {"type": "Point", "coordinates": [-73.735626, 40.963436]}, "properties": {"intersectionId": "ix-18246", "connectedWayCount": 2}}, {"type": "Feature", "geometry": {"type": "Point", "coordinates": [-73.7355, 40.963777]}, "properties": {"intersectionId": "ix-18247", "connectedWayCount": 2}}, {"type": "Feature", "geometry": {"type": "Point", "coordinates": [-73.735438, 40.963868]}, "properties": {"intersectionId": "ix-18248", "connectedWayCount": 2}}, {"type": "Feature", "geometry": {"type": "Point", "coordinates": [-73.735323, 40.964714]}, "properties": {"intersectionId": "ix-18253", "connectedWayCount": 4}}, {"type": "Feature", "geometry": {"type": "Point", "coordinates": [-73.734563, 40.964785]}, "properties": {"intersectionId": "ix-18255", "connectedWayCount": 2}}, {"type": "Feature", "geometry": {"type": "Point", "coordinates": [-73.735577, 40.964719]}, "properties": {"intersectionId": "ix-18256", "connectedWayCount": 2}}, {"type": "Feature", "geometry": {"type": "Point", "coordinates": [-73.735641, 40.96472]}, "properties": {"intersectionId": "ix-18257", "connectedWayCount": 2}}, {"type": "Feature", "geometry": {"type": "Point", "coordinates": [-73.735647, 40.964864]}, "properties": {"intersectionId": "ix-18258", "connectedWayCount": 2}}, {"type": "Feature", "geometry": {"type": "Point", "coordinates": [-73.735653, 40.964934]}, "properties": {"intersectionId": "ix-18259", "connectedWayCount": 2}}, {"type": "Feature", "geometry": {"type": "Point", "coordinates": [-73.735671, 40.965046]}, "properties": {"intersectionId": "ix-18260", "connectedWayCount": 2}}, {"type": "Feature", "geometry": {"type": "Point", "coordinates": [-73.736154, 40.96278]}, "properties": {"intersectionId": "ix-18261", "connectedWayCount": 2}}, {"type": "Feature", "geometry": {"type": "Point", "coordinates": [-73.736218, 40.96444]}, "properties": {"intersectionId": "ix-18274", "connectedWayCount": 2}}, {"type": "Feature", "geometry": {"type": "Point", "coordinates": [-73.736215, 40.962662]}, "properties": {"intersectionId": "ix-18275", "connectedWayCount": 2}}, {"type": "Feature", "geometry": {"type": "Point", "coordinates": [-73.737006, 40.96049]}, "properties": {"intersectionId": "ix-18281", "connectedWayCount": 2}}, {"type": "Feature", "geometry": {"type": "Point", "coordinates": [-73.737673, 40.960639]}, "properties": {"intersectionId": "ix-18282", "connectedWayCount": 2}}, {"type": "Feature", "geometry": {"type": "Point", "coordinates": [-73.737042, 40.960379]}, "properties": {"intersectionId": "ix-18284", "connectedWayCount": 2}}, {"type": "Feature", "geometry": {"type": "Point", "coordinates": [-73.735935, 40.960366]}, "properties": {"intersectionId": "ix-18285", "connectedWayCount": 2}}, {"type": "Feature", "geometry": {"type": "Point", "coordinates": [-73.736039, 40.96036]}, "properties": {"intersectionId": "ix-18286", "connectedWayCount": 2}}, {"type": "Feature", "geometry": {"type": "Point", "coordinates": [-73.736416, 40.960337]}, "properties": {"intersectionId": "ix-18287", "connectedWayCount": 2}}, {"type": "Feature", "geometry": {"type": "Point", "coordinates": [-73.736459, 40.960334]}, "properties": {"intersectionId": "ix-18288", "connectedWayCount": 2}}, {"type": "Feature", "geometry": {"type": "Point", "coordinates": [-73.736734, 40.960326]}, "properties": {"intersectionId": "ix-18290", "connectedWayCount": 2}}, {"type": "Feature", "geometry": {"type": "Point", "coordinates": [-73.736777, 40.9602]}, "properties": {"intersectionId": "ix-18292", "connectedWayCount": 2}}, {"type": "Feature", "geometry": {"type": "Point", "coordinates": [-73.735758, 40.960373]}, "properties": {"intersectionId": "ix-18293", "connectedWayCount": 2}}, {"type": "Feature", "geometry": {"type": "Point", "coordinates": [-73.741165, 40.956938]}, "properties": {"intersectionId": "ix-18295", "connectedWayCount": 2}}, {"type": "Feature", "geometry": {"type": "Point", "coordinates": [-73.741065, 40.95693]}, "properties": {"intersectionId": "ix-18296", "connectedWayCount": 2}}, {"type": "Feature", "geometry": {"type": "Point", "coordinates": [-73.741014, 40.956815]}, "properties": {"intersectionId": "ix-18297", "connectedWayCount": 2}}, {"type": "Feature", "geometry": {"type": "Point", "coordinates": [-73.736497, 40.964455]}, "properties": {"intersectionId": "ix-18301", "connectedWayCount": 2}}, {"type": "Feature", "geometry": {"type": "Point", "coordinates": [-73.736246, 40.964493]}, "properties": {"intersectionId": "ix-18304", "connectedWayCount": 2}}, {"type": "Feature", "geometry": {"type": "Point", "coordinates": [-73.722826, 40.971412]}, "properties": {"intersectionId": "ix-18308", "connectedWayCount": 2}}, {"type": "Feature", "geometry": {"type": "Point", "coordinates": [-73.722708, 40.971374]}, "properties": {"intersectionId": "ix-18310", "connectedWayCount": 2}}, {"type": "Feature", "geometry": {"type": "Point", "coordinates": [-73.722472, 40.9713]}, "properties": {"intersectionId": "ix-18311", "connectedWayCount": 2}}, {"type": "Feature", "geometry": {"type": "Point", "coordinates": [-73.722251, 40.971192]}, "properties": {"intersectionId": "ix-18313", "connectedWayCount": 2}}, {"type": "Feature", "geometry": {"type": "Point", "coordinates": [-73.721458, 40.971095]}, "properties": {"intersectionId": "ix-18322", "connectedWayCount": 2}}, {"type": "Feature", "geometry": {"type": "Point", "coordinates": [-73.7228, 40.971193]}, "properties": {"intersectionId": "ix-18323", "connectedWayCount": 2}}, {"type": "Feature", "geometry": {"type": "Point", "coordinates": [-73.72278, 40.97103]}, "properties": {"intersectionId": "ix-18324", "connectedWayCount": 2}}, {"type": "Feature", "geometry": {"type": "Point", "coordinates": [-73.72256, 40.971047]}, "properties": {"intersectionId": "ix-18325", "connectedWayCount": 2}}, {"type": "Feature", "geometry": {"type": "Point", "coordinates": [-73.722314, 40.97108]}, "properties": {"intersectionId": "ix-18327", "connectedWayCount": 2}}, {"type": "Feature", "geometry": {"type": "Point", "coordinates": [-73.722675, 40.971121]}, "properties": {"intersectionId": "ix-18328", "connectedWayCount": 2}}, {"type": "Feature", "geometry": {"type": "Point", "coordinates": [-73.722311, 40.971017]}, "properties": {"intersectionId": "ix-18329", "connectedWayCount": 2}}, {"type": "Feature", "geometry": {"type": "Point", "coordinates": [-73.722698, 40.971287]}, "properties": {"intersectionId": "ix-18330", "connectedWayCount": 2}}, {"type": "Feature", "geometry": {"type": "Point", "coordinates": [-73.722746, 40.971198]}, "properties": {"intersectionId": "ix-18333", "connectedWayCount": 2}}, {"type": "Feature", "geometry": {"type": "Point", "coordinates": [-73.751009, 40.942562]}, "properties": {"intersectionId": "ix-18344", "connectedWayCount": 2}}, {"type": "Feature", "geometry": {"type": "Point", "coordinates": [-73.75102, 40.942653]}, "properties": {"intersectionId": "ix-18345", "connectedWayCount": 2}}, {"type": "Feature", "geometry": {"type": "Point", "coordinates": [-73.751025, 40.942663]}, "properties": {"intersectionId": "ix-18346", "connectedWayCount": 2}}, {"type": "Feature", "geometry": {"type": "Point", "coordinates": [-73.751635, 40.94287]}, "properties": {"intersectionId": "ix-18355", "connectedWayCount": 2}}, {"type": "Feature", "geometry": {"type": "Point", "coordinates": [-73.752047, 40.943416]}, "properties": {"intersectionId": "ix-18361", "connectedWayCount": 2}}, {"type": "Feature", "geometry": {"type": "Point", "coordinates": [-73.752045, 40.943441]}, "properties": {"intersectionId": "ix-18362", "connectedWayCount": 2}}, {"type": "Feature", "geometry": {"type": "Point", "coordinates": [-73.750729, 40.944136]}, "properties": {"intersectionId": "ix-18363", "connectedWayCount": 2}}, {"type": "Feature", "geometry": {"type": "Point", "coordinates": [-73.750742, 40.944226]}, "properties": {"intersectionId": "ix-18365", "connectedWayCount": 2}}, {"type": "Feature", "geometry": {"type": "Point", "coordinates": [-73.752011, 40.943558]}, "properties": {"intersectionId": "ix-18366", "connectedWayCount": 2}}, {"type": "Feature", "geometry": {"type": "Point", "coordinates": [-73.752086, 40.943411]}, "properties": {"intersectionId": "ix-18377", "connectedWayCount": 2}}, {"type": "Feature", "geometry": {"type": "Point", "coordinates": [-73.752248, 40.943387]}, "properties": {"intersectionId": "ix-18378", "connectedWayCount": 2}}, {"type": "Feature", "geometry": {"type": "Point", "coordinates": [-73.751676, 40.942844]}, "properties": {"intersectionId": "ix-18379", "connectedWayCount": 2}}, {"type": "Feature", "geometry": {"type": "Point", "coordinates": [-73.751774, 40.942781]}, "properties": {"intersectionId": "ix-18380", "connectedWayCount": 3}}, {"type": "Feature", "geometry": {"type": "Point", "coordinates": [-73.753373, 40.939902]}, "properties": {"intersectionId": "ix-18386", "connectedWayCount": 2}}, {"type": "Feature", "geometry": {"type": "Point", "coordinates": [-73.753267, 40.939782]}, "properties": {"intersectionId": "ix-18388", "connectedWayCount": 2}}, {"type": "Feature", "geometry": {"type": "Point", "coordinates": [-73.753019, 40.939552]}, "properties": {"intersectionId": "ix-18389", "connectedWayCount": 2}}, {"type": "Feature", "geometry": {"type": "Point", "coordinates": [-73.753004, 40.939545]}, "properties": {"intersectionId": "ix-18390", "connectedWayCount": 2}}, {"type": "Feature", "geometry": {"type": "Point", "coordinates": [-73.752862, 40.939233]}, "properties": {"intersectionId": "ix-18392", "connectedWayCount": 2}}, {"type": "Feature", "geometry": {"type": "Point", "coordinates": [-73.752243, 40.938615]}, "properties": {"intersectionId": "ix-18396", "connectedWayCount": 2}}, {"type": "Feature", "geometry": {"type": "Point", "coordinates": [-73.752057, 40.938236]}, "properties": {"intersectionId": "ix-18398", "connectedWayCount": 2}}, {"type": "Feature", "geometry": {"type": "Point", "coordinates": [-73.755835, 40.93485]}, "properties": {"intersectionId": "ix-18400", "connectedWayCount": 2}}, {"type": "Feature", "geometry": {"type": "Point", "coordinates": [-73.75654, 40.935224]}, "properties": {"intersectionId": "ix-18403", "connectedWayCount": 2}}, {"type": "Feature", "geometry": {"type": "Point", "coordinates": [-73.753582, 40.939885]}, "properties": {"intersectionId": "ix-18407", "connectedWayCount": 2}}, {"type": "Feature", "geometry": {"type": "Point", "coordinates": [-73.753369, 40.939695]}, "properties": {"intersectionId": "ix-18409", "connectedWayCount": 2}}, {"type": "Feature", "geometry": {"type": "Point", "coordinates": [-73.753104, 40.939457]}, "properties": {"intersectionId": "ix-18410", "connectedWayCount": 2}}, {"type": "Feature", "geometry": {"type": "Point", "coordinates": [-73.753, 40.939355]}, "properties": {"intersectionId": "ix-18411", "connectedWayCount": 2}}, {"type": "Feature", "geometry": {"type": "Point", "coordinates": [-73.751988, 40.938406]}, "properties": {"intersectionId": "ix-18412", "connectedWayCount": 2}}, {"type": "Feature", "geometry": {"type": "Point", "coordinates": [-73.75195, 40.938451]}, "properties": {"intersectionId": "ix-18415", "connectedWayCount": 2}}, {"type": "Feature", "geometry": {"type": "Point", "coordinates": [-73.751793, 40.938597]}, "properties": {"intersectionId": "ix-18416", "connectedWayCount": 2}}, {"type": "Feature", "geometry": {"type": "Point", "coordinates": [-73.752152, 40.9386]}, "properties": {"intersectionId": "ix-18418", "connectedWayCount": 2}}, {"type": "Feature", "geometry": {"type": "Point", "coordinates": [-73.752902, 40.939444]}, "properties": {"intersectionId": "ix-18426", "connectedWayCount": 2}}, {"type": "Feature", "geometry": {"type": "Point", "coordinates": [-73.752915, 40.939471]}, "properties": {"intersectionId": "ix-18427", "connectedWayCount": 2}}, {"type": "Feature", "geometry": {"type": "Point", "coordinates": [-73.752757, 40.939318]}, "properties": {"intersectionId": "ix-18446", "connectedWayCount": 2}}, {"type": "Feature", "geometry": {"type": "Point", "coordinates": [-73.751238, 40.945176]}, "properties": {"intersectionId": "ix-18451", "connectedWayCount": 2}}, {"type": "Feature", "geometry": {"type": "Point", "coordinates": [-73.751219, 40.944034]}, "properties": {"intersectionId": "ix-18454", "connectedWayCount": 2}}, {"type": "Feature", "geometry": {"type": "Point", "coordinates": [-73.751406, 40.945059]}, "properties": {"intersectionId": "ix-18460", "connectedWayCount": 2}}, {"type": "Feature", "geometry": {"type": "Point", "coordinates": [-73.751389, 40.943993]}, "properties": {"intersectionId": "ix-18461", "connectedWayCount": 2}}, {"type": "Feature", "geometry": {"type": "Point", "coordinates": [-73.752797, 40.941637]}, "properties": {"intersectionId": "ix-18462", "connectedWayCount": 2}}, {"type": "Feature", "geometry": {"type": "Point", "coordinates": [-73.751579, 40.942675]}, "properties": {"intersectionId": "ix-18466", "connectedWayCount": 2}}, {"type": "Feature", "geometry": {"type": "Point", "coordinates": [-73.754276, 40.940567]}, "properties": {"intersectionId": "ix-18472", "connectedWayCount": 2}}, {"type": "Feature", "geometry": {"type": "Point", "coordinates": [-73.754399, 40.940576]}, "properties": {"intersectionId": "ix-18477", "connectedWayCount": 2}}, {"type": "Feature", "geometry": {"type": "Point", "coordinates": [-73.75428, 40.940583]}, "properties": {"intersectionId": "ix-18480", "connectedWayCount": 2}}, {"type": "Feature", "geometry": {"type": "Point", "coordinates": [-73.754395, 40.940587]}, "properties": {"intersectionId": "ix-18482", "connectedWayCount": 2}}, {"type": "Feature", "geometry": {"type": "Point", "coordinates": [-73.753156, 40.943317]}, "properties": {"intersectionId": "ix-18497", "connectedWayCount": 2}}, {"type": "Feature", "geometry": {"type": "Point", "coordinates": [-73.752194, 40.943584]}, "properties": {"intersectionId": "ix-18519", "connectedWayCount": 2}}, {"type": "Feature", "geometry": {"type": "Point", "coordinates": [-73.753232, 40.94391]}, "properties": {"intersectionId": "ix-18544", "connectedWayCount": 2}}, {"type": "Feature", "geometry": {"type": "Point", "coordinates": [-73.752215, 40.943487]}, "properties": {"intersectionId": "ix-18545", "connectedWayCount": 2}}, {"type": "Feature", "geometry": {"type": "Point", "coordinates": [-73.753273, 40.943876]}, "properties": {"intersectionId": "ix-18547", "connectedWayCount": 2}}, {"type": "Feature", "geometry": {"type": "Point", "coordinates": [-73.753397, 40.943816]}, "properties": {"intersectionId": "ix-18548", "connectedWayCount": 2}}, {"type": "Feature", "geometry": {"type": "Point", "coordinates": [-73.747879, 40.955727]}, "properties": {"intersectionId": "ix-18553", "connectedWayCount": 2}}, {"type": "Feature", "geometry": {"type": "Point", "coordinates": [-73.744765, 40.95703]}, "properties": {"intersectionId": "ix-18579", "connectedWayCount": 2}}, {"type": "Feature", "geometry": {"type": "Point", "coordinates": [-73.747979, 40.955648]}, "properties": {"intersectionId": "ix-18580", "connectedWayCount": 2}}, {"type": "Feature", "geometry": {"type": "Point", "coordinates": [-73.749838, 40.953385]}, "properties": {"intersectionId": "ix-18581", "connectedWayCount": 2}}, {"type": "Feature", "geometry": {"type": "Point", "coordinates": [-73.749888, 40.953304]}, "properties": {"intersectionId": "ix-18612", "connectedWayCount": 2}}, {"type": "Feature", "geometry": {"type": "Point", "coordinates": [-73.754806, 40.951226]}, "properties": {"intersectionId": "ix-18613", "connectedWayCount": 2}}, {"type": "Feature", "geometry": {"type": "Point", "coordinates": [-73.751496, 40.952425]}, "properties": {"intersectionId": "ix-18633", "connectedWayCount": 2}}, {"type": "Feature", "geometry": {"type": "Point", "coordinates": [-73.754947, 40.951137]}, "properties": {"intersectionId": "ix-18634", "connectedWayCount": 2}}, {"type": "Feature", "geometry": {"type": "Point", "coordinates": [-73.751418, 40.952484]}, "properties": {"intersectionId": "ix-18635", "connectedWayCount": 2}}, {"type": "Feature", "geometry": {"type": "Point", "coordinates": [-73.743067, 40.957764]}, "properties": {"intersectionId": "ix-18649", "connectedWayCount": 2}}, {"type": "Feature", "geometry": {"type": "Point", "coordinates": [-73.741354, 40.959551]}, "properties": {"intersectionId": "ix-18685", "connectedWayCount": 2}}, {"type": "Feature", "geometry": {"type": "Point", "coordinates": [-73.743274, 40.957743]}, "properties": {"intersectionId": "ix-18686", "connectedWayCount": 2}}, {"type": "Feature", "geometry": {"type": "Point", "coordinates": [-73.743175, 40.957756]}, "properties": {"intersectionId": "ix-18687", "connectedWayCount": 2}}, {"type": "Feature", "geometry": {"type": "Point", "coordinates": [-73.75673, 40.950835]}, "properties": {"intersectionId": "ix-18688", "connectedWayCount": 3}}, {"type": "Feature", "geometry": {"type": "Point", "coordinates": [-73.758023, 40.951236]}, "properties": {"intersectionId": "ix-18699", "connectedWayCount": 3}}, {"type": "Feature", "geometry": {"type": "Point", "coordinates": [-73.75774, 40.951354]}, "properties": {"intersectionId": "ix-18701", "connectedWayCount": 3}}, {"type": "Feature", "geometry": {"type": "Point", "coordinates": [-73.75803, 40.952077]}, "properties": {"intersectionId": "ix-18702", "connectedWayCount": 2}}, {"type": "Feature", "geometry": {"type": "Point", "coordinates": [-73.759226, 40.953373]}, "properties": {"intersectionId": "ix-18705", "connectedWayCount": 2}}, {"type": "Feature", "geometry": {"type": "Point", "coordinates": [-73.759363, 40.953019]}, "properties": {"intersectionId": "ix-18706", "connectedWayCount": 2}}, {"type": "Feature", "geometry": {"type": "Point", "coordinates": [-73.759453, 40.95638]}, "properties": {"intersectionId": "ix-18707", "connectedWayCount": 2}}, {"type": "Feature", "geometry": {"type": "Point", "coordinates": [-73.758158, 40.94951]}, "properties": {"intersectionId": "ix-18708", "connectedWayCount": 2}}, {"type": "Feature", "geometry": {"type": "Point", "coordinates": [-73.75837, 40.949503]}, "properties": {"intersectionId": "ix-18709", "connectedWayCount": 2}}, {"type": "Feature", "geometry": {"type": "Point", "coordinates": [-73.74044, 40.937603]}, "properties": {"intersectionId": "ix-18730", "connectedWayCount": 2}}, {"type": "Feature", "geometry": {"type": "Point", "coordinates": [-73.704103, 40.978488]}, "properties": {"intersectionId": "ix-18732", "connectedWayCount": 2}}, {"type": "Feature", "geometry": {"type": "Point", "coordinates": [-73.704137, 40.978069]}, "properties": {"intersectionId": "ix-18733", "connectedWayCount": 2}}, {"type": "Feature", "geometry": {"type": "Point", "coordinates": [-73.704665, 40.976454]}, "properties": {"intersectionId": "ix-18737", "connectedWayCount": 2}}, {"type": "Feature", "geometry": {"type": "Point", "coordinates": [-73.7043, 40.9763]}, "properties": {"intersectionId": "ix-18751", "connectedWayCount": 2}}, {"type": "Feature", "geometry": {"type": "Point", "coordinates": [-73.703774, 40.976196]}, "properties": {"intersectionId": "ix-18753", "connectedWayCount": 2}}, {"type": "Feature", "geometry": {"type": "Point", "coordinates": [-73.758451, 40.934098]}, "properties": {"intersectionId": "ix-18789", "connectedWayCount": 2}}, {"type": "Feature", "geometry": {"type": "Point", "coordinates": [-73.759258, 40.933557]}, "properties": {"intersectionId": "ix-18793", "connectedWayCount": 2}}, {"type": "Feature", "geometry": {"type": "Point", "coordinates": [-73.737331, 40.960254]}, "properties": {"intersectionId": "ix-18800", "connectedWayCount": 2}}, {"type": "Feature", "geometry": {"type": "Point", "coordinates": [-73.737275, 40.960192]}, "properties": {"intersectionId": "ix-18802", "connectedWayCount": 3}}, {"type": "Feature", "geometry": {"type": "Point", "coordinates": [-73.737218, 40.96034]}, "properties": {"intersectionId": "ix-18803", "connectedWayCount": 3}}, {"type": "Feature", "geometry": {"type": "Point", "coordinates": [-73.737147, 40.960327]}, "properties": {"intersectionId": "ix-18804", "connectedWayCount": 2}}, {"type": "Feature", "geometry": {"type": "Point", "coordinates": [-73.737067, 40.96031]}, "properties": {"intersectionId": "ix-18805", "connectedWayCount": 2}}, {"type": "Feature", "geometry": {"type": "Point", "coordinates": [-73.73719, 40.960208]}, "properties": {"intersectionId": "ix-18806", "connectedWayCount": 2}}, {"type": "Feature", "geometry": {"type": "Point", "coordinates": [-73.737167, 40.960276]}, "properties": {"intersectionId": "ix-18807", "connectedWayCount": 2}}, {"type": "Feature", "geometry": {"type": "Point", "coordinates": [-73.737203, 40.960172]}, "properties": {"intersectionId": "ix-18808", "connectedWayCount": 3}}, {"type": "Feature", "geometry": {"type": "Point", "coordinates": [-73.737305, 40.960326]}, "properties": {"intersectionId": "ix-18810", "connectedWayCount": 2}}, {"type": "Feature", "geometry": {"type": "Point", "coordinates": [-73.743244, 40.978398]}, "properties": {"intersectionId": "ix-18811", "connectedWayCount": 4}}, {"type": "Feature", "geometry": {"type": "Point", "coordinates": [-73.735765, 40.960423]}, "properties": {"intersectionId": "ix-18812", "connectedWayCount": 2}}, {"type": "Feature", "geometry": {"type": "Point", "coordinates": [-73.736241, 40.960644]}, "properties": {"intersectionId": "ix-18814", "connectedWayCount": 2}}, {"type": "Feature", "geometry": {"type": "Point", "coordinates": [-73.736386, 40.960417]}, "properties": {"intersectionId": "ix-18816", "connectedWayCount": 2}}, {"type": "Feature", "geometry": {"type": "Point", "coordinates": [-73.736298, 40.960655]}, "properties": {"intersectionId": "ix-18817", "connectedWayCount": 2}}, {"type": "Feature", "geometry": {"type": "Point", "coordinates": [-73.743189, 40.976623]}, "properties": {"intersectionId": "ix-18828", "connectedWayCount": 2}}, {"type": "Feature", "geometry": {"type": "Point", "coordinates": [-73.743195, 40.976544]}, "properties": {"intersectionId": "ix-18829", "connectedWayCount": 3}}, {"type": "Feature", "geometry": {"type": "Point", "coordinates": [-73.753252, 40.95798]}, "properties": {"intersectionId": "ix-18844", "connectedWayCount": 2}}, {"type": "Feature", "geometry": {"type": "Point", "coordinates": [-73.725621, 40.958746]}, "properties": {"intersectionId": "ix-18854", "connectedWayCount": 3}}, {"type": "Feature", "geometry": {"type": "Point", "coordinates": [-73.726447, 40.958385]}, "properties": {"intersectionId": "ix-18856", "connectedWayCount": 2}}, {"type": "Feature", "geometry": {"type": "Point", "coordinates": [-73.72481, 40.956588]}, "properties": {"intersectionId": "ix-18858", "connectedWayCount": 2}}, {"type": "Feature", "geometry": {"type": "Point", "coordinates": [-73.725825, 40.958546]}, "properties": {"intersectionId": "ix-18859", "connectedWayCount": 2}}, {"type": "Feature", "geometry": {"type": "Point", "coordinates": [-73.725772, 40.958653]}, "properties": {"intersectionId": "ix-18861", "connectedWayCount": 2}}, {"type": "Feature", "geometry": {"type": "Point", "coordinates": [-73.723501, 40.957477]}, "properties": {"intersectionId": "ix-18875", "connectedWayCount": 3}}, {"type": "Feature", "geometry": {"type": "Point", "coordinates": [-73.723377, 40.957441]}, "properties": {"intersectionId": "ix-18876", "connectedWayCount": 2}}, {"type": "Feature", "geometry": {"type": "Point", "coordinates": [-73.724448, 40.95717]}, "properties": {"intersectionId": "ix-18880", "connectedWayCount": 2}}, {"type": "Feature", "geometry": {"type": "Point", "coordinates": [-73.724787, 40.95699]}, "properties": {"intersectionId": "ix-18883", "connectedWayCount": 2}}, {"type": "Feature", "geometry": {"type": "Point", "coordinates": [-73.723737, 40.957185]}, "properties": {"intersectionId": "ix-18916", "connectedWayCount": 4}}, {"type": "Feature", "geometry": {"type": "Point", "coordinates": [-73.723698, 40.956906]}, "properties": {"intersectionId": "ix-18917", "connectedWayCount": 2}}, {"type": "Feature", "geometry": {"type": "Point", "coordinates": [-73.723642, 40.957212]}, "properties": {"intersectionId": "ix-18918", "connectedWayCount": 2}}, {"type": "Feature", "geometry": {"type": "Point", "coordinates": [-73.723874, 40.957169]}, "properties": {"intersectionId": "ix-18919", "connectedWayCount": 2}}, {"type": "Feature", "geometry": {"type": "Point", "coordinates": [-73.723883, 40.957223]}, "properties": {"intersectionId": "ix-18920", "connectedWayCount": 2}}, {"type": "Feature", "geometry": {"type": "Point", "coordinates": [-73.723823, 40.956864]}, "properties": {"intersectionId": "ix-18921", "connectedWayCount": 2}}, {"type": "Feature", "geometry": {"type": "Point", "coordinates": [-73.72373, 40.957301]}, "properties": {"intersectionId": "ix-18922", "connectedWayCount": 2}}, {"type": "Feature", "geometry": {"type": "Point", "coordinates": [-73.723632, 40.957297]}, "properties": {"intersectionId": "ix-18927", "connectedWayCount": 2}}, {"type": "Feature", "geometry": {"type": "Point", "coordinates": [-73.724165, 40.956731]}, "properties": {"intersectionId": "ix-18928", "connectedWayCount": 2}}, {"type": "Feature", "geometry": {"type": "Point", "coordinates": [-73.759364, 40.933094]}, "properties": {"intersectionId": "ix-18946", "connectedWayCount": 3}}, {"type": "Feature", "geometry": {"type": "Point", "coordinates": [-73.759854, 40.934801]}, "properties": {"intersectionId": "ix-18955", "connectedWayCount": 2}}, {"type": "Feature", "geometry": {"type": "Point", "coordinates": [-73.756974, 40.932106]}, "properties": {"intersectionId": "ix-18959", "connectedWayCount": 2}}, {"type": "Feature", "geometry": {"type": "Point", "coordinates": [-73.743492, 40.978964]}, "properties": {"intersectionId": "ix-18962", "connectedWayCount": 2}}, {"type": "Feature", "geometry": {"type": "Point", "coordinates": [-73.737252, 40.952777]}, "properties": {"intersectionId": "ix-18968", "connectedWayCount": 2}}, {"type": "Feature", "geometry": {"type": "Point", "coordinates": [-73.73738, 40.952866]}, "properties": {"intersectionId": "ix-18969", "connectedWayCount": 2}}, {"type": "Feature", "geometry": {"type": "Point", "coordinates": [-73.714894, 40.959343]}, "properties": {"intersectionId": "ix-18971", "connectedWayCount": 2}}, {"type": "Feature", "geometry": {"type": "Point", "coordinates": [-73.715185, 40.958184]}, "properties": {"intersectionId": "ix-18976", "connectedWayCount": 2}}, {"type": "Feature", "geometry": {"type": "Point", "coordinates": [-73.742902, 40.971689]}, "properties": {"intersectionId": "ix-18992", "connectedWayCount": 2}}, {"type": "Feature", "geometry": {"type": "Point", "coordinates": [-73.743037, 40.973777]}, "properties": {"intersectionId": "ix-18997", "connectedWayCount": 2}}, {"type": "Feature", "geometry": {"type": "Point", "coordinates": [-73.74322, 40.977221]}, "properties": {"intersectionId": "ix-19001", "connectedWayCount": 2}}, {"type": "Feature", "geometry": {"type": "Point", "coordinates": [-73.735575, 40.964809]}, "properties": {"intersectionId": "ix-19038", "connectedWayCount": 3}}, {"type": "Feature", "geometry": {"type": "Point", "coordinates": [-73.738409, 40.967875]}, "properties": {"intersectionId": "ix-19088", "connectedWayCount": 2}}, {"type": "Feature", "geometry": {"type": "Point", "coordinates": [-73.739323, 40.967322]}, "properties": {"intersectionId": "ix-19104", "connectedWayCount": 2}}, {"type": "Feature", "geometry": {"type": "Point", "coordinates": [-73.740002, 40.967381]}, "properties": {"intersectionId": "ix-19107", "connectedWayCount": 2}}, {"type": "Feature", "geometry": {"type": "Point", "coordinates": [-73.737292, 40.959264]}, "properties": {"intersectionId": "ix-19131", "connectedWayCount": 2}}, {"type": "Feature", "geometry": {"type": "Point", "coordinates": [-73.737406, 40.958949]}, "properties": {"intersectionId": "ix-19132", "connectedWayCount": 2}}, {"type": "Feature", "geometry": {"type": "Point", "coordinates": [-73.737633, 40.958324]}, "properties": {"intersectionId": "ix-19133", "connectedWayCount": 2}}, {"type": "Feature", "geometry": {"type": "Point", "coordinates": [-73.737684, 40.95818]}, "properties": {"intersectionId": "ix-19134", "connectedWayCount": 2}}, {"type": "Feature", "geometry": {"type": "Point", "coordinates": [-73.737125, 40.960154]}, "properties": {"intersectionId": "ix-19135", "connectedWayCount": 2}}, {"type": "Feature", "geometry": {"type": "Point", "coordinates": [-73.710476, 40.96893]}, "properties": {"intersectionId": "ix-19136", "connectedWayCount": 2}}, {"type": "Feature", "geometry": {"type": "Point", "coordinates": [-73.715221, 40.955196]}, "properties": {"intersectionId": "ix-19147", "connectedWayCount": 2}}, {"type": "Feature", "geometry": {"type": "Point", "coordinates": [-73.715182, 40.955164]}, "properties": {"intersectionId": "ix-19148", "connectedWayCount": 2}}, {"type": "Feature", "geometry": {"type": "Point", "coordinates": [-73.711402, 40.969445]}, "properties": {"intersectionId": "ix-19163", "connectedWayCount": 2}}, {"type": "Feature", "geometry": {"type": "Point", "coordinates": [-73.711342, 40.969444]}, "properties": {"intersectionId": "ix-19165", "connectedWayCount": 2}}, {"type": "Feature", "geometry": {"type": "Point", "coordinates": [-73.711306, 40.96956]}, "properties": {"intersectionId": "ix-19169", "connectedWayCount": 2}}, {"type": "Feature", "geometry": {"type": "Point", "coordinates": [-73.711272, 40.969256]}, "properties": {"intersectionId": "ix-19173", "connectedWayCount": 2}}, {"type": "Feature", "geometry": {"type": "Point", "coordinates": [-73.711969, 40.969106]}, "properties": {"intersectionId": "ix-19174", "connectedWayCount": 4}}, {"type": "Feature", "geometry": {"type": "Point", "coordinates": [-73.71188, 40.969125]}, "properties": {"intersectionId": "ix-19175", "connectedWayCount": 2}}, {"type": "Feature", "geometry": {"type": "Point", "coordinates": [-73.711458, 40.969215]}, "properties": {"intersectionId": "ix-19177", "connectedWayCount": 2}}, {"type": "Feature", "geometry": {"type": "Point", "coordinates": [-73.7114, 40.969228]}, "properties": {"intersectionId": "ix-19178", "connectedWayCount": 2}}, {"type": "Feature", "geometry": {"type": "Point", "coordinates": [-73.711345, 40.96924]}, "properties": {"intersectionId": "ix-19179", "connectedWayCount": 2}}, {"type": "Feature", "geometry": {"type": "Point", "coordinates": [-73.710515, 40.969404]}, "properties": {"intersectionId": "ix-19180", "connectedWayCount": 2}}, {"type": "Feature", "geometry": {"type": "Point", "coordinates": [-73.710455, 40.969416]}, "properties": {"intersectionId": "ix-19181", "connectedWayCount": 4}}, {"type": "Feature", "geometry": {"type": "Point", "coordinates": [-73.711407, 40.969423]}, "properties": {"intersectionId": "ix-19182", "connectedWayCount": 2}}, {"type": "Feature", "geometry": {"type": "Point", "coordinates": [-73.711455, 40.969418]}, "properties": {"intersectionId": "ix-19183", "connectedWayCount": 2}}, {"type": "Feature", "geometry": {"type": "Point", "coordinates": [-73.710669, 40.969767]}, "properties": {"intersectionId": "ix-19189", "connectedWayCount": 3}}, {"type": "Feature", "geometry": {"type": "Point", "coordinates": [-73.710587, 40.969782]}, "properties": {"intersectionId": "ix-19191", "connectedWayCount": 2}}, {"type": "Feature", "geometry": {"type": "Point", "coordinates": [-73.712882, 40.969819]}, "properties": {"intersectionId": "ix-19195", "connectedWayCount": 2}}, {"type": "Feature", "geometry": {"type": "Point", "coordinates": [-73.712881, 40.969791]}, "properties": {"intersectionId": "ix-19196", "connectedWayCount": 2}}, {"type": "Feature", "geometry": {"type": "Point", "coordinates": [-73.712844, 40.969588]}, "properties": {"intersectionId": "ix-19197", "connectedWayCount": 2}}, {"type": "Feature", "geometry": {"type": "Point", "coordinates": [-73.712801, 40.969394]}, "properties": {"intersectionId": "ix-19198", "connectedWayCount": 3}}, {"type": "Feature", "geometry": {"type": "Point", "coordinates": [-73.714144, 40.960006]}, "properties": {"intersectionId": "ix-19230", "connectedWayCount": 2}}, {"type": "Feature", "geometry": {"type": "Point", "coordinates": [-73.714086, 40.960063]}, "properties": {"intersectionId": "ix-19232", "connectedWayCount": 3}}, {"type": "Feature", "geometry": {"type": "Point", "coordinates": [-73.713691, 40.960261]}, "properties": {"intersectionId": "ix-19234", "connectedWayCount": 2}}, {"type": "Feature", "geometry": {"type": "Point", "coordinates": [-73.7141, 40.960049]}, "properties": {"intersectionId": "ix-19235", "connectedWayCount": 2}}, {"type": "Feature", "geometry": {"type": "Point", "coordinates": [-73.714121, 40.960029]}, "properties": {"intersectionId": "ix-19236", "connectedWayCount": 2}}, {"type": "Feature", "geometry": {"type": "Point", "coordinates": [-73.714124, 40.960107]}, "properties": {"intersectionId": "ix-19238", "connectedWayCount": 2}}, {"type": "Feature", "geometry": {"type": "Point", "coordinates": [-73.716037, 40.958203]}, "properties": {"intersectionId": "ix-19243", "connectedWayCount": 2}}, {"type": "Feature", "geometry": {"type": "Point", "coordinates": [-73.715893, 40.958174]}, "properties": {"intersectionId": "ix-19245", "connectedWayCount": 2}}, {"type": "Feature", "geometry": {"type": "Point", "coordinates": [-73.715766, 40.958164]}, "properties": {"intersectionId": "ix-19248", "connectedWayCount": 2}}, {"type": "Feature", "geometry": {"type": "Point", "coordinates": [-73.715444, 40.958936]}, "properties": {"intersectionId": "ix-19253", "connectedWayCount": 2}}, {"type": "Feature", "geometry": {"type": "Point", "coordinates": [-73.715451, 40.958915]}, "properties": {"intersectionId": "ix-19254", "connectedWayCount": 2}}, {"type": "Feature", "geometry": {"type": "Point", "coordinates": [-73.71487, 40.959182]}, "properties": {"intersectionId": "ix-19259", "connectedWayCount": 3}}, {"type": "Feature", "geometry": {"type": "Point", "coordinates": [-73.714881, 40.95857]}, "properties": {"intersectionId": "ix-19262", "connectedWayCount": 2}}, {"type": "Feature", "geometry": {"type": "Point", "coordinates": [-73.712383, 40.970318]}, "properties": {"intersectionId": "ix-19271", "connectedWayCount": 2}}, {"type": "Feature", "geometry": {"type": "Point", "coordinates": [-73.712357, 40.97025]}, "properties": {"intersectionId": "ix-19274", "connectedWayCount": 3}}, {"type": "Feature", "geometry": {"type": "Point", "coordinates": [-73.712656, 40.969428]}, "properties": {"intersectionId": "ix-19286", "connectedWayCount": 2}}, {"type": "Feature", "geometry": {"type": "Point", "coordinates": [-73.712656, 40.969627]}, "properties": {"intersectionId": "ix-19288", "connectedWayCount": 2}}, {"type": "Feature", "geometry": {"type": "Point", "coordinates": [-73.758377, 40.976692]}, "properties": {"intersectionId": "ix-19315", "connectedWayCount": 2}}, {"type": "Feature", "geometry": {"type": "Point", "coordinates": [-73.737452, 40.958285]}, "properties": {"intersectionId": "ix-19316", "connectedWayCount": 2}}, {"type": "Feature", "geometry": {"type": "Point", "coordinates": [-73.737506, 40.958297]}, "properties": {"intersectionId": "ix-19317", "connectedWayCount": 2}}, {"type": "Feature", "geometry": {"type": "Point", "coordinates": [-73.744553, 40.924602]}, "properties": {"intersectionId": "ix-19322", "connectedWayCount": 2}}, {"type": "Feature", "geometry": {"type": "Point", "coordinates": [-73.719845, 40.954212]}, "properties": {"intersectionId": "ix-19323", "connectedWayCount": 2}}, {"type": "Feature", "geometry": {"type": "Point", "coordinates": [-73.719601, 40.954135]}, "properties": {"intersectionId": "ix-19325", "connectedWayCount": 2}}, {"type": "Feature", "geometry": {"type": "Point", "coordinates": [-73.719555, 40.953973]}, "properties": {"intersectionId": "ix-19326", "connectedWayCount": 2}}, {"type": "Feature", "geometry": {"type": "Point", "coordinates": [-73.719577, 40.954052]}, "properties": {"intersectionId": "ix-19327", "connectedWayCount": 2}}, {"type": "Feature", "geometry": {"type": "Point", "coordinates": [-73.737129, 40.952838]}, "properties": {"intersectionId": "ix-19332", "connectedWayCount": 2}}, {"type": "Feature", "geometry": {"type": "Point", "coordinates": [-73.737192, 40.952823]}, "properties": {"intersectionId": "ix-19333", "connectedWayCount": 2}}, {"type": "Feature", "geometry": {"type": "Point", "coordinates": [-73.737354, 40.952706]}, "properties": {"intersectionId": "ix-19334", "connectedWayCount": 2}}, {"type": "Feature", "geometry": {"type": "Point", "coordinates": [-73.709589, 40.969447]}, "properties": {"intersectionId": "ix-19338", "connectedWayCount": 2}}, {"type": "Feature", "geometry": {"type": "Point", "coordinates": [-73.709718, 40.969414]}, "properties": {"intersectionId": "ix-19340", "connectedWayCount": 2}}, {"type": "Feature", "geometry": {"type": "Point", "coordinates": [-73.710589, 40.969234]}, "properties": {"intersectionId": "ix-19342", "connectedWayCount": 2}}, {"type": "Feature", "geometry": {"type": "Point", "coordinates": [-73.710441, 40.969261]}, "properties": {"intersectionId": "ix-19343", "connectedWayCount": 2}}, {"type": "Feature", "geometry": {"type": "Point", "coordinates": [-73.711422, 40.969073]}, "properties": {"intersectionId": "ix-19344", "connectedWayCount": 2}}, {"type": "Feature", "geometry": {"type": "Point", "coordinates": [-73.711823, 40.968988]}, "properties": {"intersectionId": "ix-19345", "connectedWayCount": 3}}, {"type": "Feature", "geometry": {"type": "Point", "coordinates": [-73.711845, 40.96897]}, "properties": {"intersectionId": "ix-19347", "connectedWayCount": 2}}, {"type": "Feature", "geometry": {"type": "Point", "coordinates": [-73.713449, 40.968588]}, "properties": {"intersectionId": "ix-19349", "connectedWayCount": 2}}, {"type": "Feature", "geometry": {"type": "Point", "coordinates": [-73.713395, 40.968534]}, "properties": {"intersectionId": "ix-19350", "connectedWayCount": 2}}, {"type": "Feature", "geometry": {"type": "Point", "coordinates": [-73.714074, 40.968109]}, "properties": {"intersectionId": "ix-19351", "connectedWayCount": 2}}, {"type": "Feature", "geometry": {"type": "Point", "coordinates": [-73.71284, 40.968761]}, "properties": {"intersectionId": "ix-19354", "connectedWayCount": 2}}, {"type": "Feature", "geometry": {"type": "Point", "coordinates": [-73.712738, 40.968298]}, "properties": {"intersectionId": "ix-19356", "connectedWayCount": 2}}, {"type": "Feature", "geometry": {"type": "Point", "coordinates": [-73.71415, 40.968171]}, "properties": {"intersectionId": "ix-19366", "connectedWayCount": 2}}, {"type": "Feature", "geometry": {"type": "Point", "coordinates": [-73.713689, 40.964879]}, "properties": {"intersectionId": "ix-19369", "connectedWayCount": 2}}, {"type": "Feature", "geometry": {"type": "Point", "coordinates": [-73.713602, 40.964965]}, "properties": {"intersectionId": "ix-19370", "connectedWayCount": 2}}, {"type": "Feature", "geometry": {"type": "Point", "coordinates": [-73.758833, 40.951302]}, "properties": {"intersectionId": "ix-19383", "connectedWayCount": 3}}, {"type": "Feature", "geometry": {"type": "Point", "coordinates": [-73.758207, 40.951292]}, "properties": {"intersectionId": "ix-19384", "connectedWayCount": 3}}, {"type": "Feature", "geometry": {"type": "Point", "coordinates": [-73.758149, 40.950737]}, "properties": {"intersectionId": "ix-19391", "connectedWayCount": 3}}, {"type": "Feature", "geometry": {"type": "Point", "coordinates": [-73.75817, 40.950502]}, "properties": {"intersectionId": "ix-19408", "connectedWayCount": 3}}, {"type": "Feature", "geometry": {"type": "Point", "coordinates": [-73.758535, 40.950057]}, "properties": {"intersectionId": "ix-19439", "connectedWayCount": 3}}, {"type": "Feature", "geometry": {"type": "Point", "coordinates": [-73.758298, 40.950317]}, "properties": {"intersectionId": "ix-19440", "connectedWayCount": 2}}, {"type": "Feature", "geometry": {"type": "Point", "coordinates": [-73.758329, 40.950282]}, "properties": {"intersectionId": "ix-19441", "connectedWayCount": 2}}, {"type": "Feature", "geometry": {"type": "Point", "coordinates": [-73.757163, 40.951005]}, "properties": {"intersectionId": "ix-19467", "connectedWayCount": 3}}, {"type": "Feature", "geometry": {"type": "Point", "coordinates": [-73.757063, 40.950986]}, "properties": {"intersectionId": "ix-19474", "connectedWayCount": 2}}, {"type": "Feature", "geometry": {"type": "Point", "coordinates": [-73.75725, 40.950753]}, "properties": {"intersectionId": "ix-19477", "connectedWayCount": 3}}, {"type": "Feature", "geometry": {"type": "Point", "coordinates": [-73.757463, 40.950724]}, "properties": {"intersectionId": "ix-19478", "connectedWayCount": 2}}, {"type": "Feature", "geometry": {"type": "Point", "coordinates": [-73.758046, 40.949985]}, "properties": {"intersectionId": "ix-19492", "connectedWayCount": 3}}, {"type": "Feature", "geometry": {"type": "Point", "coordinates": [-73.756801, 40.950725]}, "properties": {"intersectionId": "ix-19500", "connectedWayCount": 3}}, {"type": "Feature", "geometry": {"type": "Point", "coordinates": [-73.756716, 40.949931]}, "properties": {"intersectionId": "ix-19501", "connectedWayCount": 3}}, {"type": "Feature", "geometry": {"type": "Point", "coordinates": [-73.756636, 40.950405]}, "properties": {"intersectionId": "ix-19506", "connectedWayCount": 2}}, {"type": "Feature", "geometry": {"type": "Point", "coordinates": [-73.756684, 40.950435]}, "properties": {"intersectionId": "ix-19514", "connectedWayCount": 2}}, {"type": "Feature", "geometry": {"type": "Point", "coordinates": [-73.758015, 40.949794]}, "properties": {"intersectionId": "ix-19519", "connectedWayCount": 3}}, {"type": "Feature", "geometry": {"type": "Point", "coordinates": [-73.757132, 40.949957]}, "properties": {"intersectionId": "ix-19529", "connectedWayCount": 3}}, {"type": "Feature", "geometry": {"type": "Point", "coordinates": [-73.75787, 40.94989]}, "properties": {"intersectionId": "ix-19539", "connectedWayCount": 3}}, {"type": "Feature", "geometry": {"type": "Point", "coordinates": [-73.757405, 40.950726]}, "properties": {"intersectionId": "ix-19553", "connectedWayCount": 2}}, {"type": "Feature", "geometry": {"type": "Point", "coordinates": [-73.744292, 40.957205]}, "properties": {"intersectionId": "ix-19573", "connectedWayCount": 2}}, {"type": "Feature", "geometry": {"type": "Point", "coordinates": [-73.756252, 40.913481]}, "properties": {"intersectionId": "ix-19587", "connectedWayCount": 2}}, {"type": "Feature", "geometry": {"type": "Point", "coordinates": [-73.756324, 40.913467]}, "properties": {"intersectionId": "ix-19592", "connectedWayCount": 2}}, {"type": "Feature", "geometry": {"type": "Point", "coordinates": [-73.712241, 40.966645]}, "properties": {"intersectionId": "ix-19628", "connectedWayCount": 2}}, {"type": "Feature", "geometry": {"type": "Point", "coordinates": [-73.715371, 40.955142]}, "properties": {"intersectionId": "ix-19657", "connectedWayCount": 2}}, {"type": "Feature", "geometry": {"type": "Point", "coordinates": [-73.715597, 40.955928]}, "properties": {"intersectionId": "ix-19658", "connectedWayCount": 2}}, {"type": "Feature", "geometry": {"type": "Point", "coordinates": [-73.715436, 40.95572]}, "properties": {"intersectionId": "ix-19661", "connectedWayCount": 2}}, {"type": "Feature", "geometry": {"type": "Point", "coordinates": [-73.71607, 40.954961]}, "properties": {"intersectionId": "ix-19678", "connectedWayCount": 2}}, {"type": "Feature", "geometry": {"type": "Point", "coordinates": [-73.716188, 40.954933]}, "properties": {"intersectionId": "ix-19686", "connectedWayCount": 2}}, {"type": "Feature", "geometry": {"type": "Point", "coordinates": [-73.718187, 40.954411]}, "properties": {"intersectionId": "ix-19687", "connectedWayCount": 2}}, {"type": "Feature", "geometry": {"type": "Point", "coordinates": [-73.716313, 40.955227]}, "properties": {"intersectionId": "ix-19697", "connectedWayCount": 2}}, {"type": "Feature", "geometry": {"type": "Point", "coordinates": [-73.718293, 40.954386]}, "properties": {"intersectionId": "ix-19699", "connectedWayCount": 2}}, {"type": "Feature", "geometry": {"type": "Point", "coordinates": [-73.719884, 40.954017]}, "properties": {"intersectionId": "ix-19704", "connectedWayCount": 2}}, {"type": "Feature", "geometry": {"type": "Point", "coordinates": [-73.710367, 40.968614]}, "properties": {"intersectionId": "ix-19753", "connectedWayCount": 2}}, {"type": "Feature", "geometry": {"type": "Point", "coordinates": [-73.710437, 40.966187]}, "properties": {"intersectionId": "ix-19774", "connectedWayCount": 2}}, {"type": "Feature", "geometry": {"type": "Point", "coordinates": [-73.710298, 40.966173]}, "properties": {"intersectionId": "ix-19775", "connectedWayCount": 2}}, {"type": "Feature", "geometry": {"type": "Point", "coordinates": [-73.709787, 40.966965]}, "properties": {"intersectionId": "ix-19788", "connectedWayCount": 2}}, {"type": "Feature", "geometry": {"type": "Point", "coordinates": [-73.710335, 40.968526]}, "properties": {"intersectionId": "ix-19793", "connectedWayCount": 2}}, {"type": "Feature", "geometry": {"type": "Point", "coordinates": [-73.709675, 40.967125]}, "properties": {"intersectionId": "ix-19794", "connectedWayCount": 2}}, {"type": "Feature", "geometry": {"type": "Point", "coordinates": [-73.708923, 40.968082]}, "properties": {"intersectionId": "ix-19833", "connectedWayCount": 2}}, {"type": "Feature", "geometry": {"type": "Point", "coordinates": [-73.708807, 40.968072]}, "properties": {"intersectionId": "ix-19834", "connectedWayCount": 3}}, {"type": "Feature", "geometry": {"type": "Point", "coordinates": [-73.708943, 40.968032]}, "properties": {"intersectionId": "ix-19835", "connectedWayCount": 2}}, {"type": "Feature", "geometry": {"type": "Point", "coordinates": [-73.707887, 40.968459]}, "properties": {"intersectionId": "ix-19864", "connectedWayCount": 2}}, {"type": "Feature", "geometry": {"type": "Point", "coordinates": [-73.708232, 40.968685]}, "properties": {"intersectionId": "ix-19870", "connectedWayCount": 2}}, {"type": "Feature", "geometry": {"type": "Point", "coordinates": [-73.708376, 40.96872]}, "properties": {"intersectionId": "ix-19875", "connectedWayCount": 2}}, {"type": "Feature", "geometry": {"type": "Point", "coordinates": [-73.708084, 40.967369]}, "properties": {"intersectionId": "ix-19893", "connectedWayCount": 2}}, {"type": "Feature", "geometry": {"type": "Point", "coordinates": [-73.707694, 40.968708]}, "properties": {"intersectionId": "ix-19940", "connectedWayCount": 2}}, {"type": "Feature", "geometry": {"type": "Point", "coordinates": [-73.712829, 40.969891]}, "properties": {"intersectionId": "ix-20010", "connectedWayCount": 2}}, {"type": "Feature", "geometry": {"type": "Point", "coordinates": [-73.711698, 40.970281]}, "properties": {"intersectionId": "ix-20013", "connectedWayCount": 2}}, {"type": "Feature", "geometry": {"type": "Point", "coordinates": [-73.71285, 40.970024]}, "properties": {"intersectionId": "ix-20014", "connectedWayCount": 2}}, {"type": "Feature", "geometry": {"type": "Point", "coordinates": [-73.711703, 40.9705]}, "properties": {"intersectionId": "ix-20016", "connectedWayCount": 2}}, {"type": "Feature", "geometry": {"type": "Point", "coordinates": [-73.711757, 40.970651]}, "properties": {"intersectionId": "ix-20017", "connectedWayCount": 2}}, {"type": "Feature", "geometry": {"type": "Point", "coordinates": [-73.713041, 40.970685]}, "properties": {"intersectionId": "ix-20041", "connectedWayCount": 2}}, {"type": "Feature", "geometry": {"type": "Point", "coordinates": [-73.720473, 40.971082]}, "properties": {"intersectionId": "ix-20076", "connectedWayCount": 3}}, {"type": "Feature", "geometry": {"type": "Point", "coordinates": [-73.74877, 40.916396]}, "properties": {"intersectionId": "ix-20098", "connectedWayCount": 2}}, {"type": "Feature", "geometry": {"type": "Point", "coordinates": [-73.747768, 40.916171]}, "properties": {"intersectionId": "ix-20103", "connectedWayCount": 2}}, {"type": "Feature", "geometry": {"type": "Point", "coordinates": [-73.750815, 40.914929]}, "properties": {"intersectionId": "ix-20126", "connectedWayCount": 2}}, {"type": "Feature", "geometry": {"type": "Point", "coordinates": [-73.720044, 40.954014]}, "properties": {"intersectionId": "ix-20174", "connectedWayCount": 2}}, {"type": "Feature", "geometry": {"type": "Point", "coordinates": [-73.723082, 40.954014]}, "properties": {"intersectionId": "ix-20204", "connectedWayCount": 2}}, {"type": "Feature", "geometry": {"type": "Point", "coordinates": [-73.750153, 40.941011]}, "properties": {"intersectionId": "ix-20217", "connectedWayCount": 2}}, {"type": "Feature", "geometry": {"type": "Point", "coordinates": [-73.717633, 40.95781]}, "properties": {"intersectionId": "ix-20222", "connectedWayCount": 2}}, {"type": "Feature", "geometry": {"type": "Point", "coordinates": [-73.717635, 40.95776]}, "properties": {"intersectionId": "ix-20227", "connectedWayCount": 2}}, {"type": "Feature", "geometry": {"type": "Point", "coordinates": [-73.717548, 40.957714]}, "properties": {"intersectionId": "ix-20229", "connectedWayCount": 2}}, {"type": "Feature", "geometry": {"type": "Point", "coordinates": [-73.759763, 40.931794]}, "properties": {"intersectionId": "ix-20238", "connectedWayCount": 2}}, {"type": "Feature", "geometry": {"type": "Point", "coordinates": [-73.759714, 40.931706]}, "properties": {"intersectionId": "ix-20245", "connectedWayCount": 2}}, {"type": "Feature", "geometry": {"type": "Point", "coordinates": [-73.759804, 40.931868]}, "properties": {"intersectionId": "ix-20247", "connectedWayCount": 2}}, {"type": "Feature", "geometry": {"type": "Point", "coordinates": [-73.712891, 40.968998]}, "properties": {"intersectionId": "ix-20248", "connectedWayCount": 2}}, {"type": "Feature", "geometry": {"type": "Point", "coordinates": [-73.712708, 40.969005]}, "properties": {"intersectionId": "ix-20249", "connectedWayCount": 2}}, {"type": "Feature", "geometry": {"type": "Point", "coordinates": [-73.7127, 40.969]}, "properties": {"intersectionId": "ix-20250", "connectedWayCount": 2}}, {"type": "Feature", "geometry": {"type": "Point", "coordinates": [-73.712688, 40.968824]}, "properties": {"intersectionId": "ix-20251", "connectedWayCount": 2}}, {"type": "Feature", "geometry": {"type": "Point", "coordinates": [-73.712835, 40.968778]}, "properties": {"intersectionId": "ix-20252", "connectedWayCount": 2}}, {"type": "Feature", "geometry": {"type": "Point", "coordinates": [-73.7129, 40.968988]}, "properties": {"intersectionId": "ix-20253", "connectedWayCount": 2}}, {"type": "Feature", "geometry": {"type": "Point", "coordinates": [-73.712896, 40.968998]}, "properties": {"intersectionId": "ix-20255", "connectedWayCount": 3}}, {"type": "Feature", "geometry": {"type": "Point", "coordinates": [-73.7127, 40.969005]}, "properties": {"intersectionId": "ix-20256", "connectedWayCount": 2}}, {"type": "Feature", "geometry": {"type": "Point", "coordinates": [-73.712669, 40.969006]}, "properties": {"intersectionId": "ix-20257", "connectedWayCount": 2}}, {"type": "Feature", "geometry": {"type": "Point", "coordinates": [-73.712704, 40.968804]}, "properties": {"intersectionId": "ix-20258", "connectedWayCount": 2}}, {"type": "Feature", "geometry": {"type": "Point", "coordinates": [-73.712819, 40.968767]}, "properties": {"intersectionId": "ix-20259", "connectedWayCount": 2}}, {"type": "Feature", "geometry": {"type": "Point", "coordinates": [-73.712831, 40.968764]}, "properties": {"intersectionId": "ix-20261", "connectedWayCount": 2}}, {"type": "Feature", "geometry": {"type": "Point", "coordinates": [-73.712934, 40.969317]}, "properties": {"intersectionId": "ix-20268", "connectedWayCount": 2}}, {"type": "Feature", "geometry": {"type": "Point", "coordinates": [-73.741219, 40.95641]}, "properties": {"intersectionId": "ix-20270", "connectedWayCount": 2}}, {"type": "Feature", "geometry": {"type": "Point", "coordinates": [-73.74103, 40.955853]}, "properties": {"intersectionId": "ix-20274", "connectedWayCount": 2}}, {"type": "Feature", "geometry": {"type": "Point", "coordinates": [-73.74136, 40.956413]}, "properties": {"intersectionId": "ix-20275", "connectedWayCount": 2}}, {"type": "Feature", "geometry": {"type": "Point", "coordinates": [-73.736137, 40.953465]}, "properties": {"intersectionId": "ix-20281", "connectedWayCount": 2}}, {"type": "Feature", "geometry": {"type": "Point", "coordinates": [-73.736071, 40.953526]}, "properties": {"intersectionId": "ix-20282", "connectedWayCount": 2}}, {"type": "Feature", "geometry": {"type": "Point", "coordinates": [-73.736035, 40.953558]}, "properties": {"intersectionId": "ix-20283", "connectedWayCount": 2}}, {"type": "Feature", "geometry": {"type": "Point", "coordinates": [-73.73719, 40.95284]}, "properties": {"intersectionId": "ix-20284", "connectedWayCount": 3}}, {"type": "Feature", "geometry": {"type": "Point", "coordinates": [-73.734904, 40.954594]}, "properties": {"intersectionId": "ix-20288", "connectedWayCount": 2}}, {"type": "Feature", "geometry": {"type": "Point", "coordinates": [-73.735028, 40.954702]}, "properties": {"intersectionId": "ix-20289", "connectedWayCount": 2}}, {"type": "Feature", "geometry": {"type": "Point", "coordinates": [-73.735445, 40.954337]}, "properties": {"intersectionId": "ix-20292", "connectedWayCount": 2}}, {"type": "Feature", "geometry": {"type": "Point", "coordinates": [-73.735963, 40.953944]}, "properties": {"intersectionId": "ix-20295", "connectedWayCount": 2}}, {"type": "Feature", "geometry": {"type": "Point", "coordinates": [-73.73608, 40.953783]}, "properties": {"intersectionId": "ix-20298", "connectedWayCount": 2}}, {"type": "Feature", "geometry": {"type": "Point", "coordinates": [-73.736605, 40.953395]}, "properties": {"intersectionId": "ix-20302", "connectedWayCount": 2}}, {"type": "Feature", "geometry": {"type": "Point", "coordinates": [-73.736703, 40.953315]}, "properties": {"intersectionId": "ix-20303", "connectedWayCount": 2}}, {"type": "Feature", "geometry": {"type": "Point", "coordinates": [-73.734572, 40.954795]}, "properties": {"intersectionId": "ix-20304", "connectedWayCount": 2}}, {"type": "Feature", "geometry": {"type": "Point", "coordinates": [-73.734701, 40.954907]}, "properties": {"intersectionId": "ix-20305", "connectedWayCount": 2}}, {"type": "Feature", "geometry": {"type": "Point", "coordinates": [-73.734559, 40.954781]}, "properties": {"intersectionId": "ix-20306", "connectedWayCount": 2}}, {"type": "Feature", "geometry": {"type": "Point", "coordinates": [-73.734683, 40.954726]}, "properties": {"intersectionId": "ix-20307", "connectedWayCount": 2}}, {"type": "Feature", "geometry": {"type": "Point", "coordinates": [-73.734802, 40.95484]}, "properties": {"intersectionId": "ix-20313", "connectedWayCount": 2}}, {"type": "Feature", "geometry": {"type": "Point", "coordinates": [-73.736873, 40.953936]}, "properties": {"intersectionId": "ix-20320", "connectedWayCount": 2}}, {"type": "Feature", "geometry": {"type": "Point", "coordinates": [-73.73695, 40.954051]}, "properties": {"intersectionId": "ix-20326", "connectedWayCount": 2}}, {"type": "Feature", "geometry": {"type": "Point", "coordinates": [-73.73665, 40.954305]}, "properties": {"intersectionId": "ix-20329", "connectedWayCount": 2}}, {"type": "Feature", "geometry": {"type": "Point", "coordinates": [-73.735988, 40.954659]}, "properties": {"intersectionId": "ix-20343", "connectedWayCount": 2}}, {"type": "Feature", "geometry": {"type": "Point", "coordinates": [-73.735982, 40.954699]}, "properties": {"intersectionId": "ix-20345", "connectedWayCount": 2}}, {"type": "Feature", "geometry": {"type": "Point", "coordinates": [-73.736784, 40.95391]}, "properties": {"intersectionId": "ix-20346", "connectedWayCount": 2}}, {"type": "Feature", "geometry": {"type": "Point", "coordinates": [-73.73671, 40.953867]}, "properties": {"intersectionId": "ix-20347", "connectedWayCount": 2}}, {"type": "Feature", "geometry": {"type": "Point", "coordinates": [-73.736593, 40.953876]}, "properties": {"intersectionId": "ix-20348", "connectedWayCount": 2}}, {"type": "Feature", "geometry": {"type": "Point", "coordinates": [-73.737101, 40.954136]}, "properties": {"intersectionId": "ix-20350", "connectedWayCount": 2}}, {"type": "Feature", "geometry": {"type": "Point", "coordinates": [-73.736953, 40.954052]}, "properties": {"intersectionId": "ix-20351", "connectedWayCount": 2}}, {"type": "Feature", "geometry": {"type": "Point", "coordinates": [-73.737111, 40.954143]}, "properties": {"intersectionId": "ix-20352", "connectedWayCount": 2}}, {"type": "Feature", "geometry": {"type": "Point", "coordinates": [-73.736769, 40.95442]}, "properties": {"intersectionId": "ix-20353", "connectedWayCount": 2}}, {"type": "Feature", "geometry": {"type": "Point", "coordinates": [-73.736654, 40.954309]}, "properties": {"intersectionId": "ix-20354", "connectedWayCount": 2}}, {"type": "Feature", "geometry": {"type": "Point", "coordinates": [-73.736783, 40.954435]}, "properties": {"intersectionId": "ix-20355", "connectedWayCount": 2}}, {"type": "Feature", "geometry": {"type": "Point", "coordinates": [-73.736062, 40.954777]}, "properties": {"intersectionId": "ix-20356", "connectedWayCount": 2}}, {"type": "Feature", "geometry": {"type": "Point", "coordinates": [-73.735364, 40.955138]}, "properties": {"intersectionId": "ix-20363", "connectedWayCount": 2}}, {"type": "Feature", "geometry": {"type": "Point", "coordinates": [-73.735487, 40.955178]}, "properties": {"intersectionId": "ix-20364", "connectedWayCount": 2}}, {"type": "Feature", "geometry": {"type": "Point", "coordinates": [-73.735644, 40.954869]}, "properties": {"intersectionId": "ix-20365", "connectedWayCount": 2}}, {"type": "Feature", "geometry": {"type": "Point", "coordinates": [-73.735496, 40.95518]}, "properties": {"intersectionId": "ix-20369", "connectedWayCount": 2}}, {"type": "Feature", "geometry": {"type": "Point", "coordinates": [-73.735789, 40.954915]}, "properties": {"intersectionId": "ix-20375", "connectedWayCount": 2}}, {"type": "Feature", "geometry": {"type": "Point", "coordinates": [-73.738753, 40.955668]}, "properties": {"intersectionId": "ix-20384", "connectedWayCount": 2}}, {"type": "Feature", "geometry": {"type": "Point", "coordinates": [-73.739304, 40.954325]}, "properties": {"intersectionId": "ix-20389", "connectedWayCount": 2}}, {"type": "Feature", "geometry": {"type": "Point", "coordinates": [-73.739315, 40.954319]}, "properties": {"intersectionId": "ix-20390", "connectedWayCount": 2}}, {"type": "Feature", "geometry": {"type": "Point", "coordinates": [-73.73938, 40.954244]}, "properties": {"intersectionId": "ix-20391", "connectedWayCount": 2}}, {"type": "Feature", "geometry": {"type": "Point", "coordinates": [-73.739926, 40.954784]}, "properties": {"intersectionId": "ix-20394", "connectedWayCount": 2}}, {"type": "Feature", "geometry": {"type": "Point", "coordinates": [-73.740028, 40.954859]}, "properties": {"intersectionId": "ix-20395", "connectedWayCount": 2}}, {"type": "Feature", "geometry": {"type": "Point", "coordinates": [-73.740489, 40.955175]}, "properties": {"intersectionId": "ix-20398", "connectedWayCount": 2}}, {"type": "Feature", "geometry": {"type": "Point", "coordinates": [-73.74056, 40.955117]}, "properties": {"intersectionId": "ix-20399", "connectedWayCount": 2}}, {"type": "Feature", "geometry": {"type": "Point", "coordinates": [-73.740087, 40.954737]}, "properties": {"intersectionId": "ix-20402", "connectedWayCount": 2}}, {"type": "Feature", "geometry": {"type": "Point", "coordinates": [-73.740024, 40.954688]}, "properties": {"intersectionId": "ix-20403", "connectedWayCount": 2}}, {"type": "Feature", "geometry": {"type": "Point", "coordinates": [-73.739855, 40.954569]}, "properties": {"intersectionId": "ix-20404", "connectedWayCount": 2}}, {"type": "Feature", "geometry": {"type": "Point", "coordinates": [-73.739787, 40.954517]}, "properties": {"intersectionId": "ix-20405", "connectedWayCount": 2}}, {"type": "Feature", "geometry": {"type": "Point", "coordinates": [-73.739494, 40.954293]}, "properties": {"intersectionId": "ix-20406", "connectedWayCount": 2}}, {"type": "Feature", "geometry": {"type": "Point", "coordinates": [-73.739483, 40.954285]}, "properties": {"intersectionId": "ix-20407", "connectedWayCount": 2}}, {"type": "Feature", "geometry": {"type": "Point", "coordinates": [-73.739418, 40.954238]}, "properties": {"intersectionId": "ix-20408", "connectedWayCount": 2}}, {"type": "Feature", "geometry": {"type": "Point", "coordinates": [-73.7394, 40.954226]}, "properties": {"intersectionId": "ix-20409", "connectedWayCount": 3}}, {"type": "Feature", "geometry": {"type": "Point", "coordinates": [-73.738873, 40.953845]}, "properties": {"intersectionId": "ix-20410", "connectedWayCount": 2}}, {"type": "Feature", "geometry": {"type": "Point", "coordinates": [-73.738867, 40.95384]}, "properties": {"intersectionId": "ix-20411", "connectedWayCount": 2}}, {"type": "Feature", "geometry": {"type": "Point", "coordinates": [-73.740522, 40.955148]}, "properties": {"intersectionId": "ix-20412", "connectedWayCount": 2}}, {"type": "Feature", "geometry": {"type": "Point", "coordinates": [-73.738525, 40.955647]}, "properties": {"intersectionId": "ix-20413", "connectedWayCount": 2}}, {"type": "Feature", "geometry": {"type": "Point", "coordinates": [-73.738719, 40.955018]}, "properties": {"intersectionId": "ix-20417", "connectedWayCount": 2}}, {"type": "Feature", "geometry": {"type": "Point", "coordinates": [-73.738745, 40.954951]}, "properties": {"intersectionId": "ix-20418", "connectedWayCount": 2}}, {"type": "Feature", "geometry": {"type": "Point", "coordinates": [-73.73853, 40.953881]}, "properties": {"intersectionId": "ix-20425", "connectedWayCount": 4}}, {"type": "Feature", "geometry": {"type": "Point", "coordinates": [-73.738794, 40.953773]}, "properties": {"intersectionId": "ix-20426", "connectedWayCount": 2}}, {"type": "Feature", "geometry": {"type": "Point", "coordinates": [-73.738779, 40.953763]}, "properties": {"intersectionId": "ix-20427", "connectedWayCount": 2}}, {"type": "Feature", "geometry": {"type": "Point", "coordinates": [-73.73874, 40.953736]}, "properties": {"intersectionId": "ix-20428", "connectedWayCount": 2}}, {"type": "Feature", "geometry": {"type": "Point", "coordinates": [-73.738288, 40.953421]}, "properties": {"intersectionId": "ix-20429", "connectedWayCount": 2}}, {"type": "Feature", "geometry": {"type": "Point", "coordinates": [-73.738248, 40.953388]}, "properties": {"intersectionId": "ix-20430", "connectedWayCount": 2}}, {"type": "Feature", "geometry": {"type": "Point", "coordinates": [-73.738115, 40.953283]}, "properties": {"intersectionId": "ix-20431", "connectedWayCount": 2}}, {"type": "Feature", "geometry": {"type": "Point", "coordinates": [-73.737816, 40.953032]}, "properties": {"intersectionId": "ix-20432", "connectedWayCount": 2}}, {"type": "Feature", "geometry": {"type": "Point", "coordinates": [-73.737806, 40.953023]}, "properties": {"intersectionId": "ix-20433", "connectedWayCount": 2}}, {"type": "Feature", "geometry": {"type": "Point", "coordinates": [-73.738233, 40.953376]}, "properties": {"intersectionId": "ix-20434", "connectedWayCount": 2}}, {"type": "Feature", "geometry": {"type": "Point", "coordinates": [-73.738716, 40.953753]}, "properties": {"intersectionId": "ix-20435", "connectedWayCount": 2}}, {"type": "Feature", "geometry": {"type": "Point", "coordinates": [-73.738446, 40.95382]}, "properties": {"intersectionId": "ix-20442", "connectedWayCount": 2}}, {"type": "Feature", "geometry": {"type": "Point", "coordinates": [-73.738329, 40.953733]}, "properties": {"intersectionId": "ix-20443", "connectedWayCount": 2}}, {"type": "Feature", "geometry": {"type": "Point", "coordinates": [-73.738256, 40.953686]}, "properties": {"intersectionId": "ix-20444", "connectedWayCount": 3}}, {"type": "Feature", "geometry": {"type": "Point", "coordinates": [-73.737872, 40.953382]}, "properties": {"intersectionId": "ix-20445", "connectedWayCount": 2}}, {"type": "Feature", "geometry": {"type": "Point", "coordinates": [-73.737647, 40.953178]}, "properties": {"intersectionId": "ix-20446", "connectedWayCount": 2}}, {"type": "Feature", "geometry": {"type": "Point", "coordinates": [-73.737634, 40.953167]}, "properties": {"intersectionId": "ix-20447", "connectedWayCount": 2}}, {"type": "Feature", "geometry": {"type": "Point", "coordinates": [-73.737808, 40.953039]}, "properties": {"intersectionId": "ix-20448", "connectedWayCount": 2}}, {"type": "Feature", "geometry": {"type": "Point", "coordinates": [-73.73766, 40.953168]}, "properties": {"intersectionId": "ix-20449", "connectedWayCount": 2}}, {"type": "Feature", "geometry": {"type": "Point", "coordinates": [-73.73757, 40.95312]}, "properties": {"intersectionId": "ix-20450", "connectedWayCount": 2}}, {"type": "Feature", "geometry": {"type": "Point", "coordinates": [-73.737669, 40.952931]}, "properties": {"intersectionId": "ix-20451", "connectedWayCount": 2}}, {"type": "Feature", "geometry": {"type": "Point", "coordinates": [-73.737412, 40.953002]}, "properties": {"intersectionId": "ix-20452", "connectedWayCount": 2}}, {"type": "Feature", "geometry": {"type": "Point", "coordinates": [-73.737369, 40.952697]}, "properties": {"intersectionId": "ix-20454", "connectedWayCount": 2}}, {"type": "Feature", "geometry": {"type": "Point", "coordinates": [-73.737347, 40.952652]}, "properties": {"intersectionId": "ix-20456", "connectedWayCount": 2}}, {"type": "Feature", "geometry": {"type": "Point", "coordinates": [-73.737336, 40.952622]}, "properties": {"intersectionId": "ix-20457", "connectedWayCount": 2}}, {"type": "Feature", "geometry": {"type": "Point", "coordinates": [-73.736964, 40.951735]}, "properties": {"intersectionId": "ix-20460", "connectedWayCount": 2}}, {"type": "Feature", "geometry": {"type": "Point", "coordinates": [-73.736904, 40.951612]}, "properties": {"intersectionId": "ix-20461", "connectedWayCount": 2}}, {"type": "Feature", "geometry": {"type": "Point", "coordinates": [-73.737155, 40.950192]}, "properties": {"intersectionId": "ix-20472", "connectedWayCount": 2}}, {"type": "Feature", "geometry": {"type": "Point", "coordinates": [-73.737023, 40.952469]}, "properties": {"intersectionId": "ix-20473", "connectedWayCount": 2}}, {"type": "Feature", "geometry": {"type": "Point", "coordinates": [-73.737105, 40.950065]}, "properties": {"intersectionId": "ix-20476", "connectedWayCount": 2}}, {"type": "Feature", "geometry": {"type": "Point", "coordinates": [-73.736342, 40.950275]}, "properties": {"intersectionId": "ix-20480", "connectedWayCount": 2}}, {"type": "Feature", "geometry": {"type": "Point", "coordinates": [-73.736221, 40.950306]}, "properties": {"intersectionId": "ix-20481", "connectedWayCount": 2}}, {"type": "Feature", "geometry": {"type": "Point", "coordinates": [-73.741575, 40.952277]}, "properties": {"intersectionId": "ix-20486", "connectedWayCount": 2}}, {"type": "Feature", "geometry": {"type": "Point", "coordinates": [-73.741519, 40.952225]}, "properties": {"intersectionId": "ix-20487", "connectedWayCount": 2}}, {"type": "Feature", "geometry": {"type": "Point", "coordinates": [-73.740965, 40.951732]}, "properties": {"intersectionId": "ix-20495", "connectedWayCount": 2}}, {"type": "Feature", "geometry": {"type": "Point", "coordinates": [-73.739955, 40.952689]}, "properties": {"intersectionId": "ix-20500", "connectedWayCount": 2}}, {"type": "Feature", "geometry": {"type": "Point", "coordinates": [-73.739859, 40.95277]}, "properties": {"intersectionId": "ix-20501", "connectedWayCount": 2}}, {"type": "Feature", "geometry": {"type": "Point", "coordinates": [-73.741024, 40.951785]}, "properties": {"intersectionId": "ix-20512", "connectedWayCount": 2}}, {"type": "Feature", "geometry": {"type": "Point", "coordinates": [-73.759772, 40.921655]}, "properties": {"intersectionId": "ix-20525", "connectedWayCount": 3}}, {"type": "Feature", "geometry": {"type": "Point", "coordinates": [-73.759508, 40.92175]}, "properties": {"intersectionId": "ix-20526", "connectedWayCount": 3}}, {"type": "Feature", "geometry": {"type": "Point", "coordinates": [-73.707797, 40.947706]}, "properties": {"intersectionId": "ix-20544", "connectedWayCount": 2}}, {"type": "Feature", "geometry": {"type": "Point", "coordinates": [-73.737168, 40.959236]}, "properties": {"intersectionId": "ix-20545", "connectedWayCount": 2}}, {"type": "Feature", "geometry": {"type": "Point", "coordinates": [-73.712049, 40.969315]}, "properties": {"intersectionId": "ix-20549", "connectedWayCount": 2}}, {"type": "Feature", "geometry": {"type": "Point", "coordinates": [-73.712067, 40.969359]}, "properties": {"intersectionId": "ix-20550", "connectedWayCount": 2}}, {"type": "Feature", "geometry": {"type": "Point", "coordinates": [-73.745327, 40.938343]}, "properties": {"intersectionId": "ix-20558", "connectedWayCount": 3}}, {"type": "Feature", "geometry": {"type": "Point", "coordinates": [-73.736565, 40.967134]}, "properties": {"intersectionId": "ix-20590", "connectedWayCount": 2}}, {"type": "Feature", "geometry": {"type": "Point", "coordinates": [-73.736513, 40.967033]}, "properties": {"intersectionId": "ix-20591", "connectedWayCount": 2}}, {"type": "Feature", "geometry": {"type": "Point", "coordinates": [-73.736268, 40.96657]}, "properties": {"intersectionId": "ix-20593", "connectedWayCount": 2}}, {"type": "Feature", "geometry": {"type": "Point", "coordinates": [-73.736199, 40.966451]}, "properties": {"intersectionId": "ix-20594", "connectedWayCount": 2}}, {"type": "Feature", "geometry": {"type": "Point", "coordinates": [-73.735904, 40.965874]}, "properties": {"intersectionId": "ix-20597", "connectedWayCount": 2}}, {"type": "Feature", "geometry": {"type": "Point", "coordinates": [-73.735864, 40.965769]}, "properties": {"intersectionId": "ix-20598", "connectedWayCount": 2}}, {"type": "Feature", "geometry": {"type": "Point", "coordinates": [-73.735319, 40.964826]}, "properties": {"intersectionId": "ix-20601", "connectedWayCount": 2}}, {"type": "Feature", "geometry": {"type": "Point", "coordinates": [-73.735388, 40.965286]}, "properties": {"intersectionId": "ix-20603", "connectedWayCount": 2}}, {"type": "Feature", "geometry": {"type": "Point", "coordinates": [-73.735415, 40.965421]}, "properties": {"intersectionId": "ix-20604", "connectedWayCount": 2}}, {"type": "Feature", "geometry": {"type": "Point", "coordinates": [-73.737324, 40.959619]}, "properties": {"intersectionId": "ix-20608", "connectedWayCount": 2}}, {"type": "Feature", "geometry": {"type": "Point", "coordinates": [-73.737352, 40.959529]}, "properties": {"intersectionId": "ix-20609", "connectedWayCount": 2}}, {"type": "Feature", "geometry": {"type": "Point", "coordinates": [-73.737567, 40.958954]}, "properties": {"intersectionId": "ix-20610", "connectedWayCount": 3}}, {"type": "Feature", "geometry": {"type": "Point", "coordinates": [-73.737602, 40.958866]}, "properties": {"intersectionId": "ix-20611", "connectedWayCount": 2}}, {"type": "Feature", "geometry": {"type": "Point", "coordinates": [-73.737813, 40.95821]}, "properties": {"intersectionId": "ix-20614", "connectedWayCount": 2}}, {"type": "Feature", "geometry": {"type": "Point", "coordinates": [-73.737599, 40.95816]}, "properties": {"intersectionId": "ix-20615", "connectedWayCount": 2}}, {"type": "Feature", "geometry": {"type": "Point", "coordinates": [-73.737279, 40.958953]}, "properties": {"intersectionId": "ix-20619", "connectedWayCount": 3}}, {"type": "Feature", "geometry": {"type": "Point", "coordinates": [-73.737236, 40.959052]}, "properties": {"intersectionId": "ix-20620", "connectedWayCount": 2}}, {"type": "Feature", "geometry": {"type": "Point", "coordinates": [-73.758546, 40.911792]}, "properties": {"intersectionId": "ix-20688", "connectedWayCount": 2}}, {"type": "Feature", "geometry": {"type": "Point", "coordinates": [-73.758419, 40.911665]}, "properties": {"intersectionId": "ix-20694", "connectedWayCount": 2}}, {"type": "Feature", "geometry": {"type": "Point", "coordinates": [-73.758349, 40.911735]}, "properties": {"intersectionId": "ix-20695", "connectedWayCount": 2}}, {"type": "Feature", "geometry": {"type": "Point", "coordinates": [-73.746872, 40.938123]}, "properties": {"intersectionId": "ix-20706", "connectedWayCount": 3}}, {"type": "Feature", "geometry": {"type": "Point", "coordinates": [-73.747636, 40.937591]}, "properties": {"intersectionId": "ix-20709", "connectedWayCount": 2}}, {"type": "Feature", "geometry": {"type": "Point", "coordinates": [-73.74942, 40.92825]}, "properties": {"intersectionId": "ix-20738", "connectedWayCount": 2}}, {"type": "Feature", "geometry": {"type": "Point", "coordinates": [-73.758141, 40.934591]}, "properties": {"intersectionId": "ix-20755", "connectedWayCount": 2}}, {"type": "Feature", "geometry": {"type": "Point", "coordinates": [-73.758515, 40.934244]}, "properties": {"intersectionId": "ix-20758", "connectedWayCount": 2}}, {"type": "Feature", "geometry": {"type": "Point", "coordinates": [-73.758716, 40.934089]}, "properties": {"intersectionId": "ix-20760", "connectedWayCount": 2}}, {"type": "Feature", "geometry": {"type": "Point", "coordinates": [-73.744464, 40.951632]}, "properties": {"intersectionId": "ix-20768", "connectedWayCount": 2}}, {"type": "Feature", "geometry": {"type": "Point", "coordinates": [-73.744448, 40.951649]}, "properties": {"intersectionId": "ix-20769", "connectedWayCount": 2}}, {"type": "Feature", "geometry": {"type": "Point", "coordinates": [-73.750669, 40.94774]}, "properties": {"intersectionId": "ix-20776", "connectedWayCount": 2}}, {"type": "Feature", "geometry": {"type": "Point", "coordinates": [-73.750806, 40.947781]}, "properties": {"intersectionId": "ix-20791", "connectedWayCount": 3}}, {"type": "Feature", "geometry": {"type": "Point", "coordinates": [-73.741081, 40.973792]}, "properties": {"intersectionId": "ix-20807", "connectedWayCount": 2}}, {"type": "Feature", "geometry": {"type": "Point", "coordinates": [-73.741237, 40.974299]}, "properties": {"intersectionId": "ix-20811", "connectedWayCount": 2}}, {"type": "Feature", "geometry": {"type": "Point", "coordinates": [-73.737166, 40.952936]}, "properties": {"intersectionId": "ix-20919", "connectedWayCount": 2}}, {"type": "Feature", "geometry": {"type": "Point", "coordinates": [-73.737127, 40.952905]}, "properties": {"intersectionId": "ix-20920", "connectedWayCount": 2}}, {"type": "Feature", "geometry": {"type": "Point", "coordinates": [-73.737183, 40.952848]}, "properties": {"intersectionId": "ix-20921", "connectedWayCount": 2}}, {"type": "Feature", "geometry": {"type": "Point", "coordinates": [-73.73678, 40.953246]}, "properties": {"intersectionId": "ix-20923", "connectedWayCount": 2}}, {"type": "Feature", "geometry": {"type": "Point", "coordinates": [-73.736713, 40.953306]}, "properties": {"intersectionId": "ix-20924", "connectedWayCount": 2}}, {"type": "Feature", "geometry": {"type": "Point", "coordinates": [-73.73662, 40.9534]}, "properties": {"intersectionId": "ix-20926", "connectedWayCount": 2}}, {"type": "Feature", "geometry": {"type": "Point", "coordinates": [-73.736648, 40.953373]}, "properties": {"intersectionId": "ix-20927", "connectedWayCount": 2}}, {"type": "Feature", "geometry": {"type": "Point", "coordinates": [-73.735946, 40.953961]}, "properties": {"intersectionId": "ix-20932", "connectedWayCount": 2}}, {"type": "Feature", "geometry": {"type": "Point", "coordinates": [-73.73589, 40.954015]}, "properties": {"intersectionId": "ix-20933", "connectedWayCount": 2}}, {"type": "Feature", "geometry": {"type": "Point", "coordinates": [-73.735702, 40.9545]}, "properties": {"intersectionId": "ix-20938", "connectedWayCount": 2}}, {"type": "Feature", "geometry": {"type": "Point", "coordinates": [-73.735822, 40.954555]}, "properties": {"intersectionId": "ix-20939", "connectedWayCount": 2}}, {"type": "Feature", "geometry": {"type": "Point", "coordinates": [-73.735869, 40.954589]}, "properties": {"intersectionId": "ix-20940", "connectedWayCount": 2}}, {"type": "Feature", "geometry": {"type": "Point", "coordinates": [-73.735686, 40.954514]}, "properties": {"intersectionId": "ix-20943", "connectedWayCount": 2}}, {"type": "Feature", "geometry": {"type": "Point", "coordinates": [-73.735892, 40.954336]}, "properties": {"intersectionId": "ix-20946", "connectedWayCount": 2}}, {"type": "Feature", "geometry": {"type": "Point", "coordinates": [-73.735848, 40.954374]}, "properties": {"intersectionId": "ix-20947", "connectedWayCount": 2}}, {"type": "Feature", "geometry": {"type": "Point", "coordinates": [-73.736361, 40.95407]}, "properties": {"intersectionId": "ix-20949", "connectedWayCount": 2}}, {"type": "Feature", "geometry": {"type": "Point", "coordinates": [-73.736293, 40.954024]}, "properties": {"intersectionId": "ix-20950", "connectedWayCount": 2}}, {"type": "Feature", "geometry": {"type": "Point", "coordinates": [-73.736258, 40.954]}, "properties": {"intersectionId": "ix-20952", "connectedWayCount": 3}}, {"type": "Feature", "geometry": {"type": "Point", "coordinates": [-73.736317, 40.95395]}, "properties": {"intersectionId": "ix-20953", "connectedWayCount": 2}}, {"type": "Feature", "geometry": {"type": "Point", "coordinates": [-73.736204, 40.95405]}, "properties": {"intersectionId": "ix-20955", "connectedWayCount": 2}}, {"type": "Feature", "geometry": {"type": "Point", "coordinates": [-73.736348, 40.953924]}, "properties": {"intersectionId": "ix-20961", "connectedWayCount": 2}}, {"type": "Feature", "geometry": {"type": "Point", "coordinates": [-73.737312, 40.953091]}, "properties": {"intersectionId": "ix-20964", "connectedWayCount": 2}}, {"type": "Feature", "geometry": {"type": "Point", "coordinates": [-73.737326, 40.953103]}, "properties": {"intersectionId": "ix-20966", "connectedWayCount": 2}}, {"type": "Feature", "geometry": {"type": "Point", "coordinates": [-73.711788, 40.969857]}, "properties": {"intersectionId": "ix-20970", "connectedWayCount": 3}}, {"type": "Feature", "geometry": {"type": "Point", "coordinates": [-73.710082, 40.970155]}, "properties": {"intersectionId": "ix-20974", "connectedWayCount": 2}}, {"type": "Feature", "geometry": {"type": "Point", "coordinates": [-73.71014, 40.97014]}, "properties": {"intersectionId": "ix-20975", "connectedWayCount": 2}}, {"type": "Feature", "geometry": {"type": "Point", "coordinates": [-73.714931, 40.949707]}, "properties": {"intersectionId": "ix-20986", "connectedWayCount": 2}}, {"type": "Feature", "geometry": {"type": "Point", "coordinates": [-73.714835, 40.94971]}, "properties": {"intersectionId": "ix-20994", "connectedWayCount": 2}}, {"type": "Feature", "geometry": {"type": "Point", "coordinates": [-73.743942, 40.918781]}, "properties": {"intersectionId": "ix-21018", "connectedWayCount": 2}}, {"type": "Feature", "geometry": {"type": "Point", "coordinates": [-73.743856, 40.918098]}, "properties": {"intersectionId": "ix-21025", "connectedWayCount": 2}}, {"type": "Feature", "geometry": {"type": "Point", "coordinates": [-73.745837, 40.917648]}, "properties": {"intersectionId": "ix-21045", "connectedWayCount": 2}}, {"type": "Feature", "geometry": {"type": "Point", "coordinates": [-73.746212, 40.917258]}, "properties": {"intersectionId": "ix-21053", "connectedWayCount": 3}}, {"type": "Feature", "geometry": {"type": "Point", "coordinates": [-73.746994, 40.91788]}, "properties": {"intersectionId": "ix-21054", "connectedWayCount": 3}}, {"type": "Feature", "geometry": {"type": "Point", "coordinates": [-73.746261, 40.917161]}, "properties": {"intersectionId": "ix-21061", "connectedWayCount": 3}}, {"type": "Feature", "geometry": {"type": "Point", "coordinates": [-73.746337, 40.917256]}, "properties": {"intersectionId": "ix-21068", "connectedWayCount": 3}}, {"type": "Feature", "geometry": {"type": "Point", "coordinates": [-73.746491, 40.917313]}, "properties": {"intersectionId": "ix-21072", "connectedWayCount": 2}}, {"type": "Feature", "geometry": {"type": "Point", "coordinates": [-73.74908, 40.917314]}, "properties": {"intersectionId": "ix-21104", "connectedWayCount": 3}}, {"type": "Feature", "geometry": {"type": "Point", "coordinates": [-73.748854, 40.917477]}, "properties": {"intersectionId": "ix-21105", "connectedWayCount": 3}}, {"type": "Feature", "geometry": {"type": "Point", "coordinates": [-73.748403, 40.917746]}, "properties": {"intersectionId": "ix-21109", "connectedWayCount": 3}}, {"type": "Feature", "geometry": {"type": "Point", "coordinates": [-73.747696, 40.917895]}, "properties": {"intersectionId": "ix-21120", "connectedWayCount": 3}}, {"type": "Feature", "geometry": {"type": "Point", "coordinates": [-73.749156, 40.917521]}, "properties": {"intersectionId": "ix-21129", "connectedWayCount": 3}}, {"type": "Feature", "geometry": {"type": "Point", "coordinates": [-73.705685, 40.971339]}, "properties": {"intersectionId": "ix-21170", "connectedWayCount": 2}}, {"type": "Feature", "geometry": {"type": "Point", "coordinates": [-73.705801, 40.971175]}, "properties": {"intersectionId": "ix-21173", "connectedWayCount": 2}}, {"type": "Feature", "geometry": {"type": "Point", "coordinates": [-73.705458, 40.971249]}, "properties": {"intersectionId": "ix-21174", "connectedWayCount": 2}}, {"type": "Feature", "geometry": {"type": "Point", "coordinates": [-73.704773, 40.956084]}, "properties": {"intersectionId": "ix-21186", "connectedWayCount": 3}}, {"type": "Feature", "geometry": {"type": "Point", "coordinates": [-73.704296, 40.955201]}, "properties": {"intersectionId": "ix-21199", "connectedWayCount": 3}}, {"type": "Feature", "geometry": {"type": "Point", "coordinates": [-73.703619, 40.950549]}, "properties": {"intersectionId": "ix-21220", "connectedWayCount": 2}}, {"type": "Feature", "geometry": {"type": "Point", "coordinates": [-73.737492, 40.95565]}, "properties": {"intersectionId": "ix-21394", "connectedWayCount": 2}}, {"type": "Feature", "geometry": {"type": "Point", "coordinates": [-73.737394, 40.955621]}, "properties": {"intersectionId": "ix-21396", "connectedWayCount": 2}}, {"type": "Feature", "geometry": {"type": "Point", "coordinates": [-73.737143, 40.955789]}, "properties": {"intersectionId": "ix-21400", "connectedWayCount": 2}}, {"type": "Feature", "geometry": {"type": "Point", "coordinates": [-73.737857, 40.954789]}, "properties": {"intersectionId": "ix-21405", "connectedWayCount": 2}}, {"type": "Feature", "geometry": {"type": "Point", "coordinates": [-73.736496, 40.955686]}, "properties": {"intersectionId": "ix-21407", "connectedWayCount": 2}}, {"type": "Feature", "geometry": {"type": "Point", "coordinates": [-73.735674, 40.955522]}, "properties": {"intersectionId": "ix-21410", "connectedWayCount": 2}}, {"type": "Feature", "geometry": {"type": "Point", "coordinates": [-73.737016, 40.955779]}, "properties": {"intersectionId": "ix-21424", "connectedWayCount": 2}}, {"type": "Feature", "geometry": {"type": "Point", "coordinates": [-73.735629, 40.955666]}, "properties": {"intersectionId": "ix-21426", "connectedWayCount": 2}}, {"type": "Feature", "geometry": {"type": "Point", "coordinates": [-73.752089, 40.930283]}, "properties": {"intersectionId": "ix-21428", "connectedWayCount": 2}}, {"type": "Feature", "geometry": {"type": "Point", "coordinates": [-73.735009, 40.933525]}, "properties": {"intersectionId": "ix-21439", "connectedWayCount": 2}}]}