eventId,tileId,flooded,elevationM,slopeDegrees,flowAccumulation,relativeElevationZ,landCoverClass,imperviousPct,distanceToWaterM,femaSfha
DFO_2606_From_20050105_to_20050201,9/142/186,1,202.8011932373047,86.22481536865234,2.0,-0.8818118281199886,0.0,127.0,18.448425444131768,False
DFO_2606_From_20050105_to_20050201,9/142/186,0,204.9582977294922,85.45682525634766,10.0,-0.8592540526222568,0.0,127.0,323.86965517262445,False
DFO_2606_From_20050105_to_20050201,9/142/186,0,225.56439208984375,85.69734191894531,5.0,-0.6437672033994316,0.0,127.0,622.2418965563104,False
DFO_2606_From_20050105_to_20050201,9/142/186,0,263.8931884765625,82.61488342285156,1.0,-0.24294638682736205,0.0,127.0,292.9205003004827,False
DFO_2606_From_20050105_to_20050201,9/142/186,0,154.73690795898438,82.21900939941406,1.0,-1.3844408665806065,0.0,127.0,1380.4703536049462,False
DFO_2606_From_20050105_to_20050201,9/142/186,0,296.0509338378906,83.70459747314453,1.0,0.0933410776887567,0.0,127.0,94.9727040326119,False
DFO_2606_From_20050105_to_20050201,9/142/186,0,167.96868896484375,80.55158996582031,23.0,-1.246070404488322,0.0,127.0,81.08222968789377,False
DFO_2606_From_20050105_to_20050201,9/142/186,0,223.51622009277344,85.17933654785156,1.0,-0.66518582463822,0.0,127.0,309.2354502456763,False
DFO_2606_From_20050105_to_20050201,9/142/186,0,161.53538513183594,82.20926666259766,25.0,-1.3133462476842728,0.0,127.0,227.58212909872117,False
DFO_2606_From_20050105_to_20050201,9/142/186,0,141.11109924316406,86.14703369140625,1.0,-1.5269318470128117,0.0,127.0,85.28741453760524,False
DFO_2606_From_20050105_to_20050201,9/142/186,0,298.1348571777344,87.55901336669922,1.0,0.11513356619588858,0.0,127.0,80.08312877256203,False
DFO_2606_From_20050105_to_20050201,9/142/186,0,319.5704040527344,85.7842788696289,1.0,0.3392943594391512,0.0,127.0,350.32604729334895,False
DFO_2606_From_20050105_to_20050201,9/142/186,0,216.39608764648438,84.00135040283203,1.0,-0.7396441319753053,0.0,127.0,178.75295471211516,False
DFO_2606_From_20050105_to_20050201,9/142/186,0,204.48779296875,84.30880737304688,1.0,-0.8641743245895518,0.0,127.0,596.4272820801684,False
DFO_2606_From_20050105_to_20050201,9/142/186,0,200.6066436767578,85.69214630126953,3.0,-0.9047611829077395,0.0,127.0,41.359213930806085,False
DFO_2606_From_20050105_to_20050201,9/142/186,0,310.5193176269531,87.78262329101562,2.0,0.24464323041744523,0.0,127.0,35.73876924533595,False
DFO_2606_From_20050105_to_20050201,9/142/186,0,167.65679931640625,88.16251373291016,2.0,-1.2493319695608536,0.0,127.0,130.42820021827288,False
DFO_2606_From_20050105_to_20050201,9/142/186,0,190.6790771484375,86.1234130859375,1.0,-1.0085780437949683,0.0,127.0,78.69891776841905,False
DFO_2606_From_20050105_to_20050201,9/142/186,0,161.79946899414062,73.490234375,69.0,-1.3105846084127315,0.0,127.0,493.7230878318907,False
DFO_2606_From_20050105_to_20050201,9/142/186,0,215.98614501953125,85.09443664550781,6.0,-0.7439310794918724,0.0,127.0,713.2072484770888,False
DFO_2606_From_20050105_to_20050201,9/142/186,0,167.63339233398438,85.56706237792969,112.0,-1.2495767465090564,0.0,127.0,193.64890785754318,False
DFO_2606_From_20050105_to_20050201,9/142/186,0,108.6124267578125,85.51304626464844,1.0,-1.866784534054154,0.0,127.0,666.8541645629339,False
DFO_2606_From_20050105_to_20050201,9/142/186,0,177.3822784423828,84.5693588256836,1.0,-1.147628424124731,0.0,127.0,59.06917487880875,False
DFO_2606_From_20050105_to_20050201,9/142/186,0,144.08518981933594,84.68510437011719,74.0,-1.495830494356886,0.0,127.0,413.7813694067053,False
DFO_2606_From_20050105_to_20050201,9/142/186,0,297.5273132324219,84.41541290283203,2.0,0.10878021615049155,0.0,127.0,309.11939859081224,False
DFO_2606_From_20050105_to_20050201,9/142/186,0,191.89547729492188,86.87574005126953,2.0,-0.9958576208765696,0.0,127.0,210.2528541385086,False
DFO_3285_From_20080317_to_20080502,9/142/186,1,82.8648681640625,86.10212707519531,2.0,-2.1360379005350305,0.0,127.0,1143.9551631500738,False
DFO_3285_From_20080317_to_20080502,9/142/186,0,164.86341857910156,76.70579528808594,1.0,-1.2785435612014175,0.0,127.0,216.8005123909889,False
DFO_3285_From_20080317_to_20080502,9/142/186,0,204.6182861328125,84.58650207519531,2.0,-0.8628097010817098,0.0,127.0,260.7070149834059,False
DFO_3285_From_20080317_to_20080502,9/142/186,0,280.1086120605469,86.49861907958984,2.0,-0.07337468265961164,0.0,127.0,108.02900834509647,False
DFO_3285_From_20080317_to_20080502,9/142/186,0,133.4046173095703,88.16527557373047,1.0,-1.6075218647727036,0.0,127.0,1713.5327754543205,False
DFO_3285_From_20080317_to_20080502,9/142/186,0,231.77215576171875,84.52511596679688,16.0,-0.5788499313060781,0.0,127.0,12.904280738770336,False
DFO_3285_From_20080317_to_20080502,9/142/186,0,155.2872772216797,82.10675811767578,1.0,-1.378685416942586,0.0,127.0,849.8137706367725,False
DFO_3285_From_20080317_to_20080502,9/142/186,0,163.1262664794922,78.72367858886719,3.0,-1.2967097127301566,0.0,127.0,919.6402258615519,False
DFO_3285_From_20080317_to_20080502,9/142/186,0,140.82382202148438,83.68977355957031,2.0,-1.5299360292838757,0.0,127.0,1226.3573323628864,False
DFO_3285_From_20080317_to_20080502,9/142/186,0,210.50381469726562,82.5414047241211,36.0,-0.8012621810040961,0.0,127.0,611.590770155682,False
DFO_3285_From_20080317_to_20080502,9/142/186,0,282.9527282714844,85.4803466796875,1.0,-0.043632528207591274,0.0,127.0,543.687060863875,False
DFO_3285_From_20080317_to_20080502,9/142/186,0,278.5721435546875,86.23945617675781,1.0,-0.0894421989714262,0.0,127.0,36.849411537865045,False
DFO_3285_From_20080317_to_20080502,9/142/186,0,205.18710327148438,82.79064178466797,1.0,-0.8568613340184109,0.0,127.0,328.4285142995934,False
DFO_3285_From_20080317_to_20080502,9/142/186,0,189.08460998535156,81.83486938476562,33.0,-1.0252520771733529,0.0,127.0,167.92217453522142,False
DFO_3285_From_20080317_to_20080502,9/142/186,0,161.79946899414062,73.490234375,69.0,-1.3105846084127315,0.0,127.0,493.7230878318907,False
DFO_3285_From_20080317_to_20080502,9/142/186,0,273.7145080566406,84.05892944335938,1.0,-0.1402405962728162,0.0,127.0,346.5089801995161,False
DFO_3285_From_20080317_to_20080502,9/142/186,0,187.10752868652344,84.96654510498047,14.0,-1.045927272205051,0.0,127.0,116.30892531461956,False
DFO_3285_From_20080317_to_20080502,9/142/186,0,196.92005920410156,84.26081848144531,1.0,-0.9433133926819033,0.0,127.0,1467.9201548182696,False
DFO_3285_From_20080317_to_20080502,9/142/186,0,123.10782623291016,86.46077728271484,5.0,-1.7151998666013502,0.0,127.0,0.08184461049201629,False
DFO_3285_From_20080317_to_20080502,9/142/186,0,207.4530792236328,84.72044372558594,2.0,-0.8331650425327872,0.0,127.0,366.86164995728524,False
DFO_3285_From_20080317_to_20080502,9/142/186,0,242.48294067382812,86.08715057373047,2.0,-0.46684261671982935,0.0,127.0,127.9085081194103,False
DFO_3285_From_20080317_to_20080502,9/142/186,0,183.0841827392578,85.58529663085938,1.0,-1.0880011425051819,0.0,127.0,217.96647754633287,False
DFO_3285_From_20080317_to_20080502,9/142/186,0,142.16514587402344,85.4993896484375,1.0,-1.5159092250910733,0.0,127.0,1002.2106465857951,False
DFO_3285_From_20080317_to_20080502,9/142/186,0,114.42237854003906,85.18876647949219,1.0,-1.8060273531059068,0.0,127.0,897.0422128741291,False
DFO_3285_From_20080317_to_20080502,9/142/186,0,281.98828125,88.14899444580078,3.0,-0.053718168225909656,0.0,127.0,71.86347174877855,False
DFO_3285_From_20080317_to_20080502,9/142/186,0,209.61041259765625,86.3102798461914,6.0,-0.8106048735186128,0.0,127.0,54.63926807153984,False
DFO_2606_From_20050105_to_20050201,9/142/187,1,90.86792755126953,86.50743865966797,1.0,-1.0559037520210637,0.0,127.0,,False
DFO_2606_From_20050105_to_20050201,9/142/187,0,199.97976684570312,67.88253021240234,1.0,0.29943329189092527,0.0,127.0,,False
DFO_2606_From_20050105_to_20050201,9/142/187,0,75.46923065185547,80.80301666259766,5.0,-1.2471792769384893,0.0,127.0,,False
DFO_2606_From_20050105_to_20050201,9/142/187,0,142.60858154296875,87.7609634399414,2.0,-0.413205164180833,0.0,127.0,,False
DFO_2606_From_20050105_to_20050201,9/142/187,0,203.18341064453125,75.03069305419922,1.0,0.33922748053377216,0.0,127.0,,False
DFO_2606_From_20050105_to_20050201,9/142/187,0,174.29981994628906,85.08464813232422,1.0,-0.019551188102569818,0.0,127.0,,False
DFO_2606_From_20050105_to_20050201,9/142/187,0,192.6697998046875,73.97896575927734,1.0,0.2086322460600571,0.0,127.0,,False
DFO_2606_From_20050105_to_20050201,9/142/187,0,193.71282958984375,88.6293716430664,1.0,0.22158828194825375,0.0,127.0,,False
DFO_2606_From_20050105_to_20050201,9/142/187,0,196.90036010742188,78.54530334472656,1.0,0.26118231882830095,0.0,127.0,,False
DFO_2606_From_20050105_to_20050201,9/142/187,0,195.90496826171875,72.41033172607422,1.0,0.24881801949641172,0.0,127.0,,False
DFO_2606_From_20050105_to_20050201,9/142/187,0,95.21929168701172,85.74056243896484,4.0,-1.0018531096447847,0.0,127.0,,False
DFO_2606_From_20050105_to_20050201,9/142/187,0,186.01239013671875,70.58976745605469,1.0,0.12593696754726807,0.0,127.0,,False
DFO_2606_From_20050105_to_20050201,9/142/187,0,78.7873306274414,85.84339904785156,3.0,-1.2059633663517404,0.0,127.0,,False
DFO_2606_From_20050105_to_20050201,9/142/187,0,192.73008728027344,88.75160217285156,1.0,0.20938110933166842,0.0,127.0,,False
DFO_2606_From_20050105_to_20050201,9/142/187,0,197.64859008789062,78.98727416992188,2.0,0.27047648723800327,0.0,127.0,,False
DFO_2606_From_20050105_to_20050201,9/142/187,0,111.18294525146484,87.1742935180664,16.0,-0.8035599530818491,0.0,127.0,,False
DFO_2606_From_20050105_to_20050201,9/142/187,0,156.7800750732422,88.84840393066406,3.0,-0.2371733946373922,0.0,127.0,,False
DFO_2606_From_20050105_to_20050201,9/142/187,0,92.49987030029297,89.02857971191406,2.0,-1.035632510370316,0.0,127.0,,False
DFO_2606_From_20050105_to_20050201,9/142/187,0,203.03555297851562,78.14417266845703,12.0,0.3373908606649,0.0,127.0,,False
DFO_2606_From_20050105_to_20050201,9/142/187,0,82.27301025390625,87.55716705322266,5.0,-1.1626658584781093,0.0,127.0,,False
DFO_2606_From_20050105_to_20050201,9/142/187,0,183.64572143554688,79.6440200805664,62.0,0.09653929831075514,0.0,127.0,,False
DFO_2606_From_20050105_to_20050201,9/142/187,0,181.82789611816406,81.49901580810547,70.0,0.0739591089569525,0.0,127.0,,False
DFO_2606_From_20050105_to_20050201,9/142/187,0,195.77740478515625,82.63090515136719,4.0,0.24723348470758083,0.0,127.0,,False
DFO_2606_From_20050105_to_20050201,9/142/187,0,190.44979858398438,69.3692398071289,3.0,0.18105641275539133,0.0,127.0,,False
DFO_2606_From_20050105_to_20050201,9/142/187,0,87.97061157226562,85.07207489013672,1.0,-1.0918928774876935,0.0,127.0,,False
DFO_2606_From_20050105_to_20050201,9/142/187,0,195.79428100585938,88.85005950927734,1.0,0.24744311335308886,0.0,127.0,,False
DFO_3285_From_20080317_to_20080502,9/142/187,1,91.35639953613281,86.55610656738281,5.0,-1.0498361778670626,0.0,127.0,,False
DFO_3285_From_20080317_to_20080502,9/142/187,0,199.49081420898438,65.47604370117188,1.0,0.293359747300818,0.0,127.0,,False
DFO_3285_From_20080317_to_20080502,9/142/187,0,121.01528930664062,87.33020782470703,4.0,-0.6814271010225272,0.0,127.0,,False
DFO_3285_From_20080317_to_20080502,9/142/187,0,189.63265991210938,80.51864624023438,1.0,0.17090629229947366,0.0,127.0,,False
DFO_3285_From_20080317_to_20080502,9/142/187,0,200.0468292236328,77.21026611328125,1.0,0.30026630988098646,0.0,127.0,,False
DFO_3285_From_20080317_to_20080502,9/142/187,0,92.5754623413086,86.33293151855469,3.0,-1.0346935408315756,0.0,127.0,,False
DFO_3285_From_20080317_to_20080502,9/142/187,0,195.84059143066406,77.71211242675781,1.0,0.2480183601334838,0.0,127.0,,False
DFO_3285_From_20080317_to_20080502,9/142/187,0,185.81336975097656,88.8736572265625,2.0,0.12346482792397606,0.0,127.0,,False
DFO_3285_From_20080317_to_20080502,9/142/187,0,196.90036010742188,78.54530334472656,1.0,0.26118231882830095,0.0,127.0,,False
DFO_3285_From_20080317_to_20080502,9/142/187,0,196.91162109375,67.60997009277344,1.0,0.26132219761707576,0.0,127.0,,False
DFO_3285_From_20080317_to_20080502,9/142/187,0,151.2395782470703,87.77664184570312,1.0,-0.30599489594051094,0.0,127.0,,False
DFO_3285_From_20080317_to_20080502,9/142/187,0,186.01239013671875,70.58976745605469,1.0,0.12593696754726807,0.0,127.0,,False
DFO_3285_From_20080317_to_20080502,9/142/187,0,89.8521957397461,88.91541290283203,2.0,-1.0685207050459566,0.0,127.0,,False
DFO_3285_From_20080317_to_20080502,9/142/187,0,192.57650756835938,88.87455749511719,1.0,0.20747341284248388,0.0,127.0,,False
DFO_3285_From_20080317_to_20080502,9/142/187,0,197.64859008789062,78.98727416992188,2.0,0.27047648723800327,0.0,127.0,,False
DFO_3285_From_20080317_to_20080502,9/142/187,0,120.55913543701172,86.96282958984375,15.0,-0.6870932344250039,0.0,127.0,,False
DFO_3285_From_20080317_to_20080502,9/142/187,0,141.62701416015625,88.86502838134766,2.0,-0.42539774239804745,0.0,127.0,,False
DFO_3285_From_20080317_to_20080502,9/142/187,0,102.10692596435547,89.02534484863281,2.0,-0.9162980870059334,0.0,127.0,,False
DFO_3285_From_20080317_to_20080502,9/142/187,0,199.86270141601562,68.16082763671875,17.0,0.29797915900816085,0.0,127.0,,False
DFO_3285_From_20080317_to_20080502,9/142/187,0,90.62639617919922,88.90481567382812,3.0,-1.0589039435488632,0.0,127.0,,False
DFO_3285_From_20080317_to_20080502,9/142/187,0,183.64572143554688,79.6440200805664,62.0,0.09653929831075514,0.0,127.0,,False
DFO_3285_From_20080317_to_20080502,9/142/187,0,192.4778594970703,83.0661392211914,1.0,0.20624805190829826,0.0,127.0,,False
DFO_3285_From_20080317_to_20080502,9/142/187,0,195.77740478515625,82.63090515136719,4.0,0.24723348470758083,0.0,127.0,,False
DFO_3285_From_20080317_to_20080502,9/142/187,0,190.44979858398438,69.3692398071289,3.0,0.18105641275539133,0.0,127.0,,False
DFO_3285_From_20080317_to_20080502,9/142/187,0,95.3679428100586,86.14322662353516,19.0,-1.000006633817896,0.0,127.0,,False
DFO_3285_From_20080317_to_20080502,9/142/187,0,193.9452667236328,75.27986907958984,1.0,0.22447550903417013,0.0,127.0,,False
DFO_3625_From_20100310_to_20100324,9/142/187,1,92.0066146850586,86.44202423095703,7.0,-1.041759504578898,0.0,127.0,,False
DFO_3625_From_20100310_to_20100324,9/142/187,0,199.49081420898438,65.47604370117188,1.0,0.293359747300818,0.0,127.0,,False
DFO_3625_From_20100310_to_20100324,9/142/187,0,102.59935760498047,87.25484466552734,4.0,-0.9101813278306762,0.0,127.0,,False
DFO_3625_From_20100310_to_20100324,9/142/187,0,180.44711303710938,83.59329986572266,1.0,0.05680765709378314,0.0,127.0,,False
DFO_3625_From_20100310_to_20100324,9/142/187,0,203.18341064453125,75.03069305419922,1.0,0.33922748053377216,0.0,127.0,,False
DFO_3625_From_20100310_to_20100324,9/142/187,0,189.63265991210938,80.51864624023438,1.0,0.17090629229947366,0.0,127.0,,False
DFO_3625_From_20100310_to_20100324,9/142/187,0,192.6697998046875,73.97896575927734,1.0,0.2086322460600571,0.0,127.0,,False
DFO_3625_From_20100310_to_20100324,9/142/187,0,193.71282958984375,88.6293716430664,1.0,0.22158828194825375,0.0,127.0,,False
DFO_3625_From_20100310_to_20100324,9/142/187,0,196.90036010742188,78.54530334472656,1.0,0.26118231882830095,0.0,127.0,,False
DFO_3625_From_20100310_to_20100324,9/142/187,0,195.90496826171875,72.41033172607422,1.0,0.24881801949641172,0.0,127.0,,False
DFO_3625_From_20100310_to_20100324,9/142/187,0,109.89157104492188,85.8485336303711,3.0,-0.8196008090604305,0.0,127.0,,False
DFO_3625_From_20100310_to_20100324,9/142/187,0,186.01239013671875,70.58976745605469,1.0,0.12593696754726807,0.0,127.0,,False
DFO_3625_From_20100310_to_20100324,9/142/187,0,84.22651672363281,88.0964126586914,6.0,-1.1384003003034593,0.0,127.0,,False
DFO_3625_From_20100310_to_20100324,9/142/187,0,195.79428100585938,88.85005950927734,1.0,0.24744311335308886,0.0,127.0,,False
DFO_3625_From_20100310_to_20100324,9/142/187,0,197.64859008789062,78.98727416992188,2.0,0.27047648723800327,0.0,127.0,,False
DFO_3625_From_20100310_to_20100324,9/142/187,0,120.55913543701172,86.96282958984375,15.0,-0.6870932344250039,0.0,127.0,,False
DFO_3625_From_20100310_to_20100324,9/142/187,0,156.7800750732422,88.84840393066406,3.0,-0.2371733946373922,0.0,127.0,,False
DFO_3625_From_20100310_to_20100324,9/142/187,0,121.44123840332031,88.99712371826172,4.0,-0.6761361574064729,0.0,127.0,,False
DFO_3625_From_20100310_to_20100324,9/142/187,0,199.86270141601562,68.16082763671875,17.0,0.29797915900816085,0.0,127.0,,False
DFO_3625_From_20100310_to_20100324,9/142/187,0,87.03352355957031,88.71330261230469,4.0,-1.1035329534430132,0.0,127.0,,False
DFO_3625_From_20100310_to_20100324,9/142/187,0,183.64572143554688,79.6440200805664,62.0,0.09653929831075514,0.0,127.0,,False
DFO_3625_From_20100310_to_20100324,9/142/187,0,181.82789611816406,81.49901580810547,70.0,0.0739591089569525,0.0,127.0,,False
DFO_3625_From_20100310_to_20100324,9/142/187,0,195.77740478515625,82.63090515136719,4.0,0.24723348470758083,0.0,127.0,,False
DFO_3625_From_20100310_to_20100324,9/142/187,0,190.44979858398438,69.3692398071289,3.0,0.18105641275539133,0.0,127.0,,False
DFO_3625_From_20100310_to_20100324,9/142/187,0,95.3679428100586,86.14322662353516,19.0,-1.000006633817896,0.0,127.0,,False
DFO_3625_From_20100310_to_20100324,9/142/187,0,193.9452667236328,75.27986907958984,1.0,0.22447550903417013,0.0,127.0,,False
DFO_3625_From_20100310_to_20100324,9/142/188,1,183.35098266601562,73.2283935546875,1.0,0.0166494140130155,0.0,127.0,511.6979498000435,False
DFO_3625_From_20100310_to_20100324,9/142/188,0,174.76528930664062,51.39865493774414,9.0,-0.6350486090500423,0.0,127.0,187.76576031418026,False
DFO_3625_From_20100310_to_20100324,9/142/188,0,175.23313903808594,65.3647232055664,3.0,-0.5995364224028724,0.0,127.0,305.33928346224207,False
DFO_3625_From_20100310_to_20100324,9/142/188,0,190.93399047851562,63.01710510253906,1.0,0.5922384775196716,0.0,127.0,115.62129384879117,False
DFO_3625_From_20100310_to_20100324,9/142/188,0,177.4346160888672,40.41509246826172,1.0,-0.4324330584973542,0.0,127.0,47.219093021829735,False
DFO_3625_From_20100310_to_20100324,9/142/188,0,185.19815063476562,54.689918518066406,1.0,0.1568589070745532,0.0,127.0,174.57731921404587,False
DFO_3625_From_20100310_to_20100324,9/142/188,0,179.4915313720703,65.75374603271484,1.0,-0.2763026718690053,0.0,127.0,684.4624251584485,False
DFO_3625_From_20100310_to_20100324,9/142/188,0,181.0042266845703,41.84522247314453,1.0,-0.16148136351461892,0.0,127.0,22.826006353005393,False
DFO_3625_From_20100310_to_20100324,9/142/188,0,179.59335327148438,28.823034286499023,1.0,-0.2685738691066504,0.0,127.0,44.99890982577721,False
DFO_3625_From_20100310_to_20100324,9/142/188,0,177.68606567382812,53.53578567504883,1.0,-0.41334674938288585,0.0,127.0,42.885608981722655,False
DFO_3625_From_20100310_to_20100324,9/142/188,0,184.53977966308594,73.8548355102539,2.0,0.10688518419319111,0.0,127.0,44.17203191266803,False
DFO_3625_From_20100310_to_20100324,9/142/188,0,187.66085815429688,78.04086303710938,1.0,0.34379099918200706,0.0,127.0,110.74650425907868,False
DFO_3625_From_20100310_to_20100324,9/142/188,0,182.80630493164062,67.45330047607422,17.0,-0.024694410864104586,0.0,127.0,224.60717405510871,False
DFO_3625_From_20100310_to_20100324,9/142/188,0,180.55613708496094,61.783721923828125,1.0,-0.19549365512548592,0.0,127.0,100.70164370152368,False
DFO_3625_From_20100310_to_20100324,9/142/188,0,178.2268524169922,59.50727462768555,1.0,-0.37229827063260534,0.0,127.0,302.7255059649015,False
DFO_3625_From_20100310_to_20100324,9/142/188,0,187.4634246826172,71.51535034179688,1.0,0.32880478924013523,0.0,127.0,528.2917504373871,False
DFO_3625_From_20100310_to_20100324,9/142/188,0,177.77029418945312,61.8035774230957,2.0,-0.4069533744018879,0.0,127.0,424.5759363456475,False
DFO_3625_From_20100310_to_20100324,9/142/188,0,176.3179473876953,60.00043487548828,1.0,-0.5171939222399977,0.0,127.0,140.79546856889576,False
DFO_3625_From_20100310_to_20100324,9/142/188,0,179.53561401367188,51.39496612548828,1.0,-0.2729565739849287,0.0,127.0,721.9165653770376,False
DFO_3625_From_20100310_to_20100324,9/142/188,0,192.08216857910156,32.19036865234375,1.0,0.6793910657796631,0.0,127.0,156.79216875938312,False
DFO_3625_From_20100310_to_20100324,9/142/188,0,188.18943786621094,79.83959197998047,1.0,0.38391290184808496,0.0,127.0,144.03800937619212,False
DFO_3625_From_20100310_to_20100324,9/142/188,0,183.2906494140625,80.27784729003906,1.0,0.01206981171684414,0.0,127.0,717.5009555355007,False
DFO_3625_From_20100310_to_20100324,9/142/188,0,188.0592041015625,78.63610076904297,1.0,0.37402749324974843,0.0,127.0,180.28269182471502,False
DFO_3625_From_20100310_to_20100324,9/142/188,0,187.4237823486328,83.92359161376953,1.0,0.32579573340668727,0.0,127.0,151.87584440106943,False
DFO_3625_From_20100310_to_20100324,9/142/188,0,184.50491333007812,66.8298110961914,2.0,0.10423865125268743,0.0,127.0,172.9289160181933,False
DFO_3625_From_20100310_to_20100324,9/142/188,0,179.86395263671875,46.86410140991211,2.0,-0.2480339937600892,0.0,127.0,327.0193266623058,False
DFO_2606_From_20050105_to_20050201,9/142/191,1,415.1611328125,88.61875915527344,1.0,0.1212450289239802,21.0,3.0,,False
DFO_2606_From_20050105_to_20050201,9/142/191,1,365.2901306152344,87.94281768798828,6.0,-1.3788712085971244,22.0,30.0,,False
DFO_2606_From_20050105_to_20050201,9/142/191,1,328.262451171875,88.80946350097656,13.0,-2.492661201246507,11.0,0.0,,False
DFO_2606_From_20050105_to_20050201,9/142/191,0,336.6348876953125,87.93278503417969,2.0,-2.2408188996472025,42.0,0.0,,False
DFO_2606_From_20050105_to_20050201,9/142/191,0,456.77752685546875,86.82243347167969,1.0,1.3730632338999558,81.0,0.0,,False
DFO_2606_From_20050105_to_20050201,9/142/191,0,447.168701171875,88.01680755615234,4.0,1.0840304333467892,43.0,0.0,,False
DFO_2606_From_20050105_to_20050201,9/142/191,0,381.90423583984375,88.19775390625,2.0,-0.8791200922923623,81.0,0.0,,False
DFO_2606_From_20050105_to_20050201,9/142/191,0,431.4648132324219,87.54067993164062,2.0,0.6116585889430464,41.0,0.0,,False
DFO_2606_From_20050105_to_20050201,9/142/191,0,297.893798828125,86.23664093017578,60.0,-3.4061481272219094,41.0,0.0,,False
DFO_2606_From_20050105_to_20050201,9/142/191,0,432.20672607421875,86.09161376953125,1.0,0.6339752750285316,41.0,0.0,,False
DFO_2606_From_20050105_to_20050201,9/142/191,0,391.73089599609375,86.04429626464844,6.0,-0.5835348461269956,21.0,18.0,,False
DFO_2606_From_20050105_to_20050201,9/142/191,0,407.0322570800781,88.20500183105469,1.0,-0.12327098121679686,71.0,0.0,,False
DFO_2606_From_20050105_to_20050201,9/142/191,0,375.94927978515625,87.81424713134766,18.0,-1.0582447514685744,43.0,0.0,,False
DFO_2606_From_20050105_to_20050201,9/142/191,0,354.8477783203125,88.548095703125,17.0,-1.6929764309779765,21.0,1.0,,False
DFO_2606_From_20050105_to_20050201,9/142/191,0,442.9543762207031,84.8110122680664,1.0,0.9572638353057759,82.0,0.0,,False
DFO_2606_From_20050105_to_20050201,9/142/191,0,415.68792724609375,84.70182800292969,10.0,0.13709096842493224,82.0,0.0,,False
DFO_2606_From_20050105_to_20050201,9/142/191,0,371.4451599121094,88.44046020507812,1.0,-1.193728360371657,81.0,0.0,,False
DFO_2606_From_20050105_to_20050201,9/142/191,0,384.353759765625,85.75882720947266,1.0,-0.8054385849361222,41.0,0.0,,False
DFO_2606_From_20050105_to_20050201,9/142/191,0,369.8769226074219,88.76726531982422,3.0,-1.2409008281665201,41.0,0.0,,False
DFO_2606_From_20050105_to_20050201,9/142/191,0,435.50457763671875,86.00298309326172,2.0,0.733174418014911,41.0,0.0,,False
DFO_2606_From_20050105_to_20050201,9/142/191,0,354.4773254394531,88.80967712402344,1.0,-1.7041196275717696,41.0,0.0,,False
DFO_2606_From_20050105_to_20050201,9/142/191,0,452.67950439453125,86.93643951416016,2.0,1.249795006582968,81.0,0.0,,False
DFO_2606_From_20050105_to_20050201,9/142/191,0,414.50103759765625,83.50658416748047,4.0,0.10138941130113274,41.0,0.0,,False
DFO_2606_From_20050105_to_20050201,9/142/191,0,396.62255859375,84.18563842773438,4.0,-0.4363939793324409,41.0,0.0,,False
DFO_2606_From_20050105_to_20050201,9/142/191,0,419.53106689453125,86.90721130371094,1.0,0.2526923386736805,43.0,0.0,,False
DFO_2606_From_20050105_to_20050201,9/142/191,0,430.60565185546875,88.04639434814453,1.0,0.5858150751688428,41.0,0.0,,False
DFO_2606_From_20050105_to_20050201,9/142/191,0,386.249755859375,88.21527099609375,1.0,-0.7484071558250603,41.0,0.0,,False
DFO_2606_From_20050105_to_20050201,9/142/191,0,420.6256408691406,87.08478546142578,4.0,0.285617046823411,41.0,0.0,,False
DFO_3625_From_20100310_to_20100324,9/142/191,1,398.136962890625,86.4097900390625,5.0,-0.39084080462526655,43.0,0.0,,False
DFO_3625_From_20100310_to_20100324,9/142/191,0,359.17919921875,89.05055236816406,2.0,-1.5626875950812595,41.0,0.0,,False
DFO_3625_From_20100310_to_20100324,9/142/191,0,453.9587707519531,87.28404998779297,1.0,1.2882752486140425,41.0,0.0,,False
DFO_3625_From_20100310_to_20100324,9/142/191,0,477.7431335449219,88.30278778076172,1.0,2.0037072081262077,41.0,0.0,,False
DFO_3625_From_20100310_to_20100324,9/142/191,0,410.78973388671875,86.68489837646484,1.0,-0.010246343222664045,71.0,0.0,,False
DFO_3625_From_20100310_to_20100324,9/142/191,0,448.9679260253906,87.35746765136719,1.0,1.1381509903597442,41.0,0.0,,False
DFO_3625_From_20100310_to_20100324,9/142/191,0,386.5624694824219,88.72708129882812,2.0,-0.7390007520441395,71.0,0.0,,False
DFO_3625_From_20100310_to_20100324,9/142/191,0,385.93841552734375,87.10306549072266,2.0,-0.7577722511088463,41.0,0.0,,False
DFO_3625_From_20100310_to_20100324,9/142/191,0,389.43951416015625,80.73031616210938,3.0,-0.6524594505464999,41.0,0.0,,False
DFO_3625_From_20100310_to_20100324,9/142/191,0,392.78729248046875,87.16622161865234,1.0,-0.5517585141976157,81.0,0.0,,False
DFO_3625_From_20100310_to_20100324,9/142/191,0,468.9718933105469,84.2149887084961,1.0,1.739868918958925,41.0,0.0,,False
DFO_3625_From_20100310_to_20100324,9/142/191,0,368.48052978515625,87.56389617919922,5.0,-1.282904226019901,21.0,17.0,,False
DFO_3625_From_20100310_to_20100324,9/142/191,0,441.587158203125,80.66812133789062,1.0,0.9161380135248609,43.0,0.0,,False
DFO_3625_From_20100310_to_20100324,9/142/191,0,415.68792724609375,84.70182800292969,10.0,0.13709096842493224,82.0,0.0,,False
DFO_3625_From_20100310_to_20100324,9/142/191,0,330.55377197265625,88.07340240478516,2.0,-2.4237384327602087,43.0,0.0,,False
DFO_3625_From_20100310_to_20100324,9/142/191,0,386.249755859375,88.21527099609375,1.0,-0.7484071558250603,41.0,0.0,,False
DFO_3625_From_20100310_to_20100324,9/142/191,0,403.2950744628906,88.39584350585938,2.0,-0.23568517141993597,71.0,0.0,,False
DFO_3625_From_20100310_to_20100324,9/142/191,0,425.93438720703125,82.54024505615234,7.0,0.44530376318113984,43.0,0.0,,False
DFO_3625_From_20100310_to_20100324,9/142/191,0,434.4664001464844,87.75254821777344,1.0,0.7019461121475209,41.0,0.0,,False
DFO_3625_From_20100310_to_20100324,9/142/191,0,434.70172119140625,86.87994384765625,1.0,0.7090245526232387,43.0,0.0,,False
DFO_3625_From_20100310_to_20100324,9/142/191,0,414.50103759765625,83.50658416748047,4.0,0.10138941130113274,41.0,0.0,,False
DFO_3625_From_20100310_to_20100324,9/142/191,0,396.62255859375,84.18563842773438,4.0,-0.4363939793324409,41.0,0.0,,False
DFO_3625_From_20100310_to_20100324,9/142/191,0,419.53106689453125,86.90721130371094,1.0,0.2526923386736805,43.0,0.0,,False
DFO_3625_From_20100310_to_20100324,9/142/191,0,417.4163513183594,87.59208679199219,1.0,0.18908184291893185,41.0,0.0,,False
DFO_3625_From_20100310_to_20100324,9/142/191,0,437.85394287109375,88.06639099121094,1.0,0.8038431589801116,41.0,0.0,,False
DFO_3625_From_20100310_to_20100324,9/142/191,0,420.6256408691406,87.08478546142578,4.0,0.285617046823411,41.0,0.0,,False
DFO_4115_From_20131222_to_20140104,9/142/191,1,398.6854553222656,88.34797668457031,5.0,-0.37434219086958287,41.0,0.0,,False
DFO_4115_From_20131222_to_20140104,9/142/191,1,396.05157470703125,88.77591705322266,1.0,-0.4535691344745341,41.0,0.0,,False
DFO_4115_From_20131222_to_20140104,9/142/191,0,336.6348876953125,87.93278503417969,2.0,-2.2408188996472025,42.0,0.0,,False
DFO_4115_From_20131222_to_20140104,9/142/191,0,419.4250793457031,87.00640106201172,22.0,0.24950424066146837,43.0,0.0,,False
DFO_4115_From_20131222_to_20140104,9/142/191,0,441.4990539550781,87.80680084228516,3.0,0.9134878439420057,41.0,0.0,,False
DFO_4115_From_20131222_to_20140104,9/142/191,0,410.78973388671875,86.68489837646484,1.0,-0.010246343222664045,71.0,0.0,,False
DFO_4115_From_20131222_to_20140104,9/142/191,0,434.869140625,88.59656524658203,1.0,0.7140605174072859,41.0,0.0,,False
DFO_4115_From_20131222_to_20140104,9/142/191,0,386.5624694824219,88.72708129882812,2.0,-0.7390007520441395,71.0,0.0,,False
DFO_4115_From_20131222_to_20140104,9/142/191,0,432.20672607421875,86.09161376953125,1.0,0.6339752750285316,41.0,0.0,,False
DFO_4115_From_20131222_to_20140104,9/142/191,0,389.43951416015625,80.73031616210938,3.0,-0.6524594505464999,41.0,0.0,,False
DFO_4115_From_20131222_to_20140104,9/142/191,0,392.78729248046875,87.16622161865234,1.0,-0.5517585141976157,81.0,0.0,,False
DFO_4115_From_20131222_to_20140104,9/142/191,0,375.94927978515625,87.81424713134766,18.0,-1.0582447514685744,43.0,0.0,,False
DFO_4115_From_20131222_to_20140104,9/142/191,0,431.78765869140625,87.73556518554688,1.0,0.6213697576361625,81.0,0.0,,False
DFO_4115_From_20131222_to_20140104,9/142/191,0,434.70172119140625,86.87994384765625,1.0,0.7090245526232387,43.0,0.0,,False
DFO_4115_From_20131222_to_20140104,9/142/191,0,452.2658996582031,86.62667846679688,1.0,1.2373538052125357,43.0,0.0,,False
DFO_4115_From_20131222_to_20140104,9/142/191,0,330.55377197265625,88.07340240478516,2.0,-2.4237384327602087,43.0,0.0,,False
DFO_4115_From_20131222_to_20140104,9/142/191,0,354.8477783203125,88.548095703125,17.0,-1.6929764309779765,21.0,1.0,,False
DFO_4115_From_20131222_to_20140104,9/142/191,0,403.2950744628906,88.39584350585938,2.0,-0.23568517141993597,71.0,0.0,,False
DFO_4115_From_20131222_to_20140104,9/142/191,0,448.2061462402344,87.32630920410156,1.0,1.1152367080157073,41.0,0.0,,False
DFO_4115_From_20131222_to_20140104,9/142/191,0,434.4664001464844,87.75254821777344,1.0,0.7019461121475209,41.0,0.0,,False
DFO_4115_From_20131222_to_20140104,9/142/191,0,439.2989196777344,87.42247772216797,2.0,0.8473079596654655,81.0,0.0,,False
DFO_4115_From_20131222_to_20140104,9/142/191,0,419.1711120605469,88.86622619628906,1.0,0.24186492259131875,41.0,0.0,,False
DFO_4115_From_20131222_to_20140104,9/142/191,0,435.2681884765625,87.01593780517578,1.0,0.7260638487080883,71.0,0.0,,False
DFO_4115_From_20131222_to_20140104,9/142/191,0,370.0736389160156,88.8732681274414,1.0,-1.2349836154435947,81.0,0.0,,False
DFO_4115_From_20131222_to_20140104,9/142/191,0,417.4163513183594,87.59208679199219,1.0,0.18908184291893185,41.0,0.0,,False
DFO_4115_From_20131222_to_20140104,9/142/191,0,386.249755859375,88.21527099609375,1.0,-0.7484071558250603,41.0,0.0,,False
DFO_4115_From_20131222_to_20140104,9/142/191,0,447.2099609375,80.89595031738281,1.0,1.0852715241940425,81.0,0.0,,False
DFO_4314_From_20151215_to_20160129,9/142/191,1,368.48052978515625,87.56389617919922,5.0,-1.282904226019901,21.0,17.0,,False
DFO_4314_From_20151215_to_20160129,9/142/191,1,419.3039855957031,89.06993865966797,2.0,0.2458617491807722,41.0,0.0,,False
DFO_4314_From_20151215_to_20160129,9/142/191,1,377.82611083984375,85.54817962646484,1.0,-1.0017898053841954,41.0,0.0,,False
DFO_4314_From_20151215_to_20160129,9/142/191,1,392.586181640625,88.59485626220703,3.0,-0.5578079141113728,41.0,0.0,,False
DFO_4314_From_20151215_to_20160129,9/142/191,1,396.05157470703125,88.77591705322266,1.0,-0.4535691344745341,41.0,0.0,,False
DFO_4314_From_20151215_to_20160129,9/142/191,0,336.6348876953125,87.93278503417969,2.0,-2.2408188996472025,42.0,0.0,,False
DFO_4314_From_20151215_to_20160129,9/142/191,0,479.99578857421875,85.77780151367188,1.0,2.0714669129265073,21.0,5.0,,False
DFO_4314_From_20151215_to_20160129,9/142/191,0,447.168701171875,88.01680755615234,4.0,1.0840304333467892,43.0,0.0,,False
DFO_4314_From_20151215_to_20160129,9/142/191,0,410.78973388671875,86.68489837646484,1.0,-0.010246343222664045,71.0,0.0,,False
DFO_4314_From_20151215_to_20160129,9/142/191,0,419.5505676269531,84.47032165527344,4.0,0.2532789193329963,41.0,0.0,,False
DFO_4314_From_20151215_to_20160129,9/142/191,0,386.5624694824219,88.72708129882812,2.0,-0.7390007520441395,71.0,0.0,,False
DFO_4314_From_20151215_to_20160129,9/142/191,0,432.20672607421875,86.09161376953125,1.0,0.6339752750285316,41.0,0.0,,False
DFO_4314_From_20151215_to_20160129,9/142/191,0,389.43951416015625,80.73031616210938,3.0,-0.6524594505464999,41.0,0.0,,False
DFO_4314_From_20151215_to_20160129,9/142/191,0,392.78729248046875,87.16622161865234,1.0,-0.5517585141976157,81.0,0.0,,False
DFO_4314_From_20151215_to_20160129,9/142/191,0,375.94927978515625,87.81424713134766,18.0,-1.0582447514685744,43.0,0.0,,False
DFO_4314_From_20151215_to_20160129,9/142/191,0,431.78765869140625,87.73556518554688,1.0,0.6213697576361625,81.0,0.0,,False
DFO_4314_From_20151215_to_20160129,9/142/191,0,440.5265808105469,86.60320281982422,1.0,0.8842359201708703,43.0,0.0,,False
DFO_4314_From_20151215_to_20160129,9/142/191,0,448.3241271972656,83.83558654785156,1.0,1.1187855669028977,41.0,0.0,,False
DFO_4314_From_20151215_to_20160129,9/142/191,0,330.55377197265625,88.07340240478516,2.0,-2.4237384327602087,43.0,0.0,,False
DFO_4314_From_20151215_to_20160129,9/142/191,0,433.54425048828125,88.51435852050781,1.0,0.6742079153047293,41.0,0.0,,False
DFO_4314_From_20151215_to_20160129,9/142/191,0,403.2950744628906,88.39584350585938,2.0,-0.23568517141993597,71.0,0.0,,False
DFO_4314_From_20151215_to_20160129,9/142/191,0,425.93438720703125,82.54024505615234,7.0,0.44530376318113984,43.0,0.0,,False
DFO_4314_From_20151215_to_20160129,9/142/191,0,434.4664001464844,87.75254821777344,1.0,0.7019461121475209,41.0,0.0,,False
DFO_4314_From_20151215_to_20160129,9/142/191,0,434.70172119140625,86.87994384765625,1.0,0.7090245526232387,43.0,0.0,,False
DFO_4314_From_20151215_to_20160129,9/142/191,0,437.8248596191406,86.92697143554688,1.0,0.8029683368074544,41.0,0.0,,False
DFO_4314_From_20151215_to_20160129,9/142/191,0,435.31005859375,86.6615219116211,1.0,0.7273232988874015,41.0,0.0,,False
DFO_4314_From_20151215_to_20160129,9/142/191,0,310.2000732421875,87.71070098876953,14.0,-3.0359762586297467,41.0,0.0,,False
DFO_4314_From_20151215_to_20160129,9/142/191,0,417.4163513183594,87.59208679199219,1.0,0.18908184291893185,41.0,0.0,,False
DFO_4314_From_20151215_to_20160129,9/142/191,0,386.249755859375,88.21527099609375,1.0,-0.7484071558250603,41.0,0.0,,False
DFO_4314_From_20151215_to_20160129,9/142/191,0,452.2658996582031,86.62667846679688,1.0,1.2373538052125357,43.0,0.0,,False
DFO_2177_From_20030226_to_20030307,9/142/192,1,324.3302917480469,87.98291778564453,1.0,-0.6750995310352644,21.0,9.0,53.108020802653336,False
DFO_2177_From_20030226_to_20030307,9/142/192,0,352.9593811035156,86.80513763427734,3.0,0.08440717554501717,41.0,0.0,820.9101717543531,False
DFO_2177_From_20030226_to_20030307,9/142/192,0,338.6453857421875,87.43850708007812,1.0,-0.29533160482282766,41.0,0.0,1014.2387935162282,False
DFO_2177_From_20030226_to_20030307,9/142/192,0,362.668701171875,86.53821563720703,1.0,0.34198762516015035,41.0,0.0,1612.9254849281192,False
DFO_2177_From_20030226_to_20030307,9/142/192,0,377.2083740234375,87.31629943847656,2.0,0.7277134477712537,41.0,0.0,659.6479241446355,False
DFO_2177_From_20030226_to_20030307,9/142/192,0,419.1571960449219,86.54120635986328,1.0,1.8405819453636856,41.0,0.0,788.543406156705,False
DFO_2177_From_20030226_to_20030307,9/142/192,0,330.7685852050781,88.34315490722656,6.0,-0.5042967856586252,41.0,0.0,1204.474645108141,False
DFO_2177_From_20030226_to_20030307,9/142/192,0,288.6121520996094,87.15933990478516,3.0,-1.6226730382721373,41.0,0.0,407.23128108351693,False
DFO_2177_From_20030226_to_20030307,9/142/192,0,244.11647033691406,88.88784790039062,13.0,-2.8031076756796143,43.0,0.0,445.99796437569796,False
DFO_2177_From_20030226_to_20030307,9/142/192,0,399.67816162109375,88.15892028808594,1.0,1.3238188342876573,41.0,0.0,661.3530697499642,False
DFO_2177_From_20030226_to_20030307,9/142/192,0,394.06829833984375,88.1767807006836,1.0,1.17499367494692,41.0,0.0,126.41280835113152,False
DFO_2177_From_20030226_to_20030307,9/142/192,0,413.3352966308594,86.61811065673828,1.0,1.6861316380167062,41.0,0.0,1353.800529214098,False
DFO_2177_From_20030226_to_20030307,9/142/192,0,372.0787658691406,88.19670104980469,1.0,0.5916290705511601,41.0,0.0,653.5062694262988,False
DFO_2177_From_20030226_to_20030307,9/142/192,0,341.48980712890625,87.97329711914062,3.0,-0.21987139396073813,21.0,9.0,1461.417037046684,False
DFO_2177_From_20030226_to_20030307,9/142/192,0,289.5188293457031,85.83598327636719,1.0,-1.5986196204158545,22.0,35.0,529.647323170445,False
DFO_2177_From_20030226_to_20030307,9/142/192,0,435.43927001953125,84.31279754638672,1.0,2.272532267890792,41.0,0.0,812.7308461152771,False
DFO_2177_From_20030226_to_20030307,9/142/192,0,352.65679931640625,88.33883666992188,1.0,0.07637992418032372,41.0,0.0,894.3782074477637,False
DFO_2177_From_20030226_to_20030307,9/142/192,0,381.2331848144531,87.68688201904297,1.0,0.8344884398269871,22.0,46.0,615.4734585826259,False
DFO_2177_From_20030226_to_20030307,9/142/192,0,277.9731750488281,88.47215270996094,29.0,-1.9049165396596008,43.0,0.0,715.54591534585,False
DFO_2177_From_20030226_to_20030307,9/142/192,0,394.90533447265625,87.83907318115234,1.0,1.1971995700987923,82.0,0.0,1718.9259311569256,False
DFO_2177_From_20030226_to_20030307,9/142/192,0,368.0013427734375,87.16793823242188,1.0,0.48345831638219106,21.0,1.0,1420.82798350192,False
DFO_2177_From_20030226_to_20030307,9/142/192,0,337.29119873046875,87.8001708984375,2.0,-0.3312570967095556,41.0,0.0,754.4394400805812,False
DFO_2177_From_20030226_to_20030307,9/142/192,0,364.8783874511719,85.41545104980469,1.0,0.4006088243092536,23.0,50.0,1056.48004639322,False
DFO_2177_From_20030226_to_20030307,9/142/192,0,296.4061584472656,87.7054672241211,3.0,-1.4159043206690591,31.0,0.0,177.9845809575592,False
DFO_2177_From_20030226_to_20030307,9/142/192,0,397.6801452636719,87.73299407958984,3.0,1.2708130678632654,43.0,0.0,843.3946438366447,False
DFO_2177_From_20030226_to_20030307,9/142/192,0,329.52764892578125,87.70868682861328,1.0,-0.5372178267320019,41.0,0.0,1577.0002286952551,False
DFO_2412_From_20040104_to_20040116,9/142/192,1,302.77105712890625,87.68708038330078,1.0,-1.2470486796325195,41.0,0.0,410.02835211506545,False
DFO_2412_From_20040104_to_20040116,9/142/192,0,352.7569274902344,86.65865325927734,4.0,0.07903624407216026,41.0,0.0,514.0947039356697,False
DFO_2412_From_20040104_to_20040116,9/142/192,0,338.6453857421875,87.43850708007812,1.0,-0.29533160482282766,41.0,0.0,1014.2387935162282,False
DFO_2412_From_20040104_to_20040116,9/142/192,0,362.668701171875,86.53821563720703,1.0,0.34198762516015035,41.0,0.0,1612.9254849281192,False
DFO_2412_From_20040104_to_20040116,9/142/192,0,408.2872619628906,86.43574523925781,1.0,1.5522113397575632,41.0,0.0,560.3277441939966,False
DFO_2412_From_20040104_to_20040116,9/142/192,0,405.0058898925781,88.1021499633789,1.0,1.4651591788158287,41.0,0.0,6.100708829362048,False
DFO_2412_From_20040104_to_20040116,9/142/192,0,278.1224365234375,87.17247772216797,18.0,-1.9009567528290698,22.0,48.0,338.2762567225175,False
DFO_2412_From_20040104_to_20040116,9/142/192,0,288.6121520996094,87.15933990478516,3.0,-1.6226730382721373,41.0,0.0,407.23128108351693,False
DFO_2412_From_20040104_to_20040116,9/142/192,0,303.16107177734375,88.92125701904297,1.0,-1.236701904802385,41.0,0.0,849.7640429229077,False
DFO_2412_From_20040104_to_20040116,9/142/192,0,415.1697998046875,85.97041320800781,1.0,1.734799531237666,41.0,0.0,547.774776149499,False
DFO_2412_From_20040104_to_20040116,9/142/192,0,419.6507263183594,86.46112823486328,1.0,1.8536749064398148,81.0,0.0,478.9011436236565,False
DFO_2412_From_20040104_to_20040116,9/142/192,0,413.3352966308594,86.61811065673828,1.0,1.6861316380167062,41.0,0.0,1353.800529214098,False
DFO_2412_From_20040104_to_20040116,9/142/192,0,394.90533447265625,87.83907318115234,1.0,1.1971995700987923,82.0,0.0,1718.9259311569256,False
DFO_2412_From_20040104_to_20040116,9/142/192,0,273.10662841796875,87.89839935302734,28.0,-2.034022106313516,41.0,0.0,242.46470055872916,False
DFO_2412_From_20040104_to_20040116,9/142/192,0,282.078857421875,87.44145202636719,9.0,-1.795996089599184,41.0,0.0,93.82683568197405,False
DFO_2412_From_20040104_to_20040116,9/142/192,0,435.43927001953125,84.31279754638672,1.0,2.272532267890792,41.0,0.0,812.7308461152771,False
DFO_2412_From_20040104_to_20040116,9/142/192,0,321.545166015625,88.05021667480469,1.0,-0.7489866758961842,41.0,0.0,1075.4590730943817,False
DFO_2412_From_20040104_to_20040116,9/142/192,0,355.52545166015625,85.56629943847656,1.0,0.15248296283702412,82.0,0.0,3585.6032429195557,False
DFO_2412_From_20040104_to_20040116,9/142/192,0,277.9731750488281,88.47215270996094,29.0,-1.9049165396596008,43.0,0.0,715.54591534585,False
DFO_2412_From_20040104_to_20040116,9/142/192,0,373.6412353515625,88.22601318359375,1.0,0.633080128808441,43.0,0.0,3830.9225393117836,False
DFO_2412_From_20040104_to_20040116,9/142/192,0,368.0013427734375,87.16793823242188,1.0,0.48345831638219106,21.0,1.0,1420.82798350192,False
DFO_2412_From_20040104_to_20040116,9/142/192,0,337.29119873046875,87.8001708984375,2.0,-0.3312570967095556,41.0,0.0,754.4394400805812,False
DFO_2412_From_20040104_to_20040116,9/142/192,0,364.8783874511719,85.41545104980469,1.0,0.4006088243092536,23.0,50.0,1056.48004639322,False
DFO_2412_From_20040104_to_20040116,9/142/192,0,306.8753356933594,87.92607879638672,1.0,-1.1381654714846368,41.0,0.0,1003.8158938731901,False
DFO_2412_From_20040104_to_20040116,9/142/192,0,397.6801452636719,87.73299407958984,3.0,1.2708130678632654,43.0,0.0,843.3946438366447,False
DFO_2412_From_20040104_to_20040116,9/142/192,0,329.52764892578125,87.70868682861328,1.0,-0.5372178267320019,41.0,0.0,1577.0002286952551,False
DFO_3625_From_20100310_to_20100324,9/142/192,1,265.007568359375,88.69647216796875,10.0,-2.2488836534316197,41.0,0.0,336.127027838647,False
DFO_3625_From_20100310_to_20100324,9/142/192,0,329.65301513671875,87.43880462646484,6.0,-0.5338919620213453,43.0,0.0,1033.5394076862212,False
DFO_3625_From_20100310_to_20100324,9/142/192,0,368.00494384765625,86.8419189453125,1.0,0.48355384998390905,41.0,0.0,1368.1886787118274,False
DFO_3625_From_20100310_to_20100324,9/142/192,0,402.6810607910156,88.39336395263672,1.0,1.4034833332321326,71.0,0.0,851.3137894337069,False
DFO_3625_From_20100310_to_20100324,9/142/192,0,377.2083740234375,87.31629943847656,2.0,0.7277134477712537,41.0,0.0,659.6479241446355,False
DFO_3625_From_20100310_to_20100324,9/142/192,0,380.7005310058594,88.1417236328125,2.0,0.8203575628406674,41.0,0.0,1304.4489713589362,False
DFO_3625_From_20100310_to_20100324,9/142/192,0,346.1903076171875,86.7340087890625,1.0,-0.09517089787417496,43.0,0.0,410.2870730816605,False
DFO_3625_From_20100310_to_20100324,9/142/192,0,343.1212158203125,88.34623718261719,1.0,-0.17659143395531376,43.0,0.0,2044.0087316729848,False
DFO_3625_From_20100310_to_20100324,9/142/192,0,303.16107177734375,88.92125701904297,1.0,-1.236701904802385,41.0,0.0,849.7640429229077,False
DFO_3625_From_20100310_to_20100324,9/142/192,0,359.0736083984375,87.32489776611328,4.0,0.2466127063738319,22.0,30.0,190.9362549217963,False
DFO_3625_From_20100310_to_20100324,9/142/192,0,419.59149169921875,84.0226821899414,1.0,1.8521034596522334,52.0,0.0,1655.5140268927523,False
DFO_3625_From_20100310_to_20100324,9/142/192,0,405.6643371582031,63.75322723388672,1.0,1.482627255007924,81.0,0.0,472.64598142978315,False
DFO_3625_From_20100310_to_20100324,9/142/192,0,395.5882873535156,80.93364715576172,1.0,1.2153177605466465,41.0,0.0,58.105651768727945,False
DFO_3625_From_20100310_to_20100324,9/142/192,0,268.4363708496094,88.57624816894531,34.0,-2.157920282067007,82.0,0.0,146.76493101363351,False
DFO_3625_From_20100310_to_20100324,9/142/192,0,259.7944030761719,85.13603210449219,36.0,-2.387184734054288,22.0,35.0,577.3478293617443,False
DFO_3625_From_20100310_to_20100324,9/142/192,0,413.3352966308594,86.61811065673828,1.0,1.6861316380167062,41.0,0.0,1353.800529214098,False
DFO_3625_From_20100310_to_20100324,9/142/192,0,274.0314636230469,88.05748748779297,22.0,-2.0094869724146727,21.0,4.0,105.33844983572041,False
DFO_3625_From_20100310_to_20100324,9/142/192,0,355.4612121582031,86.67207336425781,1.0,0.15077874053519058,81.0,0.0,3086.5859165952315,False
DFO_3625_From_20100310_to_20100324,9/142/192,0,323.3640441894531,88.23979187011719,1.0,-0.7007333013538649,21.0,7.0,709.6068388131981,False
DFO_3625_From_20100310_to_20100324,9/142/192,0,342.56378173828125,87.06778717041016,3.0,-0.19137971165854023,81.0,0.0,3629.925472684694,False
DFO_3625_From_20100310_to_20100324,9/142/192,0,343.0666198730469,88.6691665649414,1.0,-0.17803982051017372,21.0,2.0,866.503386024486,False
DFO_3625_From_20100310_to_20100324,9/142/192,0,337.29119873046875,87.8001708984375,2.0,-0.3312570967095556,41.0,0.0,754.4394400805812,False
DFO_3625_From_20100310_to_20100324,9/142/192,0,364.8783874511719,85.41545104980469,1.0,0.4006088243092536,23.0,50.0,1056.48004639322,False
DFO_3625_From_20100310_to_20100324,9/142/192,0,306.8753356933594,87.92607879638672,1.0,-1.1381654714846368,41.0,0.0,1003.8158938731901,False
DFO_3625_From_20100310_to_20100324,9/142/192,0,424.45892333984375,85.84973907470703,1.0,1.9812325049031811,43.0,0.0,848.9991810435089,False
DFO_3625_From_20100310_to_20100324,9/142/192,0,329.9503479003906,88.8803939819336,1.0,-0.5260039630252578,41.0,0.0,980.8155739313634,False
DFO_4115_From_20131222_to_20140104,9/142/192,1,394.66534423828125,88.64991760253906,1.0,1.1908328222690445,41.0,0.0,1151.8951645679676,False
DFO_4115_From_20131222_to_20140104,9/142/192,1,329.52764892578125,87.70868682861328,1.0,-0.5372178267320019,41.0,0.0,1577.0002286952551,False
DFO_4115_From_20131222_to_20140104,9/142/192,0,352.7569274902344,86.65865325927734,4.0,0.07903624407216026,41.0,0.0,514.0947039356697,False
DFO_4115_From_20131222_to_20140104,9/142/192,0,343.2918395996094,86.28498077392578,1.0,-0.17206492236882853,81.0,0.0,1239.1468431713802,False
DFO_4115_From_20131222_to_20140104,9/142/192,0,362.668701171875,86.53821563720703,1.0,0.34198762516015035,41.0,0.0,1612.9254849281192,False
DFO_4115_From_20131222_to_20140104,9/142/192,0,408.2872619628906,86.43574523925781,1.0,1.5522113397575632,41.0,0.0,560.3277441939966,False
DFO_4115_From_20131222_to_20140104,9/142/192,0,419.1571960449219,86.54120635986328,1.0,1.8405819453636856,41.0,0.0,788.543406156705,False
DFO_4115_From_20131222_to_20140104,9/142/192,0,278.1224365234375,87.17247772216797,18.0,-1.9009567528290698,22.0,48.0,338.2762567225175,False
DFO_4115_From_20131222_to_20140104,9/142/192,0,288.6121520996094,87.15933990478516,3.0,-1.6226730382721373,41.0,0.0,407.23128108351693,False
DFO_4115_From_20131222_to_20140104,9/142/192,0,296.4061584472656,87.7054672241211,3.0,-1.4159043206690591,31.0,0.0,177.9845809575592,False
DFO_4115_From_20131222_to_20140104,9/142/192,0,415.1697998046875,85.97041320800781,1.0,1.734799531237666,41.0,0.0,547.774776149499,False
DFO_4115_From_20131222_to_20140104,9/142/192,0,419.6507263183594,86.46112823486328,1.0,1.8536749064398148,81.0,0.0,478.9011436236565,False
DFO_4115_From_20131222_to_20140104,9/142/192,0,435.43927001953125,84.31279754638672,1.0,2.272532267890792,41.0,0.0,812.7308461152771,False
DFO_4115_From_20131222_to_20140104,9/142/192,0,393.9789123535156,87.7264404296875,1.0,1.172622336646649,22.0,40.0,1031.8576447256007,False
DFO_4115_From_20131222_to_20140104,9/142/192,0,341.48980712890625,87.97329711914062,3.0,-0.21987139396073813,21.0,9.0,1461.417037046684,False
DFO_4115_From_20131222_to_20140104,9/142/192,0,282.078857421875,87.44145202636719,9.0,-1.795996089599184,41.0,0.0,93.82683568197405,False
DFO_4115_From_20131222_to_20140104,9/142/192,0,423.0466613769531,86.98655700683594,1.0,1.9437663312870521,41.0,0.0,874.4166012837671,False
DFO_4115_From_20131222_to_20140104,9/142/192,0,321.545166015625,88.05021667480469,1.0,-0.7489866758961842,41.0,0.0,1075.4590730943817,False
DFO_4115_From_20131222_to_20140104,9/142/192,0,355.52545166015625,85.56629943847656,1.0,0.15248296283702412,82.0,0.0,3585.6032429195557,False
DFO_4115_From_20131222_to_20140104,9/142/192,0,360.36676025390625,88.58943176269531,1.0,0.28091898467211934,41.0,0.0,611.1681200556536,False
DFO_4115_From_20131222_to_20140104,9/142/192,0,395.5882873535156,80.93364715576172,1.0,1.2153177605466465,41.0,0.0,58.105651768727945,False
DFO_4115_From_20131222_to_20140104,9/142/192,0,368.0013427734375,87.16793823242188,1.0,0.48345831638219106,21.0,1.0,1420.82798350192,False
DFO_4115_From_20131222_to_20140104,9/142/192,0,337.29119873046875,87.8001708984375,2.0,-0.3312570967095556,41.0,0.0,754.4394400805812,False
DFO_4115_From_20131222_to_20140104,9/142/192,0,364.8783874511719,85.41545104980469,1.0,0.4006088243092536,23.0,50.0,1056.48004639322,False
DFO_4115_From_20131222_to_20140104,9/142/192,0,351.10003662109375,87.9256820678711,1.0,0.035080262393562,41.0,0.0,1908.1665964536958,False
DFO_4115_From_20131222_to_20140104,9/142/192,0,320.09686279296875,87.36902618408203,6.0,-0.7874089951362871,11.0,0.0,17.48787826641333,False
DFO_4115_From_20131222_to_20140104,9/142/192,0,332.426513671875,88.4520492553711,1.0,-0.4603132773490235,43.0,0.0,961.4982827508936,False
DFO_4314_From_20151215_to_20160129,9/142/192,1,341.326416015625,88.86308288574219,1.0,-0.22420602873699316,41.0,0.0,541.4994779522683,False
DFO_4314_From_20151215_to_20160129,9/142/192,1,336.1901550292969,89.37791442871094,6.0,-0.3604669002382268,41.0,0.0,742.2672142026656,False
DFO_4314_From_20151215_to_20160129,9/142/192,1,394.66534423828125,88.64991760253906,1.0,1.1908328222690445,41.0,0.0,1151.8951645679676,False
DFO_4314_From_20151215_to_20160129,9/142/192,1,285.9765319824219,89.21732330322266,6.0,-1.692593919448172,41.0,0.0,350.4610332183732,False
DFO_4314_From_20151215_to_20160129,9/142/192,1,291.7580871582031,85.27789306640625,4.0,-1.5392139122831519,41.0,0.0,439.20434368873305,False
DFO_4314_From_20151215_to_20160129,9/142/192,0,352.7569274902344,86.65865325927734,4.0,0.07903624407216026,41.0,0.0,514.0947039356697,False
DFO_4314_From_20151215_to_20160129,9/142/192,0,263.0285339355469,83.02351379394531,19.0,-2.3013858444300066,43.0,0.0,491.82751372950605,False
DFO_4314_From_20151215_to_20160129,9/142/192,0,377.60186767578125,88.85188293457031,1.0,0.7381525177759292,41.0,0.0,785.6033196421362,False
DFO_4314_From_20151215_to_20160129,9/142/192,0,408.2872619628906,86.43574523925781,1.0,1.5522113397575632,41.0,0.0,560.3277441939966,False
DFO_4314_From_20151215_to_20160129,9/142/192,0,410.31201171875,88.34674072265625,2.0,1.605926321733692,41.0,0.0,412.6932500363221,False
DFO_4314_From_20151215_to_20160129,9/142/192,0,278.1224365234375,87.17247772216797,18.0,-1.9009567528290698,22.0,48.0,338.2762567225175,False
DFO_4314_From_20151215_to_20160129,9/142/192,0,324.4222412109375,88.63448333740234,1.0,-0.6726601857642789,41.0,0.0,1440.7857529377516,False
DFO_4314_From_20151215_to_20160129,9/142/192,0,296.4061584472656,87.7054672241211,3.0,-1.4159043206690591,31.0,0.0,177.9845809575592,False
DFO_4314_From_20151215_to_20160129,9/142/192,0,415.1697998046875,85.97041320800781,1.0,1.734799531237666,41.0,0.0,547.774776149499,False
DFO_4314_From_20151215_to_20160129,9/142/192,0,377.40008544921875,88.53363037109375,1.0,0.7327993976525451,41.0,0.0,83.87680848372263,False
DFO_4314_From_20151215_to_20160129,9/142/192,0,424.45892333984375,85.84973907470703,1.0,1.9812325049031811,43.0,0.0,848.9991810435089,False
DFO_4314_From_20151215_to_20160129,9/142/192,0,356.27239990234375,88.4396743774414,1.0,0.17229889873235815,41.0,0.0,686.7627786382482,False
DFO_4314_From_20151215_to_20160129,9/142/192,0,364.5129089355469,87.62991333007812,1.0,0.3909129733416723,41.0,0.0,3366.4254476703245,False
DFO_4314_From_20151215_to_20160129,9/142/192,0,282.078857421875,87.44145202636719,9.0,-1.795996089599184,41.0,0.0,93.82683568197405,False
DFO_4314_From_20151215_to_20160129,9/142/192,0,397.6801452636719,87.73299407958984,3.0,1.2708130678632654,43.0,0.0,843.3946438366447,False
DFO_4314_From_20151215_to_20160129,9/142/192,0,321.545166015625,88.05021667480469,1.0,-0.7489866758961842,41.0,0.0,1075.4590730943817,False
DFO_4314_From_20151215_to_20160129,9/142/192,0,381.2331848144531,87.68688201904297,1.0,0.8344884398269871,22.0,46.0,615.4734585826259,False
DFO_4314_From_20151215_to_20160129,9/142/192,0,360.36676025390625,88.58943176269531,1.0,0.28091898467211934,41.0,0.0,611.1681200556536,False
DFO_4314_From_20151215_to_20160129,9/142/192,0,393.9789123535156,87.7264404296875,1.0,1.172622336646649,22.0,40.0,1031.8576447256007,False
DFO_4314_From_20151215_to_20160129,9/142/192,0,375.0733947753906,88.15523529052734,1.0,0.6710741660544015,81.0,0.0,2379.3060986124756,False
DFO_4314_From_20151215_to_20160129,9/142/192,0,337.29119873046875,87.8001708984375,2.0,-0.3312570967095556,41.0,0.0,754.4394400805812,False
DFO_4314_From_20151215_to_20160129,9/142/192,0,364.8783874511719,85.41545104980469,1.0,0.4006088243092536,23.0,50.0,1056.48004639322,False
DFO_4314_From_20151215_to_20160129,9/142/192,0,351.10003662109375,87.9256820678711,1.0,0.035080262393562,41.0,0.0,1908.1665964536958,False
DFO_4314_From_20151215_to_20160129,9/142/192,0,416.9031066894531,88.8392105102539,1.0,1.7807827683289918,71.0,0.0,564.6529223880614,False
DFO_4314_From_20151215_to_20160129,9/142/192,0,268.4363708496094,88.57624816894531,34.0,-2.157920282067007,82.0,0.0,146.76493101363351,False
DFO_3285_From_20080317_to_20080502,9/143/185,1,260.69476318359375,76.78788757324219,1.0,0.2657824228801779,0.0,127.0,492.7981236111971,False
DFO_3285_From_20080317_to_20080502,9/143/185,1,258.0799560546875,80.3522720336914,12.0,0.16012449784215865,0.0,127.0,166.25243427679922,False
DFO_3285_From_20080317_to_20080502,9/143/185,1,276.6336364746094,83.30126953125,4.0,0.9098330913809353,0.0,127.0,152.40502678812413,False
DFO_3285_From_20080317_to_20080502,9/143/185,1,255.6761016845703,73.33653259277344,1.0,0.06299065495471139,0.0,127.0,320.5495521042182,False
DFO_3285_From_20080317_to_20080502,9/143/185,1,255.48890686035156,80.22369384765625,1.0,0.05542657250818574,0.0,127.0,64.23277152092433,False
DFO_3285_From_20080317_to_20080502,9/143/185,1,249.37432861328125,67.74028778076172,14.0,-0.19164849583090687,0.0,127.0,1053.9525442623444,False
DFO_3285_From_20080317_to_20080502,9/143/185,1,250.7097625732422,84.98686981201172,3.0,-0.13768689396935832,0.0,127.0,774.1401547162767,False
DFO_3285_From_20080317_to_20080502,9/143/185,1,262.73651123046875,80.03099822998047,1.0,0.3482844398352401,0.0,127.0,519.6140707774175,False
DFO_3285_From_20080317_to_20080502,9/143/185,1,260.25567626953125,74.89968872070312,1.0,0.24804000060423873,0.0,127.0,365.15257632402313,False
DFO_3285_From_20080317_to_20080502,9/143/185,1,254.04920959472656,85.3736572265625,12.0,-0.00274805310271966,0.0,127.0,236.02727864700012,False
DFO_3285_From_20080317_to_20080502,9/143/185,1,255.74771118164062,85.2616958618164,2.0,0.0658842186098748,0.0,127.0,70.07670215515292,False
DFO_3285_From_20080317_to_20080502,9/143/185,1,250.62123107910156,87.5080337524414,7.0,-0.14126423390697992,0.0,127.0,166.09729308581737,False
DFO_3285_From_20080317_to_20080502,9/143/185,1,248.44705200195312,87.25961303710938,12.0,-0.22911746308517517,0.0,127.0,450.298553860654,False
DFO_3285_From_20080317_to_20080502,9/143/185,0,256.87152099609375,40.35426712036133,1.0,0.11129460923480254,0.0,127.0,1260.8512127044025,False
DFO_3285_From_20080317_to_20080502,9/143/185,0,275.9500732421875,64.73464965820312,7.0,0.8822119823623946,0.0,127.0,386.77568156036614,False
DFO_3285_From_20080317_to_20080502,9/143/185,0,261.1043395996094,83.99325561523438,6.0,0.2823323985102432,0.0,127.0,124.3874997038974,False
DFO_3285_From_20080317_to_20080502,9/143/185,0,264.89849853515625,71.0080337524414,1.0,0.435645029473594,0.0,127.0,792.5730971035678,False
DFO_3285_From_20080317_to_20080502,9/143/185,0,284.1492614746094,82.85758972167969,2.0,1.2135210131727128,0.0,127.0,138.11977274212228,False
DFO_3285_From_20080317_to_20080502,9/143/185,0,264.5830078125,81.04267120361328,1.0,0.42289682531119066,0.0,127.0,260.70734420697323,False
DFO_3285_From_20080317_to_20080502,9/143/185,0,252.12892150878906,27.628042221069336,47.0,-0.08034217176349233,0.0,127.0,391.0483379460934,False
DFO_3285_From_20080317_to_20080502,9/143/185,0,260.2072448730469,72.91329193115234,1.0,0.24608300698789765,0.0,127.0,500.3614325819553,False
DFO_3285_From_20080317_to_20080502,9/143/185,0,259.2650451660156,84.04119873046875,1.0,0.20801103413918023,0.0,127.0,0.46499558703197846,False
DFO_3285_From_20080317_to_20080502,9/143/185,0,267.9515380859375,78.9629898071289,2.0,0.559010848859854,0.0,127.0,252.52749615606237,False
DFO_3285_From_20080317_to_20080502,9/143/185,0,280.8540344238281,83.40998077392578,4.0,1.0803689925644724,0.0,127.0,168.01352215119252,False
DFO_3285_From_20080317_to_20080502,9/143/185,0,274.9110412597656,61.39998245239258,7.0,0.84022725542127,0.0,127.0,551.3424514226797,False
DFO_3285_From_20080317_to_20080502,9/143/185,0,263.49163818359375,80.58702850341797,12.0,0.3787972627985317,0.0,127.0,1002.4652899110329,False
DFO_3285_From_20080317_to_20080502,9/143/185,0,290.65069580078125,86.4424057006836,1.0,1.4762279842071726,0.0,127.0,28.296372818290585,False
DFO_3285_From_20080317_to_20080502,9/143/185,0,266.4411315917969,82.22066497802734,1.0,0.497979037231896,0.0,127.0,1238.3557495010984,False
DFO_3285_From_20080317_to_20080502,9/143/185,0,252.4864044189453,81.55326843261719,3.0,-0.06589716658276175,0.0,127.0,539.5478051875543,False
DFO_3285_From_20080317_to_20080502,9/143/185,0,307.3597412109375,84.91975402832031,1.0,2.1513994138267702,0.0,127.0,274.3372488423336,False
DFO_3285_From_20080317_to_20080502,9/143/185,0,273.6575927734375,86.18558502197266,1.0,0.7895784849083669,0.0,127.0,187.99256657103996,False
DFO_3285_From_20080317_to_20080502,9/143/185,0,280.5301818847656,81.63455963134766,2.0,1.0672829079667336,0.0,127.0,717.5968528910796,False
DFO_3285_From_20080317_to_20080502,9/143/185,0,283.53240966796875,83.42635345458984,1.0,1.1885955487952065,0.0,127.0,430.27237170603814,False
DFO_3285_From_20080317_to_20080502,9/143/185,0,255.70123291015625,80.71337890625,6.0,0.06400614597113034,0.0,127.0,53.13657091045848,False
DFO_3285_From_20080317_to_20080502,9/143/185,0,275.293212890625,87.37992858886719,2.0,0.8556698710844328,0.0,127.0,166.11080891683295,False
DFO_3285_From_20080317_to_20080502,9/143/185,0,267.3487854003906,75.82263946533203,11.0,0.5346550952893733,0.0,127.0,122.49502723565672,False
DFO_3285_From_20080317_to_20080502,9/143/185,0,278.24688720703125,85.19051361083984,1.0,0.9750205857354649,0.0,127.0,391.3035014813556,False
DFO_3285_From_20080317_to_20080502,9/143/185,0,268.174560546875,80.6468276977539,10.0,0.5680226379891675,0.0,127.0,844.3035695873942,False
DFO_3625_From_20100310_to_20100324,9/143/185,1,263.8547668457031,82.58171081542969,1.0,0.3934703989301275,0.0,127.0,784.0667887664912,False
DFO_3625_From_20100310_to_20100324,9/143/185,1,262.73651123046875,80.03099822998047,1.0,0.3482844398352401,0.0,127.0,519.6140707774175,False
DFO_3625_From_20100310_to_20100324,9/143/185,1,268.8577575683594,86.7083511352539,1.0,0.5956289493244087,0.0,127.0,566.8185984141682,False
DFO_3625_From_20100310_to_20100324,9/143/185,1,255.74771118164062,85.2616958618164,2.0,0.0658842186098748,0.0,127.0,70.07670215515292,False
DFO_3625_From_20100310_to_20100324,9/143/185,0,308.6802062988281,75.760009765625,1.0,2.2047561603834573,0.0,127.0,294.6069327889175,False
DFO_3625_From_20100310_to_20100324,9/143/185,0,281.9399108886719,80.38739013671875,1.0,1.1242465898276408,0.0,127.0,286.63015451931176,False
DFO_3625_From_20100310_to_20100324,9/143/185,0,284.1492614746094,82.85758972167969,2.0,1.2135210131727128,0.0,127.0,138.11977274212228,False
DFO_3625_From_20100310_to_20100324,9/143/185,0,263.19964599609375,80.6577377319336,1.0,0.36699857664783764,0.0,127.0,726.3903094463269,False
DFO_3625_From_20100310_to_20100324,9/143/185,0,286.9443054199219,81.60916900634766,1.0,1.3264618646745696,0.0,127.0,870.0612398185829,False
DFO_3625_From_20100310_to_20100324,9/143/185,0,270.9927978515625,87.24454498291016,2.0,0.6819006760999843,0.0,127.0,171.26971303594726,False
DFO_3625_From_20100310_to_20100324,9/143/185,0,256.691162109375,36.82979965209961,1.0,0.10400675020986506,0.0,127.0,684.9162757071069,False
DFO_3625_From_20100310_to_20100324,9/143/185,0,283.4933166503906,86.76974487304688,1.0,1.1870158961029993,0.0,127.0,589.1102628631753,False
DFO_3625_From_20100310_to_20100324,9/143/185,0,276.4488220214844,87.070068359375,3.0,0.9023651938758555,0.0,127.0,190.18020422602558,False
DFO_3625_From_20100310_to_20100324,9/143/185,0,264.0577087402344,37.714111328125,2.0,0.40167078175852583,0.0,127.0,212.73721823629398,False
DFO_3625_From_20100310_to_20100324,9/143/185,0,263.0753479003906,85.4413070678711,2.0,0.361975996307978,0.0,127.0,67.28019818473608,False
DFO_3625_From_20100310_to_20100324,9/143/185,0,280.5301818847656,81.63455963134766,2.0,1.0672829079667336,0.0,127.0,717.5968528910796,False
DFO_3625_From_20100310_to_20100324,9/143/185,0,263.49163818359375,80.58702850341797,12.0,0.3787972627985317,0.0,127.0,1002.4652899110329,False
DFO_3625_From_20100310_to_20100324,9/143/185,0,285.712646484375,83.75843048095703,1.0,1.2766935563179789,0.0,127.0,321.23713620541264,False
DFO_3625_From_20100310_to_20100324,9/143/185,0,274.20843505859375,81.48837280273438,1.0,0.8118366668711624,0.0,127.0,627.5632461454337,False
DFO_3625_From_20100310_to_20100324,9/143/185,0,261.9361572265625,79.58171844482422,1.0,0.31594410298447695,0.0,127.0,202.1621178166418,False
DFO_3625_From_20100310_to_20100324,9/143/185,0,290.1768493652344,87.06986999511719,1.0,1.4570810151580686,0.0,127.0,41.54894006340761,False
DFO_3625_From_20100310_to_20100324,9/143/185,0,254.28733825683594,82.72764587402344,1.0,0.006874140462692729,0.0,127.0,0.48065178544280895,False
DFO_3625_From_20100310_to_20100324,9/143/185,0,295.0641174316406,84.50917053222656,1.0,1.6545634976297503,0.0,127.0,221.00730315971316,False
DFO_3625_From_20100310_to_20100324,9/143/185,0,287.5960693359375,78.1451644897461,2.0,1.3527980415266154,0.0,127.0,308.35049867340086,False
DFO_3625_From_20100310_to_20100324,9/143/185,0,273.30712890625,83.8089828491211,1.0,0.7754171019908741,0.0,127.0,506.6621138214818,False
DFO_3625_From_20100310_to_20100324,9/143/185,0,280.8540344238281,83.40998077392578,4.0,1.0803689925644724,0.0,127.0,168.01352215119252,False
DFO_3625_From_20100310_to_20100324,9/143/185,0,303.4029846191406,84.37179565429688,1.0,1.9915166114785012,0.0,127.0,420.2548192441674,False
DFO_3625_From_20100310_to_20100324,9/143/185,0,266.4411315917969,82.22066497802734,1.0,0.497979037231896,0.0,127.0,1238.3557495010984,False
DFO_3625_From_20100310_to_20100324,9/143/185,0,270.46795654296875,83.8708267211914,4.0,0.6606931296514437,0.0,127.0,474.29016923410273,False
DFO_3285_From_20080317_to_20080502,9/143/186,1,258.439453125,86.6357421875,2.0,1.0927743684569242,0.0,127.0,,False
DFO_3285_From_20080317_to_20080502,9/143/186,1,249.2816162109375,85.23603057861328,18.0,0.9905243302729662,0.0,127.0,,False
DFO_3285_From_20080317_to_20080502,9/143/186,1,77.94819641113281,84.81795501708984,2.0,-0.922465481744405,0.0,127.0,,False
DFO_3285_From_20080317_to_20080502,9/143/186,0,142.04794311523438,88.18956756591797,3.0,-0.20677228808073583,0.0,127.0,,False
DFO_3285_From_20080317_to_20080502,9/143/186,0,164.60435485839844,86.81681823730469,8.0,0.045076918634223063,0.0,127.0,,False
DFO_3285_From_20080317_to_20080502,9/143/186,0,251.27340698242188,88.01277923583984,5.0,1.0127632808406484,0.0,127.0,,False
DFO_3285_From_20080317_to_20080502,9/143/186,0,82.68082427978516,83.25934600830078,49.0,-0.8696242502591526,0.0,127.0,,False
DFO_3285_From_20080317_to_20080502,9/143/186,0,233.6802215576172,88.22096252441406,2.0,0.8163300075311628,0.0,127.0,,False
DFO_3285_From_20080317_to_20080502,9/143/186,0,134.40013122558594,87.8047103881836,1.0,-0.29216243698582095,0.0,127.0,,False
DFO_3285_From_20080317_to_20080502,9/143/186,0,93.23971557617188,86.44799041748047,15.0,-0.7517310132024921,0.0,127.0,,False
DFO_3285_From_20080317_to_20080502,9/143/186,0,180.38583374023438,83.16532897949219,1.0,0.221281936632433,0.0,127.0,,False
DFO_3285_From_20080317_to_20080502,9/143/186,0,81.13485717773438,76.07608032226562,1.0,-0.8868854437810748,0.0,127.0,,False
DFO_3285_From_20080317_to_20080502,9/143/186,0,288.55633544921875,88.15167999267578,1.0,1.4290385317665402,0.0,127.0,,False
DFO_3285_From_20080317_to_20080502,9/143/186,0,296.0455627441406,82.28105163574219,1.0,1.5126580353742323,0.0,127.0,,False
DFO_3285_From_20080317_to_20080502,9/143/186,0,158.50730895996094,87.66817474365234,20.0,-0.02299845568995495,0.0,127.0,,False
DFO_3285_From_20080317_to_20080502,9/143/186,0,132.6942138671875,85.48003387451172,3.0,-0.31120952383305095,0.0,127.0,,False
DFO_3285_From_20080317_to_20080502,9/143/186,0,173.36549377441406,86.0322036743164,1.0,0.1428977028547801,0.0,127.0,,False
DFO_3285_From_20080317_to_20080502,9/143/186,0,303.4979248046875,82.23106384277344,1.0,1.5958659274127427,0.0,127.0,,False
DFO_3285_From_20080317_to_20080502,9/143/186,0,201.966552734375,86.69190216064453,1.0,0.46223723665527094,0.0,127.0,,False
DFO_3285_From_20080317_to_20080502,9/143/186,0,159.5968780517578,88.27651977539062,5.0,-0.010833084949489417,0.0,127.0,,False
DFO_3285_From_20080317_to_20080502,9/143/186,0,82.45448303222656,82.24182891845703,3.0,-0.8721514192208463,0.0,127.0,,False
DFO_3285_From_20080317_to_20080502,9/143/186,0,246.8477783203125,84.89469146728516,1.0,0.9633497889937008,0.0,127.0,,False
DFO_3285_From_20080317_to_20080502,9/143/186,0,119.30691528320312,87.5130386352539,8.0,-0.46068278965311416,0.0,127.0,,False
DFO_3285_From_20080317_to_20080502,9/143/186,0,125.89566802978516,88.97034454345703,15.0,-0.38711735861905,0.0,127.0,,False
DFO_3285_From_20080317_to_20080502,9/143/186,0,107.77249908447266,86.1230239868164,91.0,-0.5894680593425987,0.0,127.0,,False
DFO_3285_From_20080317_to_20080502,9/143/186,0,84.38816833496094,87.1056900024414,4.0,-0.8505612339079001,0.0,127.0,,False
DFO_3285_From_20080317_to_20080502,9/143/186,0,311.7909851074219,87.7424087524414,1.0,1.6884604713616906,0.0,127.0,,False
DFO_3285_From_20080317_to_20080502,9/143/186,0,129.46310424804688,85.93309020996094,1.0,-0.3472858467719712,0.0,127.0,,False
DFO_3285_From_20080317_to_20080502,9/143/187,1,186.18067932128906,81.90107727050781,1.0,2.307283261898938,22.0,27.0,,False
DFO_3285_From_20080317_to_20080502,9/143/187,0,191.9780731201172,87.41671752929688,1.0,2.4576018161444537,0.0,127.0,,False
DFO_3285_From_20080317_to_20080502,9/143/187,0,101.98429107666016,87.53848266601562,3.0,0.12418516768545536,21.0,18.0,,False
DFO_3285_From_20080317_to_20080502,9/143/187,0,88.07135772705078,82.21702575683594,1.0,-0.23655831447203515,0.0,127.0,,False
DFO_3285_From_20080317_to_20080502,9/143/187,0,182.13975524902344,81.68350219726562,2.0,2.2025075841656685,82.0,0.0,,False
DFO_3285_From_20080317_to_20080502,9/143/187,0,111.9549331665039,70.11445617675781,1.0,0.3827103870948662,82.0,0.0,,False
DFO_3285_From_20080317_to_20080502,9/143/187,0,181.6657257080078,78.96380615234375,1.0,2.1902166414166118,23.0,53.0,,False
DFO_3285_From_20080317_to_20080502,9/143/187,0,181.56007385253906,86.92694854736328,1.0,2.187477232171956,0.0,127.0,,False
DFO_3285_From_20080317_to_20080502,9/143/187,0,178.32174682617188,75.44590759277344,6.0,2.103511806729218,0.0,127.0,,False
DFO_3285_From_20080317_to_20080502,9/143/187,0,139.50146484375,88.40802001953125,3.0,1.096954573342648,0.0,127.0,,False
DFO_3285_From_20080317_to_20080502,9/143/187,0,79.05609130859375,82.53661346435547,14.0,-0.4703119391498237,0.0,127.0,,False
DFO_3285_From_20080317_to_20080502,9/143/187,0,88.73133850097656,84.0478286743164,1.0,-0.21944590858606386,41.0,0.0,,False
DFO_3285_From_20080317_to_20080502,9/143/187,0,92.30254364013672,88.62459564208984,2.0,-0.12684940538815764,0.0,127.0,,False
DFO_3285_From_20080317_to_20080502,9/143/187,0,177.5176239013672,88.300048828125,2.0,2.0826619904692376,81.0,0.0,,False
DFO_3285_From_20080317_to_20080502,9/143/187,0,182.6436767578125,76.75870513916016,1.0,2.2155735850762333,82.0,0.0,,False
DFO_3285_From_20080317_to_20080502,9/143/187,0,88.13944244384766,82.76995849609375,16.0,-0.23479297015521639,41.0,0.0,,False
DFO_3285_From_20080317_to_20080502,9/143/187,0,186.966796875,76.6698226928711,1.0,2.327666223319419,82.0,0.0,,False
DFO_3285_From_20080317_to_20080502,9/143/187,0,102.49544525146484,80.24894714355469,1.0,0.13743870181120885,0.0,127.0,,False
DFO_3285_From_20080317_to_20080502,9/143/187,0,175.6933135986328,77.42778778076172,1.0,2.0353600998752843,0.0,127.0,,False
DFO_3285_From_20080317_to_20080502,9/143/187,0,141.92929077148438,88.38798522949219,2.0,1.1599048051331085,82.0,0.0,,False
DFO_3285_From_20080317_to_20080502,9/143/187,0,179.79454040527344,88.2242202758789,3.0,2.1416993456811824,82.0,0.0,,False
DFO_3285_From_20080317_to_20080502,9/143/187,0,179.6312713623047,82.66699981689453,1.0,2.1374660009501287,0.0,127.0,,False
DFO_3285_From_20080317_to_20080502,9/143/187,0,147.04278564453125,87.666259765625,1.0,1.2924907882715382,0.0,127.0,,False
DFO_3285_From_20080317_to_20080502,9/143/187,0,171.52789306640625,83.7633056640625,2.0,1.927356397874663,0.0,127.0,,False
DFO_3285_From_20080317_to_20080502,9/143/187,0,91.96878814697266,80.87757873535156,11.0,-0.13550323242575896,82.0,0.0,,False
DFO_3285_From_20080317_to_20080502,9/143/187,0,166.9937286376953,88.23645782470703,4.0,1.8097916670169727,22.0,20.0,,False
DFO_2412_From_20040104_to_20040116,9/143/188,1,184.0411376953125,85.54232025146484,2.0,-0.21040104539496773,22.0,44.0,,False
DFO_2412_From_20040104_to_20040116,9/143/188,1,186.58702087402344,68.66908264160156,1.0,-0.1574659879795442,0.0,127.0,,False
DFO_2412_From_20040104_to_20040116,9/143/188,1,183.2838134765625,84.28144836425781,2.0,-0.22614764419292216,24.0,87.0,,False
DFO_2412_From_20040104_to_20040116,9/143/188,0,254.87521362304688,86.59341430664062,1.0,1.2624103968416065,43.0,0.0,,False
DFO_2412_From_20040104_to_20040116,9/143/188,0,181.95372009277344,30.728801727294922,1.0,-0.2538034966796019,0.0,127.0,,False
DFO_2412_From_20040104_to_20040116,9/143/188,0,168.05557250976562,73.30712890625,20.0,-0.5427795370676989,0.0,127.0,,False
DFO_2412_From_20040104_to_20040116,9/143/188,0,236.06422424316406,79.62532806396484,1.0,0.8712845151861862,81.0,0.0,,False
DFO_2412_From_20040104_to_20040116,9/143/188,0,184.4081268310547,82.58101654052734,1.0,-0.20277045529806248,0.0,127.0,,False
DFO_2412_From_20040104_to_20040116,9/143/188,0,206.0507049560547,84.84797668457031,6.0,0.24723099223290576,41.0,0.0,,False
DFO_2412_From_20040104_to_20040116,9/143/188,0,194.28729248046875,84.75753784179688,2.0,0.0026412482872535973,22.0,29.0,,False
DFO_2412_From_20040104_to_20040116,9/143/188,0,200.7878875732422,85.94039916992188,5.0,0.13780431364228535,41.0,0.0,,False
DFO_2412_From_20040104_to_20040116,9/143/188,0,206.5971221923828,84.24596405029297,1.0,0.25859232570636537,81.0,0.0,,False
DFO_2412_From_20040104_to_20040116,9/143/188,0,182.78379821777344,82.50128936767578,2.0,-0.2365441685322631,0.0,127.0,,False
DFO_2412_From_20040104_to_20040116,9/143/188,0,161.69834899902344,78.01272583007812,24.0,-0.6749615611125762,0.0,127.0,,False
DFO_2412_From_20040104_to_20040116,9/143/188,0,179.88729858398438,50.70614242553711,3.0,-0.29676938848756806,0.0,127.0,,False
DFO_2412_From_20040104_to_20040116,9/143/188,0,196.17767333984375,78.98152923583984,1.0,0.041946830006325514,23.0,71.0,,False
DFO_2412_From_20040104_to_20040116,9/143/188,0,204.63265991210938,85.76095581054688,7.0,0.21774641240355577,90.0,0.0,,False
DFO_2412_From_20040104_to_20040116,9/143/188,0,172.6225128173828,81.57766723632812,1.0,-0.4478218228182437,0.0,127.0,,False
DFO_2412_From_20040104_to_20040116,9/143/188,0,236.16488647460938,81.44904327392578,1.0,0.8733775259911125,90.0,0.0,,False
DFO_2412_From_20040104_to_20040116,9/143/188,0,182.11962890625,77.35231018066406,6.0,-0.2503538519195649,23.0,60.0,,False
DFO_2412_From_20040104_to_20040116,9/143/188,0,202.440673828125,83.90312194824219,1.0,0.17216972994624305,90.0,0.0,,False
DFO_2412_From_20040104_to_20040116,9/143/188,0,177.7172088623047,73.56495666503906,9.0,-0.3418907927115824,0.0,127.0,,False
DFO_2412_From_20040104_to_20040116,9/143/188,0,186.8575439453125,83.73917388916016,1.0,-0.15184116024564404,0.0,127.0,,False
DFO_2412_From_20040104_to_20040116,9/143/188,0,424.49920654296875,89.28461456298828,1.0,4.7893027064863265,42.0,0.0,,False
DFO_2412_From_20040104_to_20040116,9/143/188,0,387.784423828125,86.77851104736328,1.0,4.025913739051807,81.0,0.0,,False
DFO_2412_From_20040104_to_20040116,9/143/188,0,380.61920166015625,87.68860626220703,3.0,3.876931472297628,82.0,0.0,,False
DFO_2412_From_20040104_to_20040116,9/143/188,0,174.8612518310547,76.79276275634766,2.0,-0.401273034084397,90.0,0.0,,False
DFO_2412_From_20040104_to_20040116,9/143/188,0,186.0365447998047,71.29350280761719,1.0,-0.16891171449137132,0.0,127.0,,False
DFO_3625_From_20100310_to_20100324,9/143/188,1,175.49642944335938,69.0516586303711,1.0,-0.38806615811400597,22.0,23.0,,False
DFO_3625_From_20100310_to_20100324,9/143/188,0,179.13113403320312,87.53157043457031,26.0,-0.31249187498884606,21.0,12.0,,False
DFO_3625_From_20100310_to_20100324,9/143/188,0,174.53170776367188,46.13627624511719,14.0,-0.4081250508123028,0.0,127.0,,False
DFO_3625_From_20100310_to_20100324,9/143/188,0,176.22238159179688,47.57415008544922,1.0,-0.37297186039456126,0.0,127.0,,False
DFO_3625_From_20100310_to_20100324,9/143/188,0,236.06422424316406,79.62532806396484,1.0,0.8712845151861862,81.0,0.0,,False
DFO_3625_From_20100310_to_20100324,9/143/188,0,182.6397247314453,75.52059936523438,1.0,-0.23953980412724787,0.0,127.0,,False
DFO_3625_From_20100310_to_20100324,9/143/188,0,196.11863708496094,83.91914367675781,31.0,0.04071932374525834,81.0,0.0,,False
DFO_3625_From_20100310_to_20100324,9/143/188,0,178.2469024658203,56.27298355102539,16.0,-0.3308771839375618,24.0,98.0,,False
DFO_3625_From_20100310_to_20100324,9/143/188,0,200.7878875732422,85.94039916992188,5.0,0.13780431364228535,41.0,0.0,,False
DFO_3625_From_20100310_to_20100324,9/143/188,0,206.5971221923828,84.24596405029297,1.0,0.25859232570636537,81.0,0.0,,False
DFO_3625_From_20100310_to_20100324,9/143/188,0,176.96502685546875,75.35254669189453,2.0,-0.3575304725098006,0.0,127.0,,False
DFO_3625_From_20100310_to_20100324,9/143/188,0,176.2853546142578,77.9496078491211,1.0,-0.3716624992316188,90.0,0.0,,False
DFO_3625_From_20100310_to_20100324,9/143/188,0,178.68307495117188,64.68321990966797,1.0,-0.3218081049836707,0.0,127.0,,False
DFO_3625_From_20100310_to_20100324,9/143/188,0,175.58790588378906,63.673439025878906,2.0,-0.38616414208012184,0.0,127.0,,False
DFO_3625_From_20100310_to_20100324,9/143/188,0,204.63265991210938,85.76095581054688,7.0,0.21774641240355577,90.0,0.0,,False
DFO_3625_From_20100310_to_20100324,9/143/188,0,174.8612518310547,76.79276275634766,2.0,-0.401273034084397,90.0,0.0,,False
DFO_3625_From_20100310_to_20100324,9/143/188,0,236.16488647460938,81.44904327392578,1.0,0.8733775259911125,90.0,0.0,,False
DFO_3625_From_20100310_to_20100324,9/143/188,0,207.8653106689453,77.94853973388672,1.0,0.28496102572440996,21.0,8.0,,False
DFO_3625_From_20100310_to_20100324,9/143/188,0,202.440673828125,83.90312194824219,1.0,0.17216972994624305,90.0,0.0,,False
DFO_3625_From_20100310_to_20100324,9/143/188,0,178.9998016357422,41.751094818115234,6.0,-0.31522259258745167,0.0,127.0,,False
DFO_3625_From_20100310_to_20100324,9/143/188,0,186.96966552734375,71.37560272216797,1.0,-0.14950988187750716,0.0,127.0,,False
DFO_3625_From_20100310_to_20100324,9/143/188,0,424.49920654296875,89.28461456298828,1.0,4.7893027064863265,42.0,0.0,,False
DFO_3625_From_20100310_to_20100324,9/143/188,0,394.7752685546875,85.74114227294922,1.0,4.1712702778268,81.0,0.0,,False
DFO_3625_From_20100310_to_20100324,9/143/188,0,380.61920166015625,87.68860626220703,3.0,3.876931472297628,82.0,0.0,,False
DFO_3625_From_20100310_to_20100324,9/143/188,0,174.75823974609375,54.935516357421875,2.0,-0.4034149040167993,23.0,64.0,,False
DFO_3625_From_20100310_to_20100324,9/143/188,0,198.04824829101562,79.75753021240234,1.0,0.08084059907952894,23.0,59.0,,False
DFO_3861_From_20110827_to_20110913,9/143/188,1,180.61561584472656,70.86764526367188,1.0,-0.2816259143735859,81.0,0.0,,False
DFO_3861_From_20110827_to_20110913,9/143/188,0,239.0913848876953,86.42805480957031,5.0,0.9342264929893894,90.0,0.0,,True
DFO_3861_From_20110827_to_20110913,9/143/188,0,178.19503784179688,45.8464241027832,4.0,-0.331955574679709,0.0,127.0,,False
DFO_3861_From_20110827_to_20110913,9/143/188,0,176.4392547607422,69.58778381347656,1.0,-0.36846254364900743,0.0,127.0,,False
DFO_3861_From_20110827_to_20110913,9/143/188,0,281.79339599609375,88.65956115722656,1.0,1.8221043927607588,43.0,0.0,,False
DFO_3861_From_20110827_to_20110913,9/143/188,0,180.76467895507812,70.37432098388672,1.0,-0.27852653244948017,0.0,127.0,,False
DFO_3861_From_20110827_to_20110913,9/143/188,0,236.06422424316406,79.62532806396484,1.0,0.8712845151861862,81.0,0.0,,False
DFO_3861_From_20110827_to_20110913,9/143/188,0,184.6154022216797,86.27196502685547,11.0,-0.1984606995342123,22.0,38.0,,False
DFO_3861_From_20110827_to_20110913,9/143/188,0,211.5972442626953,82.1274642944336,3.0,0.36255693456565147,41.0,0.0,,False
DFO_3861_From_20110827_to_20110913,9/143/188,0,232.20846557617188,83.50318908691406,1.0,0.7911139841406127,82.0,0.0,,False
DFO_3861_From_20110827_to_20110913,9/143/188,0,182.78379821777344,82.50128936767578,2.0,-0.2365441685322631,0.0,127.0,,False
DFO_3861_From_20110827_to_20110913,9/143/188,0,161.69834899902344,78.01272583007812,24.0,-0.6749615611125762,0.0,127.0,,False
DFO_3861_From_20110827_to_20110913,9/143/188,0,180.74037170410156,24.63888931274414,1.0,-0.2790319388785006,0.0,127.0,,False
DFO_3861_From_20110827_to_20110913,9/143/188,0,196.17767333984375,78.98152923583984,1.0,0.041946830006325514,23.0,71.0,,False
DFO_3861_From_20110827_to_20110913,9/143/188,0,236.35025024414062,81.86968994140625,10.0,0.8772316862546029,23.0,57.0,,False
DFO_3861_From_20110827_to_20110913,9/143/188,0,172.97320556640625,69.69866180419922,5.0,-0.44053007394305455,22.0,47.0,,False
DFO_3861_From_20110827_to_20110913,9/143/188,0,175.14466857910156,84.67440795898438,2.0,-0.3953801156835023,11.0,0.0,,True
DFO_3861_From_20110827_to_20110913,9/143/188,0,184.5211181640625,81.10432434082031,4.0,-0.20042109270741829,21.0,1.0,,False
DFO_3861_From_20110827_to_20110913,9/143/188,0,223.7981719970703,84.67318725585938,1.0,0.6162436769666096,41.0,0.0,,False
DFO_3861_From_20110827_to_20110913,9/143/188,0,179.82760620117188,74.1414566040039,4.0,-0.2980105372322811,0.0,127.0,,False
DFO_3861_From_20110827_to_20110913,9/143/188,0,186.8575439453125,83.73917388916016,1.0,-0.15184116024564404,0.0,127.0,,False
DFO_3861_From_20110827_to_20110913,9/143/188,0,486.2197265625,89.08285522460938,1.0,6.072621319949951,81.0,0.0,,False
DFO_3861_From_20110827_to_20110913,9/143/188,0,387.784423828125,86.77851104736328,1.0,4.025913739051807,81.0,0.0,,False
DFO_3861_From_20110827_to_20110913,9/143/188,0,380.61920166015625,87.68860626220703,3.0,3.876931472297628,82.0,0.0,,False
DFO_3861_From_20110827_to_20110913,9/143/188,0,174.8612518310547,76.79276275634766,2.0,-0.401273034084397,90.0,0.0,,False
DFO_3861_From_20110827_to_20110913,9/143/188,0,179.1362762451172,70.54588317871094,2.0,-0.3123849559891098,23.0,75.0,,False
DFO_2253_From_20030613_to_20030619,9/143/189,1,436.9819030761719,89.01224517822266,2.0,0.12071108418788723,11.0,0.0,,False
DFO_2253_From_20030613_to_20030619,9/143/189,0,530.8078002929688,88.87012481689453,1.0,0.9695897492463391,41.0,0.0,,False
DFO_2253_From_20030613_to_20030619,9/143/189,0,514.99169921875,89.01475524902344,3.0,0.8264954526334332,41.0,0.0,,False
DFO_2253_From_20030613_to_20030619,9/143/189,0,392.6266174316406,87.13650512695312,10.0,-0.2805880963487571,41.0,0.0,,False
DFO_2253_From_20030613_to_20030619,9/143/189,0,433.3006286621094,86.64389038085938,5.0,0.08740519100679037,41.0,0.0,,False
DFO_2253_From_20030613_to_20030619,9/143/189,0,488.6302490234375,88.25161743164062,2.0,0.5879933619036719,21.0,1.0,,False
DFO_2253_From_20030613_to_20030619,9/143/189,0,536.6124267578125,89.17997741699219,2.0,1.022106417999893,42.0,0.0,,False
DFO_2253_From_20030613_to_20030619,9/143/189,0,659.4676513671875,88.39694213867188,1.0,2.1336244759715517,41.0,0.0,,False
DFO_2253_From_20030613_to_20030619,9/143/189,0,412.3542175292969,88.50804901123047,28.0,-0.10210497673615335,21.0,4.0,,False
DFO_2253_From_20030613_to_20030619,9/143/189,0,495.4139404296875,87.7823486328125,9.0,0.6493680044695742,81.0,0.0,,False
DFO_2253_From_20030613_to_20030619,9/143/189,0,436.8037109375,88.6773452758789,2.0,0.11909891197012332,90.0,0.0,,False
DFO_2253_From_20030613_to_20030619,9/143/189,0,397.53472900390625,79.54977416992188,20.0,-0.2361825396420006,90.0,0.0,,False
DFO_2253_From_20030613_to_20030619,9/143/189,0,400.9281311035156,88.615966796875,13.0,-0.20548113704664905,41.0,0.0,,False
DFO_2253_From_20030613_to_20030619,9/143/189,0,460.854736328125,88.94290924072266,1.0,0.33669770859773185,81.0,0.0,,False
DFO_2253_From_20030613_to_20030619,9/143/189,0,516.353271484375,88.78026580810547,1.0,0.8388141160463043,23.0,72.0,,False
DFO_2253_From_20030613_to_20030619,9/143/189,0,406.455322265625,87.95899963378906,2.0,-0.15547453125450827,41.0,0.0,,False
DFO_2253_From_20030613_to_20030619,9/143/189,0,483.5815734863281,89.15293884277344,1.0,0.5423160694142436,41.0,0.0,,False
DFO_2253_From_20030613_to_20030619,9/143/189,0,580.8038330078125,87.52349090576172,1.0,1.4219229191720244,41.0,0.0,,False
DFO_2253_From_20030613_to_20030619,9/143/189,0,458.4276123046875,88.82740783691406,1.0,0.3147385921697135,41.0,0.0,,False
DFO_2253_From_20030613_to_20030619,9/143/189,0,587.546630859375,88.65715026855469,1.0,1.48292758215721,41.0,0.0,,False
DFO_2253_From_20030613_to_20030619,9/143/189,0,514.1046142578125,88.90587615966797,1.0,0.8184696567735323,81.0,0.0,,False
DFO_2253_From_20030613_to_20030619,9/143/189,0,574.5391235351562,85.65924072265625,1.0,1.365243704031245,41.0,0.0,,False
DFO_2253_From_20030613_to_20030619,9/143/189,0,485.6651611328125,87.4509048461914,1.0,0.5611670812600786,81.0,0.0,,False
DFO_2253_From_20030613_to_20030619,9/143/189,0,461.79156494140625,89.21800231933594,1.0,0.34517355424611623,41.0,0.0,,False
DFO_2253_From_20030613_to_20030619,9/143/189,0,429.8183898925781,88.63650512695312,2.0,0.05590004918795694,41.0,0.0,,False
DFO_2253_From_20030613_to_20030619,9/143/189,0,470.6912536621094,88.28428649902344,1.0,0.42569243128077955,81.0,0.0,,False
DFO_2273_From_20030705_to_20030721,9/143/189,1,495.1512451171875,89.1583480834961,2.0,0.6469912998197178,41.0,0.0,,False
DFO_2273_From_20030705_to_20030721,9/143/189,0,523.1168212890625,85.7466812133789,1.0,0.9000065298634955,41.0,0.0,,False
DFO_2273_From_20030705_to_20030721,9/143/189,0,521.1859741210938,85.04643249511719,1.0,0.8825374193620531,41.0,0.0,,False
DFO_2273_From_20030705_to_20030721,9/143/189,0,441.9035949707031,89.35822296142578,1.0,0.1652395072479414,43.0,0.0,,False
DFO_2273_From_20030705_to_20030721,9/143/189,0,476.42431640625,88.88931274414062,1.0,0.4775616357680797,81.0,0.0,,False
DFO_2273_From_20030705_to_20030721,9/143/189,0,398.7386169433594,88.82720184326172,1.0,-0.2252905064482057,43.0,0.0,,False
DFO_2273_From_20030705_to_20030721,9/143/189,0,401.30755615234375,88.10568237304688,21.0,-0.2020483339667623,81.0,0.0,,False
DFO_2273_From_20030705_to_20030721,9/143/189,0,608.6644897460938,87.72176361083984,1.0,1.673988903097516,41.0,0.0,,False
DFO_2273_From_20030705_to_20030721,9/143/189,0,440.0440368652344,88.78450775146484,8.0,0.14841537607527042,43.0,0.0,,False
DFO_2273_From_20030705_to_20030721,9/143/189,0,520.168212890625,88.92283630371094,1.0,0.8733293454688477,41.0,0.0,,False
DFO_2273_From_20030705_to_20030721,9/143/189,0,361.67138671875,88.69004821777344,1.0,-0.5606518708887227,41.0,0.0,,False
DFO_2273_From_20030705_to_20030721,9/143/189,0,401.0686950683594,88.54940032958984,7.0,-0.20420940126397727,82.0,0.0,,False
DFO_2273_From_20030705_to_20030721,9/143/189,0,557.2681274414062,88.69315338134766,1.0,1.208986417469773,41.0,0.0,,False
DFO_2273_From_20030705_to_20030721,9/143/189,0,505.9598693847656,86.87120056152344,3.0,0.744781044565559,82.0,0.0,,False
DFO_2273_From_20030705_to_20030721,9/143/189,0,397.0130920410156,88.10810852050781,3.0,-0.24090198812945365,90.0,0.0,,False
DFO_2273_From_20030705_to_20030721,9/143/189,0,202.07666015625,87.04649353027344,1.0,-2.0045662106760367,22.0,24.0,,False
DFO_2273_From_20030705_to_20030721,9/143/189,0,499.1319580078125,73.93093872070312,11.0,0.6830063270649865,52.0,0.0,,False
DFO_2273_From_20030705_to_20030721,9/143/189,0,440.0779724121094,88.33802032470703,17.0,0.14872240390643215,43.0,0.0,,False
DFO_2273_From_20030705_to_20030721,9/143/189,0,447.2497253417969,88.83448791503906,1.0,0.21360798703083517,81.0,0.0,,False
DFO_2273_From_20030705_to_20030721,9/143/189,0,399.4643859863281,86.383056640625,7.0,-0.21872419720298197,22.0,27.0,,False
DFO_2273_From_20030705_to_20030721,9/143/189,0,406.1968688964844,88.49669647216797,4.0,-0.15781285742546947,82.0,0.0,,False
DFO_2273_From_20030705_to_20030721,9/143/189,0,502.72222900390625,89.0514144897461,10.0,0.7154888776269068,43.0,0.0,,False
DFO_2273_From_20030705_to_20030721,9/143/189,0,538.0924682617188,88.90601348876953,2.0,1.0354969177801832,41.0,0.0,,False
DFO_2273_From_20030705_to_20030721,9/143/189,0,431.44207763671875,88.71556091308594,1.0,0.07059017127155494,24.0,84.0,,False
DFO_2273_From_20030705_to_20030721,9/143/189,0,297.659423828125,89.07832336425781,2.0,-1.139792504959176,82.0,0.0,,False
DFO_2273_From_20030705_to_20030721,9/143/189,0,543.8212280273438,88.93321990966797,1.0,1.0873271915802587,52.0,0.0,,False
DFO_2818_From_20060312_to_20060322,9/143/189,1,400.7840576171875,87.60999298095703,2.0,-0.2067846248082629,82.0,0.0,,False
DFO_2818_From_20060312_to_20060322,9/143/189,1,386.1356201171875,81.68538665771484,32.0,-0.3393146238708893,90.0,0.0,,False
DFO_2818_From_20060312_to_20060322,9/143/189,1,388.58087158203125,88.25425720214844,3.0,-0.3171915015690309,90.0,0.0,,False
DFO_2818_From_20060312_to_20060322,9/143/189,1,387.1041259765625,88.00751495361328,6.0,-0.33055218209953197,21.0,1.0,,False
DFO_2818_From_20060312_to_20060322,9/143/189,1,388.27679443359375,86.97279357910156,2.0,-0.3199426034662393,81.0,0.0,,False
DFO_2818_From_20060312_to_20060322,9/143/189,1,387.1776428222656,85.87428283691406,66.0,-0.3298870471667364,11.0,0.0,,False
DFO_2818_From_20060312_to_20060322,9/143/189,1,393.8243408203125,86.52930450439453,1.0,-0.2697518361962344,81.0,0.0,,False
DFO_2818_From_20060312_to_20060322,9/143/189,1,379.78167724609375,86.33102416992188,35.0,-0.39680116758929174,41.0,0.0,,False
DFO_2818_From_20060312_to_20060322,9/143/189,0,568.5557861328125,88.94353485107422,1.0,1.311110169289127,43.0,0.0,,False
DFO_2818_From_20060312_to_20060322,9/143/189,0,546.9920654296875,88.23745727539062,1.0,1.1160149665023524,43.0,0.0,,False
DFO_2818_From_20060312_to_20060322,9/143/189,0,396.50732421875,88.55998992919922,2.0,-0.24547786245125552,81.0,0.0,,False
DFO_2818_From_20060312_to_20060322,9/143/189,0,433.3006286621094,86.64389038085938,5.0,0.08740519100679037,41.0,0.0,,False
DFO_2818_From_20060312_to_20060322,9/143/189,0,491.5311279296875,87.73207092285156,1.0,0.6142387193847074,43.0,0.0,,False
DFO_2818_From_20060312_to_20060322,9/143/189,0,536.6124267578125,89.17997741699219,2.0,1.022106417999893,42.0,0.0,,False
DFO_2818_From_20060312_to_20060322,9/143/189,0,497.2781066894531,88.92106628417969,5.0,0.666233827371117,41.0,0.0,,False
DFO_2818_From_20060312_to_20060322,9/143/189,0,419.20904541015625,76.28659057617188,19.0,-0.04008673536230319,90.0,0.0,,False
DFO_2818_From_20060312_to_20060322,9/143/189,0,495.4139404296875,87.7823486328125,9.0,0.6493680044695742,81.0,0.0,,False
DFO_2818_From_20060312_to_20060322,9/143/189,0,462.3598327636719,88.81867218017578,1.0,0.35031488989725196,81.0,0.0,,False
DFO_2818_From_20060312_to_20060322,9/143/189,0,395.8567199707031,85.09354400634766,23.0,-0.25136412713878914,81.0,0.0,,False
DFO_2818_From_20060312_to_20060322,9/143/189,0,587.546630859375,88.65715026855469,1.0,1.48292758215721,41.0,0.0,,False
DFO_2818_From_20060312_to_20060322,9/143/189,0,400.7840576171875,87.60999298095703,2.0,-0.2067846248082629,90.0,0.0,,False
DFO_2818_From_20060312_to_20060322,9/143/189,0,493.86187744140625,88.98323059082031,1.0,0.6353258988605596,43.0,0.0,,False
DFO_2818_From_20060312_to_20060322,9/143/189,0,406.455322265625,87.95899963378906,2.0,-0.15547453125450827,41.0,0.0,,False
DFO_2818_From_20060312_to_20060322,9/143/189,0,395.7438659667969,88.4886703491211,1.0,-0.25238516033990077,90.0,0.0,,False
DFO_2818_From_20060312_to_20060322,9/143/189,0,516.9210205078125,88.84042358398438,2.0,0.84395075792664,41.0,0.0,,False
DFO_2818_From_20060312_to_20060322,9/143/189,0,436.9819030761719,89.01224517822266,2.0,0.12071108418788723,11.0,0.0,,False
DFO_2818_From_20060312_to_20060322,9/143/189,0,615.192626953125,87.1115951538086,1.0,1.7330514493881048,41.0,0.0,,False
DFO_2818_From_20060312_to_20060322,9/143/189,0,393.7777099609375,88.85975646972656,8.0,-0.27017372335991713,90.0,0.0,,False
DFO_2818_From_20060312_to_20060322,9/143/189,0,574.5391235351562,85.65924072265625,1.0,1.365243704031245,41.0,0.0,,False
DFO_2818_From_20060312_to_20060322,9/143/189,0,485.6651611328125,87.4509048461914,1.0,0.5611670812600786,81.0,0.0,,False
DFO_2818_From_20060312_to_20060322,9/143/189,0,435.8328857421875,87.08606719970703,6.0,0.11031548628224776,81.0,0.0,,False
DFO_2818_From_20060312_to_20060322,9/143/189,0,408.1291809082031,86.56781768798828,5.0,-0.14033049392412078,41.0,0.0,,False
DFO_2818_From_20060312_to_20060322,9/143/189,0,510.22552490234375,87.88507080078125,3.0,0.7833740563967606,41.0,0.0,,False
DFO_3285_From_20080317_to_20080502,9/143/189,1,400.7840576171875,87.60999298095703,2.0,-0.2067846248082629,82.0,0.0,,False
DFO_3285_From_20080317_to_20080502,9/143/189,1,386.1356201171875,81.68538665771484,32.0,-0.3393146238708893,90.0,0.0,,False
DFO_3285_From_20080317_to_20080502,9/143/189,1,388.58087158203125,88.25425720214844,3.0,-0.3171915015690309,90.0,0.0,,False
DFO_3285_From_20080317_to_20080502,9/143/189,1,387.1041259765625,88.00751495361328,6.0,-0.33055218209953197,21.0,1.0,,False
DFO_3285_From_20080317_to_20080502,9/143/189,1,388.27679443359375,86.97279357910156,2.0,-0.3199426034662393,81.0,0.0,,False
DFO_3285_From_20080317_to_20080502,9/143/189,1,445.33648681640625,88.71112060546875,3.0,0.1962981886324326,41.0,0.0,,False
DFO_3285_From_20080317_to_20080502,9/143/189,1,379.27301025390625,87.03278350830078,15.0,-0.40140327180674146,90.0,0.0,,False
DFO_3285_From_20080317_to_20080502,9/143/189,1,499.9263916015625,89.09496307373047,1.0,0.6901938706808163,43.0,0.0,,False
DFO_3285_From_20080317_to_20080502,9/143/189,0,447.89727783203125,88.44658660888672,2.0,0.2194666413018974,41.0,0.0,,False
DFO_3285_From_20080317_to_20080502,9/143/189,0,474.1221618652344,89.07181549072266,2.0,0.45673316589456436,41.0,0.0,,False
DFO_3285_From_20080317_to_20080502,9/143/189,0,441.9035949707031,89.35822296142578,1.0,0.1652395072479414,43.0,0.0,,False
DFO_3285_From_20080317_to_20080502,9/143/189,0,530.8078002929688,88.87012481689453,1.0,0.9695897492463391,41.0,0.0,,False
DFO_3285_From_20080317_to_20080502,9/143/189,0,398.7386169433594,88.82720184326172,1.0,-0.2252905064482057,43.0,0.0,,False
DFO_3285_From_20080317_to_20080502,9/143/189,0,432.4588317871094,88.7348403930664,16.0,0.07978913372732477,81.0,0.0,,False
DFO_3285_From_20080317_to_20080502,9/143/189,0,567.6777954101562,88.55043029785156,2.0,1.303166652470311,41.0,0.0,,False
DFO_3285_From_20080317_to_20080502,9/143/189,0,499.3774108886719,88.76420593261719,1.0,0.6852270328617797,71.0,0.0,,False
DFO_3285_From_20080317_to_20080502,9/143/189,0,518.1849975585938,84.1922836303711,1.0,0.8553864402207563,41.0,0.0,,False
DFO_3285_From_20080317_to_20080502,9/143/189,0,361.67138671875,88.69004821777344,1.0,-0.5606518708887227,41.0,0.0,,False
DFO_3285_From_20080317_to_20080502,9/143/189,0,401.0686950683594,88.54940032958984,7.0,-0.20420940126397727,82.0,0.0,,False
DFO_3285_From_20080317_to_20080502,9/143/189,0,557.2681274414062,88.69315338134766,1.0,1.208986417469773,41.0,0.0,,False
DFO_3285_From_20080317_to_20080502,9/143/189,0,505.9598693847656,86.87120056152344,3.0,0.744781044565559,82.0,0.0,,False
DFO_3285_From_20080317_to_20080502,9/143/189,0,403.6966552734375,88.98469543457031,2.0,-0.18043324332797736,82.0,0.0,,False
DFO_3285_From_20080317_to_20080502,9/143/189,0,202.07666015625,87.04649353027344,1.0,-2.0045662106760367,22.0,24.0,,False
DFO_3285_From_20080317_to_20080502,9/143/189,0,499.1319580078125,73.93093872070312,11.0,0.6830063270649865,52.0,0.0,,False
DFO_3285_From_20080317_to_20080502,9/143/189,0,526.5098876953125,89.24205017089844,1.0,0.9307048953130351,21.0,1.0,,False
DFO_3285_From_20080317_to_20080502,9/143/189,0,496.94525146484375,88.74799346923828,1.0,0.6632223592465836,90.0,0.0,,False
DFO_3285_From_20080317_to_20080502,9/143/189,0,467.45880126953125,88.36316680908203,1.0,0.3964472020501286,21.0,6.0,,False
DFO_3285_From_20080317_to_20080502,9/143/189,0,457.87200927734375,89.03203582763672,2.0,0.30971183974693395,41.0,0.0,,False
DFO_3285_From_20080317_to_20080502,9/143/189,0,502.72222900390625,89.0514144897461,10.0,0.7154888776269068,43.0,0.0,,False
DFO_3285_From_20080317_to_20080502,9/143/189,0,538.0924682617188,88.90601348876953,2.0,1.0354969177801832,41.0,0.0,,False
DFO_3285_From_20080317_to_20080502,9/143/189,0,381.7460632324219,87.45597839355469,17.0,-0.3790286186108288,41.0,0.0,,False
DFO_3285_From_20080317_to_20080502,9/143/189,0,297.659423828125,89.07832336425781,2.0,-1.139792504959176,82.0,0.0,,False
DFO_3285_From_20080317_to_20080502,9/143/189,0,523.1212158203125,88.54327392578125,5.0,0.9000462888632142,81.0,0.0,,False
DFO_3625_From_20100310_to_20100324,9/143/189,1,386.1356201171875,81.68538665771484,32.0,-0.3393146238708893,11.0,0.0,,False
DFO_3625_From_20100310_to_20100324,9/143/189,1,400.7840576171875,87.60999298095703,2.0,-0.2067846248082629,82.0,0.0,,False
DFO_3625_From_20100310_to_20100324,9/143/189,1,386.1356201171875,81.68538665771484,32.0,-0.3393146238708893,90.0,0.0,,False
DFO_3625_From_20100310_to_20100324,9/143/189,1,388.58087158203125,88.25425720214844,3.0,-0.3171915015690309,90.0,0.0,,False
DFO_3625_From_20100310_to_20100324,9/143/189,1,423.0834045410156,88.79537963867188,1.0,-0.005033931131062091,95.0,0.0,,False
DFO_3625_From_20100310_to_20100324,9/143/189,1,379.27301025390625,87.03278350830078,15.0,-0.40140327180674146,90.0,0.0,,False
DFO_3625_From_20100310_to_20100324,9/143/189,0,447.89727783203125,88.44658660888672,2.0,0.2194666413018974,41.0,0.0,,False
DFO_3625_From_20100310_to_20100324,9/143/189,0,474.1221618652344,89.07181549072266,2.0,0.45673316589456436,41.0,0.0,,False
DFO_3625_From_20100310_to_20100324,9/143/189,0,341.90142822265625,89.36578369140625,4.0,-0.7395182230819493,81.0,0.0,,False
DFO_3625_From_20100310_to_20100324,9/143/189,0,530.8078002929688,88.87012481689453,1.0,0.9695897492463391,41.0,0.0,,False
DFO_3625_From_20100310_to_20100324,9/143/189,0,344.0311584472656,88.40492248535156,2.0,-0.720249741739067,81.0,0.0,,False
DFO_3625_From_20100310_to_20100324,9/143/189,0,401.30755615234375,88.10568237304688,21.0,-0.2020483339667623,81.0,0.0,,False
DFO_3625_From_20100310_to_20100324,9/143/189,0,510.9280090332031,87.4736099243164,4.0,0.7897296981643076,41.0,0.0,,False
DFO_3625_From_20100310_to_20100324,9/143/189,0,499.3774108886719,88.76420593261719,1.0,0.6852270328617797,71.0,0.0,,False
DFO_3625_From_20100310_to_20100324,9/143/189,0,520.168212890625,88.92283630371094,1.0,0.8733293454688477,41.0,0.0,,False
DFO_3625_From_20100310_to_20100324,9/143/189,0,361.0028076171875,89.22602844238281,1.0,-0.5667007609292728,41.0,0.0,,False
DFO_3625_From_20100310_to_20100324,9/143/189,0,401.0686950683594,88.54940032958984,7.0,-0.20420940126397727,82.0,0.0,,False
DFO_3625_From_20100310_to_20100324,9/143/189,0,488.6302490234375,88.25161743164062,2.0,0.5879933619036719,21.0,1.0,,False
DFO_3625_From_20100310_to_20100324,9/143/189,0,474.366943359375,88.13407897949219,1.0,0.4589477973997338,43.0,0.0,,False
DFO_3625_From_20100310_to_20100324,9/143/189,0,397.0130920410156,88.10810852050781,3.0,-0.24090198812945365,90.0,0.0,,False
DFO_3625_From_20100310_to_20100324,9/143/189,0,202.07666015625,87.04649353027344,1.0,-2.0045662106760367,22.0,24.0,,False
DFO_3625_From_20100310_to_20100324,9/143/189,0,499.1319580078125,73.93093872070312,11.0,0.6830063270649865,52.0,0.0,,False
DFO_3625_From_20100310_to_20100324,9/143/189,0,584.7752075195312,87.87823486328125,1.0,1.4578534585428906,81.0,0.0,,False
DFO_3625_From_20100310_to_20100324,9/143/189,0,447.2497253417969,88.83448791503906,1.0,0.21360798703083517,81.0,0.0,,False
DFO_3625_From_20100310_to_20100324,9/143/189,0,468.2331848144531,88.55054473876953,1.0,0.40345334522974147,81.0,0.0,,False
DFO_3625_From_20100310_to_20100324,9/143/189,0,505.65740966796875,87.4031753540039,1.0,0.7420445761890806,43.0,0.0,,False
DFO_3625_From_20100310_to_20100324,9/143/189,0,502.72222900390625,89.0514144897461,10.0,0.7154888776269068,43.0,0.0,,False
DFO_3625_From_20100310_to_20100324,9/143/189,0,531.8757934570312,88.91079711914062,7.0,0.9792522905946635,41.0,0.0,,False
DFO_3625_From_20100310_to_20100324,9/143/189,0,381.7460632324219,87.45597839355469,17.0,-0.3790286186108288,41.0,0.0,,False
DFO_3625_From_20100310_to_20100324,9/143/189,0,297.659423828125,89.07832336425781,2.0,-1.139792504959176,82.0,0.0,,False
DFO_3625_From_20100310_to_20100324,9/143/189,0,563.9068603515625,86.4618148803711,1.0,1.269049565253285,41.0,0.0,,False
DFO_4230_From_20150310_to_20150323,9/143/189,1,386.1356201171875,81.68538665771484,32.0,-0.3393146238708893,90.0,0.0,,False
DFO_4230_From_20150310_to_20150323,9/143/189,1,388.58087158203125,88.25425720214844,3.0,-0.3171915015690309,90.0,0.0,,False
DFO_4230_From_20150310_to_20150323,9/143/189,1,387.1041259765625,88.00751495361328,6.0,-0.33055218209953197,21.0,1.0,,False
DFO_4230_From_20150310_to_20150323,9/143/189,1,388.27679443359375,86.97279357910156,2.0,-0.3199426034662393,81.0,0.0,,False
DFO_4230_From_20150310_to_20150323,9/143/189,0,637.13671875,88.11795043945312,1.0,1.9315880144838722,43.0,0.0,,False
DFO_4230_From_20150310_to_20150323,9/143/189,0,560.1654663085938,88.75663757324219,1.0,1.2351997468677018,41.0,0.0,,False
DFO_4230_From_20150310_to_20150323,9/143/189,0,389.9498291015625,66.39836883544922,84.0,-0.30480602094829906,81.0,0.0,,False
DFO_4230_From_20150310_to_20150323,9/143/189,0,444.0758972167969,86.75144958496094,1.0,0.18489315390059946,81.0,0.0,,False
DFO_4230_From_20150310_to_20150323,9/143/189,0,491.5311279296875,87.73207092285156,1.0,0.6142387193847074,43.0,0.0,,False
DFO_4230_From_20150310_to_20150323,9/143/189,0,566.9827880859375,89.1973648071289,1.0,1.2968786562231187,41.0,0.0,,False
DFO_4230_From_20150310_to_20150323,9/143/189,0,497.2781066894531,88.92106628417969,5.0,0.666233827371117,41.0,0.0,,False
DFO_4230_From_20150310_to_20150323,9/143/189,0,440.4839172363281,89.09200286865234,6.0,0.1523951415054552,41.0,0.0,,False
DFO_4230_From_20150310_to_20150323,9/143/189,0,495.4139404296875,87.7823486328125,9.0,0.6493680044695742,81.0,0.0,,False
DFO_4230_From_20150310_to_20150323,9/143/189,0,436.8037109375,88.6773452758789,2.0,0.11909891197012332,90.0,0.0,,False
DFO_4230_From_20150310_to_20150323,9/143/189,0,395.8567199707031,85.09354400634766,23.0,-0.25136412713878914,81.0,0.0,,False
DFO_4230_From_20150310_to_20150323,9/143/189,0,488.85870361328125,87.13429260253906,4.0,0.5900602776807194,43.0,0.0,,False
DFO_4230_From_20150310_to_20150323,9/143/189,0,388.58087158203125,88.25425720214844,3.0,-0.3171915015690309,81.0,0.0,,False
DFO_4230_From_20150310_to_20150323,9/143/189,0,453.71783447265625,89.23707580566406,5.0,0.272127436429432,81.0,0.0,,False
DFO_4230_From_20150310_to_20150323,9/143/189,0,406.455322265625,87.95899963378906,2.0,-0.15547453125450827,41.0,0.0,,False
DFO_4230_From_20150310_to_20150323,9/143/189,0,408.4246826171875,89.03985595703125,4.0,-0.137656977297197,21.0,15.0,,False
DFO_4230_From_20150310_to_20150323,9/143/189,0,574.28125,88.63336181640625,1.0,1.3629106238394133,41.0,0.0,,False
DFO_4230_From_20150310_to_20150323,9/143/189,0,445.33648681640625,88.71112060546875,3.0,0.1962981886324326,41.0,0.0,,False
DFO_4230_From_20150310_to_20150323,9/143/189,0,559.9534301757812,88.92732238769531,1.0,1.2332813751312703,41.0,0.0,,False
DFO_4230_From_20150310_to_20150323,9/143/189,0,437.375,89.09587097167969,3.0,0.12426758193356575,41.0,0.0,,False
DFO_4230_From_20150310_to_20150323,9/143/189,0,574.5391235351562,85.65924072265625,1.0,1.365243704031245,41.0,0.0,,False
DFO_4230_From_20150310_to_20150323,9/143/189,0,485.6651611328125,87.4509048461914,1.0,0.5611670812600786,81.0,0.0,,False
DFO_4230_From_20150310_to_20150323,9/143/189,0,419.20904541015625,76.28659057617188,19.0,-0.04008673536230319,90.0,0.0,,False
DFO_4230_From_20150310_to_20150323,9/143/189,0,408.1291809082031,86.56781768798828,5.0,-0.14033049392412078,41.0,0.0,,False
DFO_4230_From_20150310_to_20150323,9/143/189,0,489.77459716796875,88.45122528076172,1.0,0.5983467158721102,81.0,0.0,,False
DFO_4274_From_20150718_to_20150721,9/143/189,1,436.9819030761719,89.01224517822266,2.0,0.12071108418788723,11.0,0.0,,False
DFO_4274_From_20150718_to_20150721,9/143/189,0,530.8078002929688,88.87012481689453,1.0,0.9695897492463391,41.0,0.0,,False
DFO_4274_From_20150718_to_20150721,9/143/189,0,514.99169921875,89.01475524902344,3.0,0.8264954526334332,41.0,0.0,,False
DFO_4274_From_20150718_to_20150721,9/143/189,0,392.6266174316406,87.13650512695312,10.0,-0.2805880963487571,41.0,0.0,,False
DFO_4274_From_20150718_to_20150721,9/143/189,0,433.3006286621094,86.64389038085938,5.0,0.08740519100679037,41.0,0.0,,False
DFO_4274_From_20150718_to_20150721,9/143/189,0,488.6302490234375,88.25161743164062,2.0,0.5879933619036719,21.0,1.0,,False
DFO_4274_From_20150718_to_20150721,9/143/189,0,536.6124267578125,89.17997741699219,2.0,1.022106417999893,42.0,0.0,,False
DFO_4274_From_20150718_to_20150721,9/143/189,0,659.4676513671875,88.39694213867188,1.0,2.1336244759715517,41.0,0.0,,False
DFO_4274_From_20150718_to_20150721,9/143/189,0,412.3542175292969,88.50804901123047,28.0,-0.10210497673615335,21.0,4.0,,False
DFO_4274_From_20150718_to_20150721,9/143/189,0,495.4139404296875,87.7823486328125,9.0,0.6493680044695742,81.0,0.0,,False
DFO_4274_From_20150718_to_20150721,9/143/189,0,436.8037109375,88.6773452758789,2.0,0.11909891197012332,90.0,0.0,,False
DFO_4274_From_20150718_to_20150721,9/143/189,0,397.53472900390625,79.54977416992188,20.0,-0.2361825396420006,90.0,0.0,,False
DFO_4274_From_20150718_to_20150721,9/143/189,0,400.9281311035156,88.615966796875,13.0,-0.20548113704664905,41.0,0.0,,False
DFO_4274_From_20150718_to_20150721,9/143/189,0,460.854736328125,88.94290924072266,1.0,0.33669770859773185,81.0,0.0,,False
DFO_4274_From_20150718_to_20150721,9/143/189,0,516.353271484375,88.78026580810547,1.0,0.8388141160463043,23.0,72.0,,False
DFO_4274_From_20150718_to_20150721,9/143/189,0,406.455322265625,87.95899963378906,2.0,-0.15547453125450827,41.0,0.0,,False
DFO_4274_From_20150718_to_20150721,9/143/189,0,483.5815734863281,89.15293884277344,1.0,0.5423160694142436,41.0,0.0,,False
DFO_4274_From_20150718_to_20150721,9/143/189,0,580.8038330078125,87.52349090576172,1.0,1.4219229191720244,41.0,0.0,,False
DFO_4274_From_20150718_to_20150721,9/143/189,0,458.4276123046875,88.82740783691406,1.0,0.3147385921697135,41.0,0.0,,False
DFO_4274_From_20150718_to_20150721,9/143/189,0,587.546630859375,88.65715026855469,1.0,1.48292758215721,41.0,0.0,,False
DFO_4274_From_20150718_to_20150721,9/143/189,0,514.1046142578125,88.90587615966797,1.0,0.8184696567735323,81.0,0.0,,False
DFO_4274_From_20150718_to_20150721,9/143/189,0,574.5391235351562,85.65924072265625,1.0,1.365243704031245,41.0,0.0,,False
DFO_4274_From_20150718_to_20150721,9/143/189,0,485.6651611328125,87.4509048461914,1.0,0.5611670812600786,81.0,0.0,,False
DFO_4274_From_20150718_to_20150721,9/143/189,0,461.79156494140625,89.21800231933594,1.0,0.34517355424611623,41.0,0.0,,False
DFO_4274_From_20150718_to_20150721,9/143/189,0,429.8183898925781,88.63650512695312,2.0,0.05590004918795694,41.0,0.0,,False
DFO_4274_From_20150718_to_20150721,9/143/189,0,470.6912536621094,88.28428649902344,1.0,0.42569243128077955,81.0,0.0,,False
DFO_4314_From_20151215_to_20160129,9/143/189,1,575.1532592773438,88.4968032836914,4.0,1.3708000242419456,41.0,0.0,,False
DFO_4314_From_20151215_to_20160129,9/143/189,1,522.699951171875,89.08673095703125,1.0,0.8962349469735049,43.0,0.0,,False
DFO_4314_From_20151215_to_20160129,9/143/189,1,499.3852844238281,88.31792449951172,6.0,0.6852982677362758,41.0,0.0,,False
DFO_4314_From_20151215_to_20160129,9/143/189,1,478.464599609375,84.92742156982422,13.0,0.4960208558041858,90.0,0.0,,False
DFO_4314_From_20151215_to_20160129,9/143/189,0,432.4588317871094,88.7348403930664,16.0,0.07978913372732477,81.0,0.0,,False
DFO_4314_From_20151215_to_20160129,9/143/189,0,560.1654663085938,88.75663757324219,1.0,1.2351997468677018,41.0,0.0,,False
DFO_4314_From_20151215_to_20160129,9/143/189,0,468.84332275390625,89.15265655517578,1.0,0.4089734957948645,43.0,0.0,,False
DFO_4314_From_20151215_to_20160129,9/143/189,0,414.27972412109375,88.88228607177734,7.0,-0.08468418446353582,41.0,0.0,,False
DFO_4314_From_20151215_to_20160129,9/143/189,0,438.63360595703125,88.8109359741211,2.0,0.1356546698946925,41.0,0.0,,False
DFO_4314_From_20151215_to_20160129,9/143/189,0,520.0792846679688,88.42521667480469,2.0,0.8725247779328716,41.0,0.0,,False
DFO_4314_From_20151215_to_20160129,9/143/189,0,672.2896728515625,88.69876098632812,1.0,2.2496301929843865,41.0,0.0,,False
DFO_4314_From_20151215_to_20160129,9/143/189,0,435.8328857421875,87.08606719970703,6.0,0.11031548628224776,81.0,0.0,,False
DFO_4314_From_20151215_to_20160129,9/143/189,0,458.4276123046875,88.82740783691406,1.0,0.3147385921697135,41.0,0.0,,False
DFO_4314_From_20151215_to_20160129,9/143/189,0,521.1859741210938,85.04643249511719,1.0,0.8825374193620531,41.0,0.0,,False
DFO_4314_From_20151215_to_20160129,9/143/189,0,395.8567199707031,85.09354400634766,23.0,-0.25136412713878914,81.0,0.0,,False
DFO_4314_From_20151215_to_20160129,9/143/189,0,488.85870361328125,87.13429260253906,4.0,0.5900602776807194,43.0,0.0,,False
DFO_4314_From_20151215_to_20160129,9/143/189,0,388.58087158203125,88.25425720214844,3.0,-0.3171915015690309,81.0,0.0,,False
DFO_4314_From_20151215_to_20160129,9/143/189,0,482.26116943359375,88.89435577392578,1.0,0.5303698705195714,81.0,0.0,,False
DFO_4314_From_20151215_to_20160129,9/143/189,0,397.53472900390625,79.54977416992188,20.0,-0.2361825396420006,90.0,0.0,,False
DFO_4314_From_20151215_to_20160129,9/143/189,0,502.5341796875,88.20421600341797,1.0,0.7137875237639403,81.0,0.0,,False
DFO_4314_From_20151215_to_20160129,9/143/189,0,574.28125,88.63336181640625,1.0,1.3629106238394133,41.0,0.0,,False
DFO_4314_From_20151215_to_20160129,9/143/189,0,470.7464294433594,87.81754302978516,1.0,0.42619162761058216,41.0,0.0,,False
DFO_4314_From_20151215_to_20160129,9/143/189,0,559.9534301757812,88.92732238769531,1.0,1.2332813751312703,41.0,0.0,,False
DFO_4314_From_20151215_to_20160129,9/143/189,0,437.375,89.09587097167969,3.0,0.12426758193356575,41.0,0.0,,False
DFO_4314_From_20151215_to_20160129,9/143/189,0,464.5655517578125,89.25718688964844,2.0,0.37027087061027164,43.0,0.0,,False
DFO_4314_From_20151215_to_20160129,9/143/189,0,478.50897216796875,88.18611145019531,1.0,0.49642231125967967,81.0,0.0,,False
DFO_4314_From_20151215_to_20160129,9/143/189,0,466.97186279296875,89.41515350341797,2.0,0.3920416839979552,43.0,0.0,,False
DFO_4314_From_20151215_to_20160129,9/143/189,0,408.1291809082031,86.56781768798828,5.0,-0.14033049392412078,41.0,0.0,,False
DFO_4314_From_20151215_to_20160129,9/143/189,0,489.77459716796875,88.45122528076172,1.0,0.5983467158721102,81.0,0.0,,False
DFO_2167_From_20030222_to_20030317,9/143/190,1,516.8273315429688,89.11012268066406,1.0,-0.016217889487710416,41.0,0.0,,False
DFO_2167_From_20030222_to_20030317,9/143/190,1,473.41741943359375,89.2062759399414,1.0,-0.7349751866316103,41.0,0.0,,False
DFO_2167_From_20030222_to_20030317,9/143/190,1,447.27349853515625,88.97471618652344,2.0,-1.1678517581012549,43.0,0.0,,False
DFO_2167_From_20030222_to_20030317,9/143/190,1,481.6851806640625,88.51121520996094,1.0,-0.5980821724170187,41.0,0.0,,False
DFO_2167_From_20030222_to_20030317,9/143/190,0,583.2438354492188,84.35813903808594,1.0,1.083469820386596,31.0,0.0,,False
DFO_2167_From_20030222_to_20030317,9/143/190,0,381.3253173828125,87.93995666503906,8.0,-2.259785239034933,22.0,39.0,,False
DFO_2167_From_20030222_to_20030317,9/143/190,0,556.21630859375,87.39852142333984,1.0,0.6359629905599236,21.0,6.0,,False
DFO_2167_From_20030222_to_20030317,9/143/190,0,552.4676513671875,88.73500061035156,1.0,0.5738947990995423,41.0,0.0,,False
DFO_2167_From_20030222_to_20030317,9/143/190,0,578.2842407226562,88.65176391601562,1.0,1.0013515960600523,41.0,0.0,,False
DFO_2167_From_20030222_to_20030317,9/143/190,0,504.1546936035156,87.81885528564453,1.0,-0.22604441413246879,21.0,2.0,,False
DFO_2167_From_20030222_to_20030317,9/143/190,0,503.4983825683594,89.14187622070312,1.0,-0.2369112489817553,41.0,0.0,,False
DFO_2167_From_20030222_to_20030317,9/143/190,0,525.16015625,88.64851379394531,1.0,0.12175240975890379,41.0,0.0,,False
DFO_2167_From_20030222_to_20030317,9/143/190,0,535.7843627929688,76.15951538085938,12.0,0.2976621411557937,43.0,0.0,,False
DFO_2167_From_20030222_to_20030317,9/143/190,0,588.8278198242188,87.68323516845703,7.0,1.1759263429097546,41.0,0.0,,False
DFO_2167_From_20030222_to_20030317,9/143/190,0,616.9514770507812,88.53239440917969,1.0,1.6415822927083732,41.0,0.0,,False
DFO_2167_From_20030222_to_20030317,9/143/190,0,498.6785888671875,88.92755889892578,1.0,-0.3167147253103179,41.0,0.0,,False
DFO_2167_From_20030222_to_20030317,9/143/190,0,516.7132568359375,88.05582427978516,12.0,-0.018106675345918966,41.0,0.0,,False
DFO_2167_From_20030222_to_20030317,9/143/190,0,434.2964782714844,89.0569839477539,2.0,-1.3827180767935712,43.0,0.0,,False
DFO_2167_From_20030222_to_20030317,9/143/190,0,511.65985107421875,89.09004211425781,5.0,-0.10177817086778986,41.0,0.0,,False
DFO_2167_From_20030222_to_20030317,9/143/190,0,466.7557067871094,88.93022918701172,3.0,-0.8452761373470201,42.0,0.0,,False
DFO_2167_From_20030222_to_20030317,9/143/190,0,610.616455078125,88.32142639160156,1.0,1.5366905053455913,41.0,0.0,,False
DFO_2167_From_20030222_to_20030317,9/143/190,0,600.8492431640625,87.180419921875,2.0,1.374970416664114,41.0,0.0,,False
DFO_2167_From_20030222_to_20030317,9/143/190,0,472.4443664550781,87.83126068115234,3.0,-0.7510864592610857,41.0,0.0,,False
DFO_2167_From_20030222_to_20030317,9/143/190,0,523.0581665039062,88.04258728027344,1.0,0.0869488270029679,41.0,0.0,,False
DFO_2167_From_20030222_to_20030317,9/143/190,0,588.1838989257812,88.32219696044922,1.0,1.1652646570862661,41.0,0.0,,False
DFO_2167_From_20030222_to_20030317,9/143/190,0,559.136962890625,87.9156723022461,1.0,0.6843215678135327,41.0,0.0,,False
DFO_2167_From_20030222_to_20030317,9/143/190,0,451.6552429199219,81.3450927734375,8.0,-1.0953012598916665,43.0,0.0,,False
DFO_2167_From_20030222_to_20030317,9/143/190,0,619.1045532226562,87.29383087158203,1.0,1.6772317362258504,41.0,0.0,,False
DFO_2167_From_20030222_to_20030317,9/143/190,0,570.38525390625,88.77359771728516,1.0,0.8705645444753677,41.0,0.0,,False
DFO_2253_From_20030613_to_20030619,9/143/190,1,480.69677734375,89.05878448486328,6.0,-0.6144476075094902,41.0,0.0,,False
DFO_2253_From_20030613_to_20030619,9/143/190,1,512.4191284179688,89.30892944335938,1.0,-0.08920647687307913,43.0,0.0,,False
DFO_2253_From_20030613_to_20030619,9/143/190,1,529.5299682617188,89.34980773925781,1.0,0.1941053383401991,11.0,0.0,,False
DFO_2253_From_20030613_to_20030619,9/143/190,0,583.2438354492188,84.35813903808594,1.0,1.083469820386596,31.0,0.0,,False
DFO_2253_From_20030613_to_20030619,9/143/190,0,381.3253173828125,87.93995666503906,8.0,-2.259785239034933,22.0,39.0,,False
DFO_2253_From_20030613_to_20030619,9/143/190,0,503.9344177246094,87.45028686523438,4.0,-0.22969162021180248,43.0,0.0,,False
DFO_2253_From_20030613_to_20030619,9/143/190,0,552.4676513671875,88.73500061035156,1.0,0.5738947990995423,41.0,0.0,,False
DFO_2253_From_20030613_to_20030619,9/143/190,0,594.734375,88.74937438964844,1.0,1.2737238142079974,42.0,0.0,,False
DFO_2253_From_20030613_to_20030619,9/143/190,0,504.1546936035156,87.81885528564453,1.0,-0.22604441413246879,21.0,2.0,,False
DFO_2253_From_20030613_to_20030619,9/143/190,0,555.3426513671875,88.89112091064453,1.0,0.6214974577753344,41.0,0.0,,False
DFO_2253_From_20030613_to_20030619,9/143/190,0,525.16015625,88.64851379394531,1.0,0.12175240975890379,41.0,0.0,,False
DFO_2253_From_20030613_to_20030619,9/143/190,0,535.7843627929688,76.15951538085938,12.0,0.2976621411557937,43.0,0.0,,False
DFO_2253_From_20030613_to_20030619,9/143/190,0,437.63446044921875,88.5589599609375,7.0,-1.3274496154813742,42.0,0.0,,False
DFO_2253_From_20030613_to_20030619,9/143/190,0,426.2289733886719,88.60270690917969,16.0,-1.5162953572463747,43.0,0.0,,False
DFO_2253_From_20030613_to_20030619,9/143/190,0,498.6785888671875,88.92755889892578,1.0,-0.3167147253103179,41.0,0.0,,False
DFO_2253_From_20030613_to_20030619,9/143/190,0,507.13433837890625,88.16178131103516,2.0,-0.17670910518706806,90.0,0.0,,False
DFO_2253_From_20030613_to_20030619,9/143/190,0,379.79595947265625,88.14189147949219,7.0,-2.285107500805469,41.0,0.0,,False
DFO_2253_From_20030613_to_20030619,9/143/190,0,542.0995483398438,89.00730895996094,1.0,0.4022254879600323,41.0,0.0,,False
DFO_2253_From_20030613_to_20030619,9/143/190,0,487.01690673828125,87.27281951904297,4.0,-0.5098024032121992,21.0,1.0,,False
DFO_2253_From_20030613_to_20030619,9/143/190,0,610.616455078125,88.32142639160156,1.0,1.5366905053455913,41.0,0.0,,False
DFO_2253_From_20030613_to_20030619,9/143/190,0,600.8492431640625,87.180419921875,2.0,1.374970416664114,41.0,0.0,,False
DFO_2253_From_20030613_to_20030619,9/143/190,0,500.8752136230469,88.65179443359375,1.0,-0.28034422844354606,41.0,0.0,,False
DFO_2253_From_20030613_to_20030619,9/143/190,0,498.5670166015625,87.38961791992188,2.0,-0.3185620771288333,43.0,0.0,,False
DFO_2253_From_20030613_to_20030619,9/143/190,0,589.4019775390625,86.40094757080078,1.0,1.1854329285535041,41.0,0.0,,False
DFO_2253_From_20030613_to_20030619,9/143/190,0,559.136962890625,87.9156723022461,1.0,0.6843215678135327,41.0,0.0,,False
DFO_2253_From_20030613_to_20030619,9/143/190,0,451.6552429199219,81.3450927734375,8.0,-1.0953012598916665,43.0,0.0,,False
DFO_2253_From_20030613_to_20030619,9/143/190,0,627.8901977539062,88.62166595458984,1.0,1.8226995754842619,41.0,0.0,,False
DFO_2253_From_20030613_to_20030619,9/143/190,0,572.1747436523438,88.44624328613281,1.0,0.9001939252013261,43.0,0.0,,False
DFO_2342_From_20030901_to_20030909,9/143/190,1,512.4191284179688,89.30892944335938,1.0,-0.08920647687307913,43.0,0.0,,False
DFO_2342_From_20030901_to_20030909,9/143/190,1,529.5299682617188,89.34980773925781,1.0,0.1941053383401991,11.0,0.0,,False
DFO_2342_From_20030901_to_20030909,9/143/190,1,509.85540771484375,89.44963836669922,2.0,-0.13165514524557342,41.0,0.0,,False
DFO_2342_From_20030901_to_20030909,9/143/190,0,583.2438354492188,84.35813903808594,1.0,1.083469820386596,31.0,0.0,,False
DFO_2342_From_20030901_to_20030909,9/143/190,0,426.987060546875,88.89710998535156,1.0,-1.5037433696851765,22.0,44.0,,False
DFO_2342_From_20030901_to_20030909,9/143/190,0,546.6356811523438,88.0836181640625,1.0,0.47733226430142306,41.0,0.0,,False
DFO_2342_From_20030901_to_20030909,9/143/190,0,552.4676513671875,88.73500061035156,1.0,0.5738947990995423,41.0,0.0,,False
DFO_2342_From_20030901_to_20030909,9/143/190,0,618.5509643554688,85.70761108398438,1.0,1.668065718176652,43.0,0.0,,False
DFO_2342_From_20030901_to_20030909,9/143/190,0,504.1546936035156,87.81885528564453,1.0,-0.22604441413246879,21.0,2.0,,False
DFO_2342_From_20030901_to_20030909,9/143/190,0,555.3426513671875,88.89112091064453,1.0,0.6214974577753344,41.0,0.0,,False
DFO_2342_From_20030901_to_20030909,9/143/190,0,525.16015625,88.64851379394531,1.0,0.12175240975890379,41.0,0.0,,False
DFO_2342_From_20030901_to_20030909,9/143/190,0,535.7843627929688,76.15951538085938,12.0,0.2976621411557937,43.0,0.0,,False
DFO_2342_From_20030901_to_20030909,9/143/190,0,638.5225830078125,88.05248260498047,1.0,1.9987447254499051,41.0,0.0,,False
DFO_2342_From_20030901_to_20030909,9/143/190,0,511.65985107421875,89.09004211425781,5.0,-0.10177817086778986,41.0,0.0,,False
DFO_2342_From_20030901_to_20030909,9/143/190,0,503.2518005371094,88.755615234375,2.0,-0.24099401777103435,41.0,0.0,,False
DFO_2342_From_20030901_to_20030909,9/143/190,0,507.13433837890625,88.16178131103516,2.0,-0.17670910518706806,90.0,0.0,,False
DFO_2342_From_20030901_to_20030909,9/143/190,0,379.79595947265625,88.14189147949219,7.0,-2.285107500805469,41.0,0.0,,False
DFO_2342_From_20030901_to_20030909,9/143/190,0,483.07220458984375,88.61053466796875,6.0,-0.5751165979773241,41.0,0.0,,False
DFO_2342_From_20030901_to_20030909,9/143/190,0,487.01690673828125,87.27281951904297,4.0,-0.5098024032121992,21.0,1.0,,False
DFO_2342_From_20030901_to_20030909,9/143/190,0,565.832763671875,88.3685073852539,1.0,0.7951869309964703,41.0,0.0,,False
DFO_2342_From_20030901_to_20030909,9/143/190,0,600.8492431640625,87.180419921875,2.0,1.374970416664114,41.0,0.0,,False
DFO_2342_From_20030901_to_20030909,9/143/190,0,546.0490112304688,88.99562072753906,1.0,0.46761850845920766,43.0,0.0,,False
DFO_2342_From_20030901_to_20030909,9/143/190,0,498.5670166015625,87.38961791992188,2.0,-0.3185620771288333,43.0,0.0,,False
DFO_2342_From_20030901_to_20030909,9/143/190,0,589.4019775390625,86.40094757080078,1.0,1.1854329285535041,41.0,0.0,,False
DFO_2342_From_20030901_to_20030909,9/143/190,0,559.136962890625,87.9156723022461,1.0,0.6843215678135327,41.0,0.0,,False
DFO_2342_From_20030901_to_20030909,9/143/190,0,451.6552429199219,81.3450927734375,8.0,-1.0953012598916665,43.0,0.0,,False
DFO_2342_From_20030901_to_20030909,9/143/190,0,621.0662231445312,88.4550552368164,1.0,1.7097119809999664,43.0,0.0,,False
DFO_2342_From_20030901_to_20030909,9/143/190,0,572.1747436523438,88.44624328613281,1.0,0.9001939252013261,43.0,0.0,,False
DFO_2412_From_20040104_to_20040116,9/143/190,1,516.8273315429688,89.11012268066406,1.0,-0.016217889487710416,41.0,0.0,,False
DFO_2412_From_20040104_to_20040116,9/143/190,1,421.10498046875,88.16316986083984,11.0,-1.6011355958634932,43.0,0.0,,False
DFO_2412_From_20040104_to_20040116,9/143/190,0,589.581787109375,84.81971740722656,1.0,1.188410115893409,41.0,0.0,,False
DFO_2412_From_20040104_to_20040116,9/143/190,0,426.987060546875,88.89710998535156,1.0,-1.5037433696851765,22.0,44.0,,False
DFO_2412_From_20040104_to_20040116,9/143/190,0,546.6356811523438,88.0836181640625,1.0,0.47733226430142306,41.0,0.0,,False
DFO_2412_From_20040104_to_20040116,9/143/190,0,483.5670166015625,88.48651123046875,2.0,-0.5669237745677486,43.0,0.0,,False
DFO_2412_From_20040104_to_20040116,9/143/190,0,601.8479614257812,87.57157135009766,1.0,1.391506640847028,41.0,0.0,,False
DFO_2412_From_20040104_to_20040116,9/143/190,0,476.4212951660156,87.6353759765625,2.0,-0.6852386749116195,42.0,0.0,,False
DFO_2412_From_20040104_to_20040116,9/143/190,0,571.3207397460938,88.23700714111328,1.0,0.8860538012162785,52.0,0.0,,False
DFO_2412_From_20040104_to_20040116,9/143/190,0,548.184326171875,87.60173034667969,1.0,0.5029738713534966,41.0,0.0,,False
DFO_2412_From_20040104_to_20040116,9/143/190,0,535.7843627929688,76.15951538085938,12.0,0.2976621411557937,43.0,0.0,,False
DFO_2412_From_20040104_to_20040116,9/143/190,0,638.5225830078125,88.05248260498047,1.0,1.9987447254499051,41.0,0.0,,False
DFO_2412_From_20040104_to_20040116,9/143/190,0,578.6674194335938,89.13674926757812,2.0,1.0076960570647786,43.0,0.0,,False
DFO_2412_From_20040104_to_20040116,9/143/190,0,471.7486572265625,89.38520050048828,2.0,-0.7626056275889563,41.0,0.0,,False
DFO_2412_From_20040104_to_20040116,9/143/190,0,577.7003784179688,87.89228057861328,1.0,0.9916843271892,41.0,0.0,,False
DFO_2412_From_20040104_to_20040116,9/143/190,0,434.2964782714844,89.0569839477539,2.0,-1.3827180767935712,43.0,0.0,,False
DFO_2412_From_20040104_to_20040116,9/143/190,0,483.07220458984375,88.61053466796875,6.0,-0.5751165979773241,41.0,0.0,,False
DFO_2412_From_20040104_to_20040116,9/143/190,0,466.7557067871094,88.93022918701172,3.0,-0.8452761373470201,42.0,0.0,,False
DFO_2412_From_20040104_to_20040116,9/143/190,0,472.1291809082031,88.91978454589844,4.0,-0.7563051270897583,41.0,0.0,,False
DFO_2412_From_20040104_to_20040116,9/143/190,0,600.8492431640625,87.180419921875,2.0,1.374970416664114,41.0,0.0,,False
DFO_2412_From_20040104_to_20040116,9/143/190,0,467.0067443847656,89.27478790283203,3.0,-0.8411195957553605,41.0,0.0,,False
DFO_2412_From_20040104_to_20040116,9/143/190,0,556.114013671875,87.4026107788086,1.0,0.6342692478641732,42.0,0.0,,False
DFO_2412_From_20040104_to_20040116,9/143/190,0,589.4019775390625,86.40094757080078,1.0,1.1854329285535041,41.0,0.0,,False
DFO_2412_From_20040104_to_20040116,9/143/190,0,559.136962890625,87.9156723022461,1.0,0.6843215678135327,41.0,0.0,,False
DFO_2412_From_20040104_to_20040116,9/143/190,0,454.7030334472656,86.1737289428711,5.0,-1.044837631304377,41.0,0.0,,False
DFO_2412_From_20040104_to_20040116,9/143/190,0,621.0662231445312,88.4550552368164,1.0,1.7097119809999664,43.0,0.0,,False
DFO_2412_From_20040104_to_20040116,9/143/190,0,567.6748657226562,88.60977172851562,1.0,0.8256874371423195,41.0,0.0,,False
DFO_2597_From_20041207_to_20041220,9/143/190,1,566.1349487304688,89.10585021972656,1.0,0.8001903439360051,43.0,0.0,,False
DFO_2597_From_20041207_to_20041220,9/143/190,1,552.6904296875,88.39588165283203,5.0,0.5775834392185691,41.0,0.0,,False
DFO_2597_From_20041207_to_20041220,9/143/190,1,413.80328369140625,87.15620422363281,46.0,-1.72203304958385,43.0,0.0,,False
DFO_2597_From_20041207_to_20041220,9/143/190,1,489.9499206542969,88.65081024169922,7.0,-0.46123918222595917,41.0,0.0,,False
DFO_2597_From_20041207_to_20041220,9/143/190,1,482.0353698730469,89.41309356689453,4.0,-0.5922839333258086,41.0,0.0,,False
DFO_2597_From_20041207_to_20041220,9/143/190,0,571.143310546875,87.28848266601562,3.0,0.8831160267433988,41.0,0.0,,False
DFO_2597_From_20041207_to_20041220,9/143/190,0,426.29736328125,89.22250366210938,2.0,-1.51516299525915,21.0,19.0,,False
DFO_2597_From_20041207_to_20041220,9/143/190,0,546.6356811523438,88.0836181640625,1.0,0.47733226430142306,41.0,0.0,,False
DFO_2597_From_20041207_to_20041220,9/143/190,0,483.5670166015625,88.48651123046875,2.0,-0.5669237745677486,43.0,0.0,,False
DFO_2597_From_20041207_to_20041220,9/143/190,0,578.2842407226562,88.65176391601562,1.0,1.0013515960600523,41.0,0.0,,False
DFO_2597_From_20041207_to_20041220,9/143/190,0,476.4212951660156,87.6353759765625,2.0,-0.6852386749116195,42.0,0.0,,False
DFO_2597_From_20041207_to_20041220,9/143/190,0,436.3476257324219,88.83010864257812,23.0,-1.3487563124538406,43.0,0.0,,False
DFO_2597_From_20041207_to_20041220,9/143/190,0,525.16015625,88.64851379394531,1.0,0.12175240975890379,41.0,0.0,,False
DFO_2597_From_20041207_to_20041220,9/143/190,0,535.7843627929688,76.15951538085938,12.0,0.2976621411557937,43.0,0.0,,False
DFO_2597_From_20041207_to_20041220,9/143/190,0,588.8278198242188,87.68323516845703,7.0,1.1759263429097546,41.0,0.0,,False
DFO_2597_From_20041207_to_20041220,9/143/190,0,616.9514770507812,88.53239440917969,1.0,1.6415822927083732,41.0,0.0,,False
DFO_2597_From_20041207_to_20041220,9/143/190,0,526.9783325195312,89.0147476196289,1.0,0.15185676606183285,21.0,1.0,,False
DFO_2597_From_20041207_to_20041220,9/143/190,0,497.7987365722656,87.36615753173828,1.0,-0.33128283260780605,43.0,0.0,,False
DFO_2597_From_20041207_to_20041220,9/143/190,0,434.2964782714844,89.0569839477539,2.0,-1.3827180767935712,43.0,0.0,,False
DFO_2597_From_20041207_to_20041220,9/143/190,0,511.65985107421875,89.09004211425781,5.0,-0.10177817086778986,41.0,0.0,,False
DFO_2597_From_20041207_to_20041220,9/143/190,0,466.7557067871094,88.93022918701172,3.0,-0.8452761373470201,42.0,0.0,,False
DFO_2597_From_20041207_to_20041220,9/143/190,0,631.763427734375,81.99247741699219,1.0,1.8868303736522962,43.0,0.0,,False
DFO_2597_From_20041207_to_20041220,9/143/190,0,600.8492431640625,87.180419921875,2.0,1.374970416664114,41.0,0.0,,False
DFO_2597_From_20041207_to_20041220,9/143/190,0,386.4318542480469,85.00666046142578,11.0,-2.1752340281093328,43.0,0.0,,False
DFO_2597_From_20041207_to_20041220,9/143/190,0,472.8678894042969,86.20181274414062,3.0,-0.7440740006895988,41.0,0.0,,False
DFO_2597_From_20041207_to_20041220,9/143/190,0,588.1838989257812,88.32219696044922,1.0,1.1652646570862661,41.0,0.0,,False
DFO_2597_From_20041207_to_20041220,9/143/190,0,559.136962890625,87.9156723022461,1.0,0.6843215678135327,41.0,0.0,,False
DFO_2597_From_20041207_to_20041220,9/143/190,0,451.6552429199219,81.3450927734375,8.0,-1.0953012598916665,43.0,0.0,,False
DFO_2597_From_20041207_to_20041220,9/143/190,0,619.1045532226562,87.29383087158203,1.0,1.6772317362258504,41.0,0.0,,False
DFO_2597_From_20041207_to_20041220,9/143/190,0,608.4622802734375,86.16526794433594,1.0,1.5010228712741025,43.0,0.0,,False
DFO_2606_From_20050105_to_20050201,9/143/190,1,516.8273315429688,89.11012268066406,1.0,-0.016217889487710416,41.0,0.0,,False
DFO_2606_From_20050105_to_20050201,9/143/190,1,567.5985717773438,88.98974609375,1.0,0.8244242042248446,41.0,0.0,,False
DFO_2606_From_20050105_to_20050201,9/143/190,1,372.8616638183594,87.62096405029297,17.0,-2.3999217300884332,23.0,73.0,,False
DFO_2606_From_20050105_to_20050201,9/143/190,1,473.41741943359375,89.2062759399414,1.0,-0.7349751866316103,41.0,0.0,,False
DFO_2606_From_20050105_to_20050201,9/143/190,1,518.6616821289062,88.28015899658203,1.0,0.014154272193723337,41.0,0.0,,False
DFO_2606_From_20050105_to_20050201,9/143/190,1,482.6121826171875,89.0142593383789,1.0,-0.582733387176531,41.0,0.0,,False
DFO_2606_From_20050105_to_20050201,9/143/190,1,489.1411437988281,88.7152099609375,1.0,-0.4746304617375276,41.0,0.0,,False
DFO_2606_From_20050105_to_20050201,9/143/190,1,506.3112487792969,88.77896118164062,1.0,-0.19033736719395483,41.0,0.0,,False
DFO_2606_From_20050105_to_20050201,9/143/190,1,461.7532653808594,88.81583404541016,4.0,-0.9281037932800178,11.0,0.0,,False
DFO_2606_From_20050105_to_20050201,9/143/190,1,447.7840881347656,88.76212310791016,2.0,-1.1593976981243455,41.0,0.0,,False
DFO_2606_From_20050105_to_20050201,9/143/190,1,525.6202392578125,88.10257720947266,1.0,0.12937020954444473,43.0,0.0,,False
DFO_2606_From_20050105_to_20050201,9/143/190,0,583.2438354492188,84.35813903808594,1.0,1.083469820386596,31.0,0.0,,False
DFO_2606_From_20050105_to_20050201,9/143/190,0,387.761962890625,86.97998809814453,13.0,-2.1532108254260742,43.0,0.0,,False
DFO_2606_From_20050105_to_20050201,9/143/190,0,649.230712890625,87.10601043701172,1.0,2.1760440130560177,43.0,0.0,,False
DFO_2606_From_20050105_to_20050201,9/143/190,0,552.4676513671875,88.73500061035156,1.0,0.5738947990995423,41.0,0.0,,False
DFO_2606_From_20050105_to_20050201,9/143/190,0,416.0299987792969,88.69538116455078,18.0,-1.6851643336544262,41.0,0.0,,False
DFO_2606_From_20050105_to_20050201,9/143/190,0,504.1546936035156,87.81885528564453,1.0,-0.22604441413246879,21.0,2.0,,False
DFO_2606_From_20050105_to_20050201,9/143/190,0,555.3426513671875,88.89112091064453,1.0,0.6214974577753344,41.0,0.0,,False
DFO_2606_From_20050105_to_20050201,9/143/190,0,525.16015625,88.64851379394531,1.0,0.12175240975890379,41.0,0.0,,False
DFO_2606_From_20050105_to_20050201,9/143/190,0,563.7066040039062,86.73340606689453,1.0,0.7599831560522784,43.0,0.0,,False
DFO_2606_From_20050105_to_20050201,9/143/190,0,527.1317749023438,88.13790893554688,13.0,0.15439738010545848,43.0,0.0,,False
DFO_2606_From_20050105_to_20050201,9/143/190,0,565.7882690429688,88.3180923461914,2.0,0.7944502135589989,41.0,0.0,,False
DFO_2606_From_20050105_to_20050201,9/143/190,0,471.7486572265625,89.38520050048828,2.0,-0.7626056275889563,41.0,0.0,,False
DFO_2606_From_20050105_to_20050201,9/143/190,0,577.7003784179688,87.89228057861328,1.0,0.9916843271892,41.0,0.0,,False
DFO_2606_From_20050105_to_20050201,9/143/190,0,379.79595947265625,88.14189147949219,7.0,-2.285107500805469,41.0,0.0,,False
DFO_2606_From_20050105_to_20050201,9/143/190,0,578.6674194335938,89.13674926757812,2.0,1.0076960570647786,43.0,0.0,,False
DFO_2606_From_20050105_to_20050201,9/143/190,0,487.01690673828125,87.27281951904297,4.0,-0.5098024032121992,21.0,1.0,,False
DFO_2606_From_20050105_to_20050201,9/143/190,0,472.1291809082031,88.91978454589844,4.0,-0.7563051270897583,41.0,0.0,,False
DFO_2606_From_20050105_to_20050201,9/143/190,0,630.5906372070312,37.216033935546875,1.0,1.8674119572448713,43.0,0.0,,False
DFO_2606_From_20050105_to_20050201,9/143/190,0,467.0067443847656,89.27478790283203,3.0,-0.8411195957553605,41.0,0.0,,False
DFO_2606_From_20050105_to_20050201,9/143/190,0,545.6946411132812,88.23233032226562,1.0,0.46175104420412,41.0,0.0,,False
DFO_2606_From_20050105_to_20050201,9/143/190,0,588.1838989257812,88.32219696044922,1.0,1.1652646570862661,41.0,0.0,,False
DFO_2606_From_20050105_to_20050201,9/143/190,0,559.136962890625,87.9156723022461,1.0,0.6843215678135327,41.0,0.0,,False
DFO_2606_From_20050105_to_20050201,9/143/190,0,451.6552429199219,81.3450927734375,8.0,-1.0953012598916665,43.0,0.0,,False
DFO_2606_From_20050105_to_20050201,9/143/190,0,612.0050659179688,87.63491821289062,1.0,1.5596823550299692,41.0,0.0,,False
DFO_2606_From_20050105_to_20050201,9/143/190,0,567.6748657226562,88.60977172851562,1.0,0.8256874371423195,41.0,0.0,,False
DFO_2818_From_20060312_to_20060322,9/143/190,1,529.5299682617188,89.34980773925781,1.0,0.1941053383401991,11.0,0.0,,False
DFO_2818_From_20060312_to_20060322,9/143/190,0,589.581787109375,84.81971740722656,1.0,1.188410115893409,41.0,0.0,,False
DFO_2818_From_20060312_to_20060322,9/143/190,0,426.987060546875,88.89710998535156,1.0,-1.5037433696851765,22.0,44.0,,False
DFO_2818_From_20060312_to_20060322,9/143/190,0,546.6356811523438,88.0836181640625,1.0,0.47733226430142306,41.0,0.0,,False
DFO_2818_From_20060312_to_20060322,9/143/190,0,552.4676513671875,88.73500061035156,1.0,0.5738947990995423,41.0,0.0,,False
DFO_2818_From_20060312_to_20060322,9/143/190,0,601.8479614257812,87.57157135009766,1.0,1.391506640847028,41.0,0.0,,False
DFO_2818_From_20060312_to_20060322,9/143/190,0,504.1546936035156,87.81885528564453,1.0,-0.22604441413246879,21.0,2.0,,False
DFO_2818_From_20060312_to_20060322,9/143/190,0,555.3426513671875,88.89112091064453,1.0,0.6214974577753344,41.0,0.0,,False
DFO_2818_From_20060312_to_20060322,9/143/190,0,525.16015625,88.64851379394531,1.0,0.12175240975890379,41.0,0.0,,False
DFO_2818_From_20060312_to_20060322,9/143/190,0,563.7066040039062,86.73340606689453,1.0,0.7599831560522784,43.0,0.0,,False
DFO_2818_From_20060312_to_20060322,9/143/190,0,638.5225830078125,88.05248260498047,1.0,1.9987447254499051,41.0,0.0,,False
DFO_2818_From_20060312_to_20060322,9/143/190,0,578.6674194335938,89.13674926757812,2.0,1.0076960570647786,43.0,0.0,,False
DFO_2818_From_20060312_to_20060322,9/143/190,0,503.2518005371094,88.755615234375,2.0,-0.24099401777103435,41.0,0.0,,False
DFO_2818_From_20060312_to_20060322,9/143/190,0,516.7132568359375,88.05582427978516,12.0,-0.018106675345918966,41.0,0.0,,False
DFO_2818_From_20060312_to_20060322,9/143/190,0,379.79595947265625,88.14189147949219,7.0,-2.285107500805469,41.0,0.0,,False
DFO_2818_From_20060312_to_20060322,9/143/190,0,459.67193603515625,88.74571228027344,8.0,-0.9625652925619014,41.0,0.0,,False
DFO_2818_From_20060312_to_20060322,9/143/190,0,487.01690673828125,87.27281951904297,4.0,-0.5098024032121992,21.0,1.0,,False
DFO_2818_From_20060312_to_20060322,9/143/190,0,565.832763671875,88.3685073852539,1.0,0.7951869309964703,41.0,0.0,,False
DFO_2818_From_20060312_to_20060322,9/143/190,0,630.5906372070312,37.216033935546875,1.0,1.8674119572448713,43.0,0.0,,False
DFO_2818_From_20060312_to_20060322,9/143/190,0,546.0490112304688,88.99562072753906,1.0,0.46761850845920766,43.0,0.0,,False
DFO_2818_From_20060312_to_20060322,9/143/190,0,523.0581665039062,88.04258728027344,1.0,0.0869488270029679,41.0,0.0,,False
DFO_2818_From_20060312_to_20060322,9/143/190,0,589.4019775390625,86.40094757080078,1.0,1.1854329285535041,41.0,0.0,,False
DFO_2818_From_20060312_to_20060322,9/143/190,0,559.136962890625,87.9156723022461,1.0,0.6843215678135327,41.0,0.0,,False
DFO_2818_From_20060312_to_20060322,9/143/190,0,451.6552429199219,81.3450927734375,8.0,-1.0953012598916665,43.0,0.0,,False
DFO_2818_From_20060312_to_20060322,9/143/190,0,588.185791015625,88.63065338134766,1.0,1.1652959852626195,43.0,0.0,,False
DFO_2818_From_20060312_to_20060322,9/143/190,0,570.38525390625,88.77359771728516,1.0,0.8705645444753677,41.0,0.0,,False
DFO_2871_From_20060525_to_20060528,9/143/190,1,564.453125,89.05908966064453,1.0,0.7723436375031872,41.0,0.0,,False
DFO_2871_From_20060525_to_20060528,9/143/190,0,562.7971801757812,87.3932876586914,1.0,0.7449254196759769,41.0,0.0,,False
DFO_2871_From_20060525_to_20060528,9/143/190,0,426.987060546875,88.89710998535156,1.0,-1.5037433696851765,22.0,44.0,,False
DFO_2871_From_20060525_to_20060528,9/143/190,0,506.6610107421875,89.19762420654297,2.0,-0.18454620220708265,41.0,0.0,,False
DFO_2871_From_20060525_to_20060528,9/143/190,0,504.1546936035156,87.81885528564453,1.0,-0.22604441413246879,21.0,2.0,,False
DFO_2871_From_20060525_to_20060528,9/143/190,0,531.7662353515625,88.73612976074219,7.0,0.2311322110308909,43.0,0.0,,False
DFO_2871_From_20060525_to_20060528,9/143/190,0,522.4108276367188,88.39131164550781,1.0,0.07623054834477644,43.0,0.0,,False
DFO_2871_From_20060525_to_20060528,9/143/190,0,561.4417114257812,87.06813049316406,1.0,0.72248231837095,43.0,0.0,,False
DFO_2871_From_20060525_to_20060528,9/143/190,0,484.2361755371094,88.94828796386719,2.0,-0.5558442112951593,41.0,0.0,,False
DFO_2871_From_20060525_to_20060528,9/143/190,0,562.7628173828125,86.68144226074219,1.0,0.7443564595699462,41.0,0.0,,False
DFO_2871_From_20060525_to_20060528,9/143/190,0,594.6375732421875,87.85995483398438,2.0,1.2721210242823053,43.0,0.0,,False
DFO_2871_From_20060525_to_20060528,9/143/190,0,616.9514770507812,88.53239440917969,1.0,1.6415822927083732,41.0,0.0,,False
DFO_2871_From_20060525_to_20060528,9/143/190,0,518.3309326171875,88.89398956298828,1.0,0.008677904849885927,43.0,0.0,,False
DFO_2871_From_20060525_to_20060528,9/143/190,0,588.8157348632812,85.51190948486328,1.0,1.1757262468156267,41.0,0.0,,False
DFO_2871_From_20060525_to_20060528,9/143/190,0,462.8227844238281,87.81686401367188,1.0,-0.9103952889496869,41.0,0.0,,False
DFO_2871_From_20060525_to_20060528,9/143/190,0,511.65985107421875,89.09004211425781,5.0,-0.10177817086778986,41.0,0.0,,False
DFO_2871_From_20060525_to_20060528,9/143/190,0,565.6693115234375,88.32080841064453,1.0,0.792480580794072,43.0,0.0,,False
DFO_2871_From_20060525_to_20060528,9/143/190,0,549.1636352539062,88.8040771484375,1.0,0.519188729082205,41.0,0.0,,False
DFO_2871_From_20060525_to_20060528,9/143/190,0,601.9646606445312,87.4729995727539,1.0,1.3934388819175976,81.0,0.0,,False
DFO_2871_From_20060525_to_20060528,9/143/190,0,467.0067443847656,89.27478790283203,3.0,-0.8411195957553605,41.0,0.0,,False
DFO_2871_From_20060525_to_20060528,9/143/190,0,556.114013671875,87.4026107788086,1.0,0.6342692478641732,42.0,0.0,,False
DFO_2871_From_20060525_to_20060528,9/143/190,0,589.4019775390625,86.40094757080078,1.0,1.1854329285535041,41.0,0.0,,False
DFO_2871_From_20060525_to_20060528,9/143/190,0,559.136962890625,87.9156723022461,1.0,0.6843215678135327,41.0,0.0,,False
DFO_2871_From_20060525_to_20060528,9/143/190,0,452.06304931640625,87.59657287597656,1.0,-1.0885490273011793,43.0,0.0,,False
DFO_2871_From_20060525_to_20060528,9/143/190,0,612.0050659179688,87.63491821289062,1.0,1.5596823550299692,41.0,0.0,,False
DFO_2871_From_20060525_to_20060528,9/143/190,0,538.348876953125,88.68159484863281,1.0,0.3401239471506297,41.0,0.0,,False
DFO_3171_From_20070816_to_20070827,9/143/190,1,557.0479125976562,89.47431945800781,1.0,0.6497322293604005,41.0,0.0,,False
DFO_3171_From_20070816_to_20070827,9/143/190,0,568.8997192382812,85.8145523071289,1.0,0.8459678836926294,43.0,0.0,,False
DFO_3171_From_20070816_to_20070827,9/143/190,0,381.3253173828125,87.93995666503906,8.0,-2.259785239034933,22.0,39.0,,False
DFO_3171_From_20070816_to_20070827,9/143/190,0,556.21630859375,87.39852142333984,1.0,0.6359629905599236,21.0,6.0,,False
DFO_3171_From_20070816_to_20070827,9/143/190,0,504.1546936035156,87.81885528564453,1.0,-0.22604441413246879,21.0,2.0,,False
DFO_3171_From_20070816_to_20070827,9/143/190,0,578.2842407226562,88.65176391601562,1.0,1.0013515960600523,41.0,0.0,,False
DFO_3171_From_20070816_to_20070827,9/143/190,0,522.4108276367188,88.39131164550781,1.0,0.07623054834477644,43.0,0.0,,False
DFO_3171_From_20070816_to_20070827,9/143/190,0,540.1436157226562,85.38802337646484,4.0,0.36984023830131046,43.0,0.0,,False
DFO_3171_From_20070816_to_20070827,9/143/190,0,484.2361755371094,88.94828796386719,2.0,-0.5558442112951593,41.0,0.0,,False
DFO_3171_From_20070816_to_20070827,9/143/190,0,562.7628173828125,86.68144226074219,1.0,0.7443564595699462,41.0,0.0,,False
DFO_3171_From_20070816_to_20070827,9/143/190,0,635.3936767578125,87.52375793457031,1.0,1.9469380276247563,71.0,0.0,,False
DFO_3171_From_20070816_to_20070827,9/143/190,0,643.849609375,87.9508056640625,1.0,2.086946679507008,41.0,0.0,,False
DFO_3171_From_20070816_to_20070827,9/143/190,0,503.2518005371094,88.755615234375,2.0,-0.24099401777103435,41.0,0.0,,False
DFO_3171_From_20070816_to_20070827,9/143/190,0,577.7003784179688,87.89228057861328,1.0,0.9916843271892,41.0,0.0,,False
DFO_3171_From_20070816_to_20070827,9/143/190,0,462.8227844238281,87.81686401367188,1.0,-0.9103952889496869,41.0,0.0,,False
DFO_3171_From_20070816_to_20070827,9/143/190,0,512.9115600585938,89.2190170288086,2.0,-0.0810530663305288,43.0,0.0,,False
DFO_3171_From_20070816_to_20070827,9/143/190,0,565.6693115234375,88.32080841064453,1.0,0.792480580794072,43.0,0.0,,False
DFO_3171_From_20070816_to_20070827,9/143/190,0,565.832763671875,88.3685073852539,1.0,0.7951869309964703,41.0,0.0,,False
DFO_3171_From_20070816_to_20070827,9/143/190,0,601.9646606445312,87.4729995727539,1.0,1.3934388819175976,81.0,0.0,,False
DFO_3171_From_20070816_to_20070827,9/143/190,0,546.0490112304688,88.99562072753906,1.0,0.46761850845920766,43.0,0.0,,False
DFO_3171_From_20070816_to_20070827,9/143/190,0,545.6946411132812,88.23233032226562,1.0,0.46175104420412,41.0,0.0,,False
DFO_3171_From_20070816_to_20070827,9/143/190,0,589.4019775390625,86.40094757080078,1.0,1.1854329285535041,41.0,0.0,,False
DFO_3171_From_20070816_to_20070827,9/143/190,0,559.136962890625,87.9156723022461,1.0,0.6843215678135327,41.0,0.0,,False
DFO_3171_From_20070816_to_20070827,9/143/190,0,452.06304931640625,87.59657287597656,1.0,-1.0885490273011793,43.0,0.0,,False
DFO_3171_From_20070816_to_20070827,9/143/190,0,619.1045532226562,87.29383087158203,1.0,1.6772317362258504,41.0,0.0,,False
DFO_3171_From_20070816_to_20070827,9/143/190,0,567.6748657226562,88.60977172851562,1.0,0.8256874371423195,41.0,0.0,,False
DFO_3285_From_20080317_to_20080502,9/143/190,1,430.3726501464844,88.84564971923828,2.0,-1.447686651032475,95.0,0.0,,False
DFO_3285_From_20080317_to_20080502,9/143/190,1,482.0353698730469,89.41309356689453,4.0,-0.5922839333258086,41.0,0.0,,False
DFO_3285_From_20080317_to_20080502,9/143/190,0,583.2438354492188,84.35813903808594,1.0,1.083469820386596,31.0,0.0,,False
DFO_3285_From_20080317_to_20080502,9/143/190,0,372.8616638183594,87.62096405029297,17.0,-2.3999217300884332,23.0,73.0,,False
DFO_3285_From_20080317_to_20080502,9/143/190,0,546.6356811523438,88.0836181640625,1.0,0.47733226430142306,41.0,0.0,,False
DFO_3285_From_20080317_to_20080502,9/143/190,0,483.5670166015625,88.48651123046875,2.0,-0.5669237745677486,43.0,0.0,,False
DFO_3285_From_20080317_to_20080502,9/143/190,0,601.8479614257812,87.57157135009766,1.0,1.391506640847028,41.0,0.0,,False
DFO_3285_From_20080317_to_20080502,9/143/190,0,476.4212951660156,87.6353759765625,2.0,-0.6852386749116195,42.0,0.0,,False
DFO_3285_From_20080317_to_20080502,9/143/190,0,555.3426513671875,88.89112091064453,1.0,0.6214974577753344,41.0,0.0,,False
DFO_3285_From_20080317_to_20080502,9/143/190,0,548.184326171875,87.60173034667969,1.0,0.5029738713534966,41.0,0.0,,False
DFO_3285_From_20080317_to_20080502,9/143/190,0,535.7843627929688,76.15951538085938,12.0,0.2976621411557937,43.0,0.0,,False
DFO_3285_From_20080317_to_20080502,9/143/190,0,638.5225830078125,88.05248260498047,1.0,1.9987447254499051,41.0,0.0,,False
DFO_3285_From_20080317_to_20080502,9/143/190,0,578.6674194335938,89.13674926757812,2.0,1.0076960570647786,43.0,0.0,,False
DFO_3285_From_20080317_to_20080502,9/143/190,0,503.2518005371094,88.755615234375,2.0,-0.24099401777103435,41.0,0.0,,False
DFO_3285_From_20080317_to_20080502,9/143/190,0,537.216796875,88.69212341308594,4.0,0.3213795918279694,41.0,0.0,,False
DFO_3285_From_20080317_to_20080502,9/143/190,0,434.2964782714844,89.0569839477539,2.0,-1.3827180767935712,43.0,0.0,,False
DFO_3285_From_20080317_to_20080502,9/143/190,0,483.07220458984375,88.61053466796875,6.0,-0.5751165979773241,41.0,0.0,,False
DFO_3285_From_20080317_to_20080502,9/143/190,0,466.7557067871094,88.93022918701172,3.0,-0.8452761373470201,42.0,0.0,,False
DFO_3285_From_20080317_to_20080502,9/143/190,0,565.832763671875,88.3685073852539,1.0,0.7951869309964703,41.0,0.0,,False
DFO_3285_From_20080317_to_20080502,9/143/190,0,600.8492431640625,87.180419921875,2.0,1.374970416664114,41.0,0.0,,False
DFO_3285_From_20080317_to_20080502,9/143/190,0,500.8752136230469,88.65179443359375,1.0,-0.28034422844354606,41.0,0.0,,False
DFO_3285_From_20080317_to_20080502,9/143/190,0,523.0581665039062,88.04258728027344,1.0,0.0869488270029679,41.0,0.0,,False
DFO_3285_From_20080317_to_20080502,9/143/190,0,588.1838989257812,88.32219696044922,1.0,1.1652646570862661,41.0,0.0,,False
DFO_3285_From_20080317_to_20080502,9/143/190,0,559.136962890625,87.9156723022461,1.0,0.6843215678135327,41.0,0.0,,False
DFO_3285_From_20080317_to_20080502,9/143/190,0,454.7030334472656,86.1737289428711,5.0,-1.044837631304377,41.0,0.0,,False
DFO_3285_From_20080317_to_20080502,9/143/190,0,621.0662231445312,88.4550552368164,1.0,1.7097119809999664,43.0,0.0,,False
DFO_3285_From_20080317_to_20080502,9/143/190,0,532.9763793945312,87.01605987548828,5.0,0.2511691062747116,41.0,0.0,,False
DFO_3544_From_20090921_to_20090928,9/143/190,1,439.2313232421875,89.386962890625,2.0,-1.3010096452254565,43.0,0.0,,False
DFO_3544_From_20090921_to_20090928,9/143/190,1,479.7122497558594,86.20800018310547,1.0,-0.6307488703697539,11.0,0.0,,False
DFO_3544_From_20090921_to_20090928,9/143/190,0,534.6378784179688,87.95489501953125,4.0,0.2786792874583141,41.0,0.0,,False
DFO_3544_From_20090921_to_20090928,9/143/190,0,442.1168518066406,88.98345947265625,1.0,-1.2532326604070527,11.0,0.0,,False
DFO_3544_From_20090921_to_20090928,9/143/190,0,506.6610107421875,89.19762420654297,2.0,-0.18454620220708265,41.0,0.0,,False
DFO_3544_From_20090921_to_20090928,9/143/190,0,476.4212951660156,87.6353759765625,2.0,-0.6852386749116195,42.0,0.0,,False
DFO_3544_From_20090921_to_20090928,9/143/190,0,531.7662353515625,88.73612976074219,7.0,0.2311322110308909,43.0,0.0,,False
DFO_3544_From_20090921_to_20090928,9/143/190,0,522.4108276367188,88.39131164550781,1.0,0.07623054834477644,43.0,0.0,,False
DFO_3544_From_20090921_to_20090928,9/143/190,0,561.4417114257812,87.06813049316406,1.0,0.72248231837095,43.0,0.0,,False
DFO_3544_From_20090921_to_20090928,9/143/190,0,484.2361755371094,88.94828796386719,2.0,-0.5558442112951593,41.0,0.0,,False
DFO_3544_From_20090921_to_20090928,9/143/190,0,562.7628173828125,86.68144226074219,1.0,0.7443564595699462,41.0,0.0,,False
DFO_3544_From_20090921_to_20090928,9/143/190,0,588.8278198242188,87.68323516845703,7.0,1.1759263429097546,41.0,0.0,,False
DFO_3544_From_20090921_to_20090928,9/143/190,0,616.9514770507812,88.53239440917969,1.0,1.6415822927083732,41.0,0.0,,False
DFO_3544_From_20090921_to_20090928,9/143/190,0,386.4318542480469,85.00666046142578,11.0,-2.1752340281093328,43.0,0.0,,False
DFO_3544_From_20090921_to_20090928,9/143/190,0,553.6118774414062,89.05228424072266,3.0,0.5928402611026646,42.0,0.0,,False
DFO_3544_From_20090921_to_20090928,9/143/190,0,462.8227844238281,87.81686401367188,1.0,-0.9103952889496869,41.0,0.0,,False
DFO_3544_From_20090921_to_20090928,9/143/190,0,511.65985107421875,89.09004211425781,5.0,-0.10177817086778986,41.0,0.0,,False
DFO_3544_From_20090921_to_20090928,9/143/190,0,565.6693115234375,88.32080841064453,1.0,0.792480580794072,43.0,0.0,,False
DFO_3544_From_20090921_to_20090928,9/143/190,0,447.3388671875,88.48163604736328,24.0,-1.1667694201375622,11.0,0.0,,False
DFO_3544_From_20090921_to_20090928,9/143/190,0,601.9646606445312,87.4729995727539,1.0,1.3934388819175976,81.0,0.0,,False
DFO_3544_From_20090921_to_20090928,9/143/190,0,439.0740051269531,88.66825103759766,7.0,-1.3036144315012899,43.0,0.0,,False
DFO_3544_From_20090921_to_20090928,9/143/190,0,513.0504150390625,88.90115356445312,2.0,-0.0787539824207244,42.0,0.0,,False
DFO_3544_From_20090921_to_20090928,9/143/190,0,589.4019775390625,86.40094757080078,1.0,1.1854329285535041,41.0,0.0,,False
DFO_3544_From_20090921_to_20090928,9/143/190,0,559.136962890625,87.9156723022461,1.0,0.6843215678135327,41.0,0.0,,False
DFO_3544_From_20090921_to_20090928,9/143/190,0,452.06304931640625,87.59657287597656,1.0,-1.0885490273011793,43.0,0.0,,False
DFO_3544_From_20090921_to_20090928,9/143/190,0,619.1045532226562,87.29383087158203,1.0,1.6772317362258504,41.0,0.0,,False
DFO_3544_From_20090921_to_20090928,9/143/190,0,538.348876953125,88.68159484863281,1.0,0.3401239471506297,41.0,0.0,,False
DFO_3567_From_20091110_to_20091113,9/143/190,1,557.0479125976562,89.47431945800781,1.0,0.6497322293604005,41.0,0.0,,False
DFO_3567_From_20091110_to_20091113,9/143/190,1,528.7177124023438,89.21864318847656,1.0,0.18065645540759379,41.0,0.0,,False
DFO_3567_From_20091110_to_20091113,9/143/190,0,562.7971801757812,87.3932876586914,1.0,0.7449254196759769,41.0,0.0,,False
DFO_3567_From_20091110_to_20091113,9/143/190,0,426.987060546875,88.89710998535156,1.0,-1.5037433696851765,22.0,44.0,,False
DFO_3567_From_20091110_to_20091113,9/143/190,0,506.6610107421875,89.19762420654297,2.0,-0.18454620220708265,41.0,0.0,,False
DFO_3567_From_20091110_to_20091113,9/143/190,0,504.1546936035156,87.81885528564453,1.0,-0.22604441413246879,21.0,2.0,,False
DFO_3567_From_20091110_to_20091113,9/143/190,0,578.2842407226562,88.65176391601562,1.0,1.0013515960600523,41.0,0.0,,False
DFO_3567_From_20091110_to_20091113,9/143/190,0,535.2368774414062,88.75028991699219,1.0,0.28859718173999344,43.0,0.0,,False
DFO_3567_From_20091110_to_20091113,9/143/190,0,540.1436157226562,85.38802337646484,4.0,0.36984023830131046,43.0,0.0,,False
DFO_3567_From_20091110_to_20091113,9/143/190,0,484.2361755371094,88.94828796386719,2.0,-0.5558442112951593,41.0,0.0,,False
DFO_3567_From_20091110_to_20091113,9/143/190,0,551.2526245117188,87.73208618164062,1.0,0.5537770569490033,42.0,0.0,,False
DFO_3567_From_20091110_to_20091113,9/143/190,0,594.6375732421875,87.85995483398438,2.0,1.2721210242823053,43.0,0.0,,False
DFO_3567_From_20091110_to_20091113,9/143/190,0,565.7882690429688,88.3180923461914,2.0,0.7944502135589989,41.0,0.0,,False
DFO_3567_From_20091110_to_20091113,9/143/190,0,471.7486572265625,89.38520050048828,2.0,-0.7626056275889563,41.0,0.0,,False
DFO_3567_From_20091110_to_20091113,9/143/190,0,588.8157348632812,85.51190948486328,1.0,1.1757262468156267,41.0,0.0,,False
DFO_3567_From_20091110_to_20091113,9/143/190,0,462.8227844238281,87.81686401367188,1.0,-0.9103952889496869,41.0,0.0,,False
DFO_3567_From_20091110_to_20091113,9/143/190,0,578.6674194335938,89.13674926757812,2.0,1.0076960570647786,43.0,0.0,,False
DFO_3567_From_20091110_to_20091113,9/143/190,0,565.6693115234375,88.32080841064453,1.0,0.792480580794072,43.0,0.0,,False
DFO_3567_From_20091110_to_20091113,9/143/190,0,549.1636352539062,88.8040771484375,1.0,0.519188729082205,41.0,0.0,,False
DFO_3567_From_20091110_to_20091113,9/143/190,0,601.9646606445312,87.4729995727539,1.0,1.3934388819175976,81.0,0.0,,False
DFO_3567_From_20091110_to_20091113,9/143/190,0,467.0067443847656,89.27478790283203,3.0,-0.8411195957553605,41.0,0.0,,False
DFO_3567_From_20091110_to_20091113,9/143/190,0,556.114013671875,87.4026107788086,1.0,0.6342692478641732,42.0,0.0,,False
DFO_3567_From_20091110_to_20091113,9/143/190,0,589.4019775390625,86.40094757080078,1.0,1.1854329285535041,41.0,0.0,,False
DFO_3567_From_20091110_to_20091113,9/143/190,0,559.136962890625,87.9156723022461,1.0,0.6843215678135327,41.0,0.0,,False
DFO_3567_From_20091110_to_20091113,9/143/190,0,429.26129150390625,88.46540832519531,3.0,-1.4660879122947492,43.0,0.0,,False
DFO_3567_From_20091110_to_20091113,9/143/190,0,619.1045532226562,87.29383087158203,1.0,1.6772317362258504,41.0,0.0,,False
DFO_3567_From_20091110_to_20091113,9/143/190,0,538.348876953125,88.68159484863281,1.0,0.3401239471506297,41.0,0.0,,False
DFO_3625_From_20100310_to_20100324,9/143/190,1,557.0479125976562,89.47431945800781,1.0,0.6497322293604005,41.0,0.0,,False
DFO_3625_From_20100310_to_20100324,9/143/190,1,528.7177124023438,89.21864318847656,1.0,0.18065645540759379,41.0,0.0,,False
DFO_3625_From_20100310_to_20100324,9/143/190,0,589.581787109375,84.81971740722656,1.0,1.188410115893409,41.0,0.0,,False
DFO_3625_From_20100310_to_20100324,9/143/190,0,381.3253173828125,87.93995666503906,8.0,-2.259785239034933,22.0,39.0,,False
DFO_3625_From_20100310_to_20100324,9/143/190,0,556.21630859375,87.39852142333984,1.0,0.6359629905599236,21.0,6.0,,False
DFO_3625_From_20100310_to_20100324,9/143/190,0,476.4212951660156,87.6353759765625,2.0,-0.6852386749116195,42.0,0.0,,False
DFO_3625_From_20100310_to_20100324,9/143/190,0,578.2842407226562,88.65176391601562,1.0,1.0013515960600523,41.0,0.0,,False
DFO_3625_From_20100310_to_20100324,9/143/190,0,504.1546936035156,87.81885528564453,1.0,-0.22604441413246879,21.0,2.0,,False
DFO_3625_From_20100310_to_20100324,9/143/190,0,571.3207397460938,88.23700714111328,1.0,0.8860538012162785,52.0,0.0,,False
DFO_3625_From_20100310_to_20100324,9/143/190,0,525.16015625,88.64851379394531,1.0,0.12175240975890379,41.0,0.0,,False
DFO_3625_From_20100310_to_20100324,9/143/190,0,563.7066040039062,86.73340606689453,1.0,0.7599831560522784,43.0,0.0,,False
DFO_3625_From_20100310_to_20100324,9/143/190,0,635.3936767578125,87.52375793457031,1.0,1.9469380276247563,71.0,0.0,,False
DFO_3625_From_20100310_to_20100324,9/143/190,0,643.849609375,87.9508056640625,1.0,2.086946679507008,41.0,0.0,,False
DFO_3625_From_20100310_to_20100324,9/143/190,0,503.2518005371094,88.755615234375,2.0,-0.24099401777103435,41.0,0.0,,False
DFO_3625_From_20100310_to_20100324,9/143/190,0,537.216796875,88.69212341308594,4.0,0.3213795918279694,41.0,0.0,,False
DFO_3625_From_20100310_to_20100324,9/143/190,0,484.9013977050781,88.8320083618164,1.0,-0.5448298308411116,41.0,0.0,,False
DFO_3625_From_20100310_to_20100324,9/143/190,0,512.9115600585938,89.2190170288086,2.0,-0.0810530663305288,43.0,0.0,,False
DFO_3625_From_20100310_to_20100324,9/143/190,0,504.3739929199219,88.801513671875,3.0,-0.22241337743447878,41.0,0.0,,False
DFO_3625_From_20100310_to_20100324,9/143/190,0,565.832763671875,88.3685073852539,1.0,0.7951869309964703,41.0,0.0,,False
DFO_3625_From_20100310_to_20100324,9/143/190,0,630.5906372070312,37.216033935546875,1.0,1.8674119572448713,43.0,0.0,,False
DFO_3625_From_20100310_to_20100324,9/143/190,0,546.0490112304688,88.99562072753906,1.0,0.46761850845920766,43.0,0.0,,False
DFO_3625_From_20100310_to_20100324,9/143/190,0,523.0581665039062,88.04258728027344,1.0,0.0869488270029679,41.0,0.0,,False
DFO_3625_From_20100310_to_20100324,9/143/190,0,589.4019775390625,86.40094757080078,1.0,1.1854329285535041,41.0,0.0,,False
DFO_3625_From_20100310_to_20100324,9/143/190,0,559.136962890625,87.9156723022461,1.0,0.6843215678135327,41.0,0.0,,False
DFO_3625_From_20100310_to_20100324,9/143/190,0,451.6552429199219,81.3450927734375,8.0,-1.0953012598916665,43.0,0.0,,False
DFO_3625_From_20100310_to_20100324,9/143/190,0,619.1045532226562,87.29383087158203,1.0,1.6772317362258504,41.0,0.0,,False
DFO_3625_From_20100310_to_20100324,9/143/190,0,532.9763793945312,87.01605987548828,5.0,0.2511691062747116,41.0,0.0,,False
DFO_4115_From_20131222_to_20140104,9/143/190,1,480.69677734375,89.05878448486328,6.0,-0.6144476075094902,41.0,0.0,,False
DFO_4115_From_20131222_to_20140104,9/143/190,1,499.6766052246094,89.06391143798828,7.0,-0.30019012287024455,43.0,0.0,,False
DFO_4115_From_20131222_to_20140104,9/143/190,1,442.1539001464844,85.67982482910156,14.0,-1.252619234502327,42.0,0.0,,False
DFO_4115_From_20131222_to_20140104,9/143/190,1,449.76300048828125,88.68750762939453,4.0,-1.12663196271088,41.0,0.0,,False
DFO_4115_From_20131222_to_20140104,9/143/190,1,417.751220703125,88.48606872558594,6.0,-1.6566652937430242,43.0,0.0,,False
DFO_4115_From_20131222_to_20140104,9/143/190,1,374.9047546386719,88.55328369140625,30.0,-2.3660933631447882,43.0,0.0,,False
DFO_4115_From_20131222_to_20140104,9/143/190,1,387.4562072753906,86.52172088623047,10.0,-2.158273357666147,43.0,0.0,,False
DFO_4115_From_20131222_to_20140104,9/143/190,0,583.2438354492188,84.35813903808594,1.0,1.083469820386596,31.0,0.0,,False
DFO_4115_From_20131222_to_20140104,9/143/190,0,442.1168518066406,88.98345947265625,1.0,-1.2532326604070527,11.0,0.0,,False
DFO_4115_From_20131222_to_20140104,9/143/190,0,546.6356811523438,88.0836181640625,1.0,0.47733226430142306,41.0,0.0,,False
DFO_4115_From_20131222_to_20140104,9/143/190,0,552.4676513671875,88.73500061035156,1.0,0.5738947990995423,41.0,0.0,,False
DFO_4115_From_20131222_to_20140104,9/143/190,0,601.8479614257812,87.57157135009766,1.0,1.391506640847028,41.0,0.0,,False
DFO_4115_From_20131222_to_20140104,9/143/190,0,504.1546936035156,87.81885528564453,1.0,-0.22604441413246879,21.0,2.0,,False
DFO_4115_From_20131222_to_20140104,9/143/190,0,555.3426513671875,88.89112091064453,1.0,0.6214974577753344,41.0,0.0,,False
DFO_4115_From_20131222_to_20140104,9/143/190,0,548.184326171875,87.60173034667969,1.0,0.5029738713534966,41.0,0.0,,False
DFO_4115_From_20131222_to_20140104,9/143/190,0,563.7066040039062,86.73340606689453,1.0,0.7599831560522784,43.0,0.0,,False
DFO_4115_From_20131222_to_20140104,9/143/190,0,638.5225830078125,88.05248260498047,1.0,1.9987447254499051,41.0,0.0,,False
DFO_4115_From_20131222_to_20140104,9/143/190,0,578.6674194335938,89.13674926757812,2.0,1.0076960570647786,43.0,0.0,,False
DFO_4115_From_20131222_to_20140104,9/143/190,0,498.6785888671875,88.92755889892578,1.0,-0.3167147253103179,41.0,0.0,,False
DFO_4115_From_20131222_to_20140104,9/143/190,0,507.13433837890625,88.16178131103516,2.0,-0.17670910518706806,90.0,0.0,,False
DFO_4115_From_20131222_to_20140104,9/143/190,0,379.79595947265625,88.14189147949219,7.0,-2.285107500805469,41.0,0.0,,False
DFO_4115_From_20131222_to_20140104,9/143/190,0,459.67193603515625,88.74571228027344,8.0,-0.9625652925619014,41.0,0.0,,False
DFO_4115_From_20131222_to_20140104,9/143/190,0,487.01690673828125,87.27281951904297,4.0,-0.5098024032121992,21.0,1.0,,False
DFO_4115_From_20131222_to_20140104,9/143/190,0,610.616455078125,88.32142639160156,1.0,1.5366905053455913,41.0,0.0,,False
DFO_4115_From_20131222_to_20140104,9/143/190,0,600.8492431640625,87.180419921875,2.0,1.374970416664114,41.0,0.0,,False
DFO_4115_From_20131222_to_20140104,9/143/190,0,467.0067443847656,89.27478790283203,3.0,-0.8411195957553605,41.0,0.0,,False
DFO_4115_From_20131222_to_20140104,9/143/190,0,498.5670166015625,87.38961791992188,2.0,-0.3185620771288333,43.0,0.0,,False
DFO_4115_From_20131222_to_20140104,9/143/190,0,588.1838989257812,88.32219696044922,1.0,1.1652646570862661,41.0,0.0,,False
DFO_4115_From_20131222_to_20140104,9/143/190,0,559.136962890625,87.9156723022461,1.0,0.6843215678135327,41.0,0.0,,False
DFO_4115_From_20131222_to_20140104,9/143/190,0,454.7030334472656,86.1737289428711,5.0,-1.044837631304377,41.0,0.0,,False
DFO_4115_From_20131222_to_20140104,9/143/190,0,621.0662231445312,88.4550552368164,1.0,1.7097119809999664,43.0,0.0,,False
DFO_4115_From_20131222_to_20140104,9/143/190,0,572.1747436523438,88.44624328613281,1.0,0.9001939252013261,43.0,0.0,,False
DFO_4274_From_20150718_to_20150721,9/143/190,1,480.69677734375,89.05878448486328,6.0,-0.6144476075094902,41.0,0.0,,False
DFO_4274_From_20150718_to_20150721,9/143/190,1,512.4191284179688,89.30892944335938,1.0,-0.08920647687307913,43.0,0.0,,False
DFO_4274_From_20150718_to_20150721,9/143/190,1,529.5299682617188,89.34980773925781,1.0,0.1941053383401991,11.0,0.0,,False
DFO_4274_From_20150718_to_20150721,9/143/190,1,535.5420532226562,89.44170379638672,2.0,0.2936501134098932,41.0,0.0,,False
DFO_4274_From_20150718_to_20150721,9/143/190,0,583.2438354492188,84.35813903808594,1.0,1.083469820386596,31.0,0.0,,False
DFO_4274_From_20150718_to_20150721,9/143/190,0,381.3253173828125,87.93995666503906,8.0,-2.259785239034933,22.0,39.0,,False
DFO_4274_From_20150718_to_20150721,9/143/190,0,503.9344177246094,87.45028686523438,4.0,-0.22969162021180248,43.0,0.0,,False
DFO_4274_From_20150718_to_20150721,9/143/190,0,552.4676513671875,88.73500061035156,1.0,0.5738947990995423,41.0,0.0,,False
DFO_4274_From_20150718_to_20150721,9/143/190,0,594.734375,88.74937438964844,1.0,1.2737238142079974,42.0,0.0,,False
DFO_4274_From_20150718_to_20150721,9/143/190,0,504.1546936035156,87.81885528564453,1.0,-0.22604441413246879,21.0,2.0,,False
DFO_4274_From_20150718_to_20150721,9/143/190,0,503.4983825683594,89.14187622070312,1.0,-0.2369112489817553,41.0,0.0,,False
DFO_4274_From_20150718_to_20150721,9/143/190,0,548.184326171875,87.60173034667969,1.0,0.5029738713534966,41.0,0.0,,False
DFO_4274_From_20150718_to_20150721,9/143/190,0,535.7843627929688,76.15951538085938,12.0,0.2976621411557937,43.0,0.0,,False
DFO_4274_From_20150718_to_20150721,9/143/190,0,437.63446044921875,88.5589599609375,7.0,-1.3274496154813742,42.0,0.0,,False
DFO_4274_From_20150718_to_20150721,9/143/190,0,426.2289733886719,88.60270690917969,16.0,-1.5162953572463747,43.0,0.0,,False
DFO_4274_From_20150718_to_20150721,9/143/190,0,498.6785888671875,88.92755889892578,1.0,-0.3167147253103179,41.0,0.0,,False
DFO_4274_From_20150718_to_20150721,9/143/190,0,507.13433837890625,88.16178131103516,2.0,-0.17670910518706806,90.0,0.0,,False
DFO_4274_From_20150718_to_20150721,9/143/190,0,379.79595947265625,88.14189147949219,7.0,-2.285107500805469,41.0,0.0,,False
DFO_4274_From_20150718_to_20150721,9/143/190,0,542.0995483398438,89.00730895996094,1.0,0.4022254879600323,41.0,0.0,,False
DFO_4274_From_20150718_to_20150721,9/143/190,0,487.01690673828125,87.27281951904297,4.0,-0.5098024032121992,21.0,1.0,,False
DFO_4274_From_20150718_to_20150721,9/143/190,0,634.0554809570312,86.41256713867188,1.0,1.9247809222522458,41.0,0.0,,False
DFO_4274_From_20150718_to_20150721,9/143/190,0,600.8492431640625,87.180419921875,2.0,1.374970416664114,41.0,0.0,,False
DFO_4274_From_20150718_to_20150721,9/143/190,0,500.8752136230469,88.65179443359375,1.0,-0.28034422844354606,41.0,0.0,,False
DFO_4274_From_20150718_to_20150721,9/143/190,0,502.12347412109375,88.3549575805664,1.0,-0.2596762220341549,41.0,0.0,,False
DFO_4274_From_20150718_to_20150721,9/143/190,0,589.4019775390625,86.40094757080078,1.0,1.1854329285535041,41.0,0.0,,False
DFO_4274_From_20150718_to_20150721,9/143/190,0,559.136962890625,87.9156723022461,1.0,0.6843215678135327,41.0,0.0,,False
DFO_4274_From_20150718_to_20150721,9/143/190,0,451.6552429199219,81.3450927734375,8.0,-1.0953012598916665,43.0,0.0,,False
DFO_4274_From_20150718_to_20150721,9/143/190,0,627.8901977539062,88.62166595458984,1.0,1.8226995754842619,41.0,0.0,,False
DFO_4274_From_20150718_to_20150721,9/143/190,0,572.1747436523438,88.44624328613281,1.0,0.9001939252013261,43.0,0.0,,False
DFO_4314_From_20151215_to_20160129,9/143/190,1,524.2695922851562,88.83914184570312,6.0,0.10700694455980217,41.0,0.0,,False
DFO_4314_From_20151215_to_20160129,9/143/190,1,532.3589477539062,89.12105560302734,1.0,0.24094601492017031,43.0,0.0,,False
DFO_4314_From_20151215_to_20160129,9/143/190,1,482.265380859375,87.81316375732422,10.0,-0.5884755387262052,41.0,0.0,,False
DFO_4314_From_20151215_to_20160129,9/143/190,1,391.7433166503906,88.24165344238281,10.0,-2.0872897735673943,11.0,0.0,,False
DFO_4314_From_20151215_to_20160129,9/143/190,1,481.7315368652344,88.92414855957031,5.0,-0.5973146320963609,41.0,0.0,,False
DFO_4314_From_20151215_to_20160129,9/143/190,1,405.3433837890625,88.24541473388672,9.0,-1.8621073895778104,43.0,0.0,,False
DFO_4314_From_20151215_to_20160129,9/143/190,1,449.76300048828125,88.68750762939453,4.0,-1.12663196271088,41.0,0.0,,False
DFO_4314_From_20151215_to_20160129,9/143/190,1,535.5420532226562,89.44170379638672,2.0,0.2936501134098932,41.0,0.0,,False
DFO_4314_From_20151215_to_20160129,9/143/190,1,447.27349853515625,88.97471618652344,2.0,-1.1678517581012549,43.0,0.0,,False
DFO_4314_From_20151215_to_20160129,9/143/190,1,374.9047546386719,88.55328369140625,30.0,-2.3660933631447882,43.0,0.0,,False
DFO_4314_From_20151215_to_20160129,9/143/190,1,395.9219665527344,87.48733520507812,3.0,-2.018102001384124,41.0,0.0,,False
DFO_4314_From_20151215_to_20160129,9/143/190,1,379.79595947265625,88.14189147949219,7.0,-2.285107500805469,41.0,0.0,,False
DFO_4314_From_20151215_to_20160129,9/143/190,1,411.6083984375,88.53189086914062,2.0,-1.7583747447401035,11.0,0.0,,False
DFO_4314_From_20151215_to_20160129,9/143/190,1,415.3421936035156,63.70106506347656,32.0,-1.6965526310520462,43.0,0.0,,False
DFO_4314_From_20151215_to_20160129,9/143/190,1,496.4721984863281,88.80121612548828,1.0,-0.3532469159905265,41.0,0.0,,False
DFO_4314_From_20151215_to_20160129,9/143/190,1,387.4562072753906,86.52172088623047,10.0,-2.158273357666147,43.0,0.0,,False
DFO_4314_From_20151215_to_20160129,9/143/190,1,365.04571533203125,81.32670593261719,7.0,-2.5293338789657382,43.0,0.0,,False
DFO_4314_From_20151215_to_20160129,9/143/190,0,562.7971801757812,87.3932876586914,1.0,0.7449254196759769,41.0,0.0,,False
DFO_4314_From_20151215_to_20160129,9/143/190,0,374.1557312011719,85.99285888671875,43.0,-2.37849527863539,41.0,0.0,,False
DFO_4314_From_20151215_to_20160129,9/143/190,0,430.8678894042969,88.06615447998047,7.0,-1.4394867535185616,43.0,0.0,,False
DFO_4314_From_20151215_to_20160129,9/143/190,0,552.4676513671875,88.73500061035156,1.0,0.5738947990995423,41.0,0.0,,False
DFO_4314_From_20151215_to_20160129,9/143/190,0,487.6976013183594,88.4875717163086,11.0,-0.49853183912248766,41.0,0.0,,False
DFO_4314_From_20151215_to_20160129,9/143/190,0,504.1546936035156,87.81885528564453,1.0,-0.22604441413246879,21.0,2.0,,False
DFO_4314_From_20151215_to_20160129,9/143/190,0,577.0281982421875,76.9019546508789,1.0,0.9805547398930787,42.0,0.0,,False
DFO_4314_From_20151215_to_20160129,9/143/190,0,548.184326171875,87.60173034667969,1.0,0.5029738713534966,41.0,0.0,,False
DFO_4314_From_20151215_to_20160129,9/143/190,0,551.2526245117188,87.73208618164062,1.0,0.5537770569490033,42.0,0.0,,False
DFO_4314_From_20151215_to_20160129,9/143/190,0,588.8278198242188,87.68323516845703,7.0,1.1759263429097546,41.0,0.0,,False
DFO_4314_From_20151215_to_20160129,9/143/190,0,616.9514770507812,88.53239440917969,1.0,1.6415822927083732,41.0,0.0,,False
DFO_4314_From_20151215_to_20160129,9/143/190,0,471.7486572265625,89.38520050048828,2.0,-0.7626056275889563,41.0,0.0,,False
DFO_4314_From_20151215_to_20160129,9/143/190,0,588.8157348632812,85.51190948486328,1.0,1.1757262468156267,41.0,0.0,,False
DFO_4314_From_20151215_to_20160129,9/143/190,0,621.8449096679688,87.20550537109375,1.0,1.7226050414488827,81.0,0.0,,False
DFO_4314_From_20151215_to_20160129,9/143/190,0,511.65985107421875,89.09004211425781,5.0,-0.10177817086778986,41.0,0.0,,False
DFO_4314_From_20151215_to_20160129,9/143/190,0,565.6693115234375,88.32080841064453,1.0,0.792480580794072,43.0,0.0,,False
DFO_4314_From_20151215_to_20160129,9/143/190,0,549.1636352539062,88.8040771484375,1.0,0.519188729082205,41.0,0.0,,False
DFO_4314_From_20151215_to_20160129,9/143/190,0,585.6893310546875,87.51990509033203,1.0,1.1239609830301711,52.0,0.0,,False
DFO_4314_From_20151215_to_20160129,9/143/190,0,439.0740051269531,88.66825103759766,7.0,-1.3036144315012899,43.0,0.0,,False
DFO_4314_From_20151215_to_20160129,9/143/190,0,556.114013671875,87.4026107788086,1.0,0.6342692478641732,42.0,0.0,,False
DFO_4314_From_20151215_to_20160129,9/143/190,0,588.1838989257812,88.32219696044922,1.0,1.1652646570862661,41.0,0.0,,False
DFO_4314_From_20151215_to_20160129,9/143/190,0,559.136962890625,87.9156723022461,1.0,0.6843215678135327,41.0,0.0,,False
DFO_4314_From_20151215_to_20160129,9/143/190,0,454.7030334472656,86.1737289428711,5.0,-1.044837631304377,41.0,0.0,,False
DFO_4314_From_20151215_to_20160129,9/143/190,0,619.1045532226562,87.29383087158203,1.0,1.6772317362258504,41.0,0.0,,False
DFO_4314_From_20151215_to_20160129,9/143/190,0,567.6748657226562,88.60977172851562,1.0,0.8256874371423195,41.0,0.0,,False
DFO_4594_From_20180403_to_20180408,9/143/190,1,564.453125,89.05908966064453,1.0,0.7723436375031872,41.0,0.0,,False
DFO_4594_From_20180403_to_20180408,9/143/190,0,562.7971801757812,87.3932876586914,1.0,0.7449254196759769,41.0,0.0,,False
DFO_4594_From_20180403_to_20180408,9/143/190,0,426.987060546875,88.89710998535156,1.0,-1.5037433696851765,22.0,44.0,,False
DFO_4594_From_20180403_to_20180408,9/143/190,0,506.6610107421875,89.19762420654297,2.0,-0.18454620220708265,41.0,0.0,,False
DFO_4594_From_20180403_to_20180408,9/143/190,0,504.1546936035156,87.81885528564453,1.0,-0.22604441413246879,21.0,2.0,,False
DFO_4594_From_20180403_to_20180408,9/143/190,0,531.7662353515625,88.73612976074219,7.0,0.2311322110308909,43.0,0.0,,False
DFO_4594_From_20180403_to_20180408,9/143/190,0,522.4108276367188,88.39131164550781,1.0,0.07623054834477644,43.0,0.0,,False
DFO_4594_From_20180403_to_20180408,9/143/190,0,561.4417114257812,87.06813049316406,1.0,0.72248231837095,43.0,0.0,,False
DFO_4594_From_20180403_to_20180408,9/143/190,0,484.2361755371094,88.94828796386719,2.0,-0.5558442112951593,41.0,0.0,,False
DFO_4594_From_20180403_to_20180408,9/143/190,0,562.7628173828125,86.68144226074219,1.0,0.7443564595699462,41.0,0.0,,False
DFO_4594_From_20180403_to_20180408,9/143/190,0,594.6375732421875,87.85995483398438,2.0,1.2721210242823053,43.0,0.0,,False
DFO_4594_From_20180403_to_20180408,9/143/190,0,616.9514770507812,88.53239440917969,1.0,1.6415822927083732,41.0,0.0,,False
DFO_4594_From_20180403_to_20180408,9/143/190,0,518.3309326171875,88.89398956298828,1.0,0.008677904849885927,43.0,0.0,,False
DFO_4594_From_20180403_to_20180408,9/143/190,0,588.8157348632812,85.51190948486328,1.0,1.1757262468156267,41.0,0.0,,False
DFO_4594_From_20180403_to_20180408,9/143/190,0,462.8227844238281,87.81686401367188,1.0,-0.9103952889496869,41.0,0.0,,False
DFO_4594_From_20180403_to_20180408,9/143/190,0,511.65985107421875,89.09004211425781,5.0,-0.10177817086778986,41.0,0.0,,False
DFO_4594_From_20180403_to_20180408,9/143/190,0,565.6693115234375,88.32080841064453,1.0,0.792480580794072,43.0,0.0,,False
DFO_4594_From_20180403_to_20180408,9/143/190,0,549.1636352539062,88.8040771484375,1.0,0.519188729082205,41.0,0.0,,False
DFO_4594_From_20180403_to_20180408,9/143/190,0,601.9646606445312,87.4729995727539,1.0,1.3934388819175976,81.0,0.0,,False
DFO_4594_From_20180403_to_20180408,9/143/190,0,467.0067443847656,89.27478790283203,3.0,-0.8411195957553605,41.0,0.0,,False
DFO_4594_From_20180403_to_20180408,9/143/190,0,556.114013671875,87.4026107788086,1.0,0.6342692478641732,42.0,0.0,,False
DFO_4594_From_20180403_to_20180408,9/143/190,0,589.4019775390625,86.40094757080078,1.0,1.1854329285535041,41.0,0.0,,False
DFO_4594_From_20180403_to_20180408,9/143/190,0,559.136962890625,87.9156723022461,1.0,0.6843215678135327,41.0,0.0,,False
DFO_4594_From_20180403_to_20180408,9/143/190,0,452.06304931640625,87.59657287597656,1.0,-1.0885490273011793,43.0,0.0,,False
DFO_4594_From_20180403_to_20180408,9/143/190,0,612.0050659179688,87.63491821289062,1.0,1.5596823550299692,41.0,0.0,,False
DFO_4594_From_20180403_to_20180408,9/143/190,0,538.348876953125,88.68159484863281,1.0,0.3401239471506297,41.0,0.0,,False
DFO_2412_From_20040104_to_20040116,9/143/191,1,457.2890930175781,86.02879333496094,15.0,-0.41090751384167035,41.0,0.0,,False
DFO_2412_From_20040104_to_20040116,9/143/191,0,481.21368408203125,88.45823669433594,2.0,0.1525875295901277,41.0,0.0,,False
DFO_2412_From_20040104_to_20040116,9/143/191,0,536.982177734375,87.11878204345703,1.0,1.4661008794356216,43.0,0.0,,False
DFO_2412_From_20040104_to_20040116,9/143/191,0,471.96856689453125,88.492919921875,5.0,-0.06516238709884359,43.0,0.0,,False
DFO_2412_From_20040104_to_20040116,9/143/191,0,471.8995361328125,87.06765747070312,1.0,-0.06678826617732163,41.0,0.0,,False
DFO_2412_From_20040104_to_20040116,9/143/191,0,490.7069091796875,85.44418334960938,1.0,0.37618112307309837,43.0,0.0,,False
DFO_2412_From_20040104_to_20040116,9/143/191,0,458.2029113769531,88.30882263183594,3.0,-0.3893843824862563,41.0,0.0,,False
DFO_2412_From_20040104_to_20040116,9/143/191,0,490.68463134765625,87.39986419677734,1.0,0.37565641408667527,71.0,0.0,,False
DFO_2412_From_20040104_to_20040116,9/143/191,0,470.4214782714844,88.57498168945312,1.0,-0.10160091047790835,41.0,0.0,,False
DFO_2412_From_20040104_to_20040116,9/143/191,0,471.072021484375,85.23571014404297,1.0,-0.0862786892949214,21.0,1.0,,False
DFO_2412_From_20040104_to_20040116,9/143/191,0,480.3297119140625,87.42500305175781,5.0,0.13176736452063387,41.0,0.0,,False
DFO_2412_From_20040104_to_20040116,9/143/191,0,504.3665466308594,84.75626373291016,1.0,0.697906078708684,41.0,0.0,,False
DFO_2412_From_20040104_to_20040116,9/143/191,0,541.3255004882812,78.75035858154297,1.0,1.5683990059639825,43.0,0.0,,False
DFO_2412_From_20040104_to_20040116,9/143/191,0,381.63348388671875,82.71669006347656,21.0,-2.1928213880726997,11.0,0.0,,False
DFO_2412_From_20040104_to_20040116,9/143/191,0,437.57342529296875,88.31210327148438,1.0,-0.8752699353700487,43.0,0.0,,False
DFO_2412_From_20040104_to_20040116,9/143/191,0,516.60400390625,84.15250396728516,1.0,0.9861344751863413,90.0,0.0,,False
DFO_2412_From_20040104_to_20040116,9/143/191,0,482.5248107910156,87.42229461669922,1.0,0.18346845038970874,43.0,0.0,,False
DFO_2412_From_20040104_to_20040116,9/143/191,0,392.1090087890625,77.18219757080078,34.0,-1.9460917221856393,43.0,0.0,,False
DFO_2412_From_20040104_to_20040116,9/143/191,0,404.1925048828125,87.49696350097656,2.0,-1.6614895679497688,81.0,0.0,,False
DFO_2412_From_20040104_to_20040116,9/143/191,0,510.5937194824219,88.53643035888672,1.0,0.8445744596642994,41.0,0.0,,False
DFO_2412_From_20040104_to_20040116,9/143/191,0,490.36187744140625,87.98621368408203,3.0,0.36805460279844193,41.0,0.0,,False
DFO_2412_From_20040104_to_20040116,9/143/191,0,469.4917297363281,87.78751373291016,1.0,-0.12349924469758658,41.0,0.0,,False
DFO_2412_From_20040104_to_20040116,9/143/191,0,461.6315002441406,88.40753173828125,4.0,-0.3086309506963131,81.0,0.0,,False
DFO_2412_From_20040104_to_20040116,9/143/191,0,413.4949645996094,85.2368392944336,7.0,-1.4423890647053332,41.0,0.0,,False
DFO_2412_From_20040104_to_20040116,9/143/191,0,501.5072021484375,87.42305755615234,1.0,0.6305600396910003,41.0,0.0,,False
DFO_2412_From_20040104_to_20040116,9/143/191,0,515.103515625,86.94969940185547,1.0,0.9507935280021642,90.0,0.0,,False
DFO_2606_From_20050105_to_20050201,9/143/191,1,490.746337890625,86.61151885986328,1.0,0.37710978610112383,41.0,0.0,,False
DFO_2606_From_20050105_to_20050201,9/143/191,1,487.00018310546875,87.9070816040039,2.0,0.28887673552663484,81.0,0.0,,False
DFO_2606_From_20050105_to_20050201,9/143/191,0,481.21368408203125,88.45823669433594,2.0,0.1525875295901277,41.0,0.0,,False
DFO_2606_From_20050105_to_20050201,9/143/191,0,519.0888061523438,87.09516906738281,1.0,1.0446589342172163,43.0,0.0,,False
DFO_2606_From_20050105_to_20050201,9/143/191,0,482.1385498046875,88.08746337890625,1.0,0.17437085910045294,43.0,0.0,,False
DFO_2606_From_20050105_to_20050201,9/143/191,0,475.8269958496094,74.61634063720703,3.0,0.025715053011330927,41.0,0.0,,False
DFO_2606_From_20050105_to_20050201,9/143/191,0,473.1391906738281,84.2995834350586,2.0,-0.03759072681089515,43.0,0.0,,False
DFO_2606_From_20050105_to_20050201,9/143/191,0,436.78253173828125,88.3580322265625,22.0,-0.893897823167501,41.0,0.0,,False
DFO_2606_From_20050105_to_20050201,9/143/191,0,490.68463134765625,87.39986419677734,1.0,0.37565641408667527,71.0,0.0,,False
DFO_2606_From_20050105_to_20050201,9/143/191,0,470.4214782714844,88.57498168945312,1.0,-0.10160091047790835,41.0,0.0,,False
DFO_2606_From_20050105_to_20050201,9/143/191,0,471.072021484375,85.23571014404297,1.0,-0.0862786892949214,21.0,1.0,,False
DFO_2606_From_20050105_to_20050201,9/143/191,0,480.3297119140625,87.42500305175781,5.0,0.13176736452063387,41.0,0.0,,False
DFO_2606_From_20050105_to_20050201,9/143/191,0,504.3665466308594,84.75626373291016,1.0,0.697906078708684,41.0,0.0,,False
DFO_2606_From_20050105_to_20050201,9/143/191,0,541.3255004882812,78.75035858154297,1.0,1.5683990059639825,43.0,0.0,,False
DFO_2606_From_20050105_to_20050201,9/143/191,0,381.63348388671875,82.71669006347656,21.0,-2.1928213880726997,11.0,0.0,,False
DFO_2606_From_20050105_to_20050201,9/143/191,0,437.57342529296875,88.31210327148438,1.0,-0.8752699353700487,43.0,0.0,,False
DFO_2606_From_20050105_to_20050201,9/143/191,0,516.60400390625,84.15250396728516,1.0,0.9861344751863413,90.0,0.0,,False
DFO_2606_From_20050105_to_20050201,9/143/191,0,482.5248107910156,87.42229461669922,1.0,0.18346845038970874,43.0,0.0,,False
DFO_2606_From_20050105_to_20050201,9/143/191,0,392.1090087890625,77.18219757080078,34.0,-1.9460917221856393,43.0,0.0,,False
DFO_2606_From_20050105_to_20050201,9/143/191,0,404.1925048828125,87.49696350097656,2.0,-1.6614895679497688,81.0,0.0,,False
DFO_2606_From_20050105_to_20050201,9/143/191,0,510.5937194824219,88.53643035888672,1.0,0.8445744596642994,41.0,0.0,,False
DFO_2606_From_20050105_to_20050201,9/143/191,0,490.36187744140625,87.98621368408203,3.0,0.36805460279844193,41.0,0.0,,False
DFO_2606_From_20050105_to_20050201,9/143/191,0,469.4917297363281,87.78751373291016,1.0,-0.12349924469758658,41.0,0.0,,False
DFO_2606_From_20050105_to_20050201,9/143/191,0,461.6315002441406,88.40753173828125,4.0,-0.3086309506963131,81.0,0.0,,False
DFO_2606_From_20050105_to_20050201,9/143/191,0,413.4949645996094,85.2368392944336,7.0,-1.4423890647053332,41.0,0.0,,False
DFO_2606_From_20050105_to_20050201,9/143/191,0,501.5072021484375,87.42305755615234,1.0,0.6305600396910003,41.0,0.0,,False
DFO_2606_From_20050105_to_20050201,9/143/191,0,515.103515625,86.94969940185547,1.0,0.9507935280021642,90.0,0.0,,False
DFO_4314_From_20151215_to_20160129,9/143/191,1,442.7830810546875,83.14111328125,3.0,-0.7525670982847317,43.0,0.0,,False
DFO_4314_From_20151215_to_20160129,9/143/191,1,491.4082946777344,88.7762451171875,4.0,0.3927008307922234,41.0,0.0,,False
DFO_4314_From_20151215_to_20160129,9/143/191,1,540.8071899414062,89.1488037109375,2.0,1.5561912560661615,41.0,0.0,,False
DFO_4314_From_20151215_to_20160129,9/143/191,0,481.21368408203125,88.45823669433594,2.0,0.1525875295901277,41.0,0.0,,False
DFO_4314_From_20151215_to_20160129,9/143/191,0,536.982177734375,87.11878204345703,1.0,1.4661008794356216,43.0,0.0,,False
DFO_4314_From_20151215_to_20160129,9/143/191,0,502.1619567871094,88.66216278076172,1.0,0.6459814524358042,41.0,0.0,,False
DFO_4314_From_20151215_to_20160129,9/143/191,0,475.8269958496094,74.61634063720703,3.0,0.025715053011330927,41.0,0.0,,False
DFO_4314_From_20151215_to_20160129,9/143/191,0,496.6925354003906,78.78134155273438,1.0,0.5171603648129075,41.0,0.0,,False
DFO_4314_From_20151215_to_20160129,9/143/191,0,436.78253173828125,88.3580322265625,22.0,-0.893897823167501,41.0,0.0,,False
DFO_4314_From_20151215_to_20160129,9/143/191,0,490.68463134765625,87.39986419677734,1.0,0.37565641408667527,71.0,0.0,,False
DFO_4314_From_20151215_to_20160129,9/143/191,0,470.4214782714844,88.57498168945312,1.0,-0.10160091047790835,41.0,0.0,,False
DFO_4314_From_20151215_to_20160129,9/143/191,0,471.072021484375,85.23571014404297,1.0,-0.0862786892949214,21.0,1.0,,False
DFO_4314_From_20151215_to_20160129,9/143/191,0,480.3297119140625,87.42500305175781,5.0,0.13176736452063387,41.0,0.0,,False
DFO_4314_From_20151215_to_20160129,9/143/191,0,504.3665466308594,84.75626373291016,1.0,0.697906078708684,41.0,0.0,,False
DFO_4314_From_20151215_to_20160129,9/143/191,0,529.6893310546875,81.95555114746094,1.0,1.2943327206637136,41.0,0.0,,False
DFO_4314_From_20151215_to_20160129,9/143/191,0,420.4048156738281,87.51395416259766,1.0,-1.2796415878233014,43.0,0.0,,False
DFO_4314_From_20151215_to_20160129,9/143/191,0,437.57342529296875,88.31210327148438,1.0,-0.8752699353700487,43.0,0.0,,False
DFO_4314_From_20151215_to_20160129,9/143/191,0,516.60400390625,84.15250396728516,1.0,0.9861344751863413,90.0,0.0,,False
DFO_4314_From_20151215_to_20160129,9/143/191,0,482.5248107910156,87.42229461669922,1.0,0.18346845038970874,43.0,0.0,,False
DFO_4314_From_20151215_to_20160129,9/143/191,0,406.2301330566406,87.94882202148438,3.0,-1.6134973839573281,81.0,0.0,,False
DFO_4314_From_20151215_to_20160129,9/143/191,0,404.1925048828125,87.49696350097656,2.0,-1.6614895679497688,81.0,0.0,,False
DFO_4314_From_20151215_to_20160129,9/143/191,0,518.2369384765625,88.67327117919922,1.0,1.0245949251117186,41.0,0.0,,False
DFO_4314_From_20151215_to_20160129,9/143/191,0,503.9554138183594,87.6375503540039,1.0,0.6882226821811613,41.0,0.0,,False
DFO_4314_From_20151215_to_20160129,9/143/191,0,469.4917297363281,87.78751373291016,1.0,-0.12349924469758658,41.0,0.0,,False
DFO_4314_From_20151215_to_20160129,9/143/191,0,461.6315002441406,88.40753173828125,4.0,-0.3086309506963131,81.0,0.0,,False
DFO_4314_From_20151215_to_20160129,9/143/191,0,413.4949645996094,85.2368392944336,7.0,-1.4423890647053332,41.0,0.0,,False
DFO_4314_From_20151215_to_20160129,9/143/191,0,501.5072021484375,87.42305755615234,1.0,0.6305600396910003,41.0,0.0,,False
DFO_4314_From_20151215_to_20160129,9/143/191,0,511.8210754394531,86.7342529296875,2.0,0.873482330919043,81.0,0.0,,False
DFO_2412_From_20040104_to_20040116,9/143/192,1,303.8291931152344,88.21481323242188,4.0,-1.7998698539300704,81.0,0.0,,False
DFO_2412_From_20040104_to_20040116,9/143/192,0,467.2072448730469,84.90914916992188,1.0,0.32857479517698185,41.0,0.0,,False
DFO_2412_From_20040104_to_20040116,9/143/192,0,487.80938720703125,88.4292984008789,6.0,0.5969738802383818,41.0,0.0,,False
DFO_2412_From_20040104_to_20040116,9/143/192,0,442.294189453125,86.53649139404297,1.0,0.004014311495583492,41.0,0.0,,False
DFO_2412_From_20040104_to_20040116,9/143/192,0,366.123291015625,87.31864929199219,6.0,-0.9883193554360336,41.0,0.0,,False
DFO_2412_From_20040104_to_20040116,9/143/192,0,345.2402038574219,88.17713928222656,7.0,-1.2603785129574059,43.0,0.0,,False
DFO_2412_From_20040104_to_20040116,9/143/192,0,380.3487243652344,76.85436248779297,1.0,-0.8029942939088678,21.0,1.0,,False
DFO_2412_From_20040104_to_20040116,9/143/192,0,430.7159729003906,88.68193817138672,1.0,-0.14682353240526813,41.0,0.0,,False
DFO_2412_From_20040104_to_20040116,9/143/192,0,522.6012573242188,88.27142333984375,6.0,1.0502328644569532,41.0,0.0,,False
DFO_2412_From_20040104_to_20040116,9/143/192,0,386.47088623046875,88.54479217529297,1.0,-0.7232364407405504,81.0,0.0,,False
DFO_2412_From_20040104_to_20040116,9/143/192,0,456.2328186035156,88.5001220703125,2.0,0.1856029662251368,41.0,0.0,,False
DFO_2412_From_20040104_to_20040116,9/143/192,0,383.9883728027344,87.4437255859375,1.0,-0.7555779478447626,41.0,0.0,,False
DFO_2412_From_20040104_to_20040116,9/143/192,0,496.0634765625,81.78234100341797,2.0,0.7045059026421123,41.0,0.0,,False
DFO_2412_From_20040104_to_20040116,9/143/192,0,478.105712890625,84.13726806640625,1.0,0.47055706076223214,43.0,0.0,,False
DFO_2412_From_20040104_to_20040116,9/143/192,0,541.7984008789062,88.13224792480469,2.0,1.3003280090464142,81.0,0.0,,False
DFO_2412_From_20040104_to_20040116,9/143/192,0,420.8290710449219,87.89374542236328,1.0,-0.27562739023137156,41.0,0.0,,False
DFO_2412_From_20040104_to_20040116,9/143/192,0,415.2842102050781,87.33499145507812,1.0,-0.34786432326876354,82.0,0.0,,False
DFO_2412_From_20040104_to_20040116,9/143/192,0,375.87432861328125,86.11398315429688,1.0,-0.8612855000639599,43.0,0.0,,False
DFO_2412_From_20040104_to_20040116,9/143/192,0,499.0846252441406,88.33995056152344,1.0,0.7438646027637602,41.0,0.0,,False
DFO_2412_From_20040104_to_20040116,9/143/192,0,475.2395935058594,87.94297790527344,1.0,0.43321803999064507,81.0,0.0,,False
DFO_2412_From_20040104_to_20040116,9/143/192,0,386.6846008300781,88.13374328613281,1.0,-0.720452225290063,21.0,16.0,,False
DFO_2412_From_20040104_to_20040116,9/143/192,0,294.49517822265625,87.3438491821289,45.0,-1.9214708513654155,41.0,0.0,,False
DFO_2412_From_20040104_to_20040116,9/143/192,0,606.6788940429688,85.99859619140625,3.0,2.145573358839074,41.0,0.0,,False
DFO_2412_From_20040104_to_20040116,9/143/192,0,514.660888671875,89.1457748413086,2.0,0.9467879097143694,43.0,0.0,,False
DFO_2412_From_20040104_to_20040116,9/143/192,0,494.76116943359375,86.27918243408203,1.0,0.687539800952251,81.0,0.0,,False
DFO_2412_From_20040104_to_20040116,9/143/192,0,366.3566589355469,86.59497833251953,3.0,-0.9852791018947117,81.0,0.0,,False
DFO_4115_From_20131222_to_20140104,9/143/192,1,559.7088012695312,89.45265197753906,3.0,1.5336598150303702,71.0,0.0,,False
DFO_4115_From_20131222_to_20140104,9/143/192,0,473.7539978027344,88.77326202392578,1.0,0.41386410480147956,41.0,0.0,,False
DFO_4115_From_20131222_to_20140104,9/143/192,0,425.46929931640625,88.18254852294922,4.0,-0.21517576329119473,82.0,0.0,,False
DFO_4115_From_20131222_to_20140104,9/143/192,0,422.59136962890625,87.65328979492188,1.0,-0.2526686454620876,41.0,0.0,,False
DFO_4115_From_20131222_to_20140104,9/143/192,0,379.53009033203125,87.53376007080078,1.0,-0.8136592345713445,21.0,5.0,,False
DFO_4115_From_20131222_to_20140104,9/143/192,0,540.3588256835938,88.42619323730469,1.0,1.2815736164674636,43.0,0.0,,False
DFO_4115_From_20131222_to_20140104,9/143/192,0,368.127685546875,87.20201110839844,1.0,-0.962206650768318,41.0,0.0,,False
DFO_4115_From_20131222_to_20140104,9/143/192,0,369.5523681640625,88.38859558105469,2.0,-0.9436462746308693,41.0,0.0,,False
DFO_4115_From_20131222_to_20140104,9/143/192,0,510.6332702636719,85.42011260986328,34.0,0.8943171968043345,41.0,0.0,,False
DFO_4115_From_20131222_to_20140104,9/143/192,0,386.47088623046875,88.54479217529297,1.0,-0.7232364407405504,81.0,0.0,,False
DFO_4115_From_20131222_to_20140104,9/143/192,0,435.3638916015625,88.99356079101562,2.0,-0.08627171664693868,41.0,0.0,,False
DFO_4115_From_20131222_to_20140104,9/143/192,0,383.9883728027344,87.4437255859375,1.0,-0.7555779478447626,41.0,0.0,,False
DFO_4115_From_20131222_to_20140104,9/143/192,0,496.0130615234375,87.59904479980469,1.0,0.7038491092786674,41.0,0.0,,False
DFO_4115_From_20131222_to_20140104,9/143/192,0,412.4316101074219,87.2479476928711,19.0,-0.38502721845923316,21.0,14.0,,False
DFO_4115_From_20131222_to_20140104,9/143/192,0,575.59130859375,88.29357147216797,1.0,1.7405727838467,41.0,0.0,,False
DFO_4115_From_20131222_to_20140104,9/143/192,0,407.7943115234375,88.55616760253906,1.0,-0.4454406782305899,41.0,0.0,,False
DFO_4115_From_20131222_to_20140104,9/143/192,0,429.3851318359375,85.75707244873047,1.0,-0.16416136641644974,82.0,0.0,,False
DFO_4115_From_20131222_to_20140104,9/143/192,0,368.3144226074219,85.03617095947266,4.0,-0.9597738913307152,81.0,0.0,,False
DFO_4115_From_20131222_to_20140104,9/143/192,0,504.9683837890625,88.64652252197266,1.0,0.8205166025693462,41.0,0.0,,False
DFO_4115_From_20131222_to_20140104,9/143/192,0,403.66009521484375,82.9369125366211,1.0,-0.4993001194811293,81.0,0.0,,False
DFO_4115_From_20131222_to_20140104,9/143/192,0,352.2137451171875,84.16588592529297,10.0,-1.169529121500113,41.0,0.0,,False
DFO_4115_From_20131222_to_20140104,9/143/192,0,294.49517822265625,87.3438491821289,45.0,-1.9214708513654155,41.0,0.0,,False
DFO_4115_From_20131222_to_20140104,9/143/192,0,606.6788940429688,85.99859619140625,3.0,2.145573358839074,41.0,0.0,,False
DFO_4115_From_20131222_to_20140104,9/143/192,0,483.1874694824219,89.05960845947266,2.0,0.5367607981033302,41.0,0.0,,False
DFO_4115_From_20131222_to_20140104,9/143/192,0,494.8432922363281,83.34500122070312,1.0,0.688609674403238,21.0,14.0,,False
DFO_4115_From_20131222_to_20140104,9/143/192,0,383.9851989746094,87.04088592529297,1.0,-0.7556192956109843,41.0,0.0,,False
DFO_4314_From_20151215_to_20160129,9/143/192,1,487.4106140136719,88.8786392211914,1.0,0.5917787719574281,41.0,0.0,,False
DFO_4314_From_20151215_to_20160129,9/143/192,0,473.7539978027344,88.77326202392578,1.0,0.41386410480147956,41.0,0.0,,False
DFO_4314_From_20151215_to_20160129,9/143/192,0,425.46929931640625,88.18254852294922,4.0,-0.21517576329119473,82.0,0.0,,False
DFO_4314_From_20151215_to_20160129,9/143/192,0,422.59136962890625,87.65328979492188,1.0,-0.2526686454620876,41.0,0.0,,False
DFO_4314_From_20151215_to_20160129,9/143/192,0,366.123291015625,87.31864929199219,6.0,-0.9883193554360336,41.0,0.0,,False
DFO_4314_From_20151215_to_20160129,9/143/192,0,570.1131591796875,87.58943176269531,1.0,1.6692049490493144,81.0,0.0,,False
DFO_4314_From_20151215_to_20160129,9/143/192,0,380.3487243652344,76.85436248779297,1.0,-0.8029942939088678,21.0,1.0,,False
DFO_4314_From_20151215_to_20160129,9/143/192,0,369.5523681640625,88.38859558105469,2.0,-0.9436462746308693,41.0,0.0,,False
DFO_4314_From_20151215_to_20160129,9/143/192,0,522.6012573242188,88.27142333984375,6.0,1.0502328644569532,41.0,0.0,,False
DFO_4314_From_20151215_to_20160129,9/143/192,0,386.47088623046875,88.54479217529297,1.0,-0.7232364407405504,81.0,0.0,,False
DFO_4314_From_20151215_to_20160129,9/143/192,0,435.3638916015625,88.99356079101562,2.0,-0.08627171664693868,41.0,0.0,,False
DFO_4314_From_20151215_to_20160129,9/143/192,0,354.9378967285156,88.64666748046875,2.0,-1.1340396181175971,41.0,0.0,,False
DFO_4314_From_20151215_to_20160129,9/143/192,0,483.73455810546875,85.64151763916016,1.0,0.5438881193057988,43.0,0.0,,False
DFO_4314_From_20151215_to_20160129,9/143/192,0,412.4316101074219,87.2479476928711,19.0,-0.38502721845923316,21.0,14.0,,False
DFO_4314_From_20151215_to_20160129,9/143/192,0,541.7984008789062,88.13224792480469,2.0,1.3003280090464142,81.0,0.0,,False
DFO_4314_From_20151215_to_20160129,9/143/192,0,407.7943115234375,88.55616760253906,1.0,-0.4454406782305899,41.0,0.0,,False
DFO_4314_From_20151215_to_20160129,9/143/192,0,429.3851318359375,85.75707244873047,1.0,-0.16416136641644974,82.0,0.0,,False
DFO_4314_From_20151215_to_20160129,9/143/192,0,368.3144226074219,85.03617095947266,4.0,-0.9597738913307152,81.0,0.0,,False
DFO_4314_From_20151215_to_20160129,9/143/192,0,499.0846252441406,88.33995056152344,1.0,0.7438646027637602,41.0,0.0,,False
DFO_4314_From_20151215_to_20160129,9/143/192,0,403.66009521484375,82.9369125366211,1.0,-0.4993001194811293,81.0,0.0,,False
DFO_4314_From_20151215_to_20160129,9/143/192,0,365.0509033203125,86.5006103515625,1.0,-1.0022901295228717,41.0,0.0,,False
DFO_4314_From_20151215_to_20160129,9/143/192,0,294.49517822265625,87.3438491821289,45.0,-1.9214708513654155,41.0,0.0,,False
DFO_4314_From_20151215_to_20160129,9/143/192,0,606.6788940429688,85.99859619140625,3.0,2.145573358839074,41.0,0.0,,False
DFO_4314_From_20151215_to_20160129,9/143/192,0,514.660888671875,89.1457748413086,2.0,0.9467879097143694,43.0,0.0,,False
DFO_4314_From_20151215_to_20160129,9/143/192,0,494.8432922363281,83.34500122070312,1.0,0.688609674403238,21.0,14.0,,False
DFO_4314_From_20151215_to_20160129,9/143/192,0,401.87213134765625,84.08819580078125,1.0,-0.5225932245522639,82.0,0.0,,False
DFO_3285_From_20080317_to_20080502,9/144/184,1,399.14068603515625,84.57691955566406,4.0,1.3262631902812771,0.0,127.0,,False
DFO_3285_From_20080317_to_20080502,9/144/184,1,277.66180419921875,83.61609649658203,2.0,-1.2578873493966616,0.0,127.0,,False
DFO_3285_From_20080317_to_20080502,9/144/184,1,259.8672790527344,76.79454803466797,5.0,-1.6364200710157433,0.0,127.0,,False
DFO_3285_From_20080317_to_20080502,9/144/184,0,300.0372009277344,74.9072036743164,1.0,-0.7819083754578667,0.0,127.0,,False
DFO_3285_From_20080317_to_20080502,9/144/184,0,317.16387939453125,81.25465393066406,1.0,-0.41758237299567813,0.0,127.0,,False
DFO_3285_From_20080317_to_20080502,9/144/184,0,331.8369140625,59.33696365356445,3.0,-0.10545132698264725,0.0,127.0,,False
DFO_3285_From_20080317_to_20080502,9/144/184,0,275.1063232421875,85.075439453125,1.0,-1.3122486292705382,0.0,127.0,,False
DFO_3285_From_20080317_to_20080502,9/144/184,0,374.498779296875,82.58602905273438,5.0,0.8020700495967641,0.0,127.0,,False
DFO_3285_From_20080317_to_20080502,9/144/184,0,293.56341552734375,77.83697509765625,5.0,-0.9196214971407956,0.0,127.0,,False
DFO_3285_From_20080317_to_20080502,9/144/184,0,291.6080322265625,85.89481353759766,2.0,-0.9612172439539363,0.0,127.0,,False
DFO_3285_From_20080317_to_20080502,9/144/184,0,272.1701354980469,85.77437591552734,2.0,-1.3747084661487214,0.0,127.0,,False
DFO_3285_From_20080317_to_20080502,9/144/184,0,270.2518005371094,83.67205047607422,12.0,-1.4155161048894591,0.0,127.0,,False
DFO_3285_From_20080317_to_20080502,9/144/184,0,365.2640380859375,86.80594635009766,4.0,0.6056246993978747,0.0,127.0,,False
DFO_3285_From_20080317_to_20080502,9/144/184,0,347.1518859863281,85.85363006591797,3.0,0.2203352818829356,0.0,127.0,,False
DFO_3285_From_20080317_to_20080502,9/144/184,0,335.391845703125,68.08737182617188,1.0,-0.029829306275821758,0.0,127.0,,False
DFO_3285_From_20080317_to_20080502,9/144/184,0,316.41766357421875,83.45896911621094,1.0,-0.433456193907045,0.0,127.0,,False
DFO_3285_From_20080317_to_20080502,9/144/184,0,299.7859191894531,79.06229400634766,2.0,-0.787253747672172,0.0,127.0,,False
DFO_3285_From_20080317_to_20080502,9/144/184,0,361.615478515625,66.13726806640625,1.0,0.5280109854734771,0.0,127.0,,False
DFO_3285_From_20080317_to_20080502,9/144/184,0,293.98614501953125,80.39163208007812,1.0,-0.9106290152471159,0.0,127.0,,False
DFO_3285_From_20080317_to_20080502,9/144/184,0,367.9598388671875,82.42817687988281,2.0,0.6629709223664049,0.0,127.0,,False
DFO_3285_From_20080317_to_20080502,9/144/184,0,282.26312255859375,86.25552368164062,2.0,-1.1600061445163965,0.0,127.0,,False
DFO_3285_From_20080317_to_20080502,9/144/184,0,320.7656555175781,86.19036102294922,1.0,-0.3409638564971404,0.0,127.0,,False
DFO_3285_From_20080317_to_20080502,9/144/184,0,344.641357421875,49.44969940185547,1.0,0.1669302484593469,0.0,127.0,,False
DFO_3285_From_20080317_to_20080502,9/144/184,0,259.6203918457031,85.46885681152344,4.0,-1.6416719608886763,0.0,127.0,,False
DFO_3285_From_20080317_to_20080502,9/144/184,0,287.1277160644531,87.09766387939453,1.0,-1.0565244385318306,0.0,127.0,,False
DFO_3285_From_20080317_to_20080502,9/144/184,0,256.7823181152344,78.3731689453125,39.0,-1.7020446746591364,0.0,127.0,,False
DFO_3285_From_20080317_to_20080502,9/144/184,0,385.7524108886719,81.7747573852539,1.0,1.04146209627821,0.0,127.0,,False
DFO_3285_From_20080317_to_20080502,9/144/184,0,305.14154052734375,82.1294174194336,1.0,-0.6733266884050979,0.0,127.0,,False
DFO_2273_From_20030705_to_20030721,9/144/185,1,249.07125854492188,79.41643524169922,6.0,-0.10516398455875108,0.0,127.0,,False
DFO_2273_From_20030705_to_20030721,9/144/185,0,188.99542236328125,62.2305793762207,57.0,-1.8951767749758381,0.0,127.0,,False
DFO_2273_From_20030705_to_20030721,9/144/185,0,228.19232177734375,81.70317077636719,1.0,-0.727270412695259,0.0,127.0,,False
DFO_2273_From_20030705_to_20030721,9/144/185,0,252.73081970214844,84.29473876953125,3.0,0.00387588396580902,0.0,127.0,,False
DFO_2273_From_20030705_to_20030721,9/144/185,0,330.4618835449219,88.42086029052734,1.0,2.3199418321883183,0.0,127.0,,False
DFO_2273_From_20030705_to_20030721,9/144/185,0,257.78143310546875,84.85088348388672,1.0,0.15436338719523873,0.0,127.0,,False
DFO_2273_From_20030705_to_20030721,9/144/185,0,304.5593566894531,86.91460418701172,1.0,1.548153084459149,0.0,127.0,,False
DFO_2273_From_20030705_to_20030721,9/144/185,0,274.0728454589844,85.72383117675781,1.0,0.6397804590205971,0.0,127.0,,False
DFO_2273_From_20030705_to_20030721,9/144/185,0,209.21536254882812,65.07624816894531,1.0,-1.2927057341373198,0.0,127.0,,False
DFO_2273_From_20030705_to_20030721,9/144/185,0,247.17791748046875,88.70990753173828,3.0,-0.16157775983681733,0.0,127.0,,False
DFO_2273_From_20030705_to_20030721,9/144/185,0,260.8520202636719,87.52084350585938,1.0,0.2458542533507358,0.0,127.0,,False
DFO_2273_From_20030705_to_20030721,9/144/185,0,286.89471435546875,86.72791290283203,1.0,1.0218194081309226,0.0,127.0,,False
DFO_2273_From_20030705_to_20030721,9/144/185,0,261.6142272949219,70.87141418457031,1.0,0.2685648874692217,0.0,127.0,,False
DFO_2273_From_20030705_to_20030721,9/144/185,0,210.20901489257812,87.56000518798828,4.0,-1.2630989817791398,0.0,127.0,,False
DFO_2273_From_20030705_to_20030721,9/144/185,0,198.8938446044922,78.90348815917969,1.0,-1.6002445103104765,0.0,127.0,,False
DFO_2273_From_20030705_to_20030721,9/144/185,0,256.5555419921875,86.63494873046875,9.0,0.11783687484179631,0.0,127.0,,False
DFO_2273_From_20030705_to_20030721,9/144/185,0,284.24005126953125,88.18728637695312,2.0,0.9427213683848124,0.0,127.0,,False
DFO_2273_From_20030705_to_20030721,9/144/185,0,217.3590850830078,74.01844787597656,4.0,-1.050056302613562,0.0,127.0,,False
DFO_2273_From_20030705_to_20030721,9/144/185,0,229.03488159179688,88.34074401855469,7.0,-0.7021655961763098,0.0,127.0,,False
DFO_2273_From_20030705_to_20030721,9/144/185,0,272.77447509765625,70.00115966796875,1.0,0.6010943632257948,0.0,127.0,,False
DFO_2273_From_20030705_to_20030721,9/144/185,0,258.6995849609375,72.76594543457031,1.0,0.18172053558123996,0.0,127.0,,False
DFO_2273_From_20030705_to_20030721,9/144/185,0,297.94134521484375,84.48884582519531,5.0,1.3509635663497346,0.0,127.0,,False
DFO_2273_From_20030705_to_20030721,9/144/185,0,315.0946960449219,79.67535400390625,1.0,1.86206285910889,0.0,127.0,,False
DFO_2273_From_20030705_to_20030721,9/144/185,0,196.98768615722656,79.28378295898438,1.0,-1.6570401908708043,0.0,127.0,,False
DFO_2273_From_20030705_to_20030721,9/144/185,0,263.825927734375,86.35383605957031,1.0,0.33446446252003154,0.0,127.0,,False
DFO_2273_From_20030705_to_20030721,9/144/185,0,277.713623046875,86.4795150756836,1.0,0.7482606544469859,0.0,127.0,,False
DFO_3171_From_20070816_to_20070827,9/144/185,1,212.8780517578125,87.98855590820312,1.0,-1.183572662537922,0.0,127.0,,False
DFO_3171_From_20070816_to_20070827,9/144/185,0,190.00106811523438,81.89515686035156,9.0,-1.8652126683892565,0.0,127.0,,False
DFO_3171_From_20070816_to_20070827,9/144/185,0,219.24267578125,78.2176284790039,1.0,-0.9939330481395018,0.0,127.0,,False
DFO_3171_From_20070816_to_20070827,9/144/185,0,253.71946716308594,84.43669891357422,2.0,0.03333351140424867,0.0,127.0,,False
DFO_3171_From_20070816_to_20070827,9/144/185,0,306.3639831542969,87.6519546508789,2.0,1.6019235296049905,0.0,127.0,,False
DFO_3171_From_20070816_to_20070827,9/144/185,0,247.11741638183594,79.8543930053711,1.0,-0.16338044369892088,0.0,127.0,,False
DFO_3171_From_20070816_to_20070827,9/144/185,0,267.6736145019531,85.41233825683594,2.0,0.44910970036007075,0.0,127.0,,False
DFO_3171_From_20070816_to_20070827,9/144/185,0,282.5947265625,88.5647964477539,2.0,0.8936974603185067,0.0,127.0,,False
DFO_3171_From_20070816_to_20070827,9/144/185,0,208.8043212890625,83.31366729736328,1.0,-1.3049530728201306,0.0,127.0,,False
DFO_3171_From_20070816_to_20070827,9/144/185,0,247.17791748046875,88.70990753173828,3.0,-0.16157775983681733,0.0,127.0,,False
DFO_3171_From_20070816_to_20070827,9/144/185,0,266.88238525390625,86.29668426513672,1.0,0.4255343235667498,0.0,127.0,,False
DFO_3171_From_20070816_to_20070827,9/144/185,0,286.89471435546875,86.72791290283203,1.0,1.0218194081309226,0.0,127.0,,False
DFO_3171_From_20070816_to_20070827,9/144/185,0,256.9704895019531,83.95271301269531,1.0,0.13020060370586792,0.0,127.0,,False
DFO_3171_From_20070816_to_20070827,9/144/185,0,257.8896484375,87.30845642089844,1.0,0.15758775893547539,0.0,127.0,,False
DFO_3171_From_20070816_to_20070827,9/144/185,0,195.81886291503906,71.4959716796875,1.0,-1.6918663154198919,0.0,127.0,,False
DFO_3171_From_20070816_to_20070827,9/144/185,0,266.329345703125,82.63834381103516,1.0,0.40905601993545576,0.0,127.0,,False
DFO_3171_From_20070816_to_20070827,9/144/185,0,261.793212890625,79.28182220458984,3.0,0.2738979219465167,0.0,127.0,,False
DFO_3171_From_20070816_to_20070827,9/144/185,0,223.809326171875,82.3497314453125,1.0,-0.8578656518594638,0.0,127.0,,False
DFO_3171_From_20070816_to_20070827,9/144/185,0,204.78811645507812,87.39517974853516,21.0,-1.424619455823618,0.0,127.0,,False
DFO_3171_From_20070816_to_20070827,9/144/185,0,263.5115051269531,69.24979400634766,2.0,0.3250959622268397,0.0,127.0,,False
DFO_3171_From_20070816_to_20070827,9/144/185,0,205.01515197753906,84.53800964355469,1.0,-1.4178547311869878,0.0,127.0,,False
DFO_3171_From_20070816_to_20070827,9/144/185,0,305.52435302734375,87.85693359375,2.0,1.5769060057219868,0.0,127.0,,False
DFO_3171_From_20070816_to_20070827,9/144/185,0,315.0946960449219,79.67535400390625,1.0,1.86206285910889,0.0,127.0,,False
DFO_3171_From_20070816_to_20070827,9/144/185,0,206.4235382080078,83.03250122070312,1.0,-1.3758906150527739,0.0,127.0,,False
DFO_3171_From_20070816_to_20070827,9/144/185,0,263.825927734375,86.35383605957031,1.0,0.33446446252003154,0.0,127.0,,False
DFO_3171_From_20070816_to_20070827,9/144/185,0,272.8114013671875,85.12602233886719,1.0,0.6021946141580244,0.0,127.0,,False
DFO_3285_From_20080317_to_20080502,9/144/185,1,245.5563201904297,67.584716796875,8.0,-0.20989468848179352,0.0,127.0,,False
DFO_3285_From_20080317_to_20080502,9/144/185,1,245.95986938476562,71.57636260986328,13.0,-0.19787058252944734,0.0,127.0,,False
DFO_3285_From_20080317_to_20080502,9/144/185,1,241.8641357421875,83.27706909179688,2.0,-0.3199065968795383,0.0,127.0,,False
DFO_3285_From_20080317_to_20080502,9/144/185,1,260.4854431152344,85.48802947998047,1.0,0.23493176227805593,0.0,127.0,,False
DFO_3285_From_20080317_to_20080502,9/144/185,1,247.0657196044922,73.54264068603516,1.0,-0.1649207950040424,0.0,127.0,,False
DFO_3285_From_20080317_to_20080502,9/144/185,1,254.9917755126953,85.92062377929688,1.0,0.07124306645845252,0.0,127.0,,False
DFO_3285_From_20080317_to_20080502,9/144/185,1,233.88198852539062,73.09932708740234,6.0,-0.557741748601073,0.0,127.0,,False
DFO_3285_From_20080317_to_20080502,9/144/185,1,250.49957275390625,82.10981750488281,24.0,-0.06260609664044971,0.0,127.0,,False
DFO_3285_From_20080317_to_20080502,9/144/185,1,252.81893920898438,59.474369049072266,9.0,0.006501482781357066,0.0,127.0,,False
DFO_3285_From_20080317_to_20080502,9/144/185,1,254.2633056640625,76.8443832397461,6.0,0.04953766160077645,0.0,127.0,,False
DFO_3285_From_20080317_to_20080502,9/144/185,1,188.4850616455078,84.29646301269531,3.0,-1.9103834249470306,0.0,127.0,,False
DFO_3285_From_20080317_to_20080502,9/144/185,1,190.21823120117188,74.29007720947266,2.0,-1.8587421017497967,0.0,127.0,,False
DFO_3285_From_20080317_to_20080502,9/144/185,1,193.16896057128906,68.9501724243164,1.0,-1.7708225046325907,0.0,127.0,,False
DFO_3285_From_20080317_to_20080502,9/144/185,1,191.0931396484375,87.12232971191406,2.0,-1.8326734290422828,0.0,127.0,,False
DFO_3285_From_20080317_to_20080502,9/144/185,0,207.58160400390625,87.78162384033203,3.0,-1.3413850181512987,0.0,127.0,,False
DFO_3285_From_20080317_to_20080502,9/144/185,0,221.9193878173828,83.65196990966797,2.0,-0.9141780403780726,0.0,127.0,,False
DFO_3285_From_20080317_to_20080502,9/144/185,0,251.6421661376953,75.94302368164062,7.0,-0.028561513972561698,0.0,127.0,,False
DFO_3285_From_20080317_to_20080502,9/144/185,0,304.5593566894531,86.91460418701172,1.0,1.548153084459149,0.0,127.0,,False
DFO_3285_From_20080317_to_20080502,9/144/185,0,247.11741638183594,79.8543930053711,1.0,-0.16338044369892088,0.0,127.0,,False
DFO_3285_From_20080317_to_20080502,9/144/185,0,294.06024169921875,85.5124740600586,1.0,1.235322646880942,0.0,127.0,,False
DFO_3285_From_20080317_to_20080502,9/144/185,0,324.6540222167969,87.41140747070312,1.0,2.1468914558127064,0.0,127.0,,False
DFO_3285_From_20080317_to_20080502,9/144/185,0,208.8043212890625,83.31366729736328,1.0,-1.3049530728201306,0.0,127.0,,False
DFO_3285_From_20080317_to_20080502,9/144/185,0,274.8962707519531,88.48657989501953,1.0,0.6643151455110273,0.0,127.0,,False
DFO_3285_From_20080317_to_20080502,9/144/185,0,263.79766845703125,84.69093322753906,1.0,0.333622452302474,0.0,127.0,,False
DFO_3285_From_20080317_to_20080502,9/144/185,0,286.89471435546875,86.72791290283203,1.0,1.0218194081309226,0.0,127.0,,False
DFO_3285_From_20080317_to_20080502,9/144/185,0,266.9384460449219,83.43024444580078,1.0,0.4272047045274985,0.0,127.0,,False
DFO_3285_From_20080317_to_20080502,9/144/185,0,244.92874145507812,37.39448547363281,6.0,-0.22859395318909664,0.0,127.0,,False
DFO_3285_From_20080317_to_20080502,9/144/185,0,189.59718322753906,73.96915435791016,35.0,-1.8772467766228047,0.0,127.0,,False
DFO_3285_From_20080317_to_20080502,9/144/185,0,256.5555419921875,86.63494873046875,9.0,0.11783687484179631,0.0,127.0,,False
DFO_3285_From_20080317_to_20080502,9/144/185,0,299.5909729003906,87.63709259033203,1.0,1.4001156854750851,0.0,127.0,,False
DFO_3285_From_20080317_to_20080502,9/144/185,0,213.76007080078125,82.14002227783203,9.0,-1.1572921233285818,0.0,127.0,,False
DFO_3285_From_20080317_to_20080502,9/144/185,0,297.797119140625,88.96537017822266,1.0,1.346666222626001,0.0,127.0,,False
DFO_3285_From_20080317_to_20080502,9/144/185,0,261.8399963378906,78.7606201171875,6.0,0.27529187622677126,0.0,127.0,,False
DFO_3285_From_20080317_to_20080502,9/144/185,0,257.9708557128906,73.88127136230469,1.0,0.16000740168808955,0.0,127.0,,False
DFO_3285_From_20080317_to_20080502,9/144/185,0,297.94134521484375,84.48884582519531,5.0,1.3509635663497346,0.0,127.0,,False
DFO_3285_From_20080317_to_20080502,9/144/185,0,315.0946960449219,79.67535400390625,1.0,1.86206285910889,0.0,127.0,,False
DFO_3285_From_20080317_to_20080502,9/144/185,0,206.4235382080078,83.03250122070312,1.0,-1.3758906150527739,0.0,127.0,,False
DFO_3285_From_20080317_to_20080502,9/144/185,0,276.9364013671875,85.82431030273438,1.0,0.7251026455692793,0.0,127.0,,False
DFO_3285_From_20080317_to_20080502,9/144/185,0,260.4109191894531,86.60950469970703,1.0,0.23271125585119243,0.0,127.0,,False
DFO_3625_From_20100310_to_20100324,9/144/185,1,236.5287322998047,80.49850463867188,16.0,-0.47887967176150287,0.0,127.0,,False
DFO_3625_From_20100310_to_20100324,9/144/185,1,190.12986755371094,82.5535659790039,9.0,-1.8613749749516737,0.0,127.0,,False
DFO_3625_From_20100310_to_20100324,9/144/185,0,190.00106811523438,81.89515686035156,9.0,-1.8652126683892565,0.0,127.0,,False
DFO_3625_From_20100310_to_20100324,9/144/185,0,220.09947204589844,52.68660354614258,1.0,-0.9684040439677549,0.0,127.0,,False
DFO_3625_From_20100310_to_20100324,9/144/185,0,266.6446533203125,85.68241119384766,2.0,0.41845088987908946,0.0,127.0,,False
DFO_3625_From_20100310_to_20100324,9/144/185,0,304.5593566894531,86.91460418701172,1.0,1.548153084459149,0.0,127.0,,False
DFO_3625_From_20100310_to_20100324,9/144/185,0,240.9744415283203,44.895347595214844,1.0,-0.3464158246090898,0.0,127.0,,False
DFO_3625_From_20100310_to_20100324,9/144/185,0,294.06024169921875,85.5124740600586,1.0,1.235322646880942,0.0,127.0,,False
DFO_3625_From_20100310_to_20100324,9/144/185,0,259.5244140625,87.74317169189453,4.0,0.20629704979306077,0.0,127.0,,False
DFO_3625_From_20100310_to_20100324,9/144/185,0,225.424560546875,86.66353607177734,1.0,-0.8097383119081818,0.0,127.0,,False
DFO_3625_From_20100310_to_20100324,9/144/185,0,297.797119140625,88.96537017822266,1.0,1.346666222626001,0.0,127.0,,False
DFO_3625_From_20100310_to_20100324,9/144/185,0,270.0830993652344,83.46186065673828,1.0,0.5209024376354926,0.0,127.0,,False
DFO_3625_From_20100310_to_20100324,9/144/185,0,259.03851318359375,37.15351867675781,2.0,0.19181920240218422,0.0,127.0,,False
DFO_3625_From_20100310_to_20100324,9/144/185,0,256.29290771484375,85.28755187988281,2.0,0.11001145374859926,0.0,127.0,,False
DFO_3625_From_20100310_to_20100324,9/144/185,0,244.92874145507812,37.39448547363281,6.0,-0.22859395318909664,0.0,127.0,,False
DFO_3625_From_20100310_to_20100324,9/144/185,0,192.95323181152344,74.58490753173828,1.0,-1.7772503342523687,0.0,127.0,,False
DFO_3625_From_20100310_to_20100324,9/144/185,0,269.4808349609375,87.01702880859375,2.0,0.502957435860656,0.0,127.0,,False
DFO_3625_From_20100310_to_20100324,9/144/185,0,279.8298034667969,88.42474365234375,2.0,0.8113141258466562,0.0,127.0,,False
DFO_3625_From_20100310_to_20100324,9/144/185,0,223.809326171875,82.3497314453125,1.0,-0.8578656518594638,0.0,127.0,,False
DFO_3625_From_20100310_to_20100324,9/144/185,0,237.46044921875,86.50969696044922,5.0,-0.4511183402851082,0.0,127.0,,False
DFO_3625_From_20100310_to_20100324,9/144/185,0,267.1181335449219,77.91070556640625,4.0,0.4325586528654888,0.0,127.0,,False
DFO_3625_From_20100310_to_20100324,9/144/185,0,257.9708557128906,73.88127136230469,1.0,0.16000740168808955,0.0,127.0,,False
DFO_3625_From_20100310_to_20100324,9/144/185,0,297.94134521484375,84.48884582519531,5.0,1.3509635663497346,0.0,127.0,,False
DFO_3625_From_20100310_to_20100324,9/144/185,0,315.0946960449219,79.67535400390625,1.0,1.86206285910889,0.0,127.0,,False
DFO_3625_From_20100310_to_20100324,9/144/185,0,212.95599365234375,84.85482788085938,1.0,-1.1812503147024553,0.0,127.0,,False
DFO_3625_From_20100310_to_20100324,9/144/185,0,256.4740295410156,73.85725402832031,1.0,0.11540813910627117,0.0,127.0,,False
DFO_3625_From_20100310_to_20100324,9/144/185,0,260.4109191894531,86.60950469970703,1.0,0.23271125585119243,0.0,127.0,,False
DFO_3285_From_20080317_to_20080502,9/144/186,1,89.47698211669922,86.88435363769531,2.0,-0.33285291756523216,0.0,127.0,,False
DFO_3285_From_20080317_to_20080502,9/144/186,0,127.08103942871094,88.81175994873047,3.0,0.24276299055370476,0.0,127.0,,False
DFO_3285_From_20080317_to_20080502,9/144/186,0,235.81651306152344,87.8003158569336,7.0,1.907207544516802,0.0,127.0,,False
DFO_3285_From_20080317_to_20080502,9/144/186,0,251.65850830078125,88.20745086669922,1.0,2.1497054324547733,0.0,127.0,,False
DFO_3285_From_20080317_to_20080502,9/144/186,0,156.2483367919922,81.06617736816406,13.0,0.6892350353076977,0.0,127.0,,False
DFO_3285_From_20080317_to_20080502,9/144/186,0,211.71170043945312,84.3572769165039,1.0,1.5382283811152575,0.0,127.0,,False
DFO_3285_From_20080317_to_20080502,9/144/186,0,90.71302032470703,86.36349487304688,11.0,-0.31393253220179285,0.0,127.0,,False
DFO_3285_From_20080317_to_20080502,9/144/186,0,167.53555297851562,85.74908447265625,1.0,0.8620116360194807,0.0,127.0,,False
DFO_3285_From_20080317_to_20080502,9/144/186,0,144.36903381347656,88.02597045898438,3.0,0.5073951951260358,0.0,127.0,,False
DFO_3285_From_20080317_to_20080502,9/144/186,0,121.02690124511719,84.92640686035156,63.0,0.1500905903519932,0.0,127.0,,False
DFO_3285_From_20080317_to_20080502,9/144/186,0,341.1298828125,87.33938598632812,1.0,3.5192689894638645,0.0,127.0,,False
DFO_3285_From_20080317_to_20080502,9/144/186,0,121.80413055419922,87.92020416259766,1.0,0.16198785853376999,0.0,127.0,,False
DFO_3285_From_20080317_to_20080502,9/144/186,0,188.3644256591797,88.55821228027344,3.0,1.1808450630535476,0.0,127.0,,False
DFO_3285_From_20080317_to_20080502,9/144/186,0,139.14561462402344,85.39286804199219,58.0,0.4274388447972502,0.0,127.0,,False
DFO_3285_From_20080317_to_20080502,9/144/186,0,158.1708221435547,72.37017059326172,7.0,0.7186630606482378,0.0,127.0,,False
DFO_3285_From_20080317_to_20080502,9/144/186,0,269.57611083984375,84.53268432617188,1.0,2.423975226569308,0.0,127.0,,False
DFO_3285_From_20080317_to_20080502,9/144/186,0,147.71031188964844,88.1827163696289,6.0,0.5585410807451182,0.0,127.0,,False
DFO_3285_From_20080317_to_20080502,9/144/186,0,233.22767639160156,88.6308822631836,2.0,1.8675794916616468,0.0,127.0,,False
DFO_3285_From_20080317_to_20080502,9/144/186,0,183.2823028564453,84.95842742919922,1.0,1.10305157635621,0.0,127.0,,False
DFO_3285_From_20080317_to_20080502,9/144/186,0,169.3579559326172,88.10196685791016,5.0,0.8899076718828428,0.0,127.0,,False
DFO_3285_From_20080317_to_20080502,9/144/186,0,180.8502197265625,83.23755645751953,1.0,1.0658229941366775,0.0,127.0,,False
DFO_3285_From_20080317_to_20080502,9/144/186,0,121.24556732177734,87.39022064208984,15.0,0.1534377736425403,0.0,127.0,,False
DFO_3285_From_20080317_to_20080502,9/144/186,0,103.53528594970703,86.50186157226562,1.0,-0.1176584969125472,0.0,127.0,,False
DFO_3285_From_20080317_to_20080502,9/144/186,0,160.35292053222656,86.96170043945312,3.0,0.7520650559483304,0.0,127.0,,False
DFO_3285_From_20080317_to_20080502,9/144/186,0,253.45718383789062,80.24490356445312,2.0,2.177238266056051,0.0,127.0,,False
DFO_3285_From_20080317_to_20080502,9/144/186,0,159.85610961914062,77.88114929199219,36.0,0.7444602312208665,0.0,127.0,,False
DFO_3285_From_20080317_to_20080502,9/144/187,1,195.6623992919922,76.95977020263672,1.0,1.5120070736559672,95.0,0.0,,False
DFO_3285_From_20080317_to_20080502,9/144/187,1,188.99441528320312,75.47929382324219,1.0,1.3787683606344947,90.0,0.0,,False
DFO_3285_From_20080317_to_20080502,9/144/187,1,193.42442321777344,70.81449127197266,14.0,1.4672881523885022,82.0,0.0,,False
DFO_3285_From_20080317_to_20080502,9/144/187,1,187.3541259765625,74.01577758789062,2.0,1.3459923317910527,90.0,0.0,,False
DFO_3285_From_20080317_to_20080502,9/144/187,1,189.48216247558594,77.0788345336914,1.0,1.3885144560221356,81.0,0.0,,False
DFO_3285_From_20080317_to_20080502,9/144/187,1,187.0647735595703,76.32353210449219,21.0,1.3402105327347151,41.0,0.0,,False
DFO_3285_From_20080317_to_20080502,9/144/187,1,187.2955780029297,20.74863052368164,19.0,1.3448224344657789,41.0,0.0,,False
DFO_3285_From_20080317_to_20080502,9/144/187,1,187.55616760253906,34.95600128173828,15.0,1.3500294989747772,90.0,0.0,,False
DFO_3285_From_20080317_to_20080502,9/144/187,1,188.3843231201172,50.65748596191406,7.0,1.3665775853526538,90.0,0.0,,False
DFO_3285_From_20080317_to_20080502,9/144/187,1,188.82810974121094,40.347774505615234,5.0,1.375445266824706,90.0,0.0,,False
DFO_3285_From_20080317_to_20080502,9/144/187,1,188.71282958984375,43.06671142578125,11.0,1.3731417551508869,90.0,0.0,,False
DFO_3285_From_20080317_to_20080502,9/144/187,1,190.59754943847656,61.05643844604492,1.0,1.4108019605003392,90.0,0.0,,False
DFO_3285_From_20080317_to_20080502,9/144/187,1,190.9471893310547,71.46422576904297,4.0,1.417788415363859,95.0,0.0,,False
DFO_3285_From_20080317_to_20080502,9/144/187,1,191.76014709472656,49.89700698852539,18.0,1.434032822373486,82.0,0.0,,False
DFO_3285_From_20080317_to_20080502,9/144/187,1,185.49314880371094,52.53001403808594,29.0,1.308806549229749,95.0,0.0,,False
DFO_3285_From_20080317_to_20080502,9/144/187,1,186.96620178222656,42.32659149169922,26.0,1.3382408854265917,90.0,0.0,,False
DFO_3285_From_20080317_to_20080502,9/144/187,1,187.73959350585938,67.7760009765625,3.0,1.3536946894222928,95.0,0.0,,False
DFO_3285_From_20080317_to_20080502,9/144/187,1,189.57113647460938,79.33784484863281,2.0,1.3902923218818364,22.0,21.0,,False
DFO_3285_From_20080317_to_20080502,9/144/187,1,192.49429321289062,82.33316802978516,3.0,1.4487024262335069,81.0,0.0,,False
DFO_3285_From_20080317_to_20080502,9/144/187,1,190.7449188232422,83.4648666381836,3.0,1.4137466746956726,90.0,0.0,,False
DFO_3285_From_20080317_to_20080502,9/144/187,1,189.83876037597656,83.77113342285156,48.0,1.3956399448132875,90.0,0.0,,False
DFO_3285_From_20080317_to_20080502,9/144/187,1,190.49729919433594,77.78076171875,37.0,1.4087987743061643,81.0,0.0,,False
DFO_3285_From_20080317_to_20080502,9/144/187,1,190.8084259033203,67.6220474243164,34.0,1.415015664184281,90.0,0.0,,False
DFO_3285_From_20080317_to_20080502,9/144/187,0,188.40084838867188,72.51883697509766,2.0,1.3669077909307803,82.0,0.0,,False
DFO_3285_From_20080317_to_20080502,9/144/187,0,129.02529907226562,85.9092788696289,4.0,0.18047396543970243,41.0,0.0,,False
DFO_3285_From_20080317_to_20080502,9/144/187,0,108.66883850097656,83.62372589111328,7.0,-0.2262859494934866,41.0,0.0,,False
DFO_3285_From_20080317_to_20080502,9/144/187,0,185.27430725097656,75.72014617919922,1.0,1.3044336882865442,81.0,0.0,,False
DFO_3285_From_20080317_to_20080502,9/144/187,0,105.61055755615234,83.94178771972656,2.0,-0.2873960866217957,41.0,0.0,,False
DFO_3285_From_20080317_to_20080502,9/144/187,0,198.77340698242188,65.7130355834961,1.0,1.5741707891547438,41.0,0.0,,False
DFO_3285_From_20080317_to_20080502,9/144/187,0,196.53697204589844,72.69795989990234,1.0,1.5294826626826534,82.0,0.0,,False
DFO_3285_From_20080317_to_20080502,9/144/187,0,181.7257843017578,78.27357482910156,2.0,1.2335276047899628,41.0,0.0,,False
DFO_3285_From_20080317_to_20080502,9/144/187,0,189.58782958984375,55.67681884765625,1.0,1.3906258813485681,90.0,0.0,,False
DFO_3285_From_20080317_to_20080502,9/144/187,0,99.66107940673828,82.34663391113281,10.0,-0.4062777172214557,82.0,0.0,,False
DFO_3285_From_20080317_to_20080502,9/144/187,0,84.38367462158203,85.02073669433594,59.0,-0.7115486580634343,21.0,3.0,,False
DFO_3285_From_20080317_to_20080502,9/144/187,0,129.60726928710938,85.7006607055664,8.0,0.19210281193069648,82.0,0.0,,False
DFO_3285_From_20080317_to_20080502,9/144/187,0,186.5270233154297,86.65923309326172,4.0,1.3294652834416996,82.0,0.0,,False
DFO_3285_From_20080317_to_20080502,9/144/187,0,177.77618408203125,28.70857810974121,7.0,1.1546072520218613,41.0,0.0,,False
DFO_3285_From_20080317_to_20080502,9/144/187,0,92.21554565429688,85.66966247558594,7.0,-0.555053319206348,81.0,0.0,,False
DFO_3285_From_20080317_to_20080502,9/144/187,0,200.46372985839844,73.33635711669922,1.0,1.6079465817014886,82.0,0.0,,False
DFO_3285_From_20080317_to_20080502,9/144/187,0,162.2140350341797,86.71202087402344,5.0,0.843646591610705,82.0,0.0,,False
DFO_3285_From_20080317_to_20080502,9/144/187,0,195.65298461914062,55.12623977661133,1.0,1.511818950995114,41.0,0.0,,False
DFO_3285_From_20080317_to_20080502,9/144/187,0,121.31304931640625,84.57085418701172,5.0,0.026368882011723365,71.0,0.0,,False
DFO_3285_From_20080317_to_20080502,9/144/187,0,164.3907470703125,87.30168151855469,2.0,0.8871413435372854,41.0,0.0,,False
DFO_3285_From_20080317_to_20080502,9/144/187,0,218.18710327148438,85.72266387939453,2.0,1.962092521590658,82.0,0.0,,False
DFO_3285_From_20080317_to_20080502,9/144/187,0,183.23074340820312,61.07597351074219,1.0,1.2635994847207506,90.0,0.0,,False
DFO_3285_From_20080317_to_20080502,9/144/187,0,229.860107421875,85.14069366455078,1.0,2.1953408389295,81.0,0.0,,False
DFO_3285_From_20080317_to_20080502,9/144/187,0,96.30097198486328,83.53208923339844,2.0,-0.47341890830925903,82.0,0.0,,False
DFO_3285_From_20080317_to_20080502,9/144/187,0,177.18284606933594,86.13323974609375,1.0,1.1427512558026085,82.0,0.0,,False
DFO_3625_From_20100310_to_20100324,9/144/187,1,197.354248046875,73.36994171142578,2.0,1.5458133560991227,23.0,56.0,,False
DFO_3625_From_20100310_to_20100324,9/144/187,1,195.6623992919922,76.95977020263672,1.0,1.5120070736559672,95.0,0.0,,False
DFO_3625_From_20100310_to_20100324,9/144/187,1,188.99441528320312,75.47929382324219,1.0,1.3787683606344947,90.0,0.0,,False
DFO_3625_From_20100310_to_20100324,9/144/187,1,194.0452117919922,69.52288818359375,7.0,1.4796926618441815,90.0,0.0,,False
DFO_3625_From_20100310_to_20100324,9/144/187,1,193.42442321777344,70.81449127197266,14.0,1.4672881523885022,82.0,0.0,,False
DFO_3625_From_20100310_to_20100324,9/144/187,1,187.3541259765625,74.01577758789062,2.0,1.3459923317910527,90.0,0.0,,False
DFO_3625_From_20100310_to_20100324,9/144/187,1,189.48216247558594,77.0788345336914,1.0,1.3885144560221356,81.0,0.0,,False
DFO_3625_From_20100310_to_20100324,9/144/187,1,187.55616760253906,34.95600128173828,15.0,1.3500294989747772,90.0,0.0,,False
DFO_3625_From_20100310_to_20100324,9/144/187,1,188.71282958984375,43.06671142578125,11.0,1.3731417551508869,90.0,0.0,,False
DFO_3625_From_20100310_to_20100324,9/144/187,1,190.9471893310547,71.46422576904297,4.0,1.417788415363859,95.0,0.0,,False
DFO_3625_From_20100310_to_20100324,9/144/187,1,191.7178955078125,66.4157943725586,21.0,1.4331885571418772,90.0,0.0,,False
DFO_3625_From_20100310_to_20100324,9/144/187,1,191.76014709472656,49.89700698852539,18.0,1.434032822373486,82.0,0.0,,False
DFO_3625_From_20100310_to_20100324,9/144/187,1,186.96620178222656,42.32659149169922,26.0,1.3382408854265917,90.0,0.0,,False
DFO_3625_From_20100310_to_20100324,9/144/187,1,189.83876037597656,83.77113342285156,48.0,1.3956399448132875,90.0,0.0,,False
DFO_3625_From_20100310_to_20100324,9/144/187,1,190.8084259033203,67.6220474243164,34.0,1.415015664184281,90.0,0.0,,False
DFO_3625_From_20100310_to_20100324,9/144/187,0,187.00230407714844,78.60385131835938,2.0,1.3389622763756661,90.0,0.0,,False
DFO_3625_From_20100310_to_20100324,9/144/187,0,113.17243957519531,83.61602020263672,5.0,-0.13629563003559694,41.0,0.0,,False
DFO_3625_From_20100310_to_20100324,9/144/187,0,103.10587310791016,84.20341491699219,7.0,-0.33744433688286546,82.0,0.0,,False
DFO_3625_From_20100310_to_20100324,9/144/187,0,183.67364501953125,79.19524383544922,2.0,1.2724494820528847,81.0,0.0,,False
DFO_3625_From_20100310_to_20100324,9/144/187,0,108.98853302001953,75.45587921142578,1.0,-0.21989785884702456,90.0,0.0,,False
DFO_3625_From_20100310_to_20100324,9/144/187,0,186.0110321044922,80.50035095214844,1.0,1.3191548200714989,22.0,46.0,,False
DFO_3625_From_20100310_to_20100324,9/144/187,0,196.53697204589844,72.69795989990234,1.0,1.5294826626826534,82.0,0.0,,False
DFO_3625_From_20100310_to_20100324,9/144/187,0,180.61656188964844,62.38010025024414,4.0,1.2113632794932578,82.0,0.0,,False
DFO_3625_From_20100310_to_20100324,9/144/187,0,193.588623046875,75.53307342529297,2.0,1.4705691701412444,82.0,0.0,,False
DFO_3625_From_20100310_to_20100324,9/144/187,0,102.88343811035156,80.26409912109375,2.0,-0.3418890015321173,21.0,8.0,,False
DFO_3625_From_20100310_to_20100324,9/144/187,0,89.88562774658203,85.10580444335938,2.0,-0.6016094091820323,41.0,0.0,,False
DFO_3625_From_20100310_to_20100324,9/144/187,0,117.08564758300781,81.88516998291016,5.0,-0.058102461296887745,82.0,0.0,,False
DFO_3625_From_20100310_to_20100324,9/144/187,0,181.4468536376953,86.96846771240234,2.0,1.2279540517261092,82.0,0.0,,False
DFO_3625_From_20100310_to_20100324,9/144/187,0,191.89718627929688,52.90220260620117,1.0,1.4367711199701199,90.0,0.0,,False
DFO_3625_From_20100310_to_20100324,9/144/187,0,92.97877502441406,84.11929321289062,1.0,-0.5398025779207415,21.0,7.0,,False
DFO_3625_From_20100310_to_20100324,9/144/187,0,201.0983123779297,70.90325927734375,1.0,1.6206267198207194,82.0,0.0,,False
DFO_3625_From_20100310_to_20100324,9/144/187,0,155.3461456298828,85.36003112792969,3.0,0.7064133972604828,82.0,0.0,,False
DFO_3625_From_20100310_to_20100324,9/144/187,0,191.89122009277344,72.5138931274414,1.0,1.4366519044751545,90.0,0.0,,False
DFO_3625_From_20100310_to_20100324,9/144/187,0,119.39622497558594,67.45588684082031,1.0,-0.011932830758207499,90.0,0.0,,False
DFO_3625_From_20100310_to_20100324,9/144/187,0,146.8112335205078,86.4980239868164,9.0,0.5358699910817053,21.0,17.0,,False
DFO_3625_From_20100310_to_20100324,9/144/187,0,216.1914520263672,85.7607192993164,2.0,1.9222157007721565,82.0,0.0,,False
DFO_3625_From_20100310_to_20100324,9/144/187,0,181.15582275390625,57.844276428222656,54.0,1.2221387137837199,41.0,0.0,,False
DFO_3625_From_20100310_to_20100324,9/144/187,0,180.7819061279297,62.890228271484375,3.0,1.214667164668308,81.0,0.0,,False
DFO_3625_From_20100310_to_20100324,9/144/187,0,94.76449584960938,83.47698211669922,8.0,-0.5041205570504074,82.0,0.0,,False
DFO_3625_From_20100310_to_20100324,9/144/187,0,165.2498321533203,86.64598846435547,7.0,0.9043074601154043,82.0,0.0,,False
DFO_2606_From_20050105_to_20050201,9/144/189,1,588.8604125976562,88.12862396240234,1.0,0.7069812966644268,41.0,0.0,,False
DFO_2606_From_20050105_to_20050201,9/144/189,0,493.3964538574219,88.42317962646484,22.0,-0.6734480549504049,41.0,0.0,,False
DFO_2606_From_20050105_to_20050201,9/144/189,0,607.935546875,86.0413589477539,1.0,0.9828118361677254,41.0,0.0,,False
DFO_2606_From_20050105_to_20050201,9/144/189,0,558.0384521484375,87.89485931396484,1.0,0.2612891271809829,41.0,0.0,,False
DFO_2606_From_20050105_to_20050201,9/144/189,0,529.2991943359375,88.52601623535156,7.0,-0.15428671475485362,81.0,0.0,,False
DFO_2606_From_20050105_to_20050201,9/144/189,0,425.35205078125,89.09413146972656,14.0,-1.6573847412033933,82.0,0.0,,False
DFO_2606_From_20050105_to_20050201,9/144/189,0,571.0697021484375,88.687255859375,3.0,0.4497238016446685,41.0,0.0,,False
DFO_2606_From_20050105_to_20050201,9/144/189,0,514.0363159179688,89.20881652832031,1.0,-0.3749912155562928,81.0,0.0,,False
DFO_2606_From_20050105_to_20050201,9/144/189,0,563.6766967773438,88.7404556274414,1.0,0.3428193557618614,41.0,0.0,,False
DFO_2606_From_20050105_to_20050201,9/144/189,0,443.3480529785156,87.48863220214844,12.0,-1.3971586834046772,41.0,0.0,,False
DFO_2606_From_20050105_to_20050201,9/144/189,0,585.8180541992188,88.29164123535156,1.0,0.6629881406424465,82.0,0.0,,False
DFO_2606_From_20050105_to_20050201,9/144/189,0,502.0586242675781,89.01168823242188,1.0,-0.5481912099519004,41.0,0.0,,False
DFO_2606_From_20050105_to_20050201,9/144/189,0,528.228759765625,89.317626953125,2.0,-0.16976542859976573,41.0,0.0,,False
DFO_2606_From_20050105_to_20050201,9/144/189,0,625.50341796875,84.67512512207031,1.0,1.2368470262355065,81.0,0.0,,False
DFO_2606_From_20050105_to_20050201,9/144/189,0,534.6929321289062,87.69914245605469,7.0,-0.07629210754828906,41.0,0.0,,False
DFO_2606_From_20050105_to_20050201,9/144/189,0,513.1510620117188,88.89183044433594,2.0,-0.38779217721706394,41.0,0.0,,False
DFO_2606_From_20050105_to_20050201,9/144/189,0,523.1913452148438,89.17591857910156,2.0,-0.2426075251764639,41.0,0.0,,False
DFO_2606_From_20050105_to_20050201,9/144/189,0,548.0814819335938,87.31224822998047,9.0,0.11730919884880486,41.0,0.0,,False
DFO_2606_From_20050105_to_20050201,9/144/189,0,616.5493774414062,88.05140686035156,1.0,1.1073696766409038,41.0,0.0,,False
DFO_2606_From_20050105_to_20050201,9/144/189,0,499.342041015625,89.0305404663086,1.0,-0.5874735873704356,43.0,0.0,,False
DFO_2606_From_20050105_to_20050201,9/144/189,0,543.053955078125,89.42315673828125,1.0,0.04461008047046888,41.0,0.0,,False
DFO_2606_From_20050105_to_20050201,9/144/189,0,638.483642578125,88.55709075927734,1.0,1.4245438625891256,41.0,0.0,,False
DFO_2606_From_20050105_to_20050201,9/144/189,0,619.7957153320312,88.3153076171875,3.0,1.1543124199402073,41.0,0.0,,False
DFO_2606_From_20050105_to_20050201,9/144/189,0,472.8563232421875,88.19432067871094,22.0,-0.9704627562202963,81.0,0.0,,False
DFO_2606_From_20050105_to_20050201,9/144/189,0,564.8257446289062,87.23814392089844,1.0,0.35943483454189995,41.0,0.0,,False
DFO_2606_From_20050105_to_20050201,9/144/189,0,611.2586059570312,89.02027893066406,1.0,1.0308639843765428,42.0,0.0,,False
DFO_4115_From_20131222_to_20140104,9/144/189,1,492.7591552734375,89.36295318603516,1.0,-0.6826635293837298,41.0,0.0,,False
DFO_4115_From_20131222_to_20140104,9/144/189,1,439.20941162109375,88.54094696044922,6.0,-1.4570043265246952,41.0,0.0,,False
DFO_4115_From_20131222_to_20140104,9/144/189,0,654.0148315429688,87.85792541503906,1.0,1.6491281915387135,41.0,0.0,,False
DFO_4115_From_20131222_to_20140104,9/144/189,0,618.490478515625,88.95250701904297,1.0,1.1354384151749293,41.0,0.0,,False
DFO_4115_From_20131222_to_20140104,9/144/189,0,611.1217041015625,89.03624725341797,1.0,1.0288843541362567,43.0,0.0,,False
DFO_4115_From_20131222_to_20140104,9/144/189,0,524.6732177734375,88.99197387695312,2.0,-0.22117932963303696,42.0,0.0,,False
DFO_4115_From_20131222_to_20140104,9/144/189,0,537.7813110351562,88.12545013427734,9.0,-0.03163348509689476,81.0,0.0,,False
DFO_4115_From_20131222_to_20140104,9/144/189,0,553.072998046875,88.71048736572266,1.0,0.18948759415903169,41.0,0.0,,False
DFO_4115_From_20131222_to_20140104,9/144/189,0,487.28167724609375,89.05854034423828,2.0,-0.7618690383690159,43.0,0.0,,False
DFO_4115_From_20131222_to_20140104,9/144/189,0,473.410888671875,89.14708709716797,2.0,-0.9624436209714154,41.0,0.0,,False
DFO_4115_From_20131222_to_20140104,9/144/189,0,616.31591796875,88.70993041992188,1.0,1.1039938025129081,43.0,0.0,,False
DFO_4115_From_20131222_to_20140104,9/144/189,0,503.80023193359375,88.2863998413086,4.0,-0.5230071889570523,81.0,0.0,,False
DFO_4115_From_20131222_to_20140104,9/144/189,0,613.1759033203125,88.18368530273438,1.0,1.0585885161367334,81.0,0.0,,False
DFO_4115_From_20131222_to_20140104,9/144/189,0,503.3570556640625,89.37134552001953,3.0,-0.5294156130206803,41.0,0.0,,False
DFO_4115_From_20131222_to_20140104,9/144/189,0,503.83868408203125,88.63227081298828,8.0,-0.5224511626300884,42.0,0.0,,False
DFO_4115_From_20131222_to_20140104,9/144/189,0,581.2362670898438,88.8250961303711,1.0,0.5967345147495361,42.0,0.0,,False
DFO_4115_From_20131222_to_20140104,9/144/189,0,578.367919921875,88.27706909179688,1.0,0.5552575985024357,41.0,0.0,,False
DFO_4115_From_20131222_to_20140104,9/144/189,0,541.8024291992188,88.75152587890625,1.0,0.02651274739999773,43.0,0.0,,False
DFO_4115_From_20131222_to_20140104,9/144/189,0,591.8304443359375,87.5505142211914,1.0,0.7499285936428318,41.0,0.0,,False
DFO_4115_From_20131222_to_20140104,9/144/189,0,574.1806640625,89.15984344482422,1.0,0.49470897924047025,41.0,0.0,,False
DFO_4115_From_20131222_to_20140104,9/144/189,0,635.713623046875,88.80182647705078,1.0,1.3844887850924046,41.0,0.0,,False
DFO_4115_From_20131222_to_20140104,9/144/189,0,552.46923828125,87.04527282714844,5.0,0.1807570982442255,41.0,0.0,,False
DFO_4115_From_20131222_to_20140104,9/144/189,0,624.2050170898438,88.26258087158203,1.0,1.218071870595022,41.0,0.0,,False
DFO_4115_From_20131222_to_20140104,9/144/189,0,541.3128051757812,89.20237731933594,2.0,0.019432678836656125,81.0,0.0,,False
DFO_4115_From_20131222_to_20140104,9/144/189,0,475.04254150390625,88.9739990234375,1.0,-0.938849570497243,24.0,82.0,,False
DFO_4115_From_20131222_to_20140104,9/144/189,0,566.0214233398438,88.55027770996094,2.0,0.37672460556606624,81.0,0.0,,False
DFO_4115_From_20131222_to_20140104,9/144/189,0,567.7116088867188,88.71863555908203,1.0,0.40116505167128386,21.0,5.0,,False
DFO_4314_From_20151215_to_20160129,9/144/189,1,568.6216430664062,88.9465560913086,1.0,0.41432434140943186,41.0,0.0,,False
DFO_4314_From_20151215_to_20160129,9/144/189,1,492.7591552734375,89.36295318603516,1.0,-0.6826635293837298,41.0,0.0,,False
DFO_4314_From_20151215_to_20160129,9/144/189,1,439.20941162109375,88.54094696044922,6.0,-1.4570043265246952,41.0,0.0,,False
DFO_4314_From_20151215_to_20160129,9/144/189,1,630.3522338867188,88.64181518554688,1.0,1.306961946065667,41.0,0.0,,False
DFO_4314_From_20151215_to_20160129,9/144/189,0,654.0148315429688,87.85792541503906,1.0,1.6491281915387135,41.0,0.0,,False
DFO_4314_From_20151215_to_20160129,9/144/189,0,618.490478515625,88.95250701904297,1.0,1.1354384151749293,41.0,0.0,,False
DFO_4314_From_20151215_to_20160129,9/144/189,0,645.5509643554688,88.8054428100586,1.0,1.5267388537406947,43.0,0.0,,False
DFO_4314_From_20151215_to_20160129,9/144/189,0,524.6732177734375,88.99197387695312,2.0,-0.22117932963303696,42.0,0.0,,False
DFO_4314_From_20151215_to_20160129,9/144/189,0,529.8475952148438,87.8219223022461,11.0,-0.14635672023458132,42.0,0.0,,False
DFO_4314_From_20151215_to_20160129,9/144/189,0,553.072998046875,88.71048736572266,1.0,0.18948759415903169,41.0,0.0,,False
DFO_4314_From_20151215_to_20160129,9/144/189,0,487.28167724609375,89.05854034423828,2.0,-0.7618690383690159,43.0,0.0,,False
DFO_4314_From_20151215_to_20160129,9/144/189,0,473.410888671875,89.14708709716797,2.0,-0.9624436209714154,41.0,0.0,,False
DFO_4314_From_20151215_to_20160129,9/144/189,0,616.31591796875,88.70993041992188,1.0,1.1039938025129081,43.0,0.0,,False
DFO_4314_From_20151215_to_20160129,9/144/189,0,570.2805786132812,88.8642807006836,1.0,0.43831290580130733,42.0,0.0,,False
DFO_4314_From_20151215_to_20160129,9/144/189,0,628.0438232421875,86.60458374023438,1.0,1.2735818322369281,43.0,0.0,,False
DFO_4314_From_20151215_to_20160129,9/144/189,0,605.8616333007812,89.17317199707031,1.0,0.9528226003519955,41.0,0.0,,False
DFO_4314_From_20151215_to_20160129,9/144/189,0,558.4992065429688,88.83950805664062,1.0,0.26795173470836586,43.0,0.0,,False
DFO_4314_From_20151215_to_20160129,9/144/189,0,563.6766967773438,88.7404556274414,1.0,0.3428193557618614,41.0,0.0,,False
DFO_4314_From_20151215_to_20160129,9/144/189,0,578.367919921875,88.27706909179688,1.0,0.5552575985024357,41.0,0.0,,False
DFO_4314_From_20151215_to_20160129,9/144/189,0,495.5188293457031,88.53749084472656,3.0,-0.6427580494464062,41.0,0.0,,False
DFO_4314_From_20151215_to_20160129,9/144/189,0,552.46923828125,87.04527282714844,5.0,0.1807570982442255,41.0,0.0,,False
DFO_4314_From_20151215_to_20160129,9/144/189,0,574.1806640625,89.15984344482422,1.0,0.49470897924047025,41.0,0.0,,False
DFO_4314_From_20151215_to_20160129,9/144/189,0,606.9472045898438,88.58924865722656,1.0,0.9685201944018078,81.0,0.0,,False
DFO_4314_From_20151215_to_20160129,9/144/189,0,552.46923828125,87.04527282714844,5.0,0.1807570982442255,41.0,0.0,,False
DFO_4314_From_20151215_to_20160129,9/144/189,0,598.5658569335938,84.33547973632812,2.0,0.8473241067530831,41.0,0.0,,False
DFO_4314_From_20151215_to_20160129,9/144/189,0,541.3128051757812,89.20237731933594,2.0,0.019432678836656125,81.0,0.0,,False
DFO_4314_From_20151215_to_20160129,9/144/189,0,556.8897094726562,88.703125,1.0,0.24467806130830128,81.0,0.0,,False
DFO_4314_From_20151215_to_20160129,9/144/189,0,550.3938598632812,76.71601104736328,8.0,0.15074668047318282,42.0,0.0,,False
DFO_4314_From_20151215_to_20160129,9/144/189,0,583.27734375,89.07662963867188,1.0,0.626248921733668,41.0,0.0,,False
DFO_2597_From_20041207_to_20041220,9/144/190,1,555.49365234375,85.19491577148438,35.0,-0.4337235774045101,41.0,0.0,,False
DFO_2597_From_20041207_to_20041220,9/144/190,0,661.8212280273438,88.4865493774414,1.0,1.3299955314018679,41.0,0.0,,False
DFO_2597_From_20041207_to_20041220,9/144/190,0,615.0641479492188,88.9482192993164,1.0,0.5544078715159709,41.0,0.0,,False
DFO_2597_From_20041207_to_20041220,9/144/190,0,540.6798095703125,88.59383392333984,1.0,-0.6794496499345023,81.0,0.0,,False
DFO_2597_From_20041207_to_20041220,9/144/190,0,627.5962524414062,88.39403533935547,1.0,0.7622853861148469,41.0,0.0,,False
DFO_2597_From_20041207_to_20041220,9/144/190,0,596.7684936523438,89.29882049560547,1.0,0.25092690823757147,41.0,0.0,,False
DFO_2597_From_20041207_to_20041220,9/144/190,0,648.9437866210938,87.81195831298828,1.0,1.1163897068101005,41.0,0.0,,False
DFO_2597_From_20041207_to_20041220,9/144/190,0,608.5231323242188,88.48583984375,1.0,0.445908132152557,41.0,0.0,,False
DFO_2597_From_20041207_to_20041220,9/144/190,0,614.094970703125,87.52203369140625,1.0,0.5383315487204382,41.0,0.0,,False
DFO_2597_From_20041207_to_20041220,9/144/190,0,598.5313720703125,87.17579650878906,10.0,0.2801688272062327,41.0,0.0,,False
DFO_2597_From_20041207_to_20041220,9/144/190,0,552.2879028320312,88.82645416259766,1.0,-0.48689926240921855,41.0,0.0,,False
DFO_2597_From_20041207_to_20041220,9/144/190,0,647.38232421875,86.43553161621094,1.0,1.0904887957906337,41.0,0.0,,False
DFO_2597_From_20041207_to_20041220,9/144/190,0,553.34130859375,89.08748626708984,1.0,-0.4694257908349318,43.0,0.0,,False
DFO_2597_From_20041207_to_20041220,9/144/190,0,556.10888671875,88.5615234375,1.0,-0.42351831675969814,41.0,0.0,,False
DFO_2597_From_20041207_to_20041220,9/144/190,0,669.2348022460938,88.63894653320312,1.0,1.4529689221718527,41.0,0.0,,False
DFO_2597_From_20041207_to_20041220,9/144/190,0,554.8755493164062,88.9904556274414,1.0,-0.4439764221019319,41.0,0.0,,False
DFO_2597_From_20041207_to_20041220,9/144/190,0,635.08935546875,88.3822021484375,1.0,0.8865779688114377,41.0,0.0,,False
DFO_2597_From_20041207_to_20041220,9/144/190,0,658.3528442382812,88.25485229492188,1.0,1.2724633745167402,41.0,0.0,,False
DFO_2597_From_20041207_to_20041220,9/144/190,0,530.0465698242188,85.96000671386719,1.0,-0.8558295589856851,81.0,0.0,,False
DFO_2597_From_20041207_to_20041220,9/144/190,0,542.6566162109375,88.71228790283203,1.0,-0.6466591755531361,41.0,0.0,,False
DFO_2597_From_20041207_to_20041220,9/144/190,0,633.9130859375,88.08883666992188,2.0,0.8670664823881423,22.0,34.0,,False
DFO_2597_From_20041207_to_20041220,9/144/190,0,645.3614501953125,86.71759033203125,2.0,1.05696734936705,41.0,0.0,,False
DFO_2597_From_20041207_to_20041220,9/144/190,0,522.5113525390625,88.1664810180664,2.0,-0.980820716071653,41.0,0.0,,False
DFO_2597_From_20041207_to_20041220,9/144/190,0,636.2142333984375,87.59119415283203,1.0,0.9052369919943628,41.0,0.0,,False
DFO_2597_From_20041207_to_20041220,9/144/190,0,599.6268310546875,89.03309631347656,1.0,0.2983398607432452,41.0,0.0,,False
DFO_2597_From_20041207_to_20041220,9/144/190,0,466.1600646972656,86.58283233642578,2.0,-1.9155532399108204,41.0,0.0,,False
DFO_2606_From_20050105_to_20050201,9/144/190,1,633.7562255859375,89.0177993774414,1.0,0.8644645458943758,41.0,0.0,,False
DFO_2606_From_20050105_to_20050201,9/144/190,1,575.4185180664062,89.05313873291016,3.0,-0.10321790952373298,43.0,0.0,,False
DFO_2606_From_20050105_to_20050201,9/144/190,1,541.7857055664062,89.19747161865234,1.0,-0.6611054914401225,41.0,0.0,,False
DFO_2606_From_20050105_to_20050201,9/144/190,1,585.7665405273438,88.8232650756836,1.0,0.06843092978606033,41.0,0.0,,False
DFO_2606_From_20050105_to_20050201,9/144/190,1,704.302001953125,87.6005859375,1.0,2.0346495428197624,41.0,0.0,,False
DFO_2606_From_20050105_to_20050201,9/144/190,1,618.6650390625,88.49996948242188,1.0,0.614138006661008,43.0,0.0,,False
DFO_2606_From_20050105_to_20050201,9/144/190,0,596.6871948242188,89.04557800292969,1.0,0.24957835593807848,81.0,0.0,,False
DFO_2606_From_20050105_to_20050201,9/144/190,0,615.0641479492188,88.9482192993164,1.0,0.5544078715159709,41.0,0.0,,False
DFO_2606_From_20050105_to_20050201,9/144/190,0,499.3420715332031,88.5242919921875,2.0,-1.3651434412407188,41.0,0.0,,False
DFO_2606_From_20050105_to_20050201,9/144/190,0,617.3309326171875,87.35295104980469,5.0,0.5920083849175258,41.0,0.0,,False
DFO_2606_From_20050105_to_20050201,9/144/190,0,596.7684936523438,89.29882049560547,1.0,0.25092690823757147,41.0,0.0,,False
DFO_2606_From_20050105_to_20050201,9/144/190,0,642.019775390625,88.30577087402344,1.0,1.001536990209961,41.0,0.0,,False
DFO_2606_From_20050105_to_20050201,9/144/190,0,575.56298828125,89.07902526855469,2.0,-0.10082149564017445,43.0,0.0,,False
DFO_2606_From_20050105_to_20050201,9/144/190,0,614.094970703125,87.52203369140625,1.0,0.5383315487204382,41.0,0.0,,False
DFO_2606_From_20050105_to_20050201,9/144/190,0,645.9163818359375,87.27438354492188,1.0,1.066172332480406,41.0,0.0,,False
DFO_2606_From_20050105_to_20050201,9/144/190,0,537.4541015625,88.97819519042969,3.0,-0.7329563984541764,41.0,0.0,,False
DFO_2606_From_20050105_to_20050201,9/144/190,0,638.2561645507812,88.92330932617188,1.0,0.9391077256126352,41.0,0.0,,False
DFO_2606_From_20050105_to_20050201,9/144/190,0,538.2520751953125,89.22019958496094,1.0,-0.7197199324154588,41.0,0.0,,False
DFO_2606_From_20050105_to_20050201,9/144/190,0,556.10888671875,88.5615234375,1.0,-0.42351831675969814,41.0,0.0,,False
DFO_2606_From_20050105_to_20050201,9/144/190,0,553.8344116210938,87.64569854736328,18.0,-0.46124639591931316,41.0,0.0,,False
DFO_2606_From_20050105_to_20050201,9/144/190,0,493.1483154296875,88.6321792602539,1.0,-1.467882979171726,22.0,20.0,,False
DFO_2606_From_20050105_to_20050201,9/144/190,0,625.6026611328125,87.1768569946289,1.0,0.7292164944043812,41.0,0.0,,False
DFO_2606_From_20050105_to_20050201,9/144/190,0,658.3528442382812,88.25485229492188,1.0,1.2724633745167402,41.0,0.0,,False
DFO_2606_From_20050105_to_20050201,9/144/190,0,598.5313720703125,87.17579650878906,10.0,0.2801688272062327,41.0,0.0,,False
DFO_2606_From_20050105_to_20050201,9/144/190,0,478.0789794921875,88.2022705078125,23.0,-1.717847069663939,43.0,0.0,,False
DFO_2606_From_20050105_to_20050201,9/144/190,0,659.1859130859375,86.35322570800781,1.0,1.2862819858799386,41.0,0.0,,False
DFO_2606_From_20050105_to_20050201,9/144/190,0,645.3614501953125,86.71759033203125,2.0,1.05696734936705,41.0,0.0,,False
DFO_2606_From_20050105_to_20050201,9/144/190,0,490.9547424316406,86.41578674316406,30.0,-1.5042690868050814,90.0,0.0,,False
DFO_2606_From_20050105_to_20050201,9/144/190,0,631.816650390625,87.9391860961914,2.0,0.832291651770285,90.0,0.0,,False
DFO_2606_From_20050105_to_20050201,9/144/190,0,602.6358032226562,88.73023223876953,1.0,0.3482514822242558,42.0,0.0,,False
DFO_2606_From_20050105_to_20050201,9/144/190,0,466.1600646972656,86.58283233642578,2.0,-1.9155532399108204,41.0,0.0,,False
DFO_3285_From_20080317_to_20080502,9/144/190,1,449.8628234863281,82.7149887084961,5.0,-2.1858853297733036,90.0,0.0,,False
DFO_3285_From_20080317_to_20080502,9/144/190,1,455.20648193359375,88.0905532836914,4.0,-2.0972468702411993,90.0,0.0,,False
DFO_3285_From_20080317_to_20080502,9/144/190,0,638.0,83.65271759033203,1.0,0.9348585709572507,41.0,0.0,,False
DFO_3285_From_20080317_to_20080502,9/144/190,0,663.3342895507812,86.62200927734375,1.0,1.3550935880868769,43.0,0.0,,False
DFO_3285_From_20080317_to_20080502,9/144/190,0,590.6405639648438,88.76022338867188,1.0,0.14927927244995987,21.0,1.0,,False
DFO_3285_From_20080317_to_20080502,9/144/190,0,602.8726806640625,88.8994369506836,1.0,0.3521807100578387,41.0,0.0,,False
DFO_3285_From_20080317_to_20080502,9/144/190,0,468.9047546386719,88.61656188964844,2.0,-1.8700254258298135,41.0,0.0,,False
DFO_3285_From_20080317_to_20080502,9/144/190,0,606.6087646484375,86.63265991210938,6.0,0.4141533702354411,41.0,0.0,,False
DFO_3285_From_20080317_to_20080502,9/144/190,0,653.4373168945312,88.65840911865234,1.0,1.1909265817299763,41.0,0.0,,False
DFO_3285_From_20080317_to_20080502,9/144/190,0,628.2957763671875,85.74895477294922,1.0,0.7738888079650642,41.0,0.0,,False
DFO_3285_From_20080317_to_20080502,9/144/190,0,560.6625366210938,87.21627807617188,12.0,-0.3479842015883202,22.0,31.0,,False
DFO_3285_From_20080317_to_20080502,9/144/190,0,467.0254211425781,88.82979583740234,52.0,-1.9011990548490998,22.0,28.0,,False
DFO_3285_From_20080317_to_20080502,9/144/190,0,638.2561645507812,88.92330932617188,1.0,0.9391077256126352,41.0,0.0,,False
DFO_3285_From_20080317_to_20080502,9/144/190,0,629.28857421875,88.64569091796875,1.0,0.7903569398746388,81.0,0.0,,False
DFO_3285_From_20080317_to_20080502,9/144/190,0,631.8557739257812,88.18685150146484,5.0,0.8329406172537497,41.0,0.0,,False
DFO_3285_From_20080317_to_20080502,9/144/190,0,645.9427490234375,87.25566101074219,1.0,1.0666097007937552,41.0,0.0,,False
DFO_3285_From_20080317_to_20080502,9/144/190,0,493.1483154296875,88.6321792602539,1.0,-1.467882979171726,22.0,20.0,,False
DFO_3285_From_20080317_to_20080502,9/144/190,0,578.1864624023438,89.23641967773438,2.0,-0.057304360888591685,41.0,0.0,,False
DFO_3285_From_20080317_to_20080502,9/144/190,0,639.2495727539062,87.80559539794922,2.0,0.9555859817887224,41.0,0.0,,False
DFO_3285_From_20080317_to_20080502,9/144/190,0,664.3462524414062,88.05654907226562,1.0,1.3718796219649505,41.0,0.0,,False
DFO_3285_From_20080317_to_20080502,9/144/190,0,457.77801513671875,88.20133209228516,16.0,-2.0545913105698483,41.0,0.0,,False
DFO_3285_From_20080317_to_20080502,9/144/190,0,597.2614135742188,88.77092742919922,1.0,0.25910326587323634,41.0,0.0,,False
DFO_3285_From_20080317_to_20080502,9/144/190,0,604.96484375,88.32170867919922,1.0,0.3868846708101071,41.0,0.0,,False
DFO_3285_From_20080317_to_20080502,9/144/190,0,545.4671020507812,83.111328125,1.0,-0.600039965542059,41.0,0.0,,False
DFO_3285_From_20080317_to_20080502,9/144/190,0,593.2738037109375,87.48084259033203,1.0,0.192958395465746,41.0,0.0,,False
DFO_3285_From_20080317_to_20080502,9/144/190,0,602.6358032226562,88.73023223876953,1.0,0.3482514822242558,42.0,0.0,,False
DFO_3285_From_20080317_to_20080502,9/144/190,0,556.10888671875,88.5615234375,1.0,-0.42351831675969814,41.0,0.0,,False
DFO_4115_From_20131222_to_20140104,9/144/190,1,666.6165771484375,88.72918701171875,1.0,1.409538856112279,41.0,0.0,,False
DFO_4115_From_20131222_to_20140104,9/144/190,1,628.8627319335938,89.1197509765625,1.0,0.7832932391287208,41.0,0.0,,False
DFO_4115_From_20131222_to_20140104,9/144/190,1,627.953369140625,89.03215789794922,2.0,0.7682090944514337,41.0,0.0,,False
DFO_4115_From_20131222_to_20140104,9/144/190,0,661.1563110351562,88.34645080566406,1.0,1.3189661554629213,41.0,0.0,,False
DFO_4115_From_20131222_to_20140104,9/144/190,0,598.6417236328125,85.94682312011719,1.0,0.28199929459173073,41.0,0.0,,False
DFO_4115_From_20131222_to_20140104,9/144/190,0,636.8316650390625,88.25630950927734,1.0,0.9154786999986205,41.0,0.0,,False
DFO_4115_From_20131222_to_20140104,9/144/190,0,653.7891845703125,87.86080932617188,1.0,1.196763221374554,41.0,0.0,,False
DFO_4115_From_20131222_to_20140104,9/144/190,0,553.1646118164062,87.82633972167969,2.0,-0.47235676599036147,41.0,0.0,,False
DFO_4115_From_20131222_to_20140104,9/144/190,0,581.372314453125,89.18024444580078,1.0,-0.004458726972197625,41.0,0.0,,False
DFO_4115_From_20131222_to_20140104,9/144/190,0,599.4304809570312,88.24118041992188,1.0,0.2950828842061063,42.0,0.0,,False
DFO_4115_From_20131222_to_20140104,9/144/190,0,654.4569702148438,82.90818786621094,1.0,1.2078401813661104,21.0,2.0,,False
DFO_4115_From_20131222_to_20140104,9/144/190,0,686.1806640625,88.20095825195312,1.0,1.7340600700573932,43.0,0.0,,False
DFO_4115_From_20131222_to_20140104,9/144/190,0,515.202880859375,88.72667694091797,1.0,-1.102050708148149,41.0,0.0,,False
DFO_4115_From_20131222_to_20140104,9/144/190,0,554.8755493164062,88.9904556274414,1.0,-0.4439764221019319,41.0,0.0,,False
DFO_4115_From_20131222_to_20140104,9/144/190,0,613.1343383789062,88.79049682617188,3.0,0.5223969656560835,41.0,0.0,,False
DFO_4115_From_20131222_to_20140104,9/144/190,0,639.664794921875,87.23918914794922,1.0,0.9624735202973194,41.0,0.0,,False
DFO_4115_From_20131222_to_20140104,9/144/190,0,622.2010498046875,88.32547760009766,1.0,0.672791932275744,41.0,0.0,,False
DFO_4115_From_20131222_to_20140104,9/144/190,0,471.31414794921875,88.4971694946289,4.0,-1.8300593775575638,41.0,0.0,,False
DFO_4115_From_20131222_to_20140104,9/144/190,0,678.6740112304688,85.17288208007812,1.0,1.6095427286442203,41.0,0.0,,False
DFO_4115_From_20131222_to_20140104,9/144/190,0,620.3206176757812,88.73889923095703,2.0,0.6416000795767348,41.0,0.0,,False
DFO_4115_From_20131222_to_20140104,9/144/190,0,632.3955078125,87.50942993164062,1.0,0.8418935061309394,41.0,0.0,,False
DFO_4115_From_20131222_to_20140104,9/144/190,0,576.3726196289062,88.16780853271484,1.0,-0.08739165611106421,81.0,0.0,,False
DFO_4115_From_20131222_to_20140104,9/144/190,0,586.3925170898438,88.96437072753906,1.0,0.07881437752149603,41.0,0.0,,False
DFO_4115_From_20131222_to_20140104,9/144/190,0,660.7714233398438,87.99366760253906,1.0,1.312581793000006,52.0,0.0,,False
DFO_4115_From_20131222_to_20140104,9/144/190,0,536.9732666015625,85.77220153808594,6.0,-0.7409322956128895,41.0,0.0,,False
DFO_4115_From_20131222_to_20140104,9/144/190,0,620.3687133789062,87.57415008544922,2.0,0.6423978717779364,41.0,0.0,,False
DFO_4115_From_20131222_to_20140104,9/144/190,0,610.4293823242188,88.91889190673828,1.0,0.4775282413250539,43.0,0.0,,False
DFO_4115_From_20131222_to_20140104,9/144/190,0,596.4535522460938,89.09322357177734,1.0,0.24570278671701296,81.0,0.0,,False
DFO_4314_From_20151215_to_20160129,9/144/190,1,628.8627319335938,89.1197509765625,1.0,0.7832932391287208,41.0,0.0,,False
DFO_4314_From_20151215_to_20160129,9/144/190,1,573.9114379882812,89.15133666992188,1.0,-0.12821674839691732,41.0,0.0,,False
DFO_4314_From_20151215_to_20160129,9/144/190,1,622.201904296875,88.11638641357422,1.0,0.6728061062488618,41.0,0.0,,False
DFO_4314_From_20151215_to_20160129,9/144/190,1,499.3420715332031,88.5242919921875,2.0,-1.3651434412407188,41.0,0.0,,False
DFO_4314_From_20151215_to_20160129,9/144/190,1,567.6193237304688,88.5924072265625,2.0,-0.232587811876448,41.0,0.0,,False
DFO_4314_From_20151215_to_20160129,9/144/190,1,541.7223510742188,89.06865692138672,8.0,-0.6621563903041419,41.0,0.0,,False
DFO_4314_From_20151215_to_20160129,9/144/190,1,586.7071533203125,88.69928741455078,1.0,0.0840334369087982,41.0,0.0,,False
DFO_4314_From_20151215_to_20160129,9/144/190,1,615.1729736328125,89.1397705078125,2.0,0.5562130282351873,41.0,0.0,,False
DFO_4314_From_20151215_to_20160129,9/144/190,1,577.2578735351562,88.06140899658203,4.0,-0.07270741996102917,41.0,0.0,,False
DFO_4314_From_20151215_to_20160129,9/144/190,1,599.2832641601562,89.4983901977539,1.0,0.29264091112324053,43.0,0.0,,False
DFO_4314_From_20151215_to_20160129,9/144/190,1,549.80029296875,87.7835693359375,11.0,-0.528162735435072,41.0,0.0,,False
DFO_4314_From_20151215_to_20160129,9/144/190,1,563.02294921875,89.30603790283203,1.0,-0.3088306257037156,41.0,0.0,,False
DFO_4314_From_20151215_to_20160129,9/144/190,1,549.1746215820312,88.1591796875,1.0,-0.5385411210372514,41.0,0.0,,False
DFO_4314_From_20151215_to_20160129,9/144/190,1,632.3955078125,87.50942993164062,1.0,0.8418935061309394,41.0,0.0,,False
DFO_4314_From_20151215_to_20160129,9/144/190,1,644.9386596679688,87.7074966430664,1.0,1.0499542699536955,52.0,0.0,,False
DFO_4314_From_20151215_to_20160129,9/144/190,1,528.233154296875,87.6402587890625,44.0,-0.8859097672215988,43.0,0.0,,False
DFO_4314_From_20151215_to_20160129,9/144/190,0,618.7037353515625,88.4338607788086,2.0,0.6147798851579139,81.0,0.0,,False
DFO_4314_From_20151215_to_20160129,9/144/190,0,598.6417236328125,85.94682312011719,1.0,0.28199929459173073,41.0,0.0,,False
DFO_4314_From_20151215_to_20160129,9/144/190,0,576.2971801757812,85.64024353027344,3.0,-0.0886430154520352,41.0,0.0,,False
DFO_4314_From_20151215_to_20160129,9/144/190,0,653.7891845703125,87.86080932617188,1.0,1.196763221374554,41.0,0.0,,False
DFO_4314_From_20151215_to_20160129,9/144/190,0,557.1224975585938,87.85843658447266,1.0,-0.4067049473620401,41.0,0.0,,False
DFO_4314_From_20151215_to_20160129,9/144/190,0,666.5228271484375,88.81546783447266,1.0,1.407983768775927,41.0,0.0,,False
DFO_4314_From_20151215_to_20160129,9/144/190,0,578.764404296875,88.5117416381836,3.0,-0.047717692927706286,41.0,0.0,,False
DFO_4314_From_20151215_to_20160129,9/144/190,0,654.4569702148438,82.90818786621094,1.0,1.2078401813661104,21.0,2.0,,False
DFO_4314_From_20151215_to_20160129,9/144/190,0,686.1806640625,88.20095825195312,1.0,1.7340600700573932,43.0,0.0,,False
DFO_4314_From_20151215_to_20160129,9/144/190,0,467.0254211425781,88.82979583740234,52.0,-1.9011990548490998,22.0,28.0,,False
DFO_4314_From_20151215_to_20160129,9/144/190,0,638.2561645507812,88.92330932617188,1.0,0.9391077256126352,41.0,0.0,,False
DFO_4314_From_20151215_to_20160129,9/144/190,0,644.1567993164062,87.38626861572266,1.0,1.0369850845509134,41.0,0.0,,False
DFO_4314_From_20151215_to_20160129,9/144/190,0,601.7800903320312,88.56356811523438,3.0,0.33405726057343593,41.0,0.0,,False
DFO_4314_From_20151215_to_20160129,9/144/190,0,650.4541015625,88.26483917236328,1.0,1.1414422042958021,41.0,0.0,,False
DFO_4314_From_20151215_to_20160129,9/144/190,0,493.1483154296875,88.6321792602539,1.0,-1.467882979171726,22.0,20.0,,False
DFO_4314_From_20151215_to_20160129,9/144/190,0,669.2348022460938,88.63894653320312,1.0,1.4529689221718527,41.0,0.0,,False
DFO_4314_From_20151215_to_20160129,9/144/190,0,657.6961669921875,87.63861083984375,1.0,1.2615706761757153,41.0,0.0,,False
DFO_4314_From_20151215_to_20160129,9/144/190,0,639.7684326171875,84.25633239746094,1.0,0.9641926207511775,43.0,0.0,,False
DFO_4314_From_20151215_to_20160129,9/144/190,0,585.1527709960938,87.6287841796875,1.0,0.05824996738087883,41.0,0.0,,False
DFO_4314_From_20151215_to_20160129,9/144/190,0,466.1600646972656,86.58283233642578,2.0,-1.9155532399108204,41.0,0.0,,False
DFO_4314_From_20151215_to_20160129,9/144/190,0,653.6885375976562,88.4295425415039,1.0,1.195093729826608,41.0,0.0,,False
DFO_4314_From_20151215_to_20160129,9/144/190,0,522.5113525390625,88.1664810180664,2.0,-0.980820716071653,41.0,0.0,,False
DFO_4314_From_20151215_to_20160129,9/144/190,0,620.3687133789062,87.57415008544922,2.0,0.6423978717779364,41.0,0.0,,False
DFO_4314_From_20151215_to_20160129,9/144/190,0,602.6358032226562,88.73023223876953,1.0,0.3482514822242558,42.0,0.0,,False
DFO_4314_From_20151215_to_20160129,9/144/190,0,660.7227783203125,87.70562744140625,1.0,1.3117748889589431,41.0,0.0,,False
DFO_3285_From_20080317_to_20080502,9/145/184,1,323.6020202636719,62.24943923950195,1.0,0.024290005694448176,0.0,127.0,,False
DFO_3285_From_20080317_to_20080502,9/145/184,1,313.5937194824219,82.83275604248047,10.0,-0.19730663243578628,0.0,127.0,,False
DFO_3285_From_20080317_to_20080502,9/145/184,1,326.28936767578125,85.9762954711914,1.0,0.08379133014775328,0.0,127.0,,False
DFO_3285_From_20080317_to_20080502,9/145/184,1,314.74395751953125,83.06006622314453,1.0,-0.1718388844489874,0.0,127.0,,False
DFO_3285_From_20080317_to_20080502,9/145/184,1,279.6721496582031,71.43859100341797,1.0,-0.9483737713480571,0.0,127.0,,False
DFO_3285_From_20080317_to_20080502,9/145/184,0,296.9636535644531,72.77264404296875,1.0,-0.565517658448316,0.0,127.0,,False
DFO_3285_From_20080317_to_20080502,9/145/184,0,321.71978759765625,84.03971099853516,1.0,-0.017385043855359328,0.0,127.0,,False
DFO_3285_From_20080317_to_20080502,9/145/184,0,363.7573547363281,85.8785400390625,1.0,0.9133807031689072,0.0,127.0,,False
DFO_3285_From_20080317_to_20080502,9/145/184,0,275.9509582519531,77.29513549804688,1.0,-1.0307657301318067,0.0,127.0,,False
DFO_3285_From_20080317_to_20080502,9/145/184,0,337.70660400390625,85.5956039428711,1.0,0.33658361150991395,0.0,127.0,,False
DFO_3285_From_20080317_to_20080502,9/145/184,0,276.1660461425781,87.00467681884766,1.0,-1.026003407884826,0.0,127.0,,False
DFO_3285_From_20080317_to_20080502,9/145/184,0,305.6214904785156,77.39100646972656,1.0,-0.37382202543632803,0.0,127.0,,False
DFO_3285_From_20080317_to_20080502,9/145/184,0,266.0514221191406,76.35755920410156,3.0,-1.2499541792029834,0.0,127.0,,False
DFO_3285_From_20080317_to_20080502,9/145/184,0,243.11264038085938,81.79283905029297,2.0,-1.7578482790215415,0.0,127.0,,False
DFO_3285_From_20080317_to_20080502,9/145/184,0,338.93585205078125,83.48616790771484,2.0,0.3638007426263146,0.0,127.0,,False
DFO_3285_From_20080317_to_20080502,9/145/184,0,336.67877197265625,84.47067260742188,2.0,0.31382608976213894,0.0,127.0,,False
DFO_3285_From_20080317_to_20080502,9/145/184,0,325.865966796875,80.02754974365234,1.0,0.07441669069619063,0.0,127.0,,False
DFO_3285_From_20080317_to_20080502,9/145/184,0,308.28753662109375,86.71011352539062,1.0,-0.31479233845867455,0.0,127.0,,False
DFO_3285_From_20080317_to_20080502,9/145/184,0,277.9035339355469,82.9540786743164,25.0,-0.9875331957949263,0.0,127.0,,False
DFO_3285_From_20080317_to_20080502,9/145/184,0,330.9706726074219,85.83673858642578,14.0,0.1874414359536748,0.0,127.0,,False
DFO_3285_From_20080317_to_20080502,9/145/184,0,271.67041015625,85.94754791259766,1.0,-1.1255425646909414,0.0,127.0,,False
DFO_3285_From_20080317_to_20080502,9/145/184,0,312.04437255859375,82.93617248535156,15.0,-0.23161116395635598,0.0,127.0,,False
DFO_3285_From_20080317_to_20080502,9/145/184,0,274.7436218261719,88.61958312988281,2.0,-1.0574977098047722,0.0,127.0,,False
DFO_3285_From_20080317_to_20080502,9/145/184,0,291.3355407714844,86.81403350830078,15.0,-0.6901313067787245,0.0,127.0,,False
DFO_3285_From_20080317_to_20080502,9/145/184,0,315.3667297363281,67.3697280883789,1.0,-0.15804990742087446,0.0,127.0,,False
DFO_3285_From_20080317_to_20080502,9/145/184,0,242.22129821777344,83.96149444580078,23.0,-1.7775837397236833,0.0,127.0,,False
DFO_3285_From_20080317_to_20080502,9/145/184,0,260.3459167480469,79.26226806640625,1.0,-1.3762813986483666,0.0,127.0,,False
DFO_3285_From_20080317_to_20080502,9/145/184,0,270.9739074707031,82.60302734375,1.0,-1.140964029027327,0.0,127.0,,False
DFO_3285_From_20080317_to_20080502,9/145/184,0,384.1996154785156,87.55326843261719,1.0,1.3659986205617385,0.0,127.0,,False
DFO_3285_From_20080317_to_20080502,9/145/184,0,286.416748046875,71.97562408447266,11.0,-0.7990396974492893,0.0,127.0,,False
DFO_3285_From_20080317_to_20080502,9/145/185,1,159.85845947265625,73.16706848144531,14.0,-0.3953709100320333,0.0,127.0,,False
DFO_3285_From_20080317_to_20080502,9/145/185,1,188.1786651611328,84.0368423461914,5.0,0.21517624969170296,0.0,127.0,,False
DFO_3285_From_20080317_to_20080502,9/145/185,1,179.32261657714844,87.69889831542969,2.0,0.024251248340911608,0.0,127.0,,False
DFO_3285_From_20080317_to_20080502,9/145/185,1,103.86424255371094,73.15200805664062,51.0,-1.6025341092289764,0.0,127.0,,False
DFO_3285_From_20080317_to_20080502,9/145/185,1,105.59161376953125,72.47905731201172,10.0,-1.5652942105782135,0.0,127.0,,False
DFO_3285_From_20080317_to_20080502,9/145/185,1,113.79497528076172,65.66529846191406,10.0,-1.3884403018897344,0.0,127.0,,False
DFO_3285_From_20080317_to_20080502,9/145/185,1,114.08670043945312,53.6119499206543,81.0,-1.382151083194848,0.0,127.0,,False
DFO_3285_From_20080317_to_20080502,9/145/185,1,109.60782623291016,81.44940185546875,1.0,-1.478709842535971,0.0,127.0,,False
DFO_3285_From_20080317_to_20080502,9/145/185,1,114.9377670288086,80.03553771972656,3.0,-1.3638031836568805,0.0,127.0,,False
DFO_3285_From_20080317_to_20080502,9/145/185,1,124.23873138427734,86.26866912841797,2.0,-1.1632863713007542,0.0,127.0,,False
DFO_3285_From_20080317_to_20080502,9/145/185,1,114.9318618774414,62.193458557128906,30.0,-1.3639304911148358,0.0,127.0,,False
DFO_3285_From_20080317_to_20080502,9/145/185,1,115.4814682006836,75.02334594726562,6.0,-1.3520816866494691,0.0,127.0,,False
DFO_3285_From_20080317_to_20080502,9/145/185,1,106.60137939453125,35.90085983276367,1.0,-1.5435249642276734,0.0,127.0,,False
DFO_3285_From_20080317_to_20080502,9/145/185,1,113.98948669433594,78.6789321899414,74.0,-1.3842468863334374,0.0,127.0,,False
DFO_3285_From_20080317_to_20080502,9/145/185,0,257.2833557128906,86.2404556274414,1.0,1.7049843748188152,0.0,127.0,,False
DFO_3285_From_20080317_to_20080502,9/145/185,0,223.12112426757812,82.82727813720703,1.0,0.9684906639963899,0.0,127.0,,False
DFO_3285_From_20080317_to_20080502,9/145/185,0,193.28363037109375,86.22283172607422,1.0,0.3252327246945793,0.0,127.0,,False
DFO_3285_From_20080317_to_20080502,9/145/185,0,140.72732543945312,86.9532699584961,1.0,-0.807813519904003,0.0,127.0,,False
DFO_3285_From_20080317_to_20080502,9/145/185,0,167.2733917236328,81.41278076171875,7.0,-0.23551452073964319,0.0,127.0,,False
DFO_3285_From_20080317_to_20080502,9/145/185,0,116.0353775024414,85.15989685058594,6.0,-1.3401401155093133,0.0,127.0,,False
DFO_3285_From_20080317_to_20080502,9/145/185,0,116.5625228881836,72.32380676269531,1.0,-1.3287755399279528,0.0,127.0,,False
DFO_3285_From_20080317_to_20080502,9/145/185,0,160.933837890625,87.7353286743164,1.0,-0.3721871363708772,0.0,127.0,,False
DFO_3285_From_20080317_to_20080502,9/145/185,0,247.782470703125,83.31147003173828,1.0,1.5001575306432258,0.0,127.0,,False
DFO_3285_From_20080317_to_20080502,9/145/185,0,213.814697265625,28.390830993652344,1.0,0.7678560840176589,0.0,127.0,,False
DFO_3285_From_20080317_to_20080502,9/145/185,0,217.21728515625,85.97370147705078,6.0,0.841211496587165,0.0,127.0,,False
DFO_3285_From_20080317_to_20080502,9/145/185,0,151.5943603515625,79.44009399414062,11.0,-0.5735342433623511,0.0,127.0,,False
DFO_3285_From_20080317_to_20080502,9/145/185,0,211.1902618408203,87.6082992553711,1.0,0.7112766363922185,0.0,127.0,,False
DFO_3285_From_20080317_to_20080502,9/145/185,0,179.34246826171875,86.85680389404297,7.0,0.02467922509233286,0.0,127.0,,False
DFO_3285_From_20080317_to_20080502,9/145/185,0,214.8753204345703,82.7478256225586,3.0,0.7907217535138462,0.0,127.0,,False
DFO_3285_From_20080317_to_20080502,9/145/185,0,116.08012390136719,74.66879272460938,1.0,-1.3391754407794572,0.0,127.0,,False
DFO_3285_From_20080317_to_20080502,9/145/185,0,187.41722106933594,85.89837646484375,1.0,0.1987604957720848,0.0,127.0,,False
DFO_3285_From_20080317_to_20080502,9/145/185,0,215.29083251953125,87.59156036376953,3.0,0.7996796589081214,0.0,127.0,,False
DFO_3285_From_20080317_to_20080502,9/145/185,0,174.36814880371094,82.58158874511719,1.0,-0.08256069576321931,0.0,127.0,,False
DFO_3285_From_20080317_to_20080502,9/145/185,0,150.71823120117188,86.681396484375,1.0,-0.5924224594369901,0.0,127.0,,False
DFO_3285_From_20080317_to_20080502,9/145/185,0,85.90035247802734,80.125244140625,25.0,-1.989812442725008,0.0,127.0,,False
DFO_3285_From_20080317_to_20080502,9/145/185,0,86.71566772460938,59.26508331298828,1.0,-1.972235296091406,0.0,127.0,,False
DFO_3285_From_20080317_to_20080502,9/145/185,0,165.30699157714844,88.44603729248047,19.0,-0.2779075752789641,0.0,127.0,,False
DFO_3285_From_20080317_to_20080502,9/145/185,0,204.9590606689453,86.1329345703125,6.0,0.5769399645825388,0.0,127.0,,False
DFO_3285_From_20080317_to_20080502,9/145/185,0,206.99411010742188,85.43473052978516,1.0,0.6208130094405717,0.0,127.0,,False
DFO_3625_From_20100310_to_20100324,9/145/185,1,121.50505065917969,86.38642883300781,2.0,-1.22222100689837,0.0,127.0,,False
DFO_3625_From_20100310_to_20100324,9/145/185,0,253.2926483154297,87.11133575439453,1.0,1.6189498631485948,0.0,127.0,,False
DFO_3625_From_20100310_to_20100324,9/145/185,0,234.29653930664062,79.3637924194336,1.0,1.2094182188979368,0.0,127.0,,False
DFO_3625_From_20100310_to_20100324,9/145/185,0,207.1514434814453,80.70948791503906,1.0,0.6242049143474929,0.0,127.0,,False
DFO_3625_From_20100310_to_20100324,9/145/185,0,116.0353775024414,85.15989685058594,6.0,-1.3401401155093133,0.0,127.0,,False
DFO_3625_From_20100310_to_20100324,9/145/185,0,168.8730010986328,85.78141021728516,2.0,-0.20102900282650518,0.0,127.0,,False
DFO_3625_From_20100310_to_20100324,9/145/185,0,122.52352905273438,84.92615509033203,3.0,-1.2002639244793738,0.0,127.0,,False
DFO_3625_From_20100310_to_20100324,9/145/185,0,123.21637725830078,86.23309326171875,1.0,-1.1853270095190287,0.0,127.0,,False
DFO_3625_From_20100310_to_20100324,9/145/185,0,136.2667236328125,86.7993392944336,2.0,-0.9039783498371115,0.0,127.0,,False
DFO_3625_From_20100310_to_20100324,9/145/185,0,113.0725326538086,82.19053649902344,1.0,-1.4040152344591352,0.0,127.0,,False
DFO_3625_From_20100310_to_20100324,9/145/185,0,213.814697265625,28.390830993652344,1.0,0.7678560840176589,0.0,127.0,,False
DFO_3625_From_20100310_to_20100324,9/145/185,0,230.80752563476562,83.34431457519531,1.0,1.1341995777964937,0.0,127.0,,False
DFO_3625_From_20100310_to_20100324,9/145/185,0,182.5500030517578,84.7070541381836,1.0,0.09382954403123342,0.0,127.0,,False
DFO_3625_From_20100310_to_20100324,9/145/185,0,185.65811157226562,88.2138900756836,1.0,0.16083636065479126,0.0,127.0,,False
DFO_3625_From_20100310_to_20100324,9/145/185,0,145.8560028076172,86.2453384399414,6.0,-0.6972458413102668,0.0,127.0,,False
DFO_3625_From_20100310_to_20100324,9/145/185,0,210.1934814453125,84.31869506835938,2.0,0.6897873348652445,0.0,127.0,,False
DFO_3625_From_20100310_to_20100324,9/145/185,0,107.03289794921875,78.32002258300781,11.0,-1.534221979961576,0.0,127.0,,False
DFO_3625_From_20100310_to_20100324,9/145/185,0,197.1833953857422,87.03704833984375,1.0,0.409306635720318,0.0,127.0,,False
DFO_3625_From_20100310_to_20100324,9/145/185,0,237.6173553466797,87.07377624511719,1.0,1.2810107356866078,0.0,127.0,,False
DFO_3625_From_20100310_to_20100324,9/145/185,0,166.44847106933594,85.8201675415039,2.0,-0.25329874759232235,0.0,127.0,,False
DFO_3625_From_20100310_to_20100324,9/145/185,0,150.71823120117188,86.681396484375,1.0,-0.5924224594369901,0.0,127.0,,False
DFO_3625_From_20100310_to_20100324,9/145/185,0,96.74847412109375,85.664794921875,1.0,-1.7559409119046372,0.0,127.0,,False
DFO_3625_From_20100310_to_20100324,9/145/185,0,84.47691345214844,55.28882598876953,1.0,-2.020499954809142,0.0,127.0,,False
DFO_3625_From_20100310_to_20100324,9/145/185,0,240.66656494140625,82.00431060791016,1.0,1.346747767329008,0.0,127.0,,False
DFO_3625_From_20100310_to_20100324,9/145/185,0,204.9590606689453,86.1329345703125,6.0,0.5769399645825388,0.0,127.0,,False
DFO_3625_From_20100310_to_20100324,9/145/185,0,206.99411010742188,85.43473052978516,1.0,0.6208130094405717,0.0,127.0,,False
DFO_2273_From_20030705_to_20030721,9/145/186,1,78.89212036132812,57.164249420166016,1.0,-0.2041894094991829,0.0,127.0,,False
DFO_2273_From_20030705_to_20030721,9/145/186,1,85.95547485351562,76.91889190673828,2.0,0.036553741387454396,0.0,127.0,,False
DFO_2273_From_20030705_to_20030721,9/145/186,0,83.92735290527344,87.094970703125,7.0,-0.03257155435442167,0.0,127.0,,False
DFO_2273_From_20030705_to_20030721,9/145/186,0,227.91700744628906,88.3048095703125,1.0,4.875085730526802,0.0,127.0,,False
DFO_2273_From_20030705_to_20030721,9/145/186,0,224.25347900390625,87.24129486083984,1.0,4.750220217751313,0.0,127.0,,False
DFO_2273_From_20030705_to_20030721,9/145/186,0,84.44712829589844,79.9530029296875,4.0,-0.014855840746843393,0.0,127.0,,False
DFO_2273_From_20030705_to_20030721,9/145/186,0,225.0529327392578,86.3202896118164,2.0,4.777468320823232,0.0,127.0,,False
DFO_2273_From_20030705_to_20030721,9/145/186,0,111.99616241455078,88.74136352539062,2.0,0.9241089648485012,0.0,127.0,,False
DFO_2273_From_20030705_to_20030721,9/145/186,0,160.297119140625,88.45188903808594,4.0,2.5703698917120246,0.0,127.0,,False
DFO_2273_From_20030705_to_20030721,9/145/186,0,81.90540313720703,78.6375503540039,7.0,-0.10148648119792215,0.0,127.0,,False
DFO_2273_From_20030705_to_20030721,9/145/186,0,170.0341796875,88.98312377929688,2.0,2.9022420409891705,0.0,127.0,,False
DFO_2273_From_20030705_to_20030721,9/145/186,0,94.49356842041016,87.02490234375,1.0,0.3275610170569131,0.0,127.0,,False
DFO_2273_From_20030705_to_20030721,9/145/186,0,82.46705627441406,80.57130432128906,1.0,-0.08234343151718751,0.0,127.0,,False
DFO_2273_From_20030705_to_20030721,9/145/186,0,185.4884796142578,87.0279769897461,1.0,3.428977158592276,0.0,127.0,,False
DFO_2273_From_20030705_to_20030721,9/145/186,0,80.62665557861328,39.27350997924805,1.0,-0.14507054834122562,0.0,127.0,,False
DFO_2273_From_20030705_to_20030721,9/145/186,0,91.26569366455078,84.33409881591797,3.0,0.21754406402807552,0.0,127.0,,False
DFO_2273_From_20030705_to_20030721,9/145/186,0,211.22186279296875,87.7740478515625,1.0,4.3060584032428535,0.0,127.0,,False
DFO_2273_From_20030705_to_20030721,9/145/186,0,97.935791015625,80.1675033569336,1.0,0.44488367367025206,0.0,127.0,,False
DFO_2273_From_20030705_to_20030721,9/145/186,0,153.24365234375,89.08448791503906,2.0,2.3299637471199417,0.0,127.0,,False
DFO_2273_From_20030705_to_20030721,9/145/186,0,97.81529235839844,84.11888122558594,3.0,0.440776669491088,0.0,127.0,,False
DFO_2273_From_20030705_to_20030721,9/145/186,0,188.78744506835938,84.13902282714844,1.0,3.5414171244703887,0.0,127.0,,False
DFO_2273_From_20030705_to_20030721,9/145/186,0,88.605712890625,82.41891479492188,1.0,0.12688286989983813,0.0,127.0,,False
DFO_2273_From_20030705_to_20030721,9/145/186,0,89.41383361816406,80.65885162353516,1.0,0.1544263735509347,0.0,127.0,,False
DFO_2273_From_20030705_to_20030721,9/145/186,0,83.79524993896484,80.67012023925781,1.0,-0.03707407286538952,0.0,127.0,,False
DFO_2273_From_20030705_to_20030721,9/145/186,0,101.58015441894531,88.74278259277344,3.0,0.5690959767143212,0.0,127.0,,False
DFO_2273_From_20030705_to_20030721,9/145/186,0,174.9449920654297,88.14898681640625,1.0,3.069619233594119,0.0,127.0,,False
DFO_2273_From_20030705_to_20030721,9/145/186,0,79.68716430664062,74.60710144042969,2.0,-0.17709160707406377,0.0,127.0,,False
DFO_3171_From_20070816_to_20070827,9/145/186,1,78.44085693359375,85.9727783203125,4.0,-0.21957000233122023,0.0,127.0,,False
DFO_3171_From_20070816_to_20070827,9/145/186,0,142.186767578125,88.90354919433594,2.0,1.953107498377052,0.0,127.0,,False
DFO_3171_From_20070816_to_20070827,9/145/186,0,111.02335357666016,84.87154388427734,1.0,0.8909523301215888,0.0,127.0,,False
DFO_3171_From_20070816_to_20070827,9/145/186,0,88.74944305419922,87.29305267333984,2.0,0.13178168284977307,0.0,127.0,,False
DFO_3171_From_20070816_to_20070827,9/145/186,0,81.90540313720703,78.6375503540039,7.0,-0.10148648119792215,0.0,127.0,,False
DFO_3171_From_20070816_to_20070827,9/145/186,0,84.0365982055664,87.89408874511719,4.0,-0.02884810286389041,0.0,127.0,,False
DFO_3171_From_20070816_to_20070827,9/145/186,0,123.53082275390625,88.7979736328125,15.0,1.3172494305542752,0.0,127.0,,False
DFO_3171_From_20070816_to_20070827,9/145/186,0,212.5417022705078,86.80838775634766,1.0,4.351043022780039,0.0,127.0,,False
DFO_3171_From_20070816_to_20070827,9/145/186,0,110.23719024658203,88.68709564208984,4.0,0.8641572092758382,0.0,127.0,,False
DFO_3171_From_20070816_to_20070827,9/145/186,0,87.03164672851562,65.49188995361328,6.0,0.07323334006392458,0.0,127.0,,False
DFO_3171_From_20070816_to_20070827,9/145/186,0,98.78645324707031,85.84815216064453,1.0,0.47387713650224134,0.0,127.0,,False
DFO_3171_From_20070816_to_20070827,9/145/186,0,100.90747833251953,76.3973388671875,1.0,0.5461688872200374,0.0,127.0,,False
DFO_3171_From_20070816_to_20070827,9/145/186,0,188.87716674804688,86.56153869628906,4.0,3.544475144550607,0.0,127.0,,False
DFO_3171_From_20070816_to_20070827,9/145/186,0,79.5512466430664,81.79017639160156,3.0,-0.18172414344558513,0.0,127.0,,False
DFO_3171_From_20070816_to_20070827,9/145/186,0,106.33169555664062,85.58658599853516,1.0,0.7310446636054395,0.0,127.0,,False
DFO_3171_From_20070816_to_20070827,9/145/186,0,220.29449462890625,87.19093322753906,1.0,4.615284561640233,0.0,127.0,,False
DFO_3171_From_20070816_to_20070827,9/145/186,0,93.09335327148438,78.03059387207031,1.0,0.27983692119786496,0.0,127.0,,False
DFO_3171_From_20070816_to_20070827,9/145/186,0,184.9800567626953,87.50901794433594,1.0,3.4116483781377047,0.0,127.0,,False
DFO_3171_From_20070816_to_20070827,9/145/186,0,93.15701293945312,85.5286636352539,1.0,0.28200665925478186,0.0,127.0,,False
DFO_3171_From_20070816_to_20070827,9/145/186,0,186.43722534179688,84.8300552368164,8.0,3.461313640654817,0.0,127.0,,False
DFO_3171_From_20070816_to_20070827,9/145/186,0,79.93356323242188,78.37171936035156,5.0,-0.16869349342519183,0.0,127.0,,False
DFO_3171_From_20070816_to_20070827,9/145/186,0,90.51979064941406,80.27379608154297,1.0,0.19212115168260663,0.0,127.0,,False
DFO_3171_From_20070816_to_20070827,9/145/186,0,100.8526382446289,79.93893432617188,1.0,0.5442997504567202,0.0,127.0,,False
DFO_3171_From_20070816_to_20070827,9/145/186,0,104.16710662841797,82.2283935546875,1.0,0.6572681089201223,0.0,127.0,,False
DFO_3171_From_20070816_to_20070827,9/145/186,0,201.0499267578125,88.912841796875,1.0,3.959364217862608,0.0,127.0,,False
DFO_3171_From_20070816_to_20070827,9/145/186,0,77.6097183227539,79.21806335449219,3.0,-0.24789803375289662,0.0,127.0,,False
DFO_3285_From_20080317_to_20080502,9/145/186,1,77.34066009521484,84.30111694335938,2.0,-0.2570684534934564,0.0,127.0,,False
DFO_3285_From_20080317_to_20080502,9/145/186,1,77.04389190673828,68.61251831054688,4.0,-0.2671833229730768,0.0,127.0,,False
DFO_3285_From_20080317_to_20080502,9/145/186,1,78.89212036132812,57.164249420166016,1.0,-0.2041894094991829,0.0,127.0,,False
DFO_3285_From_20080317_to_20080502,9/145/186,1,78.85580444335938,88.41669464111328,2.0,-0.20542717953165227,0.0,127.0,,False
DFO_3285_From_20080317_to_20080502,9/145/186,1,74.98109436035156,77.60722351074219,8.0,-0.3374904810673842,0.0,127.0,,False
DFO_3285_From_20080317_to_20080502,9/145/186,1,86.32000732421875,43.774471282958984,1.0,0.04897824814194726,0.0,127.0,,False
DFO_3285_From_20080317_to_20080502,9/145/186,1,85.95547485351562,76.91889190673828,2.0,0.036553741387454396,0.0,127.0,,False
DFO_3285_From_20080317_to_20080502,9/145/186,1,81.77384185791016,84.96432495117188,5.0,-0.1059705371726914,0.0,127.0,,False
DFO_3285_From_20080317_to_20080502,9/145/186,0,79.90248107910156,80.55274963378906,1.0,-0.16975287895298177,0.0,127.0,,False
DFO_3285_From_20080317_to_20080502,9/145/186,0,186.43722534179688,84.8300552368164,8.0,3.461313640654817,0.0,127.0,,False
DFO_3285_From_20080317_to_20080502,9/145/186,0,216.75392150878906,87.47901916503906,2.0,4.494609784546103,0.0,127.0,,False
DFO_3285_From_20080317_to_20080502,9/145/186,0,81.05474853515625,76.0673599243164,1.0,-0.13047968399419027,0.0,127.0,,False
DFO_3285_From_20080317_to_20080502,9/145/186,0,224.25347900390625,87.24129486083984,1.0,4.750220217751313,0.0,127.0,,False
DFO_3285_From_20080317_to_20080502,9/145/186,0,110.23719024658203,88.68709564208984,4.0,0.8641572092758382,0.0,127.0,,False
DFO_3285_From_20080317_to_20080502,9/145/186,0,174.03172302246094,88.50054931640625,1.0,3.0384919176347256,0.0,127.0,,False
DFO_3285_From_20080317_to_20080502,9/145/186,0,90.03285217285156,77.14820098876953,3.0,0.17552463181867292,0.0,127.0,,False
DFO_3285_From_20080317_to_20080502,9/145/186,0,139.68824768066406,88.62478637695312,1.0,1.8679494402146022,0.0,127.0,,False
DFO_3285_From_20080317_to_20080502,9/145/186,0,94.49356842041016,87.02490234375,1.0,0.3275610170569131,0.0,127.0,,False
DFO_3285_From_20080317_to_20080502,9/145/186,0,90.51979064941406,80.27379608154297,1.0,0.19212115168260663,0.0,127.0,,False
DFO_3285_From_20080317_to_20080502,9/145/186,0,184.60972595214844,85.57254791259766,1.0,3.3990262442351704,0.0,127.0,,False
DFO_3285_From_20080317_to_20080502,9/145/186,0,96.78956604003906,84.93444061279297,1.0,0.40581642700257736,0.0,127.0,,False
DFO_3285_From_20080317_to_20080502,9/145/186,0,85.22279357910156,64.76069641113281,14.0,0.011581470946663943,0.0,127.0,,False
DFO_3285_From_20080317_to_20080502,9/145/186,0,211.22186279296875,87.7740478515625,1.0,4.3060584032428535,0.0,127.0,,False
DFO_3285_From_20080317_to_20080502,9/145/186,0,99.25054168701172,84.31148529052734,1.0,0.4896948493814595,0.0,127.0,,False
DFO_3285_From_20080317_to_20080502,9/145/186,0,97.48204803466797,88.55277252197266,2.0,0.42941856922885496,0.0,127.0,,False
DFO_3285_From_20080317_to_20080502,9/145/186,0,91.26569366455078,84.33409881591797,3.0,0.21754406402807552,0.0,127.0,,False
DFO_3285_From_20080317_to_20080502,9/145/186,0,201.1654510498047,86.46593475341797,1.0,3.96330167875161,0.0,127.0,,False
DFO_3285_From_20080317_to_20080502,9/145/186,0,89.64725494384766,84.77483367919922,2.0,0.1623821664382036,0.0,127.0,,False
DFO_3285_From_20080317_to_20080502,9/145/186,0,90.5143814086914,80.07920837402344,1.0,0.19193678635634176,0.0,127.0,,False
DFO_3285_From_20080317_to_20080502,9/145/186,0,89.41383361816406,80.65885162353516,1.0,0.1544263735509347,0.0,127.0,,False
DFO_3285_From_20080317_to_20080502,9/145/186,0,95.2509536743164,88.50334167480469,3.0,0.35337528316264805,0.0,127.0,,False
DFO_3285_From_20080317_to_20080502,9/145/186,0,174.9449920654297,88.14898681640625,1.0,3.069619233594119,0.0,127.0,,False
DFO_3285_From_20080317_to_20080502,9/145/186,0,107.46245574951172,83.7051010131836,1.0,0.7695848178664303,0.0,127.0,,False
DFO_3625_From_20100310_to_20100324,9/145/186,1,84.44712829589844,79.9530029296875,4.0,-0.014855840746843393,0.0,127.0,,False
DFO_3625_From_20100310_to_20100324,9/145/186,1,85.95547485351562,76.91889190673828,2.0,0.036553741387454396,0.0,127.0,,False
DFO_3625_From_20100310_to_20100324,9/145/186,0,83.92735290527344,87.094970703125,7.0,-0.03257155435442167,0.0,127.0,,False
DFO_3625_From_20100310_to_20100324,9/145/186,0,227.91700744628906,88.3048095703125,1.0,4.875085730526802,0.0,127.0,,False
DFO_3625_From_20100310_to_20100324,9/145/186,0,224.25347900390625,87.24129486083984,1.0,4.750220217751313,0.0,127.0,,False
DFO_3625_From_20100310_to_20100324,9/145/186,0,75.53091430664062,60.84376525878906,1.0,-0.3187507467900866,0.0,127.0,,False
DFO_3625_From_20100310_to_20100324,9/145/186,0,225.0529327392578,86.3202896118164,2.0,4.777468320823232,0.0,127.0,,False
DFO_3625_From_20100310_to_20100324,9/145/186,0,116.98389434814453,88.76863098144531,2.0,1.0941078375936502,0.0,127.0,,False
DFO_3625_From_20100310_to_20100324,9/145/186,0,160.297119140625,88.45188903808594,4.0,2.5703698917120246,0.0,127.0,,False
DFO_3625_From_20100310_to_20100324,9/145/186,0,88.44052124023438,88.14063262939453,3.0,0.12125257646642919,0.0,127.0,,False
DFO_3625_From_20100310_to_20100324,9/145/186,0,174.42811584472656,89.00146484375,2.0,3.0520023335605613,0.0,127.0,,False
DFO_3625_From_20100310_to_20100324,9/145/186,0,94.49356842041016,87.02490234375,1.0,0.3275610170569131,0.0,127.0,,False
DFO_3625_From_20100310_to_20100324,9/145/186,0,100.8526382446289,79.93893432617188,1.0,0.5442997504567202,0.0,127.0,,False
DFO_3625_From_20100310_to_20100324,9/145/186,0,216.4262237548828,82.77590942382812,1.0,4.483440730253115,0.0,127.0,,False
DFO_3625_From_20100310_to_20100324,9/145/186,0,79.68716430664062,74.60710144042969,2.0,-0.17709160707406377,0.0,127.0,,False
DFO_3625_From_20100310_to_20100324,9/145/186,0,99.25054168701172,84.31148529052734,1.0,0.4896948493814595,0.0,127.0,,False
DFO_3625_From_20100310_to_20100324,9/145/186,0,211.22186279296875,87.7740478515625,1.0,4.3060584032428535,0.0,127.0,,False
DFO_3625_From_20100310_to_20100324,9/145/186,0,99.01121520996094,77.36690521240234,1.0,0.4815377888460538,0.0,127.0,,False
DFO_3625_From_20100310_to_20100324,9/145/186,0,153.24365234375,89.08448791503906,2.0,2.3299637471199417,0.0,127.0,,False
DFO_3625_From_20100310_to_20100324,9/145/186,0,105.82766723632812,85.26505279541016,1.0,0.7138656637262261,0.0,127.0,,False
DFO_3625_From_20100310_to_20100324,9/145/186,0,185.4884796142578,87.0279769897461,1.0,3.428977158592276,0.0,127.0,,False
DFO_3625_From_20100310_to_20100324,9/145/186,0,82.86957550048828,81.14193725585938,3.0,-0.06862420690730285,0.0,127.0,,False
DFO_3625_From_20100310_to_20100324,9/145/186,0,90.51979064941406,80.27379608154297,1.0,0.19212115168260663,0.0,127.0,,False
DFO_3625_From_20100310_to_20100324,9/145/186,0,102.19169616699219,78.31754302978516,1.0,0.5899393999753746,0.0,127.0,,False
DFO_3625_From_20100310_to_20100324,9/145/186,0,107.41422271728516,88.7947998046875,3.0,0.7679408720375918,0.0,127.0,,False
DFO_3625_From_20100310_to_20100324,9/145/186,0,174.9449920654297,88.14898681640625,1.0,3.069619233594119,0.0,127.0,,False
DFO_3625_From_20100310_to_20100324,9/145/186,0,96.48670196533203,81.92167663574219,2.0,0.39549378898179244,0.0,127.0,,False
DFO_3285_From_20080317_to_20080502,9/145/187,1,76.37690734863281,79.13508605957031,10.0,-0.7026686553406691,82.0,0.0,,False
DFO_3285_From_20080317_to_20080502,9/145/187,1,76.95880889892578,78.64675903320312,2.0,-0.6883386665356499,82.0,0.0,,False
DFO_3285_From_20080317_to_20080502,9/145/187,1,88.97584533691406,87.49358367919922,3.0,-0.3924054497583784,22.0,29.0,,False
DFO_3285_From_20080317_to_20080502,9/145/187,1,163.90728759765625,81.69259643554688,2.0,1.4528667070175725,82.0,0.0,,False
DFO_3285_From_20080317_to_20080502,9/145/187,0,155.13975524902344,78.4965591430664,1.0,1.2369562315423024,21.0,12.0,,False
DFO_3285_From_20080317_to_20080502,9/145/187,0,128.8541717529297,86.29924774169922,4.0,0.5896437831689001,81.0,0.0,,False
DFO_3285_From_20080317_to_20080502,9/145/187,0,99.8564682006836,84.3169937133789,7.0,-0.12445771229152906,82.0,0.0,,False
DFO_3285_From_20080317_to_20080502,9/145/187,0,177.78311157226562,82.42789459228516,3.0,1.7945746851394027,21.0,1.0,,False
DFO_3285_From_20080317_to_20080502,9/145/187,0,108.15595245361328,80.78182983398438,5.0,0.07992654544422899,41.0,0.0,,False
DFO_3285_From_20080317_to_20080502,9/145/187,0,180.24620056152344,80.86408233642578,4.0,1.855231058410895,82.0,0.0,,False
DFO_3285_From_20080317_to_20080502,9/145/187,0,192.51693725585938,36.09840393066406,1.0,2.157411933114945,82.0,0.0,,False
DFO_3285_From_20080317_to_20080502,9/145/187,0,127.92959594726562,86.8646469116211,1.0,0.5668750503172914,22.0,35.0,,False
DFO_3285_From_20080317_to_20080502,9/145/187,0,116.8995132446289,87.72093200683594,20.0,0.2952466939954339,43.0,0.0,,False
DFO_3285_From_20080317_to_20080502,9/145/187,0,119.49066162109375,82.82234191894531,5.0,0.3590566756120673,90.0,0.0,,False
DFO_3285_From_20080317_to_20080502,9/145/187,0,84.04228973388672,74.00816345214844,1.0,-0.5138998787124297,11.0,0.0,,False
DFO_3285_From_20080317_to_20080502,9/145/187,0,117.31332397460938,85.6310806274414,19.0,0.30543725479567824,24.0,85.0,,False
DFO_3285_From_20080317_to_20080502,9/145/187,0,146.70098876953125,81.99868774414062,1.0,1.029141990252842,81.0,0.0,,False
DFO_3285_From_20080317_to_20080502,9/145/187,0,170.74378967285156,64.98865509033203,5.0,1.6212233614270957,90.0,0.0,,False
DFO_3285_From_20080317_to_20080502,9/145/187,0,79.4408187866211,78.47081756591797,1.0,-0.6272163445780717,81.0,0.0,,False
DFO_3285_From_20080317_to_20080502,9/145/187,0,189.4633026123047,82.4745864868164,1.0,2.082212700126605,81.0,0.0,,False
DFO_3285_From_20080317_to_20080502,9/145/187,0,143.82449340820312,85.4021987915039,3.0,0.958305013955445,82.0,0.0,,False
DFO_3285_From_20080317_to_20080502,9/145/187,0,154.22076416015625,85.14665985107422,1.0,1.2143250287061027,22.0,31.0,,False
DFO_3285_From_20080317_to_20080502,9/145/187,0,129.4469451904297,87.24107360839844,2.0,0.6042415045858839,81.0,0.0,,False
DFO_3285_From_20080317_to_20080502,9/145/187,0,143.4779052734375,87.0440673828125,7.0,0.9497698861685481,23.0,60.0,,False
DFO_3285_From_20080317_to_20080502,9/145/187,0,205.16468811035156,87.59912109375,1.0,2.468877211154323,21.0,1.0,,False
DFO_3285_From_20080317_to_20080502,9/145/187,0,166.6688995361328,72.07989501953125,2.0,1.520874548107276,90.0,0.0,,False
DFO_3285_From_20080317_to_20080502,9/145/187,0,133.2569122314453,85.66304016113281,6.0,0.6980662847703638,22.0,44.0,,False
DFO_3285_From_20080317_to_20080502,9/145/187,0,110.26986694335938,79.5873031616211,7.0,0.1319840987495572,41.0,0.0,,False
DFO_3285_From_20080317_to_20080502,9/145/187,0,135.35931396484375,85.70156860351562,2.0,0.7498403233308116,22.0,46.0,,False
DFO_2273_From_20030705_to_20030721,9/145/188,1,366.6116027832031,89.25963592529297,2.0,0.5317813839793083,41.0,0.0,,False
DFO_2273_From_20030705_to_20030721,9/145/188,0,361.84375,89.23413848876953,6.0,0.4895178832947341,81.0,0.0,,False
DFO_2273_From_20030705_to_20030721,9/145/188,0,204.72412109375,87.7433090209961,4.0,-0.9032318188842371,82.0,0.0,,False
DFO_2273_From_20030705_to_20030721,9/145/188,0,186.55262756347656,86.5595932006836,8.0,-1.064308715377777,81.0,0.0,,False
DFO_2273_From_20030705_to_20030721,9/145/188,0,272.57470703125,88.8615493774414,8.0,-0.3017863851408356,22.0,20.0,,False
DFO_2273_From_20030705_to_20030721,9/145/188,0,272.74493408203125,83.86872100830078,5.0,-0.3002774478048147,82.0,0.0,,False
DFO_2273_From_20030705_to_20030721,9/145/188,0,215.52845764160156,89.31633758544922,1.0,-0.8074593389336875,23.0,55.0,,False
DFO_2273_From_20030705_to_20030721,9/145/188,0,283.9481201171875,87.83189392089844,1.0,-0.20096946112907224,82.0,0.0,,False
DFO_2273_From_20030705_to_20030721,9/145/188,0,378.48297119140625,88.36261749267578,1.0,0.6370123148953121,81.0,0.0,,False
DFO_2273_From_20030705_to_20030721,9/145/188,0,532.367919921875,88.67604064941406,1.0,2.001088961499848,82.0,0.0,,False
DFO_2273_From_20030705_to_20030721,9/145/188,0,205.0913543701172,85.31096649169922,1.0,-0.8999765665656628,82.0,0.0,,False
DFO_2273_From_20030705_to_20030721,9/145/188,0,186.4846649169922,64.80498504638672,1.0,-1.0649111541456722,82.0,0.0,,False
DFO_2273_From_20030705_to_20030721,9/145/188,0,279.3218994140625,88.40754699707031,3.0,-0.24197749781643,82.0,0.0,,False
DFO_2273_From_20030705_to_20030721,9/145/188,0,280.5199890136719,88.38134002685547,3.0,-0.23135731659110823,41.0,0.0,,False
DFO_2273_From_20030705_to_20030721,9/145/188,0,543.7742919921875,87.59587860107422,1.0,2.102198042615036,41.0,0.0,,False
DFO_2273_From_20030705_to_20030721,9/145/188,0,173.87330627441406,82.19001770019531,1.0,-1.1767015530652318,23.0,71.0,,False
DFO_2273_From_20030705_to_20030721,9/145/188,0,179.2299346923828,88.83969116210938,7.0,-1.1292189903469805,90.0,0.0,,False
DFO_2273_From_20030705_to_20030721,9/145/188,0,271.9903259277344,85.80873107910156,1.0,-0.3069664928940562,22.0,32.0,,False
DFO_2273_From_20030705_to_20030721,9/145/188,0,608.51904296875,89.68965911865234,1.0,2.6761125386457234,41.0,0.0,,False
DFO_2273_From_20030705_to_20030721,9/145/188,0,275.264892578125,79.14935302734375,13.0,-0.2779398731213098,82.0,0.0,,False
DFO_2273_From_20030705_to_20030721,9/145/188,0,316.9212951660156,88.55030822753906,3.0,0.0913134321595313,81.0,0.0,,False
DFO_2273_From_20030705_to_20030721,9/145/188,0,472.7520751953125,89.27662658691406,2.0,1.472638439015417,82.0,0.0,,False
DFO_2273_From_20030705_to_20030721,9/145/188,0,436.2088623046875,87.4554443359375,1.0,1.1487097916250326,82.0,0.0,,False
DFO_2273_From_20030705_to_20030721,9/145/188,0,431.4045715332031,89.66699981689453,3.0,1.1061232950316724,41.0,0.0,,False
DFO_2273_From_20030705_to_20030721,9/145/188,0,197.5458984375,85.5615005493164,1.0,-0.9668614718834293,81.0,0.0,,False
DFO_2273_From_20030705_to_20030721,9/145/188,0,272.428466796875,88.28340148925781,1.0,-0.30308269702936413,82.0,0.0,,False
DFO_2412_From_20040104_to_20040116,9/145/188,1,573.5323486328125,89.0234375,1.0,2.3659812809804035,43.0,0.0,,False
DFO_2412_From_20040104_to_20040116,9/145/188,0,363.3711242675781,89.25142669677734,1.0,0.5030569303959371,82.0,0.0,,False
DFO_2412_From_20040104_to_20040116,9/145/188,0,251.8943328857422,87.19622039794922,2.0,-0.4851026590692294,82.0,0.0,,False
DFO_2412_From_20040104_to_20040116,9/145/188,0,166.28077697753906,85.46649169921875,12.0,-1.2440037290608061,82.0,0.0,,False
DFO_2412_From_20040104_to_20040116,9/145/188,0,174.63697814941406,86.9864730834961,69.0,-1.1699321647725487,22.0,21.0,,False
DFO_2412_From_20040104_to_20040116,9/145/188,0,277.6761169433594,81.95068359375,9.0,-0.25656614636326963,82.0,0.0,,False
DFO_2412_From_20040104_to_20040116,9/145/188,0,220.0846710205078,88.79180908203125,1.0,-0.7670718655752705,41.0,0.0,,False
DFO_2412_From_20040104_to_20040116,9/145/188,0,410.2602844238281,88.15635681152344,3.0,0.9186947746146586,82.0,0.0,,False
DFO_2412_From_20040104_to_20040116,9/145/188,0,236.08038330078125,81.03814697265625,25.0,-0.6252816661611402,41.0,0.0,,False
DFO_2412_From_20040104_to_20040116,9/145/188,0,450.7839050292969,89.3617172241211,1.0,1.277906802560297,41.0,0.0,,False
DFO_2412_From_20040104_to_20040116,9/145/188,0,205.0913543701172,85.31096649169922,1.0,-0.8999765665656628,82.0,0.0,,False
DFO_2412_From_20040104_to_20040116,9/145/188,0,186.4846649169922,64.80498504638672,1.0,-1.0649111541456722,82.0,0.0,,False
DFO_2412_From_20040104_to_20040116,9/145/188,0,358.9162292480469,85.45182037353516,1.0,0.46356756961471446,21.0,7.0,,False
DFO_2412_From_20040104_to_20040116,9/145/188,0,291.66851806640625,88.61830139160156,2.0,-0.13253382377854492,82.0,0.0,,False
DFO_2412_From_20040104_to_20040116,9/145/188,0,412.36273193359375,89.72139739990234,2.0,0.9373314221389484,41.0,0.0,,False
DFO_2412_From_20040104_to_20040116,9/145/188,0,173.87330627441406,82.19001770019531,1.0,-1.1767015530652318,23.0,71.0,,False
DFO_2412_From_20040104_to_20040116,9/145/188,0,238.71463012695312,88.9029312133789,2.0,-0.6019310096699267,82.0,0.0,,False
DFO_2412_From_20040104_to_20040116,9/145/188,0,234.00340270996094,87.2033462524414,1.0,-0.6436925682198672,82.0,0.0,,False
DFO_2412_From_20040104_to_20040116,9/145/188,0,390.7633361816406,89.28487396240234,1.0,0.7458686990521464,43.0,0.0,,False
DFO_2412_From_20040104_to_20040116,9/145/188,0,269.62725830078125,83.72172546386719,15.0,-0.32791334566209257,82.0,0.0,,False
DFO_2412_From_20040104_to_20040116,9/145/188,0,344.0966796875,88.45309448242188,1.0,0.33220318579737756,41.0,0.0,,False
DFO_2412_From_20040104_to_20040116,9/145/188,0,250.76455688476562,89.49198150634766,3.0,-0.4951172905945363,41.0,0.0,,False
DFO_2412_From_20040104_to_20040116,9/145/188,0,430.9202575683594,88.41761779785156,2.0,1.1018302087063494,43.0,0.0,,False
DFO_2412_From_20040104_to_20040116,9/145/188,0,562.8927001953125,88.92891693115234,1.0,2.271668639741549,41.0,0.0,,False
DFO_2412_From_20040104_to_20040116,9/145/188,0,197.5458984375,85.5615005493164,1.0,-0.9668614718834293,81.0,0.0,,False
DFO_2412_From_20040104_to_20040116,9/145/188,0,318.3439636230469,87.8336181640625,11.0,0.10392433942568811,81.0,0.0,,False
DFO_2606_From_20050105_to_20050201,9/145/188,1,452.4295959472656,88.98843383789062,1.0,1.2924946395596273,41.0,0.0,,False
DFO_2606_From_20050105_to_20050201,9/145/188,0,363.3711242675781,89.25142669677734,1.0,0.5030569303959371,82.0,0.0,,False
DFO_2606_From_20050105_to_20050201,9/145/188,0,273.1072692871094,85.56692504882812,8.0,-0.2970656132779993,82.0,0.0,,False
DFO_2606_From_20050105_to_20050201,9/145/188,0,162.63055419921875,64.23609161376953,13.0,-1.276360263523002,82.0,0.0,,False
DFO_2606_From_20050105_to_20050201,9/145/188,0,260.9190673828125,88.3122329711914,1.0,-0.4051050396085906,82.0,0.0,,False
DFO_2606_From_20050105_to_20050201,9/145/188,0,281.4739990234375,80.15159606933594,1.0,-0.22290072102614772,21.0,18.0,,False
DFO_2606_From_20050105_to_20050201,9/145/188,0,306.7067565917969,88.1929702758789,2.0,0.0007690765231816855,21.0,10.0,,False
DFO_2606_From_20050105_to_20050201,9/145/188,0,441.1504211425781,84.72473907470703,1.0,1.192513068450989,82.0,0.0,,False
DFO_2606_From_20050105_to_20050201,9/145/188,0,230.79861450195312,89.12268829345703,48.0,-0.6721006535324465,41.0,0.0,,False
DFO_2606_From_20050105_to_20050201,9/145/188,0,304.09930419921875,88.8260726928711,1.0,-0.022344067063581028,81.0,0.0,,False
DFO_2606_From_20050105_to_20050201,9/145/188,0,193.3691864013672,84.03263854980469,1.0,-1.0038849455569971,82.0,0.0,,False
DFO_2606_From_20050105_to_20050201,9/145/188,0,185.58502197265625,77.55941772460938,6.0,-1.0728858257479001,81.0,0.0,,False
DFO_2606_From_20050105_to_20050201,9/145/188,0,302.92724609375,88.24047088623047,3.0,-0.03273349828036464,41.0,0.0,,False
DFO_2606_From_20050105_to_20050201,9/145/188,0,183.5000762939453,88.6687240600586,4.0,-1.0913673324399549,22.0,49.0,,False
DFO_2606_From_20050105_to_20050201,9/145/188,0,463.3013000488281,89.41648864746094,1.0,1.3888642832192601,41.0,0.0,,False
DFO_2606_From_20050105_to_20050201,9/145/188,0,176.28878784179688,75.42030334472656,1.0,-1.1552900893479994,82.0,0.0,,False
DFO_2606_From_20050105_to_20050201,9/145/188,0,268.0357666015625,88.3323745727539,1.0,-0.3420207465357911,82.0,0.0,,False
DFO_2606_From_20050105_to_20050201,9/145/188,0,199.4445037841797,87.8753433227539,7.0,-0.9500317348890699,82.0,0.0,,False
DFO_2606_From_20050105_to_20050201,9/145/188,0,446.83697509765625,88.08244323730469,1.0,1.2429201778776884,41.0,0.0,,False
DFO_2606_From_20050105_to_20050201,9/145/188,0,266.58282470703125,86.87095642089844,1.0,-0.35490000551176015,41.0,0.0,,False
DFO_2606_From_20050105_to_20050201,9/145/188,0,243.98939514160156,83.07186889648438,59.0,-0.5551741056830981,82.0,0.0,,False
DFO_2606_From_20050105_to_20050201,9/145/188,0,361.8022155761719,89.31822204589844,6.0,0.4891497112412518,82.0,0.0,,False
DFO_2606_From_20050105_to_20050201,9/145/188,0,467.1795959472656,89.50863647460938,1.0,1.423242517785571,41.0,0.0,,False
DFO_2606_From_20050105_to_20050201,9/145/188,0,522.9893188476562,89.69398498535156,1.0,1.9179545756570238,43.0,0.0,,False
DFO_2606_From_20050105_to_20050201,9/145/188,0,206.75689697265625,85.39038848876953,1.0,-0.8852127590146867,41.0,0.0,,False
DFO_2606_From_20050105_to_20050201,9/145/188,0,394.48516845703125,88.69277954101562,2.0,0.7788599989246996,82.0,0.0,,False
DFO_3171_From_20070816_to_20070827,9/145/188,1,332.0890197753906,89.58480072021484,2.0,0.22576413115554558,81.0,0.0,,False
DFO_3171_From_20070816_to_20070827,9/145/188,0,272.677734375,88.50169372558594,18.0,-0.30087312367679714,22.0,46.0,,False
DFO_3171_From_20070816_to_20070827,9/145/188,0,270.79571533203125,85.08580780029297,1.0,-0.3175558353140165,90.0,0.0,,False
DFO_3171_From_20070816_to_20070827,9/145/188,0,166.28077697753906,85.46649169921875,12.0,-1.2440037290608061,82.0,0.0,,False
DFO_3171_From_20070816_to_20070827,9/145/188,0,182.86195373535156,88.63412475585938,5.0,-1.0970238185812593,22.0,46.0,,False
DFO_3171_From_20070816_to_20070827,9/145/188,0,281.4739990234375,80.15159606933594,1.0,-0.22290072102614772,21.0,18.0,,False
DFO_3171_From_20070816_to_20070827,9/145/188,0,260.9190673828125,88.3122329711914,1.0,-0.4051050396085906,82.0,0.0,,False
DFO_3171_From_20070816_to_20070827,9/145/188,0,410.2602844238281,88.15635681152344,3.0,0.9186947746146586,82.0,0.0,,False
DFO_3171_From_20070816_to_20070827,9/145/188,0,335.86376953125,89.44319915771484,2.0,0.25922450548859727,41.0,0.0,,False
DFO_3171_From_20070816_to_20070827,9/145/188,0,325.1767883300781,89.3419189453125,3.0,0.16449229418732478,41.0,0.0,,False
DFO_3171_From_20070816_to_20070827,9/145/188,0,193.3691864013672,84.03263854980469,1.0,-1.0038849455569971,82.0,0.0,,False
DFO_3171_From_20070816_to_20070827,9/145/188,0,185.58502197265625,77.55941772460938,6.0,-1.0728858257479001,81.0,0.0,,False
DFO_3171_From_20070816_to_20070827,9/145/188,0,340.35595703125,87.97356414794922,1.0,0.2990444366220282,41.0,0.0,,False
DFO_3171_From_20070816_to_20070827,9/145/188,0,257.1659240722656,88.4452133178711,2.0,-0.43837388872939725,82.0,0.0,,False
DFO_3171_From_20070816_to_20070827,9/145/188,0,412.36273193359375,89.72139739990234,2.0,0.9373314221389484,41.0,0.0,,False
DFO_3171_From_20070816_to_20070827,9/145/188,0,176.28878784179688,75.42030334472656,1.0,-1.1552900893479994,82.0,0.0,,False
DFO_3171_From_20070816_to_20070827,9/145/188,0,187.67105102539062,88.68244934082031,8.0,-1.0543947157436497,21.0,4.0,,False
DFO_3171_From_20070816_to_20070827,9/145/188,0,199.4445037841797,87.8753433227539,7.0,-0.9500317348890699,82.0,0.0,,False
DFO_3171_From_20070816_to_20070827,9/145/188,0,366.6116027832031,89.25963592529297,2.0,0.5317813839793083,41.0,0.0,,False
DFO_3171_From_20070816_to_20070827,9/145/188,0,249.3576202392578,83.7237777709961,22.0,-0.5075887469469752,81.0,0.0,,False
DFO_3171_From_20070816_to_20070827,9/145/188,0,320.0617370605469,88.5479507446289,1.0,0.11915113483084137,41.0,0.0,,False
DFO_3171_From_20070816_to_20070827,9/145/188,0,183.03692626953125,86.59263610839844,25.0,-1.0954728160326621,82.0,0.0,,False
DFO_3171_From_20070816_to_20070827,9/145/188,0,507.95782470703125,87.45307159423828,1.0,1.7847114593551647,82.0,0.0,,False
DFO_3171_From_20070816_to_20070827,9/145/188,0,459.2767639160156,89.57534790039062,1.0,1.353189736764421,41.0,0.0,,False
DFO_3171_From_20070816_to_20070827,9/145/188,0,206.75689697265625,85.39038848876953,1.0,-0.8852127590146867,41.0,0.0,,False
DFO_3171_From_20070816_to_20070827,9/145/188,0,347.1905212402344,88.3090591430664,3.0,0.3596278107863456,82.0,0.0,,False
DFO_3285_From_20080317_to_20080502,9/145/188,1,269.69256591796875,89.13164520263672,1.0,-0.3273344417719734,95.0,0.0,,False
DFO_3285_From_20080317_to_20080502,9/145/188,0,272.677734375,88.50169372558594,18.0,-0.30087312367679714,22.0,46.0,,False
DFO_3285_From_20080317_to_20080502,9/145/188,0,251.8943328857422,87.19622039794922,2.0,-0.4851026590692294,82.0,0.0,,False
DFO_3285_From_20080317_to_20080502,9/145/188,0,186.55262756347656,86.5595932006836,8.0,-1.064308715377777,81.0,0.0,,False
DFO_3285_From_20080317_to_20080502,9/145/188,0,174.63697814941406,86.9864730834961,69.0,-1.1699321647725487,22.0,21.0,,False
DFO_3285_From_20080317_to_20080502,9/145/188,0,277.6761169433594,81.95068359375,9.0,-0.25656614636326963,82.0,0.0,,False
DFO_3285_From_20080317_to_20080502,9/145/188,0,220.0846710205078,88.79180908203125,1.0,-0.7670718655752705,41.0,0.0,,False
DFO_3285_From_20080317_to_20080502,9/145/188,0,410.2602844238281,88.15635681152344,3.0,0.9186947746146586,82.0,0.0,,False
DFO_3285_From_20080317_to_20080502,9/145/188,0,337.0096130371094,89.36973571777344,1.0,0.2693815636018237,82.0,0.0,,False
DFO_3285_From_20080317_to_20080502,9/145/188,0,325.1767883300781,89.3419189453125,3.0,0.16449229418732478,41.0,0.0,,False
DFO_3285_From_20080317_to_20080502,9/145/188,0,205.0913543701172,85.31096649169922,1.0,-0.8999765665656628,82.0,0.0,,False
DFO_3285_From_20080317_to_20080502,9/145/188,0,186.4846649169922,64.80498504638672,1.0,-1.0649111541456722,82.0,0.0,,False
DFO_3285_From_20080317_to_20080502,9/145/188,0,322.7262268066406,88.58402252197266,1.0,0.1427698725160306,82.0,0.0,,False
DFO_3285_From_20080317_to_20080502,9/145/188,0,307.2618103027344,86.9458999633789,1.0,0.005689218557521642,82.0,0.0,,False
DFO_3285_From_20080317_to_20080502,9/145/188,0,412.36273193359375,89.72139739990234,2.0,0.9373314221389484,41.0,0.0,,False
DFO_3285_From_20080317_to_20080502,9/145/188,0,173.87330627441406,82.19001770019531,1.0,-1.1767015530652318,23.0,71.0,,False
DFO_3285_From_20080317_to_20080502,9/145/188,0,238.71463012695312,88.9029312133789,2.0,-0.6019310096699267,82.0,0.0,,False
DFO_3285_From_20080317_to_20080502,9/145/188,0,234.00340270996094,87.2033462524414,1.0,-0.6436925682198672,82.0,0.0,,False
DFO_3285_From_20080317_to_20080502,9/145/188,0,390.7633361816406,89.28487396240234,1.0,0.7458686990521464,43.0,0.0,,False
DFO_3285_From_20080317_to_20080502,9/145/188,0,269.62725830078125,83.72172546386719,15.0,-0.32791334566209257,82.0,0.0,,False
DFO_3285_From_20080317_to_20080502,9/145/188,0,358.765625,88.8969955444336,2.0,0.4622325739615658,81.0,0.0,,False
DFO_3285_From_20080317_to_20080502,9/145/188,0,362.8688049316406,89.54463195800781,1.0,0.49860423972707657,81.0,0.0,,False
DFO_3285_From_20080317_to_20080502,9/145/188,0,436.2088623046875,87.4554443359375,1.0,1.1487097916250326,82.0,0.0,,False
DFO_3285_From_20080317_to_20080502,9/145/188,0,438.6769104003906,89.23793029785156,3.0,1.1705872188706437,41.0,0.0,,False
DFO_3285_From_20080317_to_20080502,9/145/188,0,197.5458984375,85.5615005493164,1.0,-0.9668614718834293,81.0,0.0,,False
DFO_3285_From_20080317_to_20080502,9/145/188,0,294.3259582519531,87.53300476074219,14.0,-0.10897757525158819,82.0,0.0,,False
DFO_3625_From_20100310_to_20100324,9/145/188,1,307.3811340332031,89.55345153808594,3.0,0.006746935478253401,41.0,0.0,,False
DFO_3625_From_20100310_to_20100324,9/145/188,1,330.864990234375,89.60384368896484,3.0,0.21491401146919517,41.0,0.0,,False
DFO_3625_From_20100310_to_20100324,9/145/188,1,230.79861450195312,89.12268829345703,48.0,-0.6721006535324465,41.0,0.0,,False
DFO_3625_From_20100310_to_20100324,9/145/188,0,460.692626953125,89.52061462402344,1.0,1.3657403189990374,41.0,0.0,,False
DFO_3625_From_20100310_to_20100324,9/145/188,0,221.5778045654297,88.40287017822266,2.0,-0.7538363372426253,82.0,0.0,,False
DFO_3625_From_20100310_to_20100324,9/145/188,0,192.58721923828125,81.82572174072266,1.0,-1.0108165080936649,90.0,0.0,,False
DFO_3625_From_20100310_to_20100324,9/145/188,0,434.02838134765625,89.65740966796875,2.0,1.1293814351068014,81.0,0.0,,False
DFO_3625_From_20100310_to_20100324,9/145/188,0,252.39671325683594,86.78121948242188,5.0,-0.4806494273686958,21.0,5.0,,False
DFO_3625_From_20100310_to_20100324,9/145/188,0,601.5807495117188,89.55299377441406,1.0,2.614609681153128,41.0,0.0,,False
DFO_3625_From_20100310_to_20100324,9/145/188,0,308.33599853515625,89.10829162597656,3.0,0.01521110548663601,41.0,0.0,,False
DFO_3625_From_20100310_to_20100324,9/145/188,0,475.2532043457031,89.52947235107422,3.0,1.4948091054277988,41.0,0.0,,False
DFO_3625_From_20100310_to_20100324,9/145/188,0,442.26873779296875,87.27841186523438,1.0,1.2024261212796887,82.0,0.0,,False
DFO_3625_From_20100310_to_20100324,9/145/188,0,194.2792205810547,82.7819595336914,1.0,-0.9958181633124393,41.0,0.0,,False
DFO_3625_From_20100310_to_20100324,9/145/188,0,181.50576782226562,79.2661361694336,2.0,-1.1090454070975917,82.0,0.0,,False
DFO_3625_From_20100310_to_20100324,9/145/188,0,322.5306091308594,88.37680053710938,2.0,0.1410358660040381,82.0,0.0,,False
DFO_3625_From_20100310_to_20100324,9/145/188,0,254.6269989013672,88.15452575683594,3.0,-0.4608795890052896,21.0,1.0,,False
DFO_3625_From_20100310_to_20100324,9/145/188,0,268.3821105957031,88.57234191894531,3.0,-0.338950662307304,82.0,0.0,,False
DFO_3625_From_20100310_to_20100324,9/145/188,0,171.43829345703125,85.99000549316406,2.0,-1.1982861469178272,81.0,0.0,,False
DFO_3625_From_20100310_to_20100324,9/145/188,0,573.5323486328125,89.0234375,1.0,2.3659812809804035,43.0,0.0,,False
DFO_3625_From_20100310_to_20100324,9/145/188,0,294.43408203125,87.65747833251953,1.0,-0.1080191376428535,82.0,0.0,,False
DFO_3625_From_20100310_to_20100324,9/145/188,0,288.8221130371094,89.34431457519531,2.0,-0.1577651063651362,82.0,0.0,,False
DFO_3625_From_20100310_to_20100324,9/145/188,0,306.9696960449219,88.39498138427734,1.0,0.003099840970502615,82.0,0.0,,False
DFO_3625_From_20100310_to_20100324,9/145/188,0,318.3439636230469,87.8336181640625,11.0,0.10392433942568811,81.0,0.0,,False
DFO_3625_From_20100310_to_20100324,9/145/188,0,333.0670471191406,89.41090393066406,8.0,0.23443362268383494,81.0,0.0,,False
DFO_3625_From_20100310_to_20100324,9/145/188,0,577.7731323242188,89.01271057128906,1.0,2.403572702652712,41.0,0.0,,False
DFO_3625_From_20100310_to_20100324,9/145/188,0,301.6405029296875,88.97850036621094,1.0,-0.044139528010731365,82.0,0.0,,False
DFO_3625_From_20100310_to_20100324,9/145/188,0,200.9052734375,74.34506225585938,1.0,-0.9370830886010375,82.0,0.0,,False
DFO_3625_From_20100310_to_20100324,9/145/188,0,307.2618103027344,86.9458999633789,1.0,0.005689218557521642,82.0,0.0,,False
DFO_3861_From_20110827_to_20110913,9/145/188,1,362.56103515625,89.4589614868164,2.0,0.4958760875159308,42.0,0.0,,False
DFO_3861_From_20110827_to_20110913,9/145/188,1,335.4723205566406,88.78819274902344,5.0,0.2557545988537568,42.0,0.0,,False
DFO_3861_From_20110827_to_20110913,9/145/188,1,240.0360870361328,89.39710235595703,3.0,-0.5902172681755363,11.0,0.0,,False
DFO_3861_From_20110827_to_20110913,9/145/188,0,420.8255920410156,87.58365631103516,1.0,1.0123484392757884,82.0,0.0,,False
DFO_3861_From_20110827_to_20110913,9/145/188,0,221.5778045654297,88.40287017822266,2.0,-0.7538363372426253,82.0,0.0,,False
DFO_3861_From_20110827_to_20110913,9/145/188,0,192.58721923828125,81.82572174072266,1.0,-1.0108165080936649,90.0,0.0,,False
DFO_3861_From_20110827_to_20110913,9/145/188,0,603.4009399414062,89.33900451660156,1.0,2.6307443277055893,41.0,0.0,,False
DFO_3861_From_20110827_to_20110913,9/145/188,0,252.39671325683594,86.78121948242188,5.0,-0.4806494273686958,21.0,5.0,,False
DFO_3861_From_20110827_to_20110913,9/145/188,0,335.5558166503906,89.57256317138672,12.0,0.2564947301824325,21.0,1.0,,False
DFO_3861_From_20110827_to_20110913,9/145/188,0,353.27691650390625,87.05025482177734,2.0,0.4135792187029239,41.0,0.0,,False
DFO_3861_From_20110827_to_20110913,9/145/188,0,475.2532043457031,89.52947235107422,3.0,1.4948091054277988,41.0,0.0,,False
DFO_3861_From_20110827_to_20110913,9/145/188,0,459.39599609375,84.68010711669922,1.0,1.3542466421376431,82.0,0.0,,False
DFO_3861_From_20110827_to_20110913,9/145/188,0,194.2792205810547,82.7819595336914,1.0,-0.9958181633124393,41.0,0.0,,False
DFO_3861_From_20110827_to_20110913,9/145/188,0,181.50576782226562,79.2661361694336,2.0,-1.1090454070975917,82.0,0.0,,False
DFO_3861_From_20110827_to_20110913,9/145/188,0,322.5306091308594,88.37680053710938,2.0,0.1410358660040381,82.0,0.0,,False
DFO_3861_From_20110827_to_20110913,9/145/188,0,247.15785217285156,87.95723724365234,18.0,-0.5270880694738771,90.0,0.0,,False
DFO_3861_From_20110827_to_20110913,9/145/188,0,192.2853546142578,88.44026947021484,8.0,-1.013492315490447,21.0,1.0,,False
DFO_3861_From_20110827_to_20110913,9/145/188,0,171.43829345703125,85.99000549316406,2.0,-1.1982861469178272,81.0,0.0,,False
DFO_3861_From_20110827_to_20110913,9/145/188,0,293.36138916015625,89.22486877441406,19.0,-0.11752776929597915,90.0,0.0,,False
DFO_3861_From_20110827_to_20110913,9/145/188,0,265.8243408203125,87.38245391845703,2.0,-0.3616234061122377,81.0,0.0,,False
DFO_3861_From_20110827_to_20110913,9/145/188,0,352.81756591796875,88.8144760131836,1.0,0.4095074143318614,82.0,0.0,,False
DFO_3861_From_20110827_to_20110913,9/145/188,0,306.9696960449219,88.39498138427734,1.0,0.003099840970502615,82.0,0.0,,False
DFO_3861_From_20110827_to_20110913,9/145/188,0,318.3439636230469,87.8336181640625,11.0,0.10392433942568811,81.0,0.0,,False
DFO_3861_From_20110827_to_20110913,9/145/188,0,333.0670471191406,89.41090393066406,8.0,0.23443362268383494,81.0,0.0,,False
DFO_3861_From_20110827_to_20110913,9/145/188,0,577.7731323242188,89.01271057128906,1.0,2.403572702652712,41.0,0.0,,False
DFO_3861_From_20110827_to_20110913,9/145/188,0,301.6405029296875,88.97850036621094,1.0,-0.044139528010731365,82.0,0.0,,False
DFO_3861_From_20110827_to_20110913,9/145/188,0,200.9052734375,74.34506225585938,1.0,-0.9370830886010375,82.0,0.0,,False
DFO_3861_From_20110827_to_20110913,9/145/188,0,307.2618103027344,86.9458999633789,1.0,0.005689218557521642,82.0,0.0,,False
DFO_2412_From_20040104_to_20040116,9/145/190,1,597.0073852539062,79.98751831054688,17.0,0.058310119221284776,81.0,0.0,,False
DFO_2412_From_20040104_to_20040116,9/145/190,0,680.6982421875,87.83769989013672,1.0,1.1543553937339883,43.0,0.0,,False
DFO_2412_From_20040104_to_20040116,9/145/190,0,658.4197998046875,87.87611389160156,1.0,0.8625889763276008,81.0,0.0,,False
DFO_2412_From_20040104_to_20040116,9/145/190,0,599.1914672851562,89.03547668457031,1.0,0.08691363550979789,41.0,0.0,,False
DFO_2412_From_20040104_to_20040116,9/145/190,0,689.20703125,87.89439392089844,2.0,1.2657895262722465,43.0,0.0,,False
DFO_2412_From_20040104_to_20040116,9/145/190,0,656.8909301757812,87.78121948242188,1.0,0.8425663550580119,81.0,0.0,,False
DFO_2412_From_20040104_to_20040116,9/145/190,0,679.3839111328125,88.533203125,1.0,1.1371424460546666,41.0,0.0,,False
DFO_2412_From_20040104_to_20040116,9/145/190,0,659.1646728515625,88.92613220214844,2.0,0.8723440990859568,41.0,0.0,,False
DFO_2412_From_20040104_to_20040116,9/145/190,0,627.4837646484375,86.5089340209961,1.0,0.4574396399780981,81.0,0.0,,False
DFO_2412_From_20040104_to_20040116,9/145/190,0,717.7503662109375,88.32669830322266,1.0,1.639603208543326,52.0,0.0,,False
DFO_2412_From_20040104_to_20040116,9/145/190,0,641.4879760742188,89.25666809082031,1.0,0.640843781349043,41.0,0.0,,False
DFO_2412_From_20040104_to_20040116,9/145/190,0,676.0183715820312,88.6081314086914,2.0,1.0930661412350573,41.0,0.0,,False
DFO_2412_From_20040104_to_20040116,9/145/190,0,612.1956176757812,70.22926330566406,13.0,0.25722062132554246,81.0,0.0,,False
DFO_2412_From_20040104_to_20040116,9/145/190,0,653.0095825195312,87.65203094482422,2.0,0.7917348435495409,41.0,0.0,,False
DFO_2412_From_20040104_to_20040116,9/145/190,0,659.6304931640625,88.87471008300781,1.0,0.8784446478315955,41.0,0.0,,False
DFO_2412_From_20040104_to_20040116,9/145/190,0,527.6292724609375,88.90009307861328,12.0,-0.8502903595822658,41.0,0.0,,False
DFO_2412_From_20040104_to_20040116,9/145/190,0,690.0347290039062,86.89533996582031,1.0,1.2766293508974569,41.0,0.0,,False
DFO_2412_From_20040104_to_20040116,9/145/190,0,576.1455688476562,87.7701644897461,24.0,-0.21490365976971068,21.0,1.0,,False
DFO_2412_From_20040104_to_20040116,9/145/190,0,675.7507934570312,87.49459838867188,1.0,1.0895618427941665,43.0,0.0,,False
DFO_2412_From_20040104_to_20040116,9/145/190,0,657.0357666015625,88.94760131835938,2.0,0.8444631844832479,41.0,0.0,,False
DFO_2412_From_20040104_to_20040116,9/145/190,0,644.376220703125,81.15384674072266,5.0,0.6786692618511873,21.0,4.0,,False
DFO_2412_From_20040104_to_20040116,9/145/190,0,646.9853515625,87.93091583251953,1.0,0.7128393690024659,81.0,0.0,,False
DFO_2412_From_20040104_to_20040116,9/145/190,0,649.101806640625,87.88188934326172,4.0,0.7405572186229802,43.0,0.0,,False
DFO_2412_From_20040104_to_20040116,9/145/190,0,691.8226928710938,88.31525421142578,3.0,1.3000451626053628,41.0,0.0,,False
DFO_2412_From_20040104_to_20040116,9/145/190,0,610.7242431640625,87.21170043945312,1.0,0.23795097659138234,11.0,0.0,,False
DFO_2412_From_20040104_to_20040116,9/145/190,0,713.436767578125,88.214111328125,1.0,1.583110784270624,41.0,0.0,,False
DFO_2606_From_20050105_to_20050201,9/145/190,1,659.0734252929688,89.1207275390625,1.0,0.8711490885546768,41.0,0.0,,False
DFO_2606_From_20050105_to_20050201,9/145/190,1,576.1455688476562,87.7701644897461,24.0,-0.21490365976971068,21.0,1.0,,False
DFO_2606_From_20050105_to_20050201,9/145/190,0,648.951171875,88.11421966552734,3.0,0.738584452073683,41.0,0.0,,False
DFO_2606_From_20050105_to_20050201,9/145/190,0,679.7764892578125,83.16112518310547,1.0,1.1422837890226891,41.0,0.0,,False
DFO_2606_From_20050105_to_20050201,9/145/190,0,623.7416381835938,88.40960693359375,3.0,0.4084314187852458,81.0,0.0,,False
DFO_2606_From_20050105_to_20050201,9/145/190,0,689.20703125,87.89439392089844,2.0,1.2657895262722465,43.0,0.0,,False
DFO_2606_From_20050105_to_20050201,9/145/190,0,650.5247192382812,88.88323974609375,2.0,0.7591921888676176,81.0,0.0,,False
DFO_2606_From_20050105_to_20050201,9/145/190,0,671.9622802734375,87.65609741210938,1.0,1.039946124608824,43.0,0.0,,False
DFO_2606_From_20050105_to_20050201,9/145/190,0,668.2178955078125,81.58855438232422,2.0,0.9909083279044951,81.0,0.0,,False
DFO_2606_From_20050105_to_20050201,9/145/190,0,619.8250122070312,88.65625,3.0,0.35713788982722305,41.0,0.0,,False
DFO_2606_From_20050105_to_20050201,9/145/190,0,731.3196411132812,88.3299331665039,1.0,1.8173112662715272,41.0,0.0,,False
DFO_2606_From_20050105_to_20050201,9/145/190,0,547.8095703125,88.6400146484375,10.0,-0.5860019903519885,41.0,0.0,,False
DFO_2606_From_20050105_to_20050201,9/145/190,0,622.5238647460938,88.58109283447266,3.0,0.39248302405608154,81.0,0.0,,False
DFO_2606_From_20050105_to_20050201,9/145/190,0,661.0889282226562,85.2217788696289,1.0,0.8975448328783767,41.0,0.0,,False
DFO_2606_From_20050105_to_20050201,9/145/190,0,653.0095825195312,87.65203094482422,2.0,0.7917348435495409,41.0,0.0,,False
DFO_2606_From_20050105_to_20050201,9/145/190,0,625.1083374023438,88.76361846923828,2.0,0.42633019859556287,41.0,0.0,,False
DFO_2606_From_20050105_to_20050201,9/145/190,0,687.2811279296875,88.17729949951172,1.0,1.2405672103498304,81.0,0.0,,False
DFO_2606_From_20050105_to_20050201,9/145/190,0,680.6480712890625,79.5834732055664,1.0,1.1536983377763212,41.0,0.0,,False
DFO_2606_From_20050105_to_20050201,9/145/190,0,561.64990234375,87.38996887207031,27.0,-0.4047440719084598,42.0,0.0,,False
DFO_2606_From_20050105_to_20050201,9/145/190,0,659.6304931640625,88.87471008300781,1.0,0.8784446478315955,41.0,0.0,,False
DFO_2606_From_20050105_to_20050201,9/145/190,0,612.1956176757812,70.22926330566406,13.0,0.25722062132554246,81.0,0.0,,False
DFO_2606_From_20050105_to_20050201,9/145/190,0,644.376220703125,81.15384674072266,5.0,0.6786692618511873,21.0,4.0,,False
DFO_2606_From_20050105_to_20050201,9/145/190,0,567.845703125,88.45481872558594,8.0,-0.323601657827319,41.0,0.0,,False
DFO_2606_From_20050105_to_20050201,9/145/190,0,742.3323974609375,84.23271942138672,1.0,1.961538246332037,41.0,0.0,,False
DFO_2606_From_20050105_to_20050201,9/145/190,0,683.3873901367188,88.4767837524414,1.0,1.1895734331973127,41.0,0.0,,False
DFO_2606_From_20050105_to_20050201,9/145/190,0,579.6238403320312,88.62484741210938,3.0,-0.16935097739072047,41.0,0.0,,False
DFO_2606_From_20050105_to_20050201,9/145/190,0,597.0073852539062,79.98751831054688,17.0,0.058310119221284776,81.0,0.0,,False
DFO_4115_From_20131222_to_20140104,9/145/190,1,605.1246948242188,89.02017211914062,4.0,0.16461729687818485,43.0,0.0,,False
DFO_4115_From_20131222_to_20140104,9/145/190,0,683.3873901367188,88.4767837524414,1.0,1.1895734331973127,41.0,0.0,,False
DFO_4115_From_20131222_to_20140104,9/145/190,0,648.951171875,88.11421966552734,3.0,0.738584452073683,41.0,0.0,,False
DFO_4115_From_20131222_to_20140104,9/145/190,0,595.2439575195312,88.75125885009766,17.0,0.03521564144888033,43.0,0.0,,False
DFO_4115_From_20131222_to_20140104,9/145/190,0,726.8442993164062,88.0899429321289,1.0,1.7587005959065893,41.0,0.0,,False
DFO_4115_From_20131222_to_20140104,9/145/190,0,694.7265014648438,88.25202178955078,1.0,1.3380744743352504,21.0,1.0,,False
DFO_4115_From_20131222_to_20140104,9/145/190,0,653.2144775390625,88.51730346679688,1.0,0.7944182217124222,41.0,0.0,,False
DFO_4115_From_20131222_to_20140104,9/145/190,0,738.686767578125,84.40886688232422,1.0,1.913793778751194,41.0,0.0,,False
DFO_4115_From_20131222_to_20140104,9/145/190,0,645.56884765625,87.9537582397461,2.0,0.6942883292633699,41.0,0.0,,False
DFO_4115_From_20131222_to_20140104,9/145/190,0,725.9102783203125,86.14451599121094,1.0,1.7464683242275396,81.0,0.0,,False
DFO_4115_From_20131222_to_20140104,9/145/190,0,687.383544921875,88.10929870605469,1.0,1.241908499762197,43.0,0.0,,False
DFO_4115_From_20131222_to_20140104,9/145/190,0,636.40234375,88.8902816772461,1.0,0.5742405288421187,81.0,0.0,,False
DFO_4115_From_20131222_to_20140104,9/145/190,0,697.5868530273438,83.9068603515625,1.0,1.3755346573037526,41.0,0.0,,False
DFO_4115_From_20131222_to_20140104,9/145/190,0,697.4049072265625,86.40376281738281,1.0,1.3731518302845245,23.0,66.0,,False
DFO_4115_From_20131222_to_20140104,9/145/190,0,698.6331787109375,87.39966583251953,1.0,1.389237711175147,41.0,0.0,,False
DFO_4115_From_20131222_to_20140104,9/145/190,0,650.322509765625,87.39588928222656,1.0,0.7565439815832491,41.0,0.0,,False
DFO_4115_From_20131222_to_20140104,9/145/190,0,668.2305297851562,88.43636322021484,1.0,0.9910737909011339,43.0,0.0,,False
DFO_4115_From_20131222_to_20140104,9/145/190,0,675.7507934570312,87.49459838867188,1.0,1.0895618427941665,43.0,0.0,,False
DFO_4115_From_20131222_to_20140104,9/145/190,0,602.4102783203125,88.10613250732422,2.0,0.12906833142158292,41.0,0.0,,False
DFO_4115_From_20131222_to_20140104,9/145/190,0,680.6982421875,87.83769989013672,1.0,1.1543553937339883,43.0,0.0,,False
DFO_4115_From_20131222_to_20140104,9/145/190,0,720.4048461914062,87.8958740234375,1.0,1.674367223938579,41.0,0.0,,False
DFO_4115_From_20131222_to_20140104,9/145/190,0,686.5481567382812,87.72041320800781,1.0,1.2309679585303368,41.0,0.0,,False
DFO_4115_From_20131222_to_20140104,9/145/190,0,597.0073852539062,79.98751831054688,17.0,0.058310119221284776,81.0,0.0,,False
DFO_4115_From_20131222_to_20140104,9/145/190,0,567.845703125,88.45481872558594,8.0,-0.323601657827319,41.0,0.0,,False
DFO_4115_From_20131222_to_20140104,9/145/190,0,652.9752807617188,87.86988067626953,1.0,0.7912856155103575,43.0,0.0,,False
DFO_4115_From_20131222_to_20140104,9/145/190,0,682.9759521484375,88.35133361816406,1.0,1.184185094741554,41.0,0.0,,False
DFO_4314_From_20151215_to_20160129,9/145/190,1,605.1246948242188,89.02017211914062,4.0,0.16461729687818485,43.0,0.0,,False
DFO_4314_From_20151215_to_20160129,9/145/190,0,636.40234375,88.8902816772461,1.0,0.5742405288421187,81.0,0.0,,False
DFO_4314_From_20151215_to_20160129,9/145/190,0,686.985595703125,85.54566955566406,1.0,1.2366968150371493,41.0,0.0,,False
DFO_4314_From_20151215_to_20160129,9/145/190,0,694.56640625,88.046142578125,1.0,1.335977810373011,41.0,0.0,,False
DFO_4314_From_20151215_to_20160129,9/145/190,0,579.8958129882812,66.74200439453125,1.0,-0.16578912660317258,41.0,0.0,,False
DFO_4314_From_20151215_to_20160129,9/145/190,0,685.0453491210938,88.15960693359375,1.0,1.21128665464995,41.0,0.0,,False
DFO_4314_From_20151215_to_20160129,9/145/190,0,579.4954833984375,89.1149673461914,1.0,-0.17103198551599275,41.0,0.0,,False
DFO_4314_From_20151215_to_20160129,9/145/190,0,602.7858276367188,88.69257354736328,1.0,0.13398665904630966,41.0,0.0,,False
DFO_4314_From_20151215_to_20160129,9/145/190,0,587.4080200195312,85.22176361083984,1.0,-0.06740658734567778,41.0,0.0,,False
DFO_4314_From_20151215_to_20160129,9/145/190,0,694.7265014648438,88.25202178955078,1.0,1.3380744743352504,21.0,1.0,,False
DFO_4314_From_20151215_to_20160129,9/145/190,0,658.7993774414062,88.76530456542969,1.0,0.8675600602700964,41.0,0.0,,False
DFO_4314_From_20151215_to_20160129,9/145/190,0,579.2241821289062,83.70523071289062,1.0,-0.17458504358391252,41.0,0.0,,False
DFO_4314_From_20151215_to_20160129,9/145/190,0,659.97314453125,88.4172134399414,3.0,0.8829321321945429,41.0,0.0,,False
DFO_4314_From_20151215_to_20160129,9/145/190,0,668.2305297851562,88.43636322021484,1.0,0.9910737909011339,43.0,0.0,,False
DFO_4314_From_20151215_to_20160129,9/145/190,0,638.9840698242188,88.62162780761719,1.0,0.6080517331649394,41.0,0.0,,False
DFO_4314_From_20151215_to_20160129,9/145/190,0,638.4462280273438,88.24878692626953,1.0,0.601007965404645,41.0,0.0,,False
DFO_4314_From_20151215_to_20160129,9/145/190,0,465.5535583496094,70.30831146240234,7.0,-1.663256024012118,41.0,0.0,,False
DFO_4314_From_20151215_to_20160129,9/145/190,0,635.3822631835938,88.11255645751953,4.0,0.56088119037437,41.0,0.0,,False
DFO_4314_From_20151215_to_20160129,9/145/190,0,649.238525390625,80.0240707397461,1.0,0.7423477360745303,41.0,0.0,,False
DFO_4314_From_20151215_to_20160129,9/145/190,0,539.3627319335938,89.35494995117188,1.0,-0.6966247946700133,41.0,0.0,,False
DFO_4314_From_20151215_to_20160129,9/145/190,0,382.117431640625,88.73121643066406,1.0,-2.7559652607640874,41.0,0.0,,False
DFO_4314_From_20151215_to_20160129,9/145/190,0,620.57373046875,88.55259704589844,1.0,0.366943370888904,41.0,0.0,,False
DFO_4314_From_20151215_to_20160129,9/145/190,0,577.2941284179688,85.81842041015625,2.0,-0.19986171450039367,41.0,0.0,,False
DFO_4314_From_20151215_to_20160129,9/145/190,0,463.00604248046875,89.05506896972656,22.0,-1.696619199302977,41.0,0.0,,False
DFO_4314_From_20151215_to_20160129,9/145/190,0,636.152099609375,88.9173583984375,1.0,0.5709632424352636,81.0,0.0,,False
DFO_4314_From_20151215_to_20160129,9/145/190,0,698.6331787109375,87.39966583251953,1.0,1.389237711175147,41.0,0.0,,False
DFO_3625_From_20100310_to_20100324,9/145/191,1,411.4809265136719,89.3737564086914,6.0,-0.3866876258677874,41.0,0.0,,False
DFO_3625_From_20100310_to_20100324,9/145/191,1,404.1644592285156,89.04804992675781,16.0,-0.45364145174234705,41.0,0.0,,False
DFO_3625_From_20100310_to_20100324,9/145/191,1,379.4226989746094,89.61959838867188,2.0,-0.6800561192733539,41.0,0.0,,False
DFO_3625_From_20100310_to_20100324,9/145/191,1,365.1983947753906,88.87970733642578,2.0,-0.8102243479311168,41.0,0.0,,False
DFO_3625_From_20100310_to_20100324,9/145/191,1,429.0556945800781,89.37757873535156,1.0,-0.2258589205592518,41.0,0.0,,False
DFO_3625_From_20100310_to_20100324,9/145/191,1,323.1947021484375,89.5916519165039,1.0,-1.1946049256915332,41.0,0.0,,False
DFO_3625_From_20100310_to_20100324,9/145/191,0,223.1742706298828,88.2953109741211,1.0,-2.1099032923469943,82.0,0.0,,False
DFO_3625_From_20100310_to_20100324,9/145/191,0,547.4530029296875,88.8982162475586,1.0,0.857608340114354,43.0,0.0,,False
DFO_3625_From_20100310_to_20100324,9/145/191,0,564.4700317382812,86.18641662597656,1.0,1.0133331099174654,43.0,0.0,,False
DFO_3625_From_20100310_to_20100324,9/145/191,0,257.068603515625,89.36898040771484,2.0,-1.7997323896805606,43.0,0.0,,False
DFO_3625_From_20100310_to_20100324,9/145/191,0,463.3768310546875,89.20687866210938,1.0,0.08821771038531208,41.0,0.0,,False
DFO_3625_From_20100310_to_20100324,9/145/191,0,353.3160400390625,89.42561340332031,1.0,-0.9189611301770955,41.0,0.0,,False
DFO_3625_From_20100310_to_20100324,9/145/191,0,353.3026123046875,88.80326843261719,5.0,-0.9190840089045187,43.0,0.0,,False
DFO_3625_From_20100310_to_20100324,9/145/191,0,552.8720703125,89.16878509521484,1.0,0.9071988432643432,41.0,0.0,,False
DFO_3625_From_20100310_to_20100324,9/145/191,0,179.6229705810547,88.28980255126953,6.0,-2.5084462019826064,24.0,92.0,,False
DFO_3625_From_20100310_to_20100324,9/145/191,0,638.8176879882812,88.41191864013672,1.0,1.6936969845490473,43.0,0.0,,False
DFO_3625_From_20100310_to_20100324,9/145/191,0,510.26708984375,88.12479400634766,1.0,0.5173158119438821,41.0,0.0,,False
DFO_3625_From_20100310_to_20100324,9/145/191,0,584.0806884765625,88.32173156738281,1.0,1.1927924644620407,41.0,0.0,,False
DFO_3625_From_20100310_to_20100324,9/145/191,0,456.718994140625,88.25591278076172,1.0,0.02729108609086114,41.0,0.0,,False
DFO_3625_From_20100310_to_20100324,9/145/191,0,562.32080078125,88.81294250488281,1.0,0.9936652525140394,41.0,0.0,,False
DFO_3625_From_20100310_to_20100324,9/145/191,0,524.100341796875,88.89128875732422,2.0,0.6439054769352789,41.0,0.0,,False
DFO_3625_From_20100310_to_20100324,9/145/191,0,384.7860412597656,89.04743957519531,1.0,-0.630975562842171,41.0,0.0,,False
DFO_3625_From_20100310_to_20100324,9/145/191,0,540.6704711914062,88.56748962402344,1.0,0.7955406192738775,41.0,0.0,,False
DFO_3625_From_20100310_to_20100324,9/145/191,0,478.0834655761719,87.89305877685547,1.0,0.22279979878608386,41.0,0.0,,False
DFO_3625_From_20100310_to_20100324,9/145/191,0,566.9429321289062,89.49053955078125,1.0,1.0359629031914608,43.0,0.0,,False
DFO_3625_From_20100310_to_20100324,9/145/191,0,572.5576171875,88.37789916992188,1.0,1.0873435259841382,41.0,0.0,,False
DFO_3625_From_20100310_to_20100324,9/145/191,0,497.3280944824219,89.50421905517578,1.0,0.3989095909290365,41.0,0.0,,False
DFO_3625_From_20100310_to_20100324,9/145/191,0,374.9734802246094,88.0752182006836,7.0,-0.7207714270653662,43.0,0.0,,False
DFO_3625_From_20100310_to_20100324,9/145/191,0,454.09808349609375,83.47537231445312,17.0,0.0033068341168597643,24.0,80.0,,False
DFO_3625_From_20100310_to_20100324,9/145/191,0,585.0442504882812,87.43668365478516,2.0,1.2016101302339968,43.0,0.0,,False
DFO_3625_From_20100310_to_20100324,9/145/191,0,531.1693115234375,88.38526916503906,1.0,0.7085944244475606,41.0,0.0,,False
DFO_3861_From_20110827_to_20110913,9/145/191,1,201.77552795410156,88.85688018798828,6.0,-2.305725625066981,41.0,0.0,,False
DFO_3861_From_20110827_to_20110913,9/145/191,0,194.29434204101562,89.11140441894531,21.0,-2.374186809876238,82.0,0.0,,False
DFO_3861_From_20110827_to_20110913,9/145/191,0,535.4689331054688,88.96923828125,1.0,0.7479407515081444,41.0,0.0,,False
DFO_3861_From_20110827_to_20110913,9/145/191,0,566.8461303710938,88.2420425415039,1.0,1.0350770592746734,43.0,0.0,,False
DFO_3861_From_20110827_to_20110913,9/145/191,0,292.4189758300781,89.49333190917969,3.0,-1.4762371042790072,21.0,3.0,,False
DFO_3861_From_20110827_to_20110913,9/145/191,0,463.3768310546875,89.20687866210938,1.0,0.08821771038531208,41.0,0.0,,False
DFO_3861_From_20110827_to_20110913,9/145/191,0,463.9205322265625,88.91035461425781,1.0,0.09319318176661211,41.0,0.0,,False
DFO_3861_From_20110827_to_20110913,9/145/191,0,508.02349853515625,89.35559844970703,1.0,0.4967844522104731,41.0,0.0,,False
DFO_3861_From_20110827_to_20110913,9/145/191,0,532.4185791015625,86.47073364257812,1.0,0.7200266144152805,41.0,0.0,,False
DFO_3861_From_20110827_to_20110913,9/145/191,0,173.36026000976562,86.62722778320312,18.0,-2.565756980087712,81.0,0.0,,False
DFO_3861_From_20110827_to_20110913,9/145/191,0,643.26318359375,84.3016586303711,1.0,1.7343782214211831,41.0,0.0,,False
DFO_3861_From_20110827_to_20110913,9/145/191,0,510.26708984375,88.12479400634766,1.0,0.5173158119438821,41.0,0.0,,False
DFO_3861_From_20110827_to_20110913,9/145/191,0,607.9769287109375,89.08209991455078,1.0,1.4114696819430756,41.0,0.0,,False
DFO_3861_From_20110827_to_20110913,9/145/191,0,497.88421630859375,89.06800842285156,1.0,0.403998725133203,41.0,0.0,,False
DFO_3861_From_20110827_to_20110913,9/145/191,0,485.217041015625,88.93415832519531,1.0,0.2880799605391723,41.0,0.0,,False
DFO_3861_From_20110827_to_20110913,9/145/191,0,524.100341796875,88.89128875732422,2.0,0.6439054769352789,41.0,0.0,,False
DFO_3861_From_20110827_to_20110913,9/145/191,0,364.7923889160156,85.91238403320312,1.0,-0.8139397538166586,41.0,0.0,,False
DFO_3861_From_20110827_to_20110913,9/145/191,0,568.5794067382812,87.31405639648438,1.0,1.0509384688263301,41.0,0.0,,False
DFO_3861_From_20110827_to_20110913,9/145/191,0,335.82757568359375,89.4087142944336,1.0,-1.0790000603921017,43.0,0.0,,False
DFO_3861_From_20110827_to_20110913,9/145/191,0,339.80340576171875,88.8453140258789,5.0,-1.042616786281428,43.0,0.0,,False
DFO_3861_From_20110827_to_20110913,9/145/191,0,630.0350341796875,89.10640716552734,1.0,1.6133259187192126,41.0,0.0,,False
DFO_3861_From_20110827_to_20110913,9/145/191,0,497.3280944824219,89.50421905517578,1.0,0.3989095909290365,41.0,0.0,,False
DFO_3861_From_20110827_to_20110913,9/145/191,0,399.2004089355469,89.09637451171875,2.0,-0.49906804165169955,81.0,0.0,,False
DFO_3861_From_20110827_to_20110913,9/145/191,0,469.6808166503906,87.45040893554688,2.0,0.14590620094232623,81.0,0.0,,False
DFO_3861_From_20110827_to_20110913,9/145/191,0,585.0442504882812,87.43668365478516,2.0,1.2016101302339968,43.0,0.0,,False
DFO_3861_From_20110827_to_20110913,9/145/191,0,462.56146240234375,88.82039642333984,1.0,0.08075617893237237,43.0,0.0,,False
DFO_3285_From_20080317_to_20080502,9/146/184,1,279.37603759765625,86.54631805419922,6.0,0.2868021493596105,0.0,127.0,,False
DFO_3285_From_20080317_to_20080502,9/146/184,1,260.2900085449219,76.57670593261719,2.0,-0.09619207918912473,0.0,127.0,,False
DFO_3285_From_20080317_to_20080502,9/146/184,1,217.3098907470703,85.45205688476562,22.0,-0.9586625812217938,0.0,127.0,,False
DFO_3285_From_20080317_to_20080502,9/146/184,1,192.94879150390625,72.37861633300781,56.0,-1.4475102291770454,0.0,127.0,,False
DFO_3285_From_20080317_to_20080502,9/146/184,1,197.01913452148438,75.31297302246094,1.0,-1.365831746993098,0.0,127.0,,False
DFO_3285_From_20080317_to_20080502,9/146/184,1,214.0608673095703,83.52780151367188,20.0,-1.0238598635660643,0.0,127.0,,False
DFO_3285_From_20080317_to_20080502,9/146/184,0,243.69029235839844,84.77426147460938,2.0,-0.42929413396539945,0.0,127.0,,False
DFO_3285_From_20080317_to_20080502,9/146/184,0,273.3641662597656,72.05891418457031,1.0,0.1661635388436215,0.0,127.0,,False
DFO_3285_From_20080317_to_20080502,9/146/184,0,276.4497985839844,85.35869598388672,4.0,0.22808209551845232,0.0,127.0,,False
DFO_3285_From_20080317_to_20080502,9/146/184,0,202.71888732910156,83.6592788696289,1.0,-1.2514563353534995,0.0,127.0,,False
DFO_3285_From_20080317_to_20080502,9/146/184,0,312.5387268066406,85.03241729736328,2.0,0.9522689436887746,0.0,127.0,,False
DFO_3285_From_20080317_to_20080502,9/146/184,0,221.51730346679688,79.85362243652344,1.0,-0.8742335580695446,0.0,127.0,,False
DFO_3285_From_20080317_to_20080502,9/146/184,0,247.72369384765625,86.2492446899414,7.0,-0.34835694752722296,0.0,127.0,,False
DFO_3285_From_20080317_to_20080502,9/146/184,0,213.4773406982422,82.39537811279297,1.0,-1.035569335647752,0.0,127.0,,False
DFO_3285_From_20080317_to_20080502,9/146/184,0,227.0542449951172,84.1444091796875,1.0,-0.7631252367262592,0.0,127.0,,False
DFO_3285_From_20080317_to_20080502,9/146/184,0,309.82989501953125,83.71733856201172,11.0,0.8979115423819997,0.0,127.0,,False
DFO_3285_From_20080317_to_20080502,9/146/184,0,329.8702087402344,81.77902221679688,2.0,1.300055145544739,0.0,127.0,,False
DFO_3285_From_20080317_to_20080502,9/146/184,0,262.6929931640625,78.1603775024414,2.0,-0.0479720310125561,0.0,127.0,,False
DFO_3285_From_20080317_to_20080502,9/146/184,0,244.74346923828125,82.84601593017578,3.0,-0.40816031584526546,0.0,127.0,,False
DFO_3285_From_20080317_to_20080502,9/146/184,0,230.67373657226562,80.59745025634766,1.0,-0.6904938695362355,0.0,127.0,,False
DFO_3285_From_20080317_to_20080502,9/146/184,0,325.05419921875,77.80020141601562,3.0,1.2034135735200953,0.0,127.0,,False
DFO_3285_From_20080317_to_20080502,9/146/184,0,199.36846923828125,72.53790283203125,31.0,-1.3186882770247617,0.0,127.0,,False
DFO_3285_From_20080317_to_20080502,9/146/184,0,265.8059387207031,83.65229034423828,26.0,0.01449461297533944,0.0,127.0,,False
DFO_3285_From_20080317_to_20080502,9/146/184,0,220.3984375,85.23472595214844,2.0,-0.8966855414873007,0.0,127.0,,False
DFO_3285_From_20080317_to_20080502,9/146/184,0,272.36669921875,82.16670227050781,1.0,0.14614763512572174,0.0,127.0,,False
DFO_3285_From_20080317_to_20080502,9/146/184,0,276.86669921875,80.66895294189453,1.0,0.23644792879641557,0.0,127.0,,False
DFO_3285_From_20080317_to_20080502,9/146/184,0,187.6943359375,81.61384582519531,1.0,-1.5529499804495113,0.0,127.0,,False
DFO_3285_From_20080317_to_20080502,9/146/184,0,182.28465270996094,87.93135070800781,6.0,-1.6615046435855565,0.0,127.0,,False
DFO_3285_From_20080317_to_20080502,9/146/184,0,201.86923217773438,84.36528015136719,1.0,-1.2685061375062272,0.0,127.0,,False
DFO_3285_From_20080317_to_20080502,9/146/184,0,299.8478088378906,82.47361755371094,1.0,0.6976036949045945,0.0,127.0,,False
DFO_3285_From_20080317_to_20080502,9/146/184,0,259.1730651855469,81.32598876953125,1.0,-0.11860548215914557,0.0,127.0,,False
DFO_2606_From_20050105_to_20050201,9/146/185,1,142.90997314453125,82.05815124511719,3.0,0.2403808116137952,0.0,127.0,,False
DFO_2606_From_20050105_to_20050201,9/146/185,1,140.31716918945312,71.22391510009766,27.0,0.16890839065493954,0.0,127.0,,False
DFO_2606_From_20050105_to_20050201,9/146/185,1,110.11714935302734,82.3028793334961,6.0,-0.6635758881843287,0.0,127.0,,False
DFO_2606_From_20050105_to_20050201,9/146/185,0,135.4818115234375,25.44745635986328,1.0,0.03561843716067877,0.0,127.0,,False
DFO_2606_From_20050105_to_20050201,9/146/185,0,176.55601501464844,73.37260437011719,1.0,1.1678570534756063,0.0,127.0,,False
DFO_2606_From_20050105_to_20050201,9/146/185,0,165.5733184814453,81.8263931274414,1.0,0.8651114840132184,0.0,127.0,,False
DFO_2606_From_20050105_to_20050201,9/146/185,0,98.38856506347656,86.31749725341797,18.0,-0.986882365695829,0.0,127.0,,False
DFO_2606_From_20050105_to_20050201,9/146/185,0,177.53797912597656,78.46453857421875,2.0,1.194925568314098,0.0,127.0,,False
DFO_2606_From_20050105_to_20050201,9/146/185,0,119.00804901123047,84.4193115234375,2.0,-0.4184921355814858,0.0,127.0,,False
DFO_2606_From_20050105_to_20050201,9/146/185,0,125.13866424560547,76.26779174804688,11.0,-0.24949751803246212,0.0,127.0,,False
DFO_2606_From_20050105_to_20050201,9/146/185,0,85.53721618652344,76.0158462524414,46.0,-1.3411386198270963,0.0,127.0,,False
DFO_2606_From_20050105_to_20050201,9/146/185,0,97.22611236572266,83.56776428222656,33.0,-1.0189261723229757,0.0,127.0,,False
DFO_2606_From_20050105_to_20050201,9/146/185,0,172.39320373535156,84.8673324584961,2.0,1.0531063028284313,0.0,127.0,,False
DFO_2606_From_20050105_to_20050201,9/146/185,0,182.27835083007812,81.88336181640625,1.0,1.3255971685611696,0.0,127.0,,False
DFO_2606_From_20050105_to_20050201,9/146/185,0,160.18553161621094,83.00321197509766,1.0,0.7165934404047027,0.0,127.0,,False
DFO_2606_From_20050105_to_20050201,9/146/185,0,153.58470153808594,86.8737564086914,1.0,0.5346370278893529,0.0,127.0,,False
DFO_2606_From_20050105_to_20050201,9/146/185,0,128.61697387695312,84.36064147949219,1.0,-0.1536155252153727,0.0,127.0,,False
DFO_2606_From_20050105_to_20050201,9/146/185,0,183.85110473632812,84.4315414428711,1.0,1.3689512096686847,0.0,127.0,,False
DFO_2606_From_20050105_to_20050201,9/146/185,0,106.56263732910156,85.93802642822266,4.0,-0.7615584522651069,0.0,127.0,,False
DFO_2606_From_20050105_to_20050201,9/146/185,0,164.08383178710938,73.40365600585938,1.0,0.8240527607643237,0.0,127.0,,False
DFO_2606_From_20050105_to_20050201,9/146/185,0,129.15426635742188,84.91987609863281,1.0,-0.138804689144686,0.0,127.0,,False
DFO_2606_From_20050105_to_20050201,9/146/185,0,141.211181640625,83.20975494384766,3.0,0.19355245760318257,0.0,127.0,,False
DFO_2606_From_20050105_to_20050201,9/146/185,0,146.61676025390625,87.17632293701172,2.0,0.34256094296048895,0.0,127.0,,False
DFO_2606_From_20050105_to_20050201,9/146/185,0,113.30693817138672,87.70352935791016,1.0,-0.5756471696442635,0.0,127.0,,False
DFO_2606_From_20050105_to_20050201,9/146/185,0,87.27364349365234,77.4233627319336,1.0,-1.2932728090640029,0.0,127.0,,False
DFO_2606_From_20050105_to_20050201,9/146/185,0,91.47723388671875,84.1962661743164,1.0,-1.1773979541512676,0.0,127.0,,False
DFO_2606_From_20050105_to_20050201,9/146/185,0,163.7287139892578,78.7090835571289,9.0,0.8142636948812981,0.0,127.0,,False
DFO_2606_From_20050105_to_20050201,9/146/185,0,146.9410858154297,81.954833984375,1.0,0.35150119971053,0.0,127.0,,False
DFO_3285_From_20080317_to_20080502,9/146/185,1,194.43971252441406,77.12085723876953,1.0,1.6608334523334576,0.0,127.0,,False
DFO_3285_From_20080317_to_20080502,9/146/185,1,161.72946166992188,86.73680114746094,26.0,0.7591529322296572,0.0,127.0,,False
DFO_3285_From_20080317_to_20080502,9/146/185,1,139.7657012939453,59.364437103271484,12.0,0.15370679953740324,0.0,127.0,,False
DFO_3285_From_20080317_to_20080502,9/146/185,1,143.4723663330078,68.4574203491211,10.0,0.2558835659321327,0.0,127.0,,False
DFO_3285_From_20080317_to_20080502,9/146/185,1,138.8084259033203,67.99729919433594,42.0,0.12731884623368286,0.0,127.0,,False
DFO_3285_From_20080317_to_20080502,9/146/185,1,139.71739196777344,76.94779205322266,1.0,0.15237511979754767,0.0,127.0,,False
DFO_3285_From_20080317_to_20080502,9/146/185,1,143.09095764160156,74.91677856445312,1.0,0.24536977351980496,0.0,127.0,,False
DFO_3285_From_20080317_to_20080502,9/146/185,1,138.64971923828125,75.93106079101562,20.0,0.12294398806115044,0.0,127.0,,False
DFO_3285_From_20080317_to_20080502,9/146/185,1,138.86245727539062,73.36497497558594,5.0,0.12880825809686308,0.0,127.0,,False
DFO_3285_From_20080317_to_20080502,9/146/185,1,138.44876098632812,59.8204460144043,6.0,0.11740443588998878,0.0,127.0,,False
DFO_3285_From_20080317_to_20080502,9/146/185,1,135.61346435546875,64.65508270263672,60.0,0.03924753785413228,0.0,127.0,,False
DFO_3285_From_20080317_to_20080502,9/146/185,1,137.2999725341797,46.394439697265625,37.0,0.08573729357334134,0.0,127.0,,False
DFO_3285_From_20080317_to_20080502,9/146/185,1,137.48486328125,78.63796997070312,36.0,0.09083393394220737,0.0,127.0,,False
DFO_3285_From_20080317_to_20080502,9/146/185,1,144.3682403564453,78.96905517578125,1.0,0.2805789483978307,0.0,127.0,,False
DFO_3285_From_20080317_to_20080502,9/146/185,1,138.1642303466797,70.30255889892578,45.0,0.10956115348029621,0.0,127.0,,False
DFO_3285_From_20080317_to_20080502,9/146/185,1,140.46986389160156,81.3576889038086,2.0,0.1731175249432322,0.0,127.0,,False
DFO_3285_From_20080317_to_20080502,9/146/185,1,140.41079711914062,83.06070709228516,4.0,0.1714893088115263,0.0,127.0,,False
DFO_3285_From_20080317_to_20080502,9/146/185,1,146.20924377441406,84.36416625976562,5.0,0.33132747144680524,0.0,127.0,,False
DFO_3285_From_20080317_to_20080502,9/146/185,1,136.78207397460938,85.90282440185547,5.0,0.0714610642459763,0.0,127.0,,False
DFO_3285_From_20080317_to_20080502,9/146/185,1,92.04764556884766,83.3740005493164,9.0,-1.1616741645507778,0.0,127.0,,False
DFO_3285_From_20080317_to_20080502,9/146/185,1,78.88980102539062,82.89214324951172,4.0,-1.5243791821358066,0.0,127.0,,False
DFO_3285_From_20080317_to_20080502,9/146/185,1,80.01561737060547,80.92252349853516,1.0,-1.493345281716933,0.0,127.0,,False
DFO_3285_From_20080317_to_20080502,9/146/185,1,78.76061248779297,73.9963150024414,4.0,-1.5279403528614814,0.0,127.0,,False
DFO_3285_From_20080317_to_20080502,9/146/185,1,80.95673370361328,83.24610137939453,6.0,-1.4674027639294815,0.0,127.0,,False
DFO_3285_From_20080317_to_20080502,9/146/185,1,76.45386505126953,84.5987319946289,6.0,-1.5915274295110915,0.0,127.0,,False
DFO_3285_From_20080317_to_20080502,9/146/185,0,115.67667388916016,87.73665618896484,3.0,-0.5103237777810959,0.0,127.0,,False
DFO_3285_From_20080317_to_20080502,9/146/185,0,161.08621215820312,86.83766174316406,1.0,0.7414213178539935,0.0,127.0,,False
DFO_3285_From_20080317_to_20080502,9/146/185,0,162.67547607421875,79.62982940673828,1.0,0.7852304687146746,0.0,127.0,,False
DFO_3285_From_20080317_to_20080502,9/146/185,0,114.64629364013672,87.29070281982422,1.0,-0.538726916692412,0.0,127.0,,False
DFO_3285_From_20080317_to_20080502,9/146/185,0,175.90155029296875,83.60443115234375,1.0,1.1498162841382262,0.0,127.0,,False
DFO_3285_From_20080317_to_20080502,9/146/185,0,89.89116668701172,83.46112060546875,13.0,-1.2211189853323847,0.0,127.0,,False
DFO_3285_From_20080317_to_20080502,9/146/185,0,142.51992797851562,81.42498016357422,2.0,0.22962894884999613,0.0,127.0,,False
DFO_3285_From_20080317_to_20080502,9/146/185,0,100.7157974243164,85.14794158935547,3.0,-0.9227306080447168,0.0,127.0,,False
DFO_3285_From_20080317_to_20080502,9/146/185,0,115.5099868774414,84.08094024658203,4.0,-0.5149186196882919,0.0,127.0,,False
DFO_3285_From_20080317_to_20080502,9/146/185,0,176.329345703125,86.65669250488281,1.0,1.1616087582969725,0.0,127.0,,False
DFO_3285_From_20080317_to_20080502,9/146/185,0,188.2400360107422,72.23686218261719,1.0,1.4899351132106542,0.0,127.0,,False
DFO_3285_From_20080317_to_20080502,9/146/185,0,162.67515563964844,83.60999298095703,1.0,0.7852216357157684,0.0,127.0,,False
DFO_3285_From_20080317_to_20080502,9/146/185,0,161.5175323486328,76.32352447509766,1.0,0.7533109550007077,0.0,127.0,,False
DFO_3285_From_20080317_to_20080502,9/146/185,0,109.23897552490234,86.73490905761719,14.0,-0.6877833526152091,0.0,127.0,,False
DFO_3285_From_20080317_to_20080502,9/146/185,0,183.85110473632812,84.4315414428711,1.0,1.3689512096686847,0.0,127.0,,False
DFO_3285_From_20080317_to_20080502,9/146/185,0,123.43771362304688,83.14239501953125,3.0,-0.2963853896309426,0.0,127.0,,False
DFO_3285_From_20080317_to_20080502,9/146/185,0,150.0797882080078,85.54679107666016,2.0,0.43802168585355267,0.0,127.0,,False
DFO_3285_From_20080317_to_20080502,9/146/185,0,115.55744171142578,84.78546905517578,2.0,-0.5136104946121861,0.0,127.0,,False
DFO_3285_From_20080317_to_20080502,9/146/185,0,148.03395080566406,81.88947296142578,4.0,0.3816267734085512,0.0,127.0,,False
DFO_3285_From_20080317_to_20080502,9/146/185,0,139.33523559570312,83.35469818115234,6.0,0.14184071705443882,0.0,127.0,,False
DFO_3285_From_20080317_to_20080502,9/146/185,0,89.85649108886719,87.907470703125,3.0,-1.222074841999732,0.0,127.0,,False
DFO_3285_From_20080317_to_20080502,9/146/185,0,79.09005737304688,75.33978271484375,1.0,-1.5188589784384394,0.0,127.0,,False
DFO_3285_From_20080317_to_20080502,9/146/185,0,96.4969711303711,85.51260375976562,4.0,-1.0390254510244912,0.0,127.0,,False
DFO_3285_From_20080317_to_20080502,9/146/185,0,163.7287139892578,78.7090835571289,9.0,0.8142636948812981,0.0,127.0,,False
DFO_3285_From_20080317_to_20080502,9/146/185,0,136.43893432617188,78.65958404541016,7.0,0.0620021842744438,0.0,127.0,,False
DFO_3625_From_20100310_to_20100324,9/146/185,1,140.10035705566406,79.88998413085938,3.0,0.1629318153474197,0.0,127.0,,False
DFO_3625_From_20100310_to_20100324,9/146/185,1,139.7657012939453,59.364437103271484,12.0,0.15370679953740324,0.0,127.0,,False
DFO_3625_From_20100310_to_20100324,9/146/185,1,138.9395751953125,78.46638488769531,16.0,0.1309340665002838,0.0,127.0,,False
DFO_3625_From_20100310_to_20100324,9/146/185,1,139.71739196777344,76.94779205322266,1.0,0.15237511979754767,0.0,127.0,,False
DFO_3625_From_20100310_to_20100324,9/146/185,1,138.64971923828125,75.93106079101562,20.0,0.12294398806115044,0.0,127.0,,False
DFO_3625_From_20100310_to_20100324,9/146/185,1,83.94196319580078,84.03728485107422,2.0,-1.3851128636435237,0.0,127.0,,False
DFO_3625_From_20100310_to_20100324,9/146/185,0,142.98023986816406,82.68846893310547,1.0,0.2423177620882219,0.0,127.0,,False
DFO_3625_From_20100310_to_20100324,9/146/185,0,155.03323364257812,39.63043212890625,5.0,0.5745668097542387,0.0,127.0,,False
DFO_3625_From_20100310_to_20100324,9/146/185,0,162.98992919921875,79.6818618774414,1.0,0.7938985849746062,0.0,127.0,,False
DFO_3625_From_20100310_to_20100324,9/146/185,0,89.9705581665039,81.6552734375,13.0,-1.2189305046986296,0.0,127.0,,False
DFO_3625_From_20100310_to_20100324,9/146/185,0,175.67041015625,80.33680725097656,1.0,1.1434447475939016,0.0,127.0,,False
DFO_3625_From_20100310_to_20100324,9/146/185,0,107.05038452148438,86.10507202148438,1.0,-0.7481133660729139,0.0,127.0,,False
DFO_3625_From_20100310_to_20100324,9/146/185,0,142.3306427001953,86.61609649658203,1.0,0.22441117021041676,0.0,127.0,,False
DFO_3625_From_20100310_to_20100324,9/146/185,0,90.90423583984375,86.3432388305664,2.0,-1.1931930386715002,0.0,127.0,,False
DFO_3625_From_20100310_to_20100324,9/146/185,0,124.50029754638672,83.23762512207031,1.0,-0.2670945343295554,0.0,127.0,,False
DFO_3625_From_20100310_to_20100324,9/146/185,0,160.28695678710938,86.70504760742188,4.0,0.7193892948680066,0.0,127.0,,False
DFO_3625_From_20100310_to_20100324,9/146/185,0,180.0275421142578,71.41742706298828,8.0,1.2635520811491816,0.0,127.0,,False
DFO_3625_From_20100310_to_20100324,9/146/185,0,155.42633056640625,86.35779571533203,2.0,0.5854027963171442,0.0,127.0,,False
DFO_3625_From_20100310_to_20100324,9/146/185,0,141.38333129882812,79.79698944091797,9.0,0.19829788111077906,0.0,127.0,,False
DFO_3625_From_20100310_to_20100324,9/146/185,0,134.12237548828125,85.42333984375,2.0,-0.0018553503892933959,0.0,127.0,,False
DFO_3625_From_20100310_to_20100324,9/146/185,0,182.63015747070312,86.23043823242188,3.0,1.3352949601221646,0.0,127.0,,False
DFO_3625_From_20100310_to_20100324,9/146/185,0,120.32275390625,76.22412109375,22.0,-0.3822513926169168,0.0,127.0,,False
DFO_3625_From_20100310_to_20100324,9/146/185,0,154.76068115234375,86.37342071533203,1.0,0.567053713256039,0.0,127.0,,False
DFO_3625_From_20100310_to_20100324,9/146/185,0,114.7435302734375,84.44235229492188,2.0,-0.5360465221433819,0.0,127.0,,False
DFO_3625_From_20100310_to_20100324,9/146/185,0,160.18553161621094,83.00321197509766,1.0,0.7165934404047027,0.0,127.0,,False
DFO_3625_From_20100310_to_20100324,9/146/185,0,148.0541534423828,80.8894271850586,1.0,0.38218367295863614,0.0,127.0,,False
DFO_3625_From_20100310_to_20100324,9/146/185,0,88.36279296875,76.15030670166016,1.0,-1.2632496560913937,0.0,127.0,,False
DFO_3625_From_20100310_to_20100324,9/146/185,0,85.1318359375,72.31616973876953,1.0,-1.3523132046814053,0.0,127.0,,False
DFO_3625_From_20100310_to_20100324,9/146/185,0,107.31790924072266,81.7764892578125,1.0,-0.7407388635337422,0.0,127.0,,False
DFO_3625_From_20100310_to_20100324,9/146/185,0,172.03077697753906,80.28923797607422,13.0,1.043115760446546,0.0,127.0,,False
DFO_3625_From_20100310_to_20100324,9/146/185,0,137.12380981445312,59.87030792236328,13.0,0.08088124726991983,0.0,127.0,,False
DFO_3861_From_20110827_to_20110913,9/146/185,1,144.1604461669922,82.336181640625,1.0,0.27485095891667055,0.0,127.0,,False
DFO_3861_From_20110827_to_20110913,9/146/185,0,114.90533447265625,83.60174560546875,49.0,-0.5315862783147564,0.0,127.0,,False
DFO_3861_From_20110827_to_20110913,9/146/185,0,176.55601501464844,73.37260437011719,1.0,1.1678570534756063,0.0,127.0,,False
DFO_3861_From_20110827_to_20110913,9/146/185,0,161.30316162109375,75.9462890625,2.0,0.7474016787324731,0.0,127.0,,False
DFO_3861_From_20110827_to_20110913,9/146/185,0,104.0304946899414,82.28641510009766,1.0,-0.8313587024072235,0.0,127.0,,False
DFO_3861_From_20110827_to_20110913,9/146/185,0,176.52279663085938,76.87401580810547,1.0,1.1669413659223322,0.0,127.0,,False
DFO_3861_From_20110827_to_20110913,9/146/185,0,98.38856506347656,86.31749725341797,18.0,-0.986882365695829,0.0,127.0,,False
DFO_3861_From_20110827_to_20110913,9/146/185,0,127.6714859008789,67.06050109863281,6.0,-0.1796785503450443,0.0,127.0,,False
DFO_3861_From_20110827_to_20110913,9/146/185,0,102.40519714355469,78.54454803466797,1.0,-0.8761611450258544,0.0,127.0,,False
DFO_3861_From_20110827_to_20110913,9/146/185,0,125.5526351928711,85.7354507446289,1.0,-0.23808612468366822,0.0,127.0,,False
DFO_3861_From_20110827_to_20110913,9/146/185,0,172.39320373535156,84.8673324584961,2.0,1.0531063028284313,0.0,127.0,,False
DFO_3861_From_20110827_to_20110913,9/146/185,0,182.27835083007812,81.88336181640625,1.0,1.3255971685611696,0.0,127.0,,False
DFO_3861_From_20110827_to_20110913,9/146/185,0,160.18553161621094,83.00321197509766,1.0,0.7165934404047027,0.0,127.0,,False
DFO_3861_From_20110827_to_20110913,9/146/185,0,153.58470153808594,86.8737564086914,1.0,0.5346370278893529,0.0,127.0,,False
DFO_3861_From_20110827_to_20110913,9/146/185,0,119.92424774169922,83.88196563720703,1.0,-0.3932364886137386,0.0,127.0,,False
DFO_3861_From_20110827_to_20110913,9/146/185,0,183.85110473632812,84.4315414428711,1.0,1.3689512096686847,0.0,127.0,,False
DFO_3861_From_20110827_to_20110913,9/146/185,0,107.08567810058594,86.93045806884766,2.0,-0.7471404743362474,0.0,127.0,,False
DFO_3861_From_20110827_to_20110913,9/146/185,0,163.2765655517578,65.50923919677734,1.0,0.8017999128056822,0.0,127.0,,False
DFO_3861_From_20110827_to_20110913,9/146/185,0,110.96247100830078,85.53032684326172,5.0,-0.6402740164508295,0.0,127.0,,False
DFO_3861_From_20110827_to_20110913,9/146/185,0,141.211181640625,83.20975494384766,3.0,0.19355245760318257,0.0,127.0,,False
DFO_3861_From_20110827_to_20110913,9/146/185,0,146.61676025390625,87.17632293701172,2.0,0.34256094296048895,0.0,127.0,,False
DFO_3861_From_20110827_to_20110913,9/146/185,0,104.47796630859375,86.73564147949219,1.0,-0.8190238400537383,0.0,127.0,,False
DFO_3861_From_20110827_to_20110913,9/146/185,0,79.70759582519531,76.36247253417969,1.0,-1.5018361070702477,0.0,127.0,,False
DFO_3861_From_20110827_to_20110913,9/146/185,0,96.19998168945312,85.9227294921875,1.0,-1.047212168844036,0.0,127.0,,False
DFO_3861_From_20110827_to_20110913,9/146/185,0,163.7287139892578,78.7090835571289,9.0,0.8142636948812981,0.0,127.0,,False
DFO_3861_From_20110827_to_20110913,9/146/185,0,146.9410858154297,81.954833984375,1.0,0.35150119971053,0.0,127.0,,False
DFO_3171_From_20070816_to_20070827,9/146/186,1,80.72794342041016,67.11349487304688,1.0,0.1415240609247019,0.0,127.0,,False
DFO_3171_From_20070816_to_20070827,9/146/186,0,78.47283172607422,80.04719543457031,3.0,-0.06502804363643987,0.0,127.0,,False
DFO_3171_From_20070816_to_20070827,9/146/186,0,137.6654052734375,86.6352310180664,1.0,5.356588398381234,0.0,127.0,,False
DFO_3171_From_20070816_to_20070827,9/146/186,0,98.13337707519531,82.87132263183594,1.0,1.7357373148512913,0.0,127.0,,False
DFO_3171_From_20070816_to_20070827,9/146/186,0,95.34431457519531,85.21721649169922,2.0,1.4802791348531608,0.0,127.0,,False
DFO_3171_From_20070816_to_20070827,9/146/186,0,79.37344360351562,86.52813720703125,1.0,0.017461563927349467,0.0,127.0,,False
DFO_3171_From_20070816_to_20070827,9/146/186,0,89.8356704711914,84.28213500976562,6.0,0.9757267280618925,0.0,127.0,,False
DFO_3171_From_20070816_to_20070827,9/146/186,0,131.9647216796875,85.7178955078125,1.0,4.834446547632254,0.0,127.0,,False
DFO_3171_From_20070816_to_20070827,9/146/186,0,86.09361267089844,84.01979064941406,1.0,0.6329809935684381,0.0,127.0,,False
DFO_3171_From_20070816_to_20070827,9/146/186,0,87.90869903564453,86.92875671386719,3.0,0.7992299246259029,0.0,127.0,,False
DFO_3171_From_20070816_to_20070827,9/146/186,0,100.0146713256836,64.3818359375,1.0,1.9080504147802761,0.0,127.0,,False
DFO_3171_From_20070816_to_20070827,9/146/186,0,91.07060241699219,82.59916687011719,1.0,1.0888376631147347,0.0,127.0,,False
DFO_3171_From_20070816_to_20070827,9/146/186,0,109.67086791992188,69.73828887939453,1.0,2.7924889699106323,0.0,127.0,,False
DFO_3171_From_20070816_to_20070827,9/146/186,0,131.87225341796875,82.97251892089844,1.0,4.825977116113146,0.0,127.0,,False
DFO_3171_From_20070816_to_20070827,9/146/186,0,113.26585388183594,86.15933227539062,3.0,3.1217639757412283,0.0,127.0,,False
DFO_3171_From_20070816_to_20070827,9/146/186,0,81.62149047851562,78.74446868896484,1.0,0.223366581558896,0.0,127.0,,False
DFO_3171_From_20070816_to_20070827,9/146/186,0,87.43183898925781,79.28740692138672,1.0,0.7555529544741851,0.0,127.0,,False
DFO_3171_From_20070816_to_20070827,9/146/186,0,95.75408172607422,80.069091796875,1.0,1.5178108755676643,0.0,127.0,,False
DFO_3171_From_20070816_to_20070827,9/146/186,0,119.05841064453125,84.40067291259766,2.0,3.652320751766867,0.0,127.0,,False
DFO_3171_From_20070816_to_20070827,9/146/186,0,111.5461196899414,82.76235961914062,1.0,2.9642486218393587,0.0,127.0,,False
DFO_3171_From_20070816_to_20070827,9/146/186,0,83.80502319335938,84.82963562011719,3.0,0.42336256347051027,0.0,127.0,,False
DFO_3171_From_20070816_to_20070827,9/146/186,0,94.99215698242188,81.78546905517578,1.0,1.4480240176865768,0.0,127.0,,False
DFO_3171_From_20070816_to_20070827,9/146/186,0,87.39454650878906,78.94852447509766,7.0,0.7521372299473368,0.0,127.0,,False
DFO_3171_From_20070816_to_20070827,9/146/186,0,81.521728515625,71.71012115478516,1.0,0.21422909917078883,0.0,127.0,,False
DFO_3171_From_20070816_to_20070827,9/146/186,0,86.5405044555664,84.14844512939453,1.0,0.6739130852542271,0.0,127.0,,False
DFO_3171_From_20070816_to_20070827,9/146/186,0,128.4904022216797,85.60110473632812,1.0,4.516223730655306,0.0,127.0,,False
DFO_3285_From_20080317_to_20080502,9/146/186,1,111.3293685913086,83.50557708740234,1.0,2.9443957712240234,0.0,127.0,,False
DFO_3285_From_20080317_to_20080502,9/146/186,1,75.92092895507812,63.71820831298828,1.0,-0.29876408842240243,0.0,127.0,,False
DFO_3285_From_20080317_to_20080502,9/146/186,1,79.37344360351562,86.52813720703125,1.0,0.017461563927349467,0.0,127.0,,False
DFO_3285_From_20080317_to_20080502,9/146/186,1,94.63799285888672,76.00846862792969,2.0,1.4155851166512203,0.0,127.0,,False
DFO_3285_From_20080317_to_20080502,9/146/186,1,90.1165542602539,75.09031677246094,3.0,1.001453674498154,0.0,127.0,,False
DFO_3285_From_20080317_to_20080502,9/146/186,1,88.0969009399414,73.82057189941406,17.0,0.8164678731996126,0.0,127.0,,False
DFO_3285_From_20080317_to_20080502,9/146/186,1,93.15734100341797,72.61156463623047,7.0,1.2799679950525102,0.0,127.0,,False
DFO_3285_From_20080317_to_20080502,9/146/186,1,93.69600677490234,64.46278381347656,4.0,1.3293059276412162,0.0,127.0,,False
DFO_3285_From_20080317_to_20080502,9/146/186,1,75.01958465576172,59.999969482421875,1.0,-0.3813207805922837,0.0,127.0,,False
DFO_3285_From_20080317_to_20080502,9/146/186,0,119.05841064453125,84.40067291259766,2.0,3.652320751766867,0.0,127.0,,False
DFO_3285_From_20080317_to_20080502,9/146/186,0,97.1366958618164,76.06836700439453,1.0,1.6444484431217752,0.0,127.0,,False
DFO_3285_From_20080317_to_20080502,9/146/186,0,98.13337707519531,82.87132263183594,1.0,1.7357373148512913,0.0,127.0,,False
DFO_3285_From_20080317_to_20080502,9/146/186,0,81.71485137939453,62.65787124633789,1.0,0.23191777244167877,0.0,127.0,,False
DFO_3285_From_20080317_to_20080502,9/146/186,0,83.05287170410156,80.79147338867188,1.0,0.3544708658019624,0.0,127.0,,False
DFO_3285_From_20080317_to_20080502,9/146/186,0,87.58252716064453,83.54454040527344,2.0,0.7693549133796229,0.0,127.0,,False
DFO_3285_From_20080317_to_20080502,9/146/186,0,79.14189910888672,83.0586166381836,4.0,-0.0037462559714471146,0.0,127.0,,False
DFO_3285_From_20080317_to_20080502,9/146/186,0,91.11093139648438,77.42636108398438,8.0,1.0925315092376726,0.0,127.0,,False
DFO_3285_From_20080317_to_20080502,9/146/186,0,108.06587982177734,86.29959106445312,3.0,2.6454835376298345,0.0,127.0,,False
DFO_3285_From_20080317_to_20080502,9/146/186,0,102.75577545166016,79.11092376708984,1.0,2.1591159506753446,0.0,127.0,,False
DFO_3285_From_20080317_to_20080502,9/146/186,0,93.52986907958984,83.86763763427734,1.0,1.3140889028260263,0.0,127.0,,False
DFO_3285_From_20080317_to_20080502,9/146/186,0,95.85993194580078,81.9832992553711,2.0,1.5275059987439106,0.0,127.0,,False
DFO_3285_From_20080317_to_20080502,9/146/186,0,88.28929138183594,83.22981262207031,2.0,0.8340894618644105,0.0,127.0,,False
DFO_3285_From_20080317_to_20080502,9/146/186,0,80.88103485107422,80.20696258544922,9.0,0.15554614119387888,0.0,127.0,,False
DFO_3285_From_20080317_to_20080502,9/146/186,0,87.41593933105469,84.84806060791016,1.0,0.7540966594836057,0.0,127.0,,False
DFO_3285_From_20080317_to_20080502,9/146/186,0,90.6158447265625,81.21642303466797,1.0,1.0471851107114374,0.0,127.0,,False
DFO_3285_From_20080317_to_20080502,9/146/186,0,115.08853149414062,87.77169799804688,1.0,3.2887082107889167,0.0,127.0,,False
DFO_3285_From_20080317_to_20080502,9/146/186,0,89.83431243896484,74.62175750732422,1.0,0.9756023420214304,0.0,127.0,,False
DFO_3285_From_20080317_to_20080502,9/146/186,0,95.75408172607422,80.069091796875,1.0,1.5178108755676643,0.0,127.0,,False
DFO_3285_From_20080317_to_20080502,9/146/186,0,78.22787475585938,56.37485885620117,1.0,-0.08746435038429522,0.0,127.0,,False
DFO_3285_From_20080317_to_20080502,9/146/186,0,77.3611831665039,73.81903076171875,2.0,-0.1668471021284513,0.0,127.0,,False
DFO_3285_From_20080317_to_20080502,9/146/186,0,89.39722442626953,84.798828125,1.0,0.9355682057401014,0.0,127.0,,False
DFO_3285_From_20080317_to_20080502,9/146/186,0,92.38536071777344,73.60636901855469,2.0,1.209260121433619,0.0,127.0,,False
DFO_3285_From_20080317_to_20080502,9/146/186,0,77.67623901367188,81.26062774658203,2.0,-0.1379902395392126,0.0,127.0,,False
DFO_3285_From_20080317_to_20080502,9/146/186,0,85.6073226928711,83.09712219238281,3.0,0.5884403091132865,0.0,127.0,,False
DFO_3625_From_20100310_to_20100324,9/146/186,1,90.1165542602539,75.09031677246094,3.0,1.001453674498154,0.0,127.0,,False
DFO_3625_From_20100310_to_20100324,9/146/186,1,88.0969009399414,73.82057189941406,17.0,0.8164678731996126,0.0,127.0,,False
DFO_3625_From_20100310_to_20100324,9/146/186,1,76.94359588623047,50.01197052001953,1.0,-0.2050951107725823,0.0,127.0,,False
DFO_3625_From_20100310_to_20100324,9/146/186,0,89.31290435791016,76.87873077392578,1.0,0.9278450904637661,0.0,127.0,,False
DFO_3625_From_20100310_to_20100324,9/146/186,0,111.5461196899414,82.76235961914062,1.0,2.9642486218393587,0.0,127.0,,False
DFO_3625_From_20100310_to_20100324,9/146/186,0,98.13337707519531,82.87132263183594,1.0,1.7357373148512913,0.0,127.0,,False
DFO_3625_From_20100310_to_20100324,9/146/186,0,95.34431457519531,85.21721649169922,2.0,1.4802791348531608,0.0,127.0,,False
DFO_3625_From_20100310_to_20100324,9/146/186,0,79.37344360351562,86.52813720703125,1.0,0.017461563927349467,0.0,127.0,,False
DFO_3625_From_20100310_to_20100324,9/146/186,0,89.8356704711914,84.28213500976562,6.0,0.9757267280618925,0.0,127.0,,False
DFO_3625_From_20100310_to_20100324,9/146/186,0,119.63941955566406,87.13581085205078,1.0,3.7055370131452636,0.0,127.0,,False
DFO_3625_From_20100310_to_20100324,9/146/186,0,86.09361267089844,84.01979064941406,1.0,0.6329809935684381,0.0,127.0,,False
DFO_3625_From_20100310_to_20100324,9/146/186,0,87.90869903564453,86.92875671386719,3.0,0.7992299246259029,0.0,127.0,,False
DFO_3625_From_20100310_to_20100324,9/146/186,0,101.72147369384766,75.52387237548828,1.0,2.0643813061058345,0.0,127.0,,False
DFO_3625_From_20100310_to_20100324,9/146/186,0,94.06727600097656,79.05570983886719,1.0,1.3633115337480117,0.0,127.0,,False
DFO_3625_From_20100310_to_20100324,9/146/186,0,103.96926879882812,75.39307403564453,1.0,2.270263263404037,0.0,127.0,,False
DFO_3625_From_20100310_to_20100324,9/146/186,0,99.77409362792969,82.853515625,1.0,1.886015218073012,0.0,127.0,,False
DFO_3625_From_20100310_to_20100324,9/146/186,0,85.08428955078125,85.93730926513672,4.0,0.5405342135858556,0.0,127.0,,False
DFO_3625_From_20100310_to_20100324,9/146/186,0,87.41593933105469,84.84806060791016,1.0,0.7540966594836057,0.0,127.0,,False
DFO_3625_From_20100310_to_20100324,9/146/186,0,102.79093933105469,87.20850372314453,3.0,2.162336710565738,0.0,127.0,,False
DFO_3625_From_20100310_to_20100324,9/146/186,0,99.87039184570312,82.81954193115234,1.0,1.894835446178143,0.0,127.0,,False
DFO_3625_From_20100310_to_20100324,9/146/186,0,113.26585388183594,86.15933227539062,3.0,3.1217639757412283,0.0,127.0,,False
DFO_3625_From_20100310_to_20100324,9/146/186,0,88.95218658447266,82.21282958984375,1.0,0.8948059219634825,0.0,127.0,,False
DFO_3625_From_20100310_to_20100324,9/146/186,0,83.80502319335938,84.82963562011719,3.0,0.42336256347051027,0.0,127.0,,False
DFO_3625_From_20100310_to_20100324,9/146/186,0,82.33297729492188,80.65345764160156,1.0,0.28853368599338064,0.0,127.0,,False
DFO_3625_From_20100310_to_20100324,9/146/186,0,94.99215698242188,81.78546905517578,1.0,1.4480240176865768,0.0,127.0,,False
DFO_3625_From_20100310_to_20100324,9/146/186,0,81.75765991210938,80.89154815673828,1.0,0.235838727908157,0.0,127.0,,False
DFO_3625_From_20100310_to_20100324,9/146/186,0,78.83782196044922,29.624082565307617,1.0,-0.03159754826728673,0.0,127.0,,False
DFO_3625_From_20100310_to_20100324,9/146/186,0,95.72863006591797,83.30077362060547,1.0,1.5154796855059691,0.0,127.0,,False
DFO_3861_From_20110827_to_20110913,9/146/186,1,114.55802917480469,86.62113189697266,1.0,3.240117992038944,0.0,127.0,,False
DFO_3861_From_20110827_to_20110913,9/146/186,1,81.59382629394531,73.76423645019531,1.0,0.2208327400829648,0.0,127.0,,False
DFO_3861_From_20110827_to_20110913,9/146/186,0,89.31290435791016,76.87873077392578,1.0,0.9278450904637661,0.0,127.0,,False
DFO_3861_From_20110827_to_20110913,9/146/186,0,137.6654052734375,86.6352310180664,1.0,5.356588398381234,0.0,127.0,,False
DFO_3861_From_20110827_to_20110913,9/146/186,0,98.13337707519531,82.87132263183594,1.0,1.7357373148512913,0.0,127.0,,False
DFO_3861_From_20110827_to_20110913,9/146/186,0,91.11093139648438,77.42636108398438,8.0,1.0925315092376726,0.0,127.0,,False
DFO_3861_From_20110827_to_20110913,9/146/186,0,106.89844512939453,86.52689361572266,1.0,2.5385548683071533,0.0,127.0,,False
DFO_3861_From_20110827_to_20110913,9/146/186,0,88.57364654541016,78.06595611572266,1.0,0.8601343613816285,0.0,127.0,,False
DFO_3861_From_20110827_to_20110913,9/146/186,0,124.02185821533203,83.97796630859375,2.0,4.1069370548984425,0.0,127.0,,False
DFO_3861_From_20110827_to_20110913,9/146/186,0,94.15274047851562,85.36618041992188,1.0,1.3711394687213656,0.0,127.0,,False
DFO_3861_From_20110827_to_20110913,9/146/186,0,116.28687286376953,85.49571228027344,1.0,3.398467710729082,0.0,127.0,,False
DFO_3861_From_20110827_to_20110913,9/146/186,0,100.0146713256836,64.3818359375,1.0,1.9080504147802761,0.0,127.0,,False
DFO_3861_From_20110827_to_20110913,9/146/186,0,74.8664321899414,84.5454330444336,3.0,-0.39534845124530166,0.0,127.0,,False
DFO_3861_From_20110827_to_20110913,9/146/186,0,109.67086791992188,69.73828887939453,1.0,2.7924889699106323,0.0,127.0,,False
DFO_3861_From_20110827_to_20110913,9/146/186,0,128.4904022216797,85.60110473632812,1.0,4.516223730655306,0.0,127.0,,False
DFO_3861_From_20110827_to_20110913,9/146/186,0,85.44993591308594,82.72246551513672,1.0,0.5740248055812994,0.0,127.0,,False
DFO_3861_From_20110827_to_20110913,9/146/186,0,81.62149047851562,78.74446868896484,1.0,0.223366581558896,0.0,127.0,,False
DFO_3861_From_20110827_to_20110913,9/146/186,0,89.39722442626953,84.798828125,1.0,0.9355682057401014,0.0,127.0,,False
DFO_3861_From_20110827_to_20110913,9/146/186,0,95.85993194580078,81.9832992553711,2.0,1.5275059987439106,0.0,127.0,,False
DFO_3861_From_20110827_to_20110913,9/146/186,0,102.79093933105469,87.20850372314453,3.0,2.162336710565738,0.0,127.0,,False
DFO_3861_From_20110827_to_20110913,9/146/186,0,111.5461196899414,82.76235961914062,1.0,2.9642486218393587,0.0,127.0,,False
DFO_3861_From_20110827_to_20110913,9/146/186,0,93.01277923583984,79.57041931152344,1.0,1.2667271709251124,0.0,127.0,,False
DFO_3861_From_20110827_to_20110913,9/146/186,0,97.458984375,35.11601257324219,1.0,1.6739677661961718,0.0,127.0,,False
DFO_3861_From_20110827_to_20110913,9/146/186,0,88.95218658447266,82.21282958984375,1.0,0.8948059219634825,0.0,127.0,,False
DFO_3861_From_20110827_to_20110913,9/146/186,0,81.71485137939453,62.65787124633789,1.0,0.23191777244167877,0.0,127.0,,False
DFO_3861_From_20110827_to_20110913,9/146/186,0,86.5405044555664,84.14844512939453,1.0,0.6739130852542271,0.0,127.0,,False
DFO_3861_From_20110827_to_20110913,9/146/186,0,115.08853149414062,87.77169799804688,1.0,3.2887082107889167,0.0,127.0,,False
DFO_2606_From_20050105_to_20050201,9/146/187,1,74.90166473388672,80.93152618408203,5.0,-0.7857478374380408,11.0,0.0,,False
DFO_2606_From_20050105_to_20050201,9/146/187,1,124.64205169677734,84.10752868652344,2.0,0.9318070153022582,90.0,0.0,,False
DFO_2606_From_20050105_to_20050201,9/146/187,1,120.24691772460938,74.77629089355469,13.0,0.7800413346698825,90.0,0.0,,False
DFO_2606_From_20050105_to_20050201,9/146/187,1,118.14479064941406,68.3470458984375,8.0,0.707454071491328,90.0,0.0,,False
DFO_2606_From_20050105_to_20050201,9/146/187,1,121.80500030517578,80.0715103149414,6.0,0.8338425304510589,82.0,0.0,,False
DFO_2606_From_20050105_to_20050201,9/146/187,1,119.53008270263672,62.60734176635742,20.0,0.7552887433496362,82.0,0.0,,False
DFO_2606_From_20050105_to_20050201,9/146/187,1,117.55828857421875,81.89178466796875,12.0,0.6872019273705855,90.0,0.0,,False
DFO_2606_From_20050105_to_20050201,9/146/187,1,121.5113296508789,81.14910888671875,1.0,0.8237019688633229,21.0,1.0,,False
DFO_2606_From_20050105_to_20050201,9/146/187,1,119.79327392578125,75.96705627441406,3.0,0.7643768383587844,90.0,0.0,,False
DFO_2606_From_20050105_to_20050201,9/146/187,1,116.0071792602539,72.64374542236328,18.0,0.6336415211896166,82.0,0.0,,False
DFO_2606_From_20050105_to_20050201,9/146/187,1,118.50667572021484,75.93830871582031,2.0,0.7199501033366748,41.0,0.0,,False
DFO_2606_From_20050105_to_20050201,9/146/187,0,128.03468322753906,78.62096405029297,1.0,1.0489558978303908,82.0,0.0,,False
DFO_2606_From_20050105_to_20050201,9/146/187,0,136.0724334716797,80.1132583618164,1.0,1.3265025310569847,41.0,0.0,,False
DFO_2606_From_20050105_to_20050201,9/146/187,0,101.99945831298828,80.71165466308594,1.0,0.14994948423868731,43.0,0.0,,False
DFO_2606_From_20050105_to_20050201,9/146/187,0,160.32595825195312,71.28924560546875,1.0,2.163986148011839,82.0,0.0,,False
DFO_2606_From_20050105_to_20050201,9/146/187,0,99.89476013183594,87.56055450439453,3.0,0.07727343977427951,82.0,0.0,,False
DFO_2606_From_20050105_to_20050201,9/146/187,0,125.3730697631836,83.04551696777344,2.0,0.9570493526474342,90.0,0.0,,False
DFO_2606_From_20050105_to_20050201,9/146/187,0,162.53582763671875,74.83222198486328,1.0,2.2402937949257673,81.0,0.0,,False
DFO_2606_From_20050105_to_20050201,9/146/187,0,123.83849334716797,76.4243392944336,4.0,0.9040598338446381,82.0,0.0,,False
DFO_2606_From_20050105_to_20050201,9/146/187,0,126.32442474365234,80.33951568603516,1.0,0.9899000090888853,90.0,0.0,,False
DFO_2606_From_20050105_to_20050201,9/146/187,0,85.3640365600586,78.50179290771484,32.0,-0.4244780806381715,90.0,0.0,,False
DFO_2606_From_20050105_to_20050201,9/146/187,0,81.49891662597656,85.89251708984375,6.0,-0.5579421709790574,23.0,53.0,,False
DFO_2606_From_20050105_to_20050201,9/146/187,0,123.84839630126953,78.99474334716797,1.0,0.904401786690447,82.0,0.0,,False
DFO_2606_From_20050105_to_20050201,9/146/187,0,111.92632293701172,81.16158294677734,7.0,0.4927279696615642,41.0,0.0,,False
DFO_2606_From_20050105_to_20050201,9/146/187,0,137.8347625732422,46.74900436401367,19.0,1.3873564384214845,22.0,20.0,,False
DFO_2606_From_20050105_to_20050201,9/146/187,0,80.12557220458984,85.87006378173828,4.0,-0.6053642864763972,41.0,0.0,,False
DFO_2606_From_20050105_to_20050201,9/146/187,0,155.02731323242188,66.80105590820312,2.0,1.9810218805035507,24.0,81.0,,False
DFO_2606_From_20050105_to_20050201,9/146/187,0,135.8385467529297,77.47367858886719,1.0,1.318426331949803,90.0,0.0,,False
DFO_2606_From_20050105_to_20050201,9/146/187,0,139.7386932373047,65.35753631591797,1.0,1.4530999026567206,90.0,0.0,,False
DFO_2606_From_20050105_to_20050201,9/146/187,0,131.25099182128906,78.88134002685547,1.0,1.1600162809598389,81.0,0.0,,False
DFO_2606_From_20050105_to_20050201,9/146/187,0,131.59007263183594,82.26820373535156,1.0,1.1717248728543974,21.0,2.0,,False
DFO_2606_From_20050105_to_20050201,9/146/187,0,132.792236328125,86.1374740600586,1.0,1.2132360515247593,81.0,0.0,,False
DFO_2606_From_20050105_to_20050201,9/146/187,0,144.12298583984375,80.681640625,1.0,1.6044912265911806,82.0,0.0,,False
DFO_2606_From_20050105_to_20050201,9/146/187,0,123.28607177734375,65.79329681396484,1.0,0.8849845027918685,81.0,0.0,,False
DFO_2606_From_20050105_to_20050201,9/146/187,0,79.99811553955078,86.16679382324219,4.0,-0.6097654145519641,81.0,0.0,,False
DFO_2606_From_20050105_to_20050201,9/146/187,0,120.98869323730469,83.92257690429688,3.0,0.8056551308075014,81.0,0.0,,False
DFO_3285_From_20080317_to_20080502,9/146/187,1,86.29399871826172,85.4959716796875,1.0,-0.39236612664637255,41.0,0.0,,False
DFO_3285_From_20080317_to_20080502,9/146/187,1,83.88677215576172,83.6657485961914,1.0,-0.4754885934488895,90.0,0.0,,False
DFO_3285_From_20080317_to_20080502,9/146/187,1,80.00369262695312,82.57777404785156,2.0,-0.6095728355609884,41.0,0.0,,False
DFO_3285_From_20080317_to_20080502,9/146/187,1,127.31616973876953,76.31893920898438,27.0,1.0241453484006855,21.0,1.0,,False
DFO_3285_From_20080317_to_20080502,9/146/187,1,123.05126190185547,82.4028091430664,10.0,0.8768764267244843,11.0,0.0,,False
DFO_3285_From_20080317_to_20080502,9/146/187,1,116.0071792602539,72.64374542236328,18.0,0.6336415211896166,82.0,0.0,,False
DFO_3285_From_20080317_to_20080502,9/146/187,1,118.50667572021484,75.93830871582031,2.0,0.7199501033366748,41.0,0.0,,False
DFO_3285_From_20080317_to_20080502,9/146/187,0,143.3848419189453,87.17096710205078,1.0,1.5790028307267552,41.0,0.0,,False
DFO_3285_From_20080317_to_20080502,9/146/187,0,154.01849365234375,78.01360321044922,1.0,1.9461869491509796,41.0,0.0,,False
DFO_3285_From_20080317_to_20080502,9/146/187,0,117.4123764038086,85.21736907958984,7.0,0.68216352353692,41.0,0.0,,False
DFO_3285_From_20080317_to_20080502,9/146/187,0,146.3773956298828,78.31171417236328,1.0,1.6823368709733932,90.0,0.0,,False
DFO_3285_From_20080317_to_20080502,9/146/187,0,130.3385772705078,76.8836898803711,1.0,1.1285102526578403,41.0,0.0,,False
DFO_3285_From_20080317_to_20080502,9/146/187,0,146.3194122314453,78.52364349365234,2.0,1.6803346817375315,41.0,0.0,,False
DFO_3285_From_20080317_to_20080502,9/146/187,0,152.6103515625,51.504798889160156,1.0,1.8975632566661704,82.0,0.0,,False
DFO_3285_From_20080317_to_20080502,9/146/187,0,135.1826171875,82.24249267578125,1.0,1.295776829665068,41.0,0.0,,False
DFO_3285_From_20080317_to_20080502,9/146/187,0,136.0181121826172,79.46913146972656,1.0,1.3246267958781246,41.0,0.0,,False
DFO_3285_From_20080317_to_20080502,9/146/187,0,98.6863784790039,86.62531280517578,4.0,0.0355475526529666,82.0,0.0,,False
DFO_3285_From_20080317_to_20080502,9/146/187,0,89.99955749511719,85.39578247070312,2.0,-0.26441174494743597,82.0,0.0,,False
DFO_3285_From_20080317_to_20080502,9/146/187,0,129.50791931152344,83.91399383544922,1.0,1.099827311178407,90.0,0.0,,False
DFO_3285_From_20080317_to_20080502,9/146/187,0,154.65879821777344,82.79769134521484,2.0,1.9682969141258402,21.0,2.0,,False
DFO_3285_From_20080317_to_20080502,9/146/187,0,144.2432403564453,82.9317626953125,1.0,1.6086436616879773,22.0,38.0,,False
DFO_3285_From_20080317_to_20080502,9/146/187,0,90.6156005859375,81.12464904785156,1.0,-0.24313953810021222,90.0,0.0,,False
DFO_3285_From_20080317_to_20080502,9/146/187,0,146.07373046875,71.6189956665039,1.0,1.6718511951884232,81.0,0.0,,False
DFO_3285_From_20080317_to_20080502,9/146/187,0,150.32870483398438,83.01807403564453,1.0,1.818777110235007,90.0,0.0,,False
DFO_3285_From_20080317_to_20080502,9/146/187,0,130.35707092285156,62.66316223144531,1.0,1.1291488456456995,90.0,0.0,,False
DFO_3285_From_20080317_to_20080502,9/146/187,0,136.03750610351562,74.05703735351562,1.0,1.32529647548833,82.0,0.0,,False
DFO_3285_From_20080317_to_20080502,9/146/187,0,130.82579040527344,64.63069915771484,5.0,1.1453339111581216,21.0,1.0,,False
DFO_3285_From_20080317_to_20080502,9/146/187,0,149.490478515625,84.6481704711914,6.0,1.789832830371103,41.0,0.0,,False
DFO_3285_From_20080317_to_20080502,9/146/187,0,143.58712768554688,79.64364624023438,2.0,1.5859878367003921,81.0,0.0,,False
DFO_3285_From_20080317_to_20080502,9/146/187,0,130.5541229248047,78.78019714355469,1.0,1.1359531276962047,90.0,0.0,,False
DFO_3285_From_20080317_to_20080502,9/146/187,0,101.67469024658203,86.75179290771484,1.0,0.1387351169502443,41.0,0.0,,False
DFO_3285_From_20080317_to_20080502,9/146/187,0,134.86305236816406,81.62116241455078,1.0,1.2847421325159483,90.0,0.0,,False
DFO_3625_From_20100310_to_20100324,9/146/187,1,79.81724548339844,85.87734985351562,13.0,-0.6160109277380925,81.0,0.0,,False
DFO_3625_From_20100310_to_20100324,9/146/187,0,138.13241577148438,85.27047729492188,1.0,1.39763451879621,81.0,0.0,,False
DFO_3625_From_20100310_to_20100324,9/146/187,0,139.85305786132812,82.71582794189453,3.0,1.4570489574785062,90.0,0.0,,False
DFO_3625_From_20100310_to_20100324,9/146/187,0,125.33511352539062,85.07268524169922,1.0,0.9557387090358009,81.0,0.0,,False
DFO_3625_From_20100310_to_20100324,9/146/187,0,157.59027099609375,61.4736442565918,1.0,2.0695218060800693,82.0,0.0,,False
DFO_3625_From_20100310_to_20100324,9/146/187,0,96.30162048339844,85.3878402709961,1.0,-0.0467990658206539,95.0,0.0,,False
DFO_3625_From_20100310_to_20100324,9/146/187,0,148.66184997558594,40.66286849975586,1.0,1.7612199655149248,90.0,0.0,,False
DFO_3625_From_20100310_to_20100324,9/146/187,0,144.18576049804688,63.744972229003906,5.0,1.6066588598849532,22.0,48.0,,False
DFO_3625_From_20100310_to_20100324,9/146/187,0,135.1826171875,82.24249267578125,1.0,1.295776829665068,41.0,0.0,,False
DFO_3625_From_20100310_to_20100324,9/146/187,0,125.90008544921875,81.20635223388672,6.0,0.9752474086797538,41.0,0.0,,False
DFO_3625_From_20100310_to_20100324,9/146/187,0,102.47711944580078,86.82087707519531,7.0,0.1664433084069555,41.0,0.0,,False
DFO_3625_From_20100310_to_20100324,9/146/187,0,87.32427215576172,86.91788482666016,4.0,-0.3567903852765326,41.0,0.0,,False
DFO_3625_From_20100310_to_20100324,9/146/187,0,128.22756958007812,84.8613510131836,1.0,1.0556163383910566,81.0,0.0,,False
DFO_3625_From_20100310_to_20100324,9/146/187,0,128.29733276367188,84.24832916259766,2.0,1.0580252881769407,41.0,0.0,,False
DFO_3625_From_20100310_to_20100324,9/146/187,0,147.8699493408203,70.1901626586914,1.0,1.7338753294720939,81.0,0.0,,False
DFO_3625_From_20100310_to_20100324,9/146/187,0,87.67321014404297,86.78740692138672,6.0,-0.34474142121187773,82.0,0.0,,False
DFO_3625_From_20100310_to_20100324,9/146/187,0,144.2867889404297,53.48441696166992,4.0,1.6101474111824903,82.0,0.0,,False
DFO_3625_From_20100310_to_20100324,9/146/187,0,146.96676635742188,83.26508331298828,3.0,1.7026880707721206,90.0,0.0,,False
DFO_3625_From_20100310_to_20100324,9/146/187,0,134.35166931152344,78.0504150390625,1.0,1.2670838772394553,41.0,0.0,,False
DFO_3625_From_20100310_to_20100324,9/146/187,0,110.24271392822266,49.45252227783203,15.0,0.43459229763069884,82.0,0.0,,False
DFO_3625_From_20100310_to_20100324,9/146/187,0,119.03394317626953,82.24195861816406,5.0,0.7381568530854131,90.0,0.0,,False
DFO_3625_From_20100310_to_20100324,9/146/187,0,147.35598754882812,85.67301177978516,11.0,1.7161280294637953,81.0,0.0,,False
DFO_3625_From_20100310_to_20100324,9/146/187,0,139.61618041992188,84.00796508789062,5.0,1.4488694875581063,81.0,0.0,,False
DFO_3625_From_20100310_to_20100324,9/146/187,0,130.5541229248047,78.78019714355469,1.0,1.1359531276962047,90.0,0.0,,False
DFO_3625_From_20100310_to_20100324,9/146/187,0,83.16824340820312,86.2652816772461,3.0,-0.5002996697704991,82.0,0.0,,False
DFO_3625_From_20100310_to_20100324,9/146/187,0,130.82579040527344,64.63069915771484,5.0,1.1453339111581216,21.0,1.0,,False
DFO_2412_From_20040104_to_20040116,9/146/188,1,116.473388671875,71.73782348632812,24.0,-1.1089599059709947,90.0,0.0,,False
DFO_2412_From_20040104_to_20040116,9/146/188,1,225.43394470214844,89.0595703125,2.0,-0.00707269834281902,11.0,0.0,,False
DFO_2412_From_20040104_to_20040116,9/146/188,1,226.2939453125,89.50847625732422,4.0,0.0016242439785428822,22.0,22.0,,False
DFO_2412_From_20040104_to_20040116,9/146/188,1,161.0703125,88.1528549194336,3.0,-0.6579638606486313,21.0,1.0,,False
DFO_2412_From_20040104_to_20040116,9/146/188,0,369.3783874511719,88.87641143798828,1.0,1.4485966360743723,81.0,0.0,,False
DFO_2412_From_20040104_to_20040116,9/146/188,0,233.42559814453125,84.48873138427734,1.0,0.07374462690571107,82.0,0.0,,False
DFO_2412_From_20040104_to_20040116,9/146/188,0,192.1348876953125,85.50301361083984,3.0,-0.3438166199846973,22.0,41.0,,False
DFO_2412_From_20040104_to_20040116,9/146/188,0,446.786865234375,89.39112854003906,1.0,2.2314066229065155,41.0,0.0,,False
DFO_2412_From_20040104_to_20040116,9/146/188,0,137.1876220703125,84.1817855834961,6.0,-0.8994827370841086,82.0,0.0,,False
DFO_2412_From_20040104_to_20040116,9/146/188,0,361.1646728515625,88.6972885131836,1.0,1.365533669307722,90.0,0.0,,False
DFO_2412_From_20040104_to_20040116,9/146/188,0,203.52130126953125,84.84337615966797,1.0,-0.2286690480990551,21.0,3.0,,False
DFO_2412_From_20040104_to_20040116,9/146/188,0,560.8746337890625,89.39977264404297,1.0,3.385143876985199,41.0,0.0,,False
DFO_2412_From_20040104_to_20040116,9/146/188,0,350.90252685546875,88.42005920410156,1.0,1.2617554966562656,81.0,0.0,,False
DFO_2412_From_20040104_to_20040116,9/146/188,0,177.03187561035156,83.77762603759766,1.0,-0.4965490987768252,81.0,0.0,,False
DFO_2412_From_20040104_to_20040116,9/146/188,0,164.45762634277344,85.91765594482422,2.0,-0.6237089162214308,82.0,0.0,,False
DFO_2412_From_20040104_to_20040116,9/146/188,0,309.31304931640625,87.92578887939453,2.0,0.8411729029009636,82.0,0.0,,False
DFO_2412_From_20040104_to_20040116,9/146/188,0,171.81732177734375,77.40107727050781,1.0,-0.5492824031157215,81.0,0.0,,False
DFO_2412_From_20040104_to_20040116,9/146/188,0,328.4604187011719,88.73770904541016,1.0,1.0348048202981428,43.0,0.0,,False
DFO_2412_From_20040104_to_20040116,9/146/188,0,167.14193725585938,83.32008361816406,2.0,-0.5965632410873547,82.0,0.0,,False
DFO_2412_From_20040104_to_20040116,9/146/188,0,261.28680419921875,88.83685302734375,1.0,0.35549710375818977,82.0,0.0,,False
DFO_2412_From_20040104_to_20040116,9/146/188,0,158.791259765625,86.47277069091797,1.0,-0.6810112747313944,82.0,0.0,,False
DFO_2412_From_20040104_to_20040116,9/146/188,0,318.4139709472656,88.66973114013672,2.0,0.933207942809206,82.0,0.0,,False
DFO_2412_From_20040104_to_20040116,9/146/188,0,144.25144958496094,77.26203918457031,1.0,-0.8280482523599257,82.0,0.0,,False
DFO_2412_From_20040104_to_20040116,9/146/188,0,313.255615234375,87.3073501586914,1.0,0.8810429541242117,82.0,0.0,,False
DFO_2412_From_20040104_to_20040116,9/146/188,0,363.1495361328125,88.27520751953125,2.0,1.3856060288677503,52.0,0.0,,False
DFO_2412_From_20040104_to_20040116,9/146/188,0,374.0718688964844,88.27180480957031,2.0,1.4960604831053397,81.0,0.0,,False
DFO_2412_From_20040104_to_20040116,9/146/188,0,325.6416320800781,88.03622436523438,1.0,1.0062992304592502,21.0,8.0,,False
DFO_2412_From_20040104_to_20040116,9/146/188,0,163.26641845703125,83.5060806274414,1.0,-0.6357552638057845,82.0,0.0,,False
DFO_2412_From_20040104_to_20040116,9/146/188,0,229.74151611328125,86.87150573730469,8.0,0.0364885499363596,82.0,0.0,,False
DFO_2606_From_20050105_to_20050201,9/146/188,1,146.68563842773438,84.48516845703125,1.0,-0.803431990801403,82.0,0.0,,False
DFO_2606_From_20050105_to_20050201,9/146/188,1,118.36795043945312,80.57267761230469,39.0,-1.0898007400139509,21.0,1.0,,False
DFO_2606_From_20050105_to_20050201,9/146/188,1,115.682373046875,45.679725646972656,3.0,-1.1169592226960243,82.0,0.0,,False
DFO_2606_From_20050105_to_20050201,9/146/188,1,116.29813385009766,77.35552978515625,12.0,-1.1107322082905418,52.0,0.0,,False
DFO_2606_From_20050105_to_20050201,9/146/188,1,117.36943054199219,71.396728515625,6.0,-1.0998984886090362,90.0,0.0,,False
DFO_2606_From_20050105_to_20050201,9/146/188,1,115.44668579101562,48.880401611328125,3.0,-1.1193426610859705,95.0,0.0,,False
DFO_2606_From_20050105_to_20050201,9/146/188,1,115.13956451416016,64.0300521850586,38.0,-1.1224484914753037,82.0,0.0,,False
DFO_2606_From_20050105_to_20050201,9/146/188,1,151.20533752441406,73.61188507080078,1.0,-0.7577255553865885,81.0,0.0,,False
DFO_2606_From_20050105_to_20050201,9/146/188,1,213.2212677001953,88.7850570678711,13.0,-0.1305760379881132,11.0,0.0,,False
DFO_2606_From_20050105_to_20050201,9/146/188,1,226.2939453125,89.50847625732422,4.0,0.0016242439785428822,22.0,22.0,,False
DFO_2606_From_20050105_to_20050201,9/146/188,0,310.9659423828125,89.04751586914062,1.0,0.8578881418076404,82.0,0.0,,False
DFO_2606_From_20050105_to_20050201,9/146/188,0,188.69236755371094,87.32403564453125,4.0,-0.3786298500583322,41.0,0.0,,False
DFO_2606_From_20050105_to_20050201,9/146/188,0,181.05398559570312,83.077880859375,4.0,-0.45587464095466534,82.0,0.0,,False
DFO_2606_From_20050105_to_20050201,9/146/188,0,393.8479309082031,89.30413055419922,1.0,1.6960501907745997,43.0,0.0,,False
DFO_2606_From_20050105_to_20050201,9/146/188,0,148.74215698242188,81.85140991210938,3.0,-0.7826350017787832,21.0,8.0,,False
DFO_2606_From_20050105_to_20050201,9/146/188,0,282.7422790527344,89.48055267333984,12.0,0.5724702373030328,41.0,0.0,,False
DFO_2606_From_20050105_to_20050201,9/146/188,0,188.9765167236328,87.90352630615234,4.0,-0.37575633007273224,82.0,0.0,,False
DFO_2606_From_20050105_to_20050201,9/146/188,0,150.92271423339844,88.8949203491211,5.0,-0.7605836445914689,82.0,0.0,,False
DFO_2606_From_20050105_to_20050201,9/146/188,0,344.65673828125,88.6572036743164,1.0,1.198593607783656,82.0,0.0,,False
DFO_2606_From_20050105_to_20050201,9/146/188,0,169.21275329589844,59.00641632080078,1.0,-0.5756216656493924,90.0,0.0,,False
DFO_2606_From_20050105_to_20050201,9/146/188,0,161.19923400878906,83.18292999267578,3.0,-0.6566601139856341,82.0,0.0,,False
DFO_2606_From_20050105_to_20050201,9/146/188,0,268.5945129394531,86.55290222167969,4.0,0.42939789016478297,90.0,0.0,,False
DFO_2606_From_20050105_to_20050201,9/146/188,0,224.5531005859375,88.2029800415039,1.0,-0.01598042512881037,82.0,0.0,,False
DFO_2606_From_20050105_to_20050201,9/146/188,0,265.41552734375,87.70915985107422,2.0,0.39724971022922656,82.0,0.0,,False
DFO_2606_From_20050105_to_20050201,9/146/188,0,163.26641845703125,83.5060806274414,1.0,-0.6357552638057845,82.0,0.0,,False
DFO_2606_From_20050105_to_20050201,9/146/188,0,405.0406494140625,89.6840591430664,1.0,1.8092389793556987,41.0,0.0,,False
DFO_2606_From_20050105_to_20050201,9/146/188,0,154.5701446533203,85.80876922607422,8.0,-0.7236982149750018,82.0,0.0,,False
DFO_2606_From_20050105_to_20050201,9/146/188,0,364.1531066894531,87.94632720947266,1.0,1.3957548533470174,82.0,0.0,,False
DFO_2606_From_20050105_to_20050201,9/146/188,0,282.2071838378906,88.70525360107422,2.0,0.5670589711202909,41.0,0.0,,False
DFO_2606_From_20050105_to_20050201,9/146/188,0,273.1175537109375,85.9529037475586,2.0,0.47513811898937336,82.0,0.0,,False
DFO_2606_From_20050105_to_20050201,9/146/188,0,284.8200378417969,89.1561279296875,2.0,0.5934820227932691,82.0,0.0,,False
DFO_2606_From_20050105_to_20050201,9/146/188,0,400.655517578125,88.28629302978516,2.0,1.7648933844925436,81.0,0.0,,False
DFO_2606_From_20050105_to_20050201,9/146/188,0,300.20819091796875,88.70828247070312,1.0,0.7490980515784648,41.0,0.0,,False
DFO_2606_From_20050105_to_20050201,9/146/188,0,170.60443115234375,82.27177429199219,1.0,-0.5615480220941005,21.0,7.0,,False
DFO_2606_From_20050105_to_20050201,9/146/188,0,199.3457794189453,85.99069213867188,1.0,-0.2708949166147614,82.0,0.0,,False
DFO_3171_From_20070816_to_20070827,9/146/188,1,226.2939453125,89.50847625732422,4.0,0.0016242439785428822,22.0,22.0,,False
DFO_3171_From_20070816_to_20070827,9/146/188,0,369.3783874511719,88.87641143798828,1.0,1.4485966360743723,81.0,0.0,,False
DFO_3171_From_20070816_to_20070827,9/146/188,0,233.42559814453125,84.48873138427734,1.0,0.07374462690571107,82.0,0.0,,False
DFO_3171_From_20070816_to_20070827,9/146/188,0,143.4397430419922,85.43267822265625,2.0,-0.836256810471513,82.0,0.0,,False
DFO_3171_From_20070816_to_20070827,9/146/188,0,361.1646728515625,88.6972885131836,1.0,1.365533669307722,90.0,0.0,,False
DFO_3171_From_20070816_to_20070827,9/146/188,0,140.0029754638672,85.10266876220703,2.0,-0.871011866501835,82.0,0.0,,False
DFO_3171_From_20070816_to_20070827,9/146/188,0,284.9032287597656,89.26680755615234,8.0,0.5943233089581006,90.0,0.0,,False
DFO_3171_From_20070816_to_20070827,9/146/188,0,213.89926147460938,84.95963287353516,1.0,-0.12371967919098269,21.0,1.0,,False
DFO_3171_From_20070816_to_20070827,9/146/188,0,200.91200256347656,89.06045532226562,3.0,-0.25505614605295673,82.0,0.0,,False
DFO_3171_From_20070816_to_20070827,9/146/188,0,293.4917907714844,87.42762756347656,6.0,0.6811770013163227,41.0,0.0,,False
DFO_3171_From_20070816_to_20070827,9/146/188,0,177.03187561035156,83.77762603759766,1.0,-0.4965490987768252,81.0,0.0,,False
DFO_3171_From_20070816_to_20070827,9/146/188,0,164.45762634277344,85.91765594482422,2.0,-0.6237089162214308,82.0,0.0,,False
DFO_3171_From_20070816_to_20070827,9/146/188,0,282.2071838378906,88.70525360107422,2.0,0.5670589711202909,41.0,0.0,,False
DFO_3171_From_20070816_to_20070827,9/146/188,0,142.2928009033203,86.1536636352539,1.0,-0.8478555111071917,41.0,0.0,,False
DFO_3171_From_20070816_to_20070827,9/146/188,0,328.4604187011719,88.73770904541016,1.0,1.0348048202981428,43.0,0.0,,False
DFO_3171_From_20070816_to_20070827,9/146/188,0,165.37289428710938,84.16448211669922,2.0,-0.6144530710224058,82.0,0.0,,False
DFO_3171_From_20070816_to_20070827,9/146/188,0,261.28680419921875,88.83685302734375,1.0,0.35549710375818977,82.0,0.0,,False
DFO_3171_From_20070816_to_20070827,9/146/188,0,160.52490234375,83.74794006347656,1.0,-0.6634794389090376,82.0,0.0,,False
DFO_3171_From_20070816_to_20070827,9/146/188,0,300.2064514160156,87.63421630859375,7.0,0.7490804604884443,82.0,0.0,,False
DFO_3171_From_20070816_to_20070827,9/146/188,0,145.28713989257812,86.90840911865234,4.0,-0.8175746099465115,81.0,0.0,,False
DFO_3171_From_20070816_to_20070827,9/146/188,0,306.0188293457031,87.31808471679688,1.0,0.8078593904054646,82.0,0.0,,False
DFO_3171_From_20070816_to_20070827,9/146/188,0,284.8200378417969,89.1561279296875,2.0,0.5934820227932691,82.0,0.0,,False
DFO_3171_From_20070816_to_20070827,9/146/188,0,400.655517578125,88.28629302978516,2.0,1.7648933844925436,81.0,0.0,,False
DFO_3171_From_20070816_to_20070827,9/146/188,0,241.04161071777344,89.03295135498047,2.0,0.1507632025566952,82.0,0.0,,False
DFO_3171_From_20070816_to_20070827,9/146/188,0,163.26641845703125,83.5060806274414,1.0,-0.6357552638057845,82.0,0.0,,False
DFO_3171_From_20070816_to_20070827,9/146/188,0,177.40232849121094,88.41497039794922,13.0,-0.49280281383372576,81.0,0.0,,False
DFO_3285_From_20080317_to_20080502,9/146/188,1,117.79379272460938,61.9211540222168,3.0,-1.0956070341831141,95.0,0.0,,False
DFO_3285_From_20080317_to_20080502,9/146/188,1,120.47447967529297,87.23688507080078,1.0,-1.068498007153247,90.0,0.0,,False
DFO_3285_From_20080317_to_20080502,9/146/188,1,115.682373046875,45.679725646972656,3.0,-1.1169592226960243,82.0,0.0,,False
DFO_3285_From_20080317_to_20080502,9/146/188,1,115.13343811035156,72.85538482666016,17.0,-1.122510446059893,90.0,0.0,,False
DFO_3285_From_20080317_to_20080502,9/146/188,1,116.29813385009766,77.35552978515625,12.0,-1.1107322082905418,52.0,0.0,,False
DFO_3285_From_20080317_to_20080502,9/146/188,1,117.36943054199219,71.396728515625,6.0,-1.0998984886090362,90.0,0.0,,False
DFO_3285_From_20080317_to_20080502,9/146/188,1,115.44668579101562,48.880401611328125,3.0,-1.1193426610859705,95.0,0.0,,False
DFO_3285_From_20080317_to_20080502,9/146/188,1,121.61479949951172,82.50311279296875,1.0,-1.0569662761058913,21.0,4.0,,False
DFO_3285_From_20080317_to_20080502,9/146/188,1,116.66502380371094,82.17839050292969,9.0,-1.1070219542204227,90.0,0.0,,False
DFO_3285_From_20080317_to_20080502,9/146/188,1,120.90888214111328,85.9145278930664,2.0,-1.06410501819019,82.0,0.0,,False
DFO_3285_From_20080317_to_20080502,9/146/188,1,115.13956451416016,64.0300521850586,38.0,-1.1224484914753037,82.0,0.0,,False
DFO_3285_From_20080317_to_20080502,9/146/188,1,116.95917510986328,74.3388900756836,5.0,-1.1040472854672059,82.0,0.0,,False
DFO_3285_From_20080317_to_20080502,9/146/188,1,116.473388671875,71.73782348632812,24.0,-1.1089599059709947,90.0,0.0,,False
DFO_3285_From_20080317_to_20080502,9/146/188,1,115.54248809814453,74.36869049072266,22.0,-1.1183738395184917,90.0,0.0,,False
DFO_3285_From_20080317_to_20080502,9/146/188,1,116.56903076171875,75.67554473876953,5.0,-1.1079927046354914,21.0,1.0,,False
DFO_3285_From_20080317_to_20080502,9/146/188,1,115.72186279296875,62.709842681884766,20.0,-1.1165598740910017,95.0,0.0,,False
DFO_3285_From_20080317_to_20080502,9/146/188,1,116.61750030517578,81.6946029663086,5.0,-1.107502545885934,95.0,0.0,,False
DFO_3285_From_20080317_to_20080502,9/146/188,1,317.1237487792969,89.20877075195312,1.0,0.9201602918639589,41.0,0.0,,False
DFO_3285_From_20080317_to_20080502,9/146/188,1,274.10284423828125,87.65621948242188,10.0,0.4851020827156199,82.0,0.0,,False
DFO_3285_From_20080317_to_20080502,9/146/188,1,274.1663818359375,73.1618423461914,2.0,0.48574462042478317,82.0,0.0,,False
DFO_3285_From_20080317_to_20080502,9/146/188,1,147.75747680664062,89.29365539550781,6.0,-0.7925927931927419,81.0,0.0,,False
DFO_3285_From_20080317_to_20080502,9/146/188,1,145.2764892578125,89.45315551757812,5.0,-0.8176823167959342,81.0,0.0,,False
DFO_3285_From_20080317_to_20080502,9/146/188,0,357.3359375,79.99087524414062,1.0,1.3268147543261544,41.0,0.0,,False
DFO_3285_From_20080317_to_20080502,9/146/188,0,143.5900115966797,71.08992767333984,3.0,-0.8347371871862488,82.0,0.0,,False
DFO_3285_From_20080317_to_20080502,9/146/188,0,165.40907287597656,83.67792510986328,9.0,-0.6140872072115445,21.0,2.0,,False
DFO_3285_From_20080317_to_20080502,9/146/188,0,312.84814453125,88.46952056884766,4.0,0.8769223184408554,41.0,0.0,,False
DFO_3285_From_20080317_to_20080502,9/146/188,0,138.33506774902344,86.11103057861328,1.0,-0.8878789442907924,21.0,5.0,,False
DFO_3285_From_20080317_to_20080502,9/146/188,0,393.8479309082031,89.30413055419922,1.0,1.6960501907745997,43.0,0.0,,False
DFO_3285_From_20080317_to_20080502,9/146/188,0,205.81439208984375,86.17266082763672,2.0,-0.20547967083367186,82.0,0.0,,False
DFO_3285_From_20080317_to_20080502,9/146/188,0,506.4639892578125,89.54175567626953,1.0,2.834904456849249,41.0,0.0,,False
DFO_3285_From_20080317_to_20080502,9/146/188,0,300.2064514160156,87.63421630859375,7.0,0.7490804604884443,82.0,0.0,,False
DFO_3285_From_20080317_to_20080502,9/146/188,0,172.9150848388672,65.70423889160156,1.0,-0.5381810365426348,82.0,0.0,,False
DFO_3285_From_20080317_to_20080502,9/146/188,0,161.19923400878906,83.18292999267578,3.0,-0.6566601139856341,82.0,0.0,,False
DFO_3285_From_20080317_to_20080502,9/146/188,0,268.5945129394531,86.55290222167969,4.0,0.42939789016478297,90.0,0.0,,False
DFO_3285_From_20080317_to_20080502,9/146/188,0,224.5531005859375,88.2029800415039,1.0,-0.01598042512881037,82.0,0.0,,False
DFO_3285_From_20080317_to_20080502,9/146/188,0,279.4927062988281,86.25856018066406,1.0,0.5396082294513886,82.0,0.0,,False
DFO_3285_From_20080317_to_20080502,9/146/188,0,163.26641845703125,83.5060806274414,1.0,-0.6357552638057845,82.0,0.0,,False
DFO_3285_From_20080317_to_20080502,9/146/188,0,413.5381774902344,89.53787994384766,1.0,1.8951720713361906,43.0,0.0,,False
DFO_3285_From_20080317_to_20080502,9/146/188,0,154.5701446533203,85.80876922607422,8.0,-0.7236982149750018,82.0,0.0,,False
DFO_3285_From_20080317_to_20080502,9/146/188,0,354.9896240234375,87.96986389160156,1.0,1.3030871514292721,41.0,0.0,,False
DFO_3285_From_20080317_to_20080502,9/146/188,0,282.2071838378906,88.70525360107422,2.0,0.5670589711202909,41.0,0.0,,False
DFO_3285_From_20080317_to_20080502,9/146/188,0,270.8287048339844,80.86012268066406,1.0,0.4519916392943905,82.0,0.0,,False
DFO_3285_From_20080317_to_20080502,9/146/188,0,284.8200378417969,89.1561279296875,2.0,0.5934820227932691,82.0,0.0,,False
DFO_3285_From_20080317_to_20080502,9/146/188,0,353.0067443847656,88.3083267211914,2.0,1.2830348518841794,82.0,0.0,,False
DFO_3285_From_20080317_to_20080502,9/146/188,0,302.17498779296875,88.53973388671875,2.0,0.7689877106947732,82.0,0.0,,False
DFO_3285_From_20080317_to_20080502,9/146/188,0,170.60443115234375,82.27177429199219,1.0,-0.5615480220941005,21.0,7.0,,False
DFO_3285_From_20080317_to_20080502,9/146/188,0,176.16592407226562,86.91730499267578,1.0,-0.5053062211429934,82.0,0.0,,False
DFO_3625_From_20100310_to_20100324,9/146/188,1,117.36943054199219,71.396728515625,6.0,-1.0998984886090362,90.0,0.0,,False
DFO_3625_From_20100310_to_20100324,9/146/188,1,116.66502380371094,82.17839050292969,9.0,-1.1070219542204227,90.0,0.0,,False
DFO_3625_From_20100310_to_20100324,9/146/188,1,116.473388671875,71.73782348632812,24.0,-1.1089599059709947,90.0,0.0,,False
DFO_3625_From_20100310_to_20100324,9/146/188,1,141.94732666015625,81.65066528320312,4.0,-0.8513491941699116,21.0,3.0,,False
DFO_3625_From_20100310_to_20100324,9/146/188,1,217.837646484375,88.75770568847656,4.0,-0.0838919083069062,11.0,0.0,,False
DFO_3625_From_20100310_to_20100324,9/146/188,1,274.10284423828125,87.65621948242188,10.0,0.4851020827156199,82.0,0.0,,False
DFO_3625_From_20100310_to_20100324,9/146/188,1,226.2939453125,89.50847625732422,4.0,0.0016242439785428822,22.0,22.0,,False
DFO_3625_From_20100310_to_20100324,9/146/188,1,310.9659423828125,89.04751586914062,1.0,0.8578881418076404,82.0,0.0,,False
DFO_3625_From_20100310_to_20100324,9/146/188,1,274.1663818359375,73.1618423461914,2.0,0.48574462042478317,82.0,0.0,,False
DFO_3625_From_20100310_to_20100324,9/146/188,0,340.8053894042969,87.16600036621094,1.0,1.1596460086318243,82.0,0.0,,False
DFO_3625_From_20100310_to_20100324,9/146/188,0,188.69236755371094,87.32403564453125,4.0,-0.3786298500583322,41.0,0.0,,False
DFO_3625_From_20100310_to_20100324,9/146/188,0,181.05398559570312,83.077880859375,4.0,-0.45587464095466534,82.0,0.0,,False
DFO_3625_From_20100310_to_20100324,9/146/188,0,349.8354187011719,89.24925231933594,1.0,1.2509641344678353,82.0,0.0,,False
DFO_3625_From_20100310_to_20100324,9/146/188,0,153.588134765625,72.1288833618164,1.0,-0.7336290025227011,82.0,0.0,,False
DFO_3625_From_20100310_to_20100324,9/146/188,0,299.5936279296875,88.77935028076172,3.0,0.7428831503358471,82.0,0.0,,False
DFO_3625_From_20100310_to_20100324,9/146/188,0,152.9602813720703,88.4356918334961,5.0,-0.7399783058653864,82.0,0.0,,False
DFO_3625_From_20100310_to_20100324,9/146/188,0,377.8679504394531,89.29590606689453,4.0,1.5344491793795083,43.0,0.0,,False
DFO_3625_From_20100310_to_20100324,9/146/188,0,287.5456237792969,86.88667297363281,1.0,0.6210451005458099,82.0,0.0,,False
DFO_3625_From_20100310_to_20100324,9/146/188,0,176.04965209960938,79.96023559570312,1.0,-0.5064820466338253,41.0,0.0,,False
DFO_3625_From_20100310_to_20100324,9/146/188,0,163.3460693359375,84.3294677734375,2.0,-0.6349497770522224,81.0,0.0,,False
DFO_3625_From_20100310_to_20100324,9/146/188,0,271.53411865234375,87.62174224853516,1.0,0.4591252892210519,82.0,0.0,,False
DFO_3625_From_20100310_to_20100324,9/146/188,0,197.1078338623047,88.21477508544922,2.0,-0.2935266254649391,82.0,0.0,,False
DFO_3625_From_20100310_to_20100324,9/146/188,0,216.74655151367188,86.45611572265625,3.0,-0.09492584236824833,81.0,0.0,,False
DFO_3625_From_20100310_to_20100324,9/146/188,0,167.6176300048828,83.49820709228516,1.0,-0.5917526951980259,82.0,0.0,,False
DFO_3625_From_20100310_to_20100324,9/146/188,0,292.28277587890625,88.62866973876953,8.0,0.6689505765209716,41.0,0.0,,False
DFO_3625_From_20100310_to_20100324,9/146/188,0,158.82518005371094,85.06401824951172,4.0,-0.6806682484759983,82.0,0.0,,False
DFO_3625_From_20100310_to_20100324,9/146/188,0,196.98544311523438,88.8338851928711,2.0,-0.2947643283864565,82.0,0.0,,False
DFO_3625_From_20100310_to_20100324,9/146/188,0,189.2428741455078,88.16552734375,1.0,-0.3730627329903225,41.0,0.0,,False
DFO_3625_From_20100310_to_20100324,9/146/188,0,271.7821350097656,80.50748443603516,1.0,0.46163340831921224,82.0,0.0,,False
DFO_3625_From_20100310_to_20100324,9/146/188,0,356.28729248046875,88.42621612548828,3.0,1.316210104584431,22.0,24.0,,False
DFO_3625_From_20100310_to_20100324,9/146/188,0,279.6568603515625,89.10271453857422,2.0,0.5412682728412009,82.0,0.0,,False
DFO_3625_From_20100310_to_20100324,9/146/188,0,560.8746337890625,89.39977264404297,1.0,3.385143876985199,41.0,0.0,,False
DFO_3625_From_20100310_to_20100324,9/146/188,0,160.04222106933594,86.4337387084961,1.0,-0.6683606577740621,90.0,0.0,,False
DFO_3625_From_20100310_to_20100324,9/146/188,0,176.16592407226562,86.91730499267578,1.0,-0.5053062211429934,82.0,0.0,,False
DFO_3861_From_20110827_to_20110913,9/146/188,1,213.2212677001953,88.7850570678711,13.0,-0.1305760379881132,11.0,0.0,,False
DFO_3861_From_20110827_to_20110913,9/146/188,0,326.0380859375,88.43399047851562,1.0,1.010308455905811,41.0,0.0,,False
DFO_3861_From_20110827_to_20110913,9/146/188,0,188.69236755371094,87.32403564453125,4.0,-0.3786298500583322,41.0,0.0,,False
DFO_3861_From_20110827_to_20110913,9/146/188,0,192.1348876953125,85.50301361083984,3.0,-0.3438166199846973,22.0,41.0,,False
DFO_3861_From_20110827_to_20110913,9/146/188,0,360.0711364746094,89.0665054321289,1.0,1.3544750459972286,82.0,0.0,,False
DFO_3861_From_20110827_to_20110913,9/146/188,0,141.54054260253906,83.69344329833984,2.0,-0.8554628860019441,82.0,0.0,,False
DFO_3861_From_20110827_to_20110913,9/146/188,0,345.4818115234375,88.04572296142578,1.0,1.2069373395343468,43.0,0.0,,False
DFO_3861_From_20110827_to_20110913,9/146/188,0,301.62420654296875,88.6390609741211,1.0,0.763417816086234,82.0,0.0,,False
DFO_3861_From_20110827_to_20110913,9/146/188,0,445.8420715332031,89.15177154541016,2.0,2.2218521921005667,43.0,0.0,,False
DFO_3861_From_20110827_to_20110913,9/146/188,0,261.6297912597656,85.98944854736328,1.0,0.35896563464833675,82.0,0.0,,False
DFO_3861_From_20110827_to_20110913,9/146/188,0,176.04965209960938,79.96023559570312,1.0,-0.5064820466338253,41.0,0.0,,False
DFO_3861_From_20110827_to_20110913,9/146/188,0,163.3460693359375,84.3294677734375,2.0,-0.6349497770522224,81.0,0.0,,False
DFO_3861_From_20110827_to_20110913,9/146/188,0,275.157470703125,87.24710083007812,1.0,0.4957672211177641,82.0,0.0,,False
DFO_3861_From_20110827_to_20110913,9/146/188,0,344.9390563964844,88.52510070800781,1.0,1.2014486108323927,81.0,0.0,,False
DFO_3861_From_20110827_to_20110913,9/146/188,0,216.74655151367188,86.45611572265625,3.0,-0.09492584236824833,81.0,0.0,,False
DFO_3861_From_20110827_to_20110913,9/146/188,0,167.6176300048828,83.49820709228516,1.0,-0.5917526951980259,82.0,0.0,,False
DFO_3861_From_20110827_to_20110913,9/146/188,0,347.2422790527344,89.07623291015625,1.0,1.224740448481754,41.0,0.0,,False
DFO_3861_From_20110827_to_20110913,9/146/188,0,158.82518005371094,85.06401824951172,4.0,-0.6806682484759983,82.0,0.0,,False
DFO_3861_From_20110827_to_20110913,9/146/188,0,247.3015594482422,88.740478515625,1.0,0.2140682890743823,82.0,0.0,,False
DFO_3861_From_20110827_to_20110913,9/146/188,0,303.06793212890625,87.7584457397461,1.0,0.7780178035718708,81.0,0.0,,False
DFO_3861_From_20110827_to_20110913,9/146/188,0,273.1175537109375,85.9529037475586,2.0,0.47513811898937336,82.0,0.0,,False
DFO_3861_From_20110827_to_20110913,9/146/188,0,370.2787780761719,88.06578826904297,2.0,1.4577020311613815,41.0,0.0,,False
DFO_3861_From_20110827_to_20110913,9/146/188,0,323.22845458984375,88.83696746826172,2.0,0.981895450751236,82.0,0.0,,False
DFO_3861_From_20110827_to_20110913,9/146/188,0,506.4639892578125,89.54175567626953,1.0,2.834904456849249,41.0,0.0,,False
DFO_3861_From_20110827_to_20110913,9/146/188,0,160.04222106933594,86.4337387084961,1.0,-0.6683606577740621,90.0,0.0,,False
DFO_3861_From_20110827_to_20110913,9/146/188,0,200.6164093017578,87.0243911743164,1.0,-0.25804539689395356,82.0,0.0,,False
DFO_2273_From_20030705_to_20030721,9/146/189,1,360.325927734375,89.555419921875,1.0,-0.6041601407312609,41.0,0.0,,False
DFO_2273_From_20030705_to_20030721,9/146/189,1,425.5694580078125,89.6351547241211,1.0,0.15469115738932296,43.0,0.0,,False
DFO_2273_From_20030705_to_20030721,9/146/189,0,440.71124267578125,89.51134490966797,1.0,0.33080613619249316,41.0,0.0,,False
DFO_2273_From_20030705_to_20030721,9/146/189,0,487.3123779296875,89.01707458496094,1.0,0.8728266527572917,43.0,0.0,,False
DFO_2273_From_20030705_to_20030721,9/146/189,0,536.17822265625,86.98683166503906,1.0,1.4411881370163362,41.0,0.0,,False
DFO_2273_From_20030705_to_20030721,9/146/189,0,342.81622314453125,89.1833724975586,1.0,-0.8078165339709212,82.0,0.0,,False
DFO_2273_From_20030705_to_20030721,9/146/189,0,280.866455078125,89.3031234741211,6.0,-1.5283578921475627,41.0,0.0,,False
DFO_2273_From_20030705_to_20030721,9/146/189,0,481.1017150878906,84.2677230834961,1.0,0.8005900717517169,41.0,0.0,,False
DFO_2273_From_20030705_to_20030721,9/146/189,0,311.8472900390625,89.29837799072266,20.0,-1.1680179974723888,23.0,58.0,,False
DFO_2273_From_20030705_to_20030721,9/146/189,0,339.81854248046875,88.41796875,6.0,-0.8426827322551201,90.0,0.0,,False
DFO_2273_From_20030705_to_20030721,9/146/189,0,273.7275390625,89.50773620605469,24.0,-1.6113910398470583,41.0,0.0,,False
DFO_2273_From_20030705_to_20030721,9/146/189,0,502.8930358886719,88.81060028076172,1.0,1.0540461923529554,81.0,0.0,,False
DFO_2273_From_20030705_to_20030721,9/146/189,0,316.33380126953125,88.7645492553711,3.0,-1.115835124212695,81.0,0.0,,False
DFO_2273_From_20030705_to_20030721,9/146/189,0,497.84832763671875,89.0306396484375,1.0,0.9953708970464289,43.0,0.0,,False
DFO_2273_From_20030705_to_20030721,9/146/189,0,536.7462768554688,82.57010650634766,1.0,1.4477952084711359,41.0,0.0,,False
DFO_2273_From_20030705_to_20030721,9/146/189,0,356.05255126953125,89.08116149902344,2.0,-0.6538640311264269,23.0,64.0,,False
DFO_2273_From_20030705_to_20030721,9/146/189,0,248.1842041015625,88.24910736083984,5.0,-1.9084870555316653,43.0,0.0,,False
DFO_2273_From_20030705_to_20030721,9/146/189,0,477.5433349609375,89.20188903808594,1.0,0.7592023453790343,41.0,0.0,,False
DFO_2273_From_20030705_to_20030721,9/146/189,0,449.0352478027344,89.59033203125,2.0,0.42762312432414973,41.0,0.0,,False
DFO_2273_From_20030705_to_20030721,9/146/189,0,438.48187255859375,89.03496551513672,1.0,0.30487620259863707,41.0,0.0,,False
DFO_2273_From_20030705_to_20030721,9/146/189,0,405.7563781738281,88.90003967285156,1.0,-0.0757559273832657,41.0,0.0,,False
DFO_2273_From_20030705_to_20030721,9/146/189,0,454.7381896972656,88.81525421142578,1.0,0.49395437344009807,23.0,58.0,,False
DFO_2273_From_20030705_to_20030721,9/146/189,0,457.98175048828125,88.80821228027344,1.0,0.5316804177923813,41.0,0.0,,False
DFO_2273_From_20030705_to_20030721,9/146/189,0,412.3946228027344,88.74099731445312,1.0,0.001453882275645218,41.0,0.0,,False
DFO_2273_From_20030705_to_20030721,9/146/189,0,353.2690124511719,89.342529296875,1.0,-0.6862395331390919,43.0,0.0,,False
DFO_2273_From_20030705_to_20030721,9/146/189,0,423.69793701171875,89.4326171875,1.0,0.13292338775157425,81.0,0.0,,False
DFO_2273_From_20030705_to_20030721,9/146/189,0,483.84051513671875,88.9500503540039,1.0,0.8324452145319367,81.0,0.0,,False
DFO_2412_From_20040104_to_20040116,9/146/189,1,294.16827392578125,89.44324493408203,3.0,-1.3736436628959554,21.0,6.0,,False
DFO_2412_From_20040104_to_20040116,9/146/189,1,292.8000793457031,89.38745880126953,3.0,-1.389557213692831,81.0,0.0,,False
DFO_2412_From_20040104_to_20040116,9/146/189,1,225.36524963378906,89.4763412475586,2.0,-2.173895643127274,42.0,0.0,,False
DFO_2412_From_20040104_to_20040116,9/146/189,0,513.5852661132812,88.50875854492188,1.0,1.1784081444383767,43.0,0.0,,False
DFO_2412_From_20040104_to_20040116,9/146/189,0,401.2764587402344,87.15079498291016,8.0,-0.12786213106982983,90.0,0.0,,False
DFO_2412_From_20040104_to_20040116,9/146/189,0,362.86614990234375,89.10552978515625,3.0,-0.5746146688415742,43.0,0.0,,False
DFO_2412_From_20040104_to_20040116,9/146/189,0,342.81622314453125,89.1833724975586,1.0,-0.8078165339709212,82.0,0.0,,False
DFO_2412_From_20040104_to_20040116,9/146/189,0,405.5693359375,89.21158599853516,2.0,-0.07793142652082173,41.0,0.0,,False
DFO_2412_From_20040104_to_20040116,9/146/189,0,508.92559814453125,88.95272827148438,1.0,1.1242112750771176,21.0,12.0,,False
DFO_2412_From_20040104_to_20040116,9/146/189,0,311.8472900390625,89.29837799072266,20.0,-1.1680179974723888,23.0,58.0,,False
DFO_2412_From_20040104_to_20040116,9/146/189,0,383.2484130859375,87.81729888916016,11.0,-0.33754737940027,41.0,0.0,,False
DFO_2412_From_20040104_to_20040116,9/146/189,0,166.76390075683594,88.88231658935547,74.0,-2.8554913428161055,22.0,39.0,,False
DFO_2412_From_20040104_to_20040116,9/146/189,0,424.8114318847656,88.82579803466797,1.0,0.14587451143113164,41.0,0.0,,False
DFO_2412_From_20040104_to_20040116,9/146/189,0,412.3946228027344,88.74099731445312,1.0,0.001453882275645218,41.0,0.0,,False
DFO_2412_From_20040104_to_20040116,9/146/189,0,497.84832763671875,89.0306396484375,1.0,0.9953708970464289,43.0,0.0,,False
DFO_2412_From_20040104_to_20040116,9/146/189,0,536.7462768554688,82.57010650634766,1.0,1.4477952084711359,41.0,0.0,,False
DFO_2412_From_20040104_to_20040116,9/146/189,0,504.83416748046875,88.92305755615234,1.0,1.076623606881023,82.0,0.0,,False
DFO_2412_From_20040104_to_20040116,9/146/189,0,419.3554992675781,89.41417694091797,1.0,0.08241624159718339,41.0,0.0,,False
DFO_2412_From_20040104_to_20040116,9/146/189,0,477.5433349609375,89.20188903808594,1.0,0.7592023453790343,41.0,0.0,,False
DFO_2412_From_20040104_to_20040116,9/146/189,0,533.5432739257812,89.35272216796875,1.0,1.410540894964637,43.0,0.0,,False
DFO_2412_From_20040104_to_20040116,9/146/189,0,438.48187255859375,89.03496551513672,1.0,0.30487620259863707,41.0,0.0,,False
DFO_2412_From_20040104_to_20040116,9/146/189,0,429.410400390625,89.13355255126953,1.0,0.19936538180648777,41.0,0.0,,False
DFO_2412_From_20040104_to_20040116,9/146/189,0,454.7381896972656,88.81525421142578,1.0,0.49395437344009807,23.0,58.0,,False
DFO_2412_From_20040104_to_20040116,9/146/189,0,436.3456115722656,89.22386932373047,1.0,0.28002922672523844,43.0,0.0,,False
DFO_2412_From_20040104_to_20040116,9/146/189,0,358.5684814453125,88.90957641601562,1.0,-0.6246011008117923,81.0,0.0,,False
DFO_2412_From_20040104_to_20040116,9/146/189,0,218.83670043945312,88.67967224121094,20.0,-2.2498295788018567,41.0,0.0,,False
DFO_2412_From_20040104_to_20040116,9/146/189,0,336.6376037597656,88.23400115966797,15.0,-0.879680415662671,41.0,0.0,,False
DFO_2412_From_20040104_to_20040116,9/146/189,0,483.84051513671875,88.9500503540039,1.0,0.8324452145319367,81.0,0.0,,False
DFO_2606_From_20050105_to_20050201,9/146/189,1,260.9846496582031,89.34603118896484,4.0,-1.7596043282103742,11.0,0.0,,False
DFO_2606_From_20050105_to_20050201,9/146/189,0,428.25732421875,89.376220703125,2.0,0.18595388573642457,81.0,0.0,,False
DFO_2606_From_20050105_to_20050201,9/146/189,0,366.56170654296875,88.43806457519531,12.0,-0.5316314344539929,81.0,0.0,,False
DFO_2606_From_20050105_to_20050201,9/146/189,0,536.17822265625,86.98683166503906,1.0,1.4411881370163362,41.0,0.0,,False
DFO_2606_From_20050105_to_20050201,9/146/189,0,481.1017150878906,84.2677230834961,1.0,0.8005900717517169,41.0,0.0,,False
DFO_2606_From_20050105_to_20050201,9/146/189,0,280.866455078125,89.3031234741211,6.0,-1.5283578921475627,41.0,0.0,,False
DFO_2606_From_20050105_to_20050201,9/146/189,0,387.3457336425781,89.17525482177734,3.0,-0.2898912055207772,41.0,0.0,,False
DFO_2606_From_20050105_to_20050201,9/146/189,0,523.0423583984375,89.11138916015625,1.0,1.288404135258615,41.0,0.0,,False
DFO_2606_From_20050105_to_20050201,9/146/189,0,393.97625732421875,89.00252532958984,1.0,-0.21277119864891175,81.0,0.0,,False
DFO_2606_From_20050105_to_20050201,9/146/189,0,419.3428039550781,88.34660339355469,6.0,0.08226858167856317,81.0,0.0,,False
DFO_2606_From_20050105_to_20050201,9/146/189,0,502.8930358886719,88.81060028076172,1.0,1.0540461923529554,81.0,0.0,,False
DFO_2606_From_20050105_to_20050201,9/146/189,0,347.6012878417969,89.375732421875,3.0,-0.7521611679615602,21.0,9.0,,False
DFO_2606_From_20050105_to_20050201,9/146/189,0,216.525390625,89.38584899902344,3.0,-2.276712557783923,81.0,0.0,,False
DFO_2606_From_20050105_to_20050201,9/146/189,0,469.9075012207031,88.45710754394531,1.0,0.6703895187014304,82.0,0.0,,False
DFO_2606_From_20050105_to_20050201,9/146/189,0,163.76625061035156,89.10188293457031,78.0,-2.890357186148577,95.0,0.0,,False
DFO_2606_From_20050105_to_20050201,9/146/189,0,294.16827392578125,89.44324493408203,3.0,-1.3736436628959554,21.0,6.0,,False
DFO_2606_From_20050105_to_20050201,9/146/189,0,372.9229431152344,88.17025756835938,17.0,-0.4576435216251678,81.0,0.0,,False
DFO_2606_From_20050105_to_20050201,9/146/189,0,438.69036865234375,88.55302429199219,2.0,0.3073012328005922,90.0,0.0,,False
DFO_2606_From_20050105_to_20050201,9/146/189,0,463.3720703125,89.30596923828125,1.0,0.5943755414123068,41.0,0.0,,False
DFO_2606_From_20050105_to_20050201,9/146/189,0,393.1874084472656,89.26802825927734,1.0,-0.22194634585183,81.0,0.0,,False
DFO_2606_From_20050105_to_20050201,9/146/189,0,296.7997131347656,89.13619232177734,11.0,-1.3430372402929132,41.0,0.0,,False
DFO_2606_From_20050105_to_20050201,9/146/189,0,332.0089416503906,89.31156158447266,3.0,-0.9335166540688383,82.0,0.0,,False
DFO_2606_From_20050105_to_20050201,9/146/189,0,358.5684814453125,88.90957641601562,1.0,-0.6246011008117923,81.0,0.0,,False
DFO_2606_From_20050105_to_20050201,9/146/189,0,346.2303771972656,87.6943359375,15.0,-0.768106309462179,41.0,0.0,,False
DFO_2606_From_20050105_to_20050201,9/146/189,0,488.71600341796875,87.71417236328125,1.0,0.8891523025097394,82.0,0.0,,False
DFO_2606_From_20050105_to_20050201,9/146/189,0,394.2289123535156,89.19151306152344,4.0,-0.20983255329733294,43.0,0.0,,False
DFO_3285_From_20080317_to_20080502,9/146/189,1,425.5694580078125,89.6351547241211,1.0,0.15469115738932296,43.0,0.0,,False
DFO_3285_From_20080317_to_20080502,9/146/189,0,454.64556884765625,88.86544036865234,2.0,0.4928770949472799,71.0,0.0,,False
DFO_3285_From_20080317_to_20080502,9/146/189,0,447.81689453125,89.0618896484375,2.0,0.41345238650906574,43.0,0.0,,False
DFO_3285_From_20080317_to_20080502,9/146/189,0,324.0986022949219,87.61520385742188,9.0,-1.0255222715348769,81.0,0.0,,False
DFO_3285_From_20080317_to_20080502,9/146/189,0,229.33396911621094,89.21973419189453,1.0,-2.1277352358272656,41.0,0.0,,False
DFO_3285_From_20080317_to_20080502,9/146/189,0,481.98443603515625,89.12779998779297,1.0,0.8108570504682789,41.0,0.0,,False
DFO_3285_From_20080317_to_20080502,9/146/189,0,481.1017150878906,84.2677230834961,1.0,0.8005900717517169,41.0,0.0,,False
DFO_3285_From_20080317_to_20080502,9/146/189,0,426.9024963378906,88.81352996826172,1.0,0.17019580379617322,41.0,0.0,,False
DFO_3285_From_20080317_to_20080502,9/146/189,0,346.2303771972656,87.6943359375,15.0,-0.768106309462179,41.0,0.0,,False
DFO_3285_From_20080317_to_20080502,9/146/189,0,166.76390075683594,88.88231658935547,74.0,-2.8554913428161055,22.0,39.0,,False
DFO_3285_From_20080317_to_20080502,9/146/189,0,424.8114318847656,88.82579803466797,1.0,0.14587451143113164,41.0,0.0,,False
DFO_3285_From_20080317_to_20080502,9/146/189,0,347.6012878417969,89.375732421875,3.0,-0.7521611679615602,21.0,9.0,,False
DFO_3285_From_20080317_to_20080502,9/146/189,0,393.2091369628906,88.44397735595703,7.0,-0.22169362022188388,41.0,0.0,,False
DFO_3285_From_20080317_to_20080502,9/146/189,0,423.39630126953125,89.4295425415039,1.0,0.12941504487743427,41.0,0.0,,False
DFO_3285_From_20080317_to_20080502,9/146/189,0,485.0248718261719,87.45684814453125,1.0,0.8462205361226387,41.0,0.0,,False
DFO_3285_From_20080317_to_20080502,9/146/189,0,419.3554992675781,89.41417694091797,1.0,0.08241624159718339,41.0,0.0,,False
DFO_3285_From_20080317_to_20080502,9/146/189,0,463.3720703125,89.30596923828125,1.0,0.5943755414123068,41.0,0.0,,False
DFO_3285_From_20080317_to_20080502,9/146/189,0,292.8000793457031,89.38745880126953,3.0,-1.389557213692831,81.0,0.0,,False
DFO_3285_From_20080317_to_20080502,9/146/189,0,422.9721374511719,89.15113830566406,1.0,0.12448157081757273,43.0,0.0,,False
DFO_3285_From_20080317_to_20080502,9/146/189,0,459.5510559082031,87.71605682373047,1.0,0.5499331004731683,81.0,0.0,,False
DFO_3285_From_20080317_to_20080502,9/146/189,0,461.3922119140625,88.0728530883789,1.0,0.5713476931421019,43.0,0.0,,False
DFO_3285_From_20080317_to_20080502,9/146/189,0,463.88671875,88.95402526855469,1.0,0.6003614473440648,81.0,0.0,,False
DFO_3285_From_20080317_to_20080502,9/146/189,0,411.9483947753906,88.84669494628906,2.0,-0.0037362218831644444,81.0,0.0,,False
DFO_3285_From_20080317_to_20080502,9/146/189,0,292.5129699707031,89.28852844238281,1.0,-1.3928965995447034,43.0,0.0,,False
DFO_3285_From_20080317_to_20080502,9/146/189,0,336.6376037597656,88.23400115966797,15.0,-0.879680415662671,41.0,0.0,,False
DFO_3285_From_20080317_to_20080502,9/146/189,0,536.7462768554688,82.57010650634766,1.0,1.4477952084711359,41.0,0.0,,False
DFO_3625_From_20100310_to_20100324,9/146/189,1,369.7816467285156,89.1086654663086,3.0,-0.49418012273875783,21.0,1.0,,False
DFO_3625_From_20100310_to_20100324,9/146/189,1,425.5694580078125,89.6351547241211,1.0,0.15469115738932296,43.0,0.0,,False
DFO_3625_From_20100310_to_20100324,9/146/189,1,225.36524963378906,89.4763412475586,2.0,-2.173895643127274,42.0,0.0,,False
DFO_3625_From_20100310_to_20100324,9/146/189,0,473.1672058105469,88.7707290649414,1.0,0.708303332517536,41.0,0.0,,False
DFO_3625_From_20100310_to_20100324,9/146/189,0,369.3215026855469,89.2582015991211,1.0,-0.49953208488528583,41.0,0.0,,False
DFO_3625_From_20100310_to_20100324,9/146/189,0,376.6935119628906,89.5486831665039,2.0,-0.4137878158915083,43.0,0.0,,False
DFO_3625_From_20100310_to_20100324,9/146/189,0,443.8952331542969,87.18595886230469,4.0,0.3678393147727892,21.0,1.0,,False
DFO_3625_From_20100310_to_20100324,9/146/189,0,358.6717224121094,89.0299301147461,1.0,-0.6234002991178207,81.0,0.0,,False
DFO_3625_From_20100310_to_20100324,9/146/189,0,487.1904296875,89.17406463623047,1.0,0.8714082656543917,81.0,0.0,,False
DFO_3625_From_20100310_to_20100324,9/146/189,0,476.0431823730469,88.65901184082031,1.0,0.7417539833126544,41.0,0.0,,False
DFO_3625_From_20100310_to_20100324,9/146/189,0,397.9867858886719,89.31172180175781,1.0,-0.16612450748229368,41.0,0.0,,False
DFO_3625_From_20100310_to_20100324,9/146/189,0,373.5982971191406,89.07547760009766,1.0,-0.44978843989664513,21.0,12.0,,False
DFO_3625_From_20100310_to_20100324,9/146/189,0,525.5866088867188,89.40483856201172,1.0,1.3179964607763255,81.0,0.0,,False
DFO_3625_From_20100310_to_20100324,9/146/189,0,481.98443603515625,89.12779998779297,1.0,0.8108570504682789,41.0,0.0,,False
DFO_3625_From_20100310_to_20100324,9/146/189,0,218.83670043945312,88.67967224121094,20.0,-2.2498295788018567,41.0,0.0,,False
DFO_3625_From_20100310_to_20100324,9/146/189,0,522.9898681640625,73.91950988769531,1.0,1.287793618287397,21.0,10.0,,False
DFO_3625_From_20100310_to_20100324,9/146/189,0,323.1390075683594,88.89913177490234,2.0,-1.0366833736528915,23.0,51.0,,False
DFO_3625_From_20100310_to_20100324,9/146/189,0,435.12554931640625,89.33378601074219,1.0,0.2658386116134171,43.0,0.0,,False
DFO_3625_From_20100310_to_20100324,9/146/189,0,391.5338439941406,89.51347351074219,2.0,-0.24117905025211334,21.0,2.0,,False
DFO_3625_From_20100310_to_20100324,9/146/189,0,347.7483825683594,89.16666412353516,3.0,-0.7504503006352393,81.0,0.0,,False
DFO_3625_From_20100310_to_20100324,9/146/189,0,465.8890380859375,85.45276641845703,1.0,0.6236505400856747,41.0,0.0,,False
DFO_3625_From_20100310_to_20100324,9/146/189,0,429.1810607910156,89.28947448730469,2.0,0.19669791957468263,41.0,0.0,,False
DFO_3625_From_20100310_to_20100324,9/146/189,0,489.7604064941406,89.25323486328125,2.0,0.9012998154783445,43.0,0.0,,False
DFO_3625_From_20100310_to_20100324,9/146/189,0,414.6999206542969,88.37247467041016,2.0,0.02826693576740297,41.0,0.0,,False
DFO_3625_From_20100310_to_20100324,9/146/189,0,502.41461181640625,89.25759887695312,1.0,1.0484816141216835,81.0,0.0,,False
DFO_3625_From_20100310_to_20100324,9/146/189,0,272.7078552246094,89.05339813232422,43.0,-1.623251041916427,43.0,0.0,,False
DFO_3625_From_20100310_to_20100324,9/146/189,0,345.22808837890625,88.59076690673828,10.0,-0.7797639890468996,22.0,25.0,,False
DFO_3625_From_20100310_to_20100324,9/146/189,0,516.5864868164062,87.2607192993164,1.0,1.2133155171229602,41.0,0.0,,False
DFO_3861_From_20110827_to_20110913,9/146/189,1,247.08648681640625,89.33134460449219,7.0,-1.9212546691681298,11.0,0.0,,False
DFO_3861_From_20110827_to_20110913,9/146/189,1,317.9245300292969,89.50288391113281,2.0,-1.097333265419236,11.0,0.0,,False
DFO_3861_From_20110827_to_20110913,9/146/189,0,473.3843688964844,89.34869384765625,1.0,0.7108291690100875,81.0,0.0,,False
DFO_3861_From_20110827_to_20110913,9/146/189,0,535.4782104492188,88.93962860107422,1.0,1.433046254292032,43.0,0.0,,False
DFO_3861_From_20110827_to_20110913,9/146/189,0,475.4853820800781,87.97217559814453,1.0,0.7352661756382787,41.0,0.0,,False
DFO_3861_From_20110827_to_20110913,9/146/189,0,486.1510314941406,86.51580047607422,1.0,0.8593189647690889,81.0,0.0,,False
DFO_3861_From_20110827_to_20110913,9/146/189,0,393.1874084472656,89.26802825927734,1.0,-0.22194634585183,81.0,0.0,,False
DFO_3861_From_20110827_to_20110913,9/146/189,0,355.4249572753906,88.69258117675781,15.0,-0.6611636134014864,95.0,0.0,,False
DFO_3861_From_20110827_to_20110913,9/146/189,0,348.4713134765625,88.40086364746094,2.0,-0.7420418491636184,41.0,0.0,,False
DFO_3861_From_20110827_to_20110913,9/146/189,0,265.94464111328125,88.99507904052734,55.0,-1.7019143788992557,22.0,29.0,,False
DFO_3861_From_20110827_to_20110913,9/146/189,0,300.4432067871094,89.0563735961914,4.0,-1.3006595535523657,82.0,0.0,,False
DFO_3861_From_20110827_to_20110913,9/146/189,0,344.1715087890625,87.78347778320312,14.0,-0.7920531277547582,43.0,0.0,,False
DFO_3861_From_20110827_to_20110913,9/146/189,0,172.35435485839844,89.21926879882812,7.0,-2.7904684457675466,41.0,0.0,,False
DFO_3861_From_20110827_to_20110913,9/146/189,0,383.2484130859375,87.81729888916016,11.0,-0.33754737940027,41.0,0.0,,False
DFO_3861_From_20110827_to_20110913,9/146/189,0,466.6195983886719,84.0206527709961,3.0,0.6321477294891588,81.0,0.0,,False
DFO_3861_From_20110827_to_20110913,9/146/189,0,386.10882568359375,89.24470520019531,2.0,-0.30427775398615226,41.0,0.0,,False
DFO_3861_From_20110827_to_20110913,9/146/189,0,405.5693359375,89.21158599853516,2.0,-0.07793142652082173,41.0,0.0,,False
DFO_3861_From_20110827_to_20110913,9/146/189,0,461.410888671875,86.55925750732422,2.0,0.5715649235993028,41.0,0.0,,False
DFO_3861_From_20110827_to_20110913,9/146/189,0,447.1580810546875,89.38011169433594,1.0,0.40578968861682235,43.0,0.0,,False
DFO_3861_From_20110827_to_20110913,9/146/189,0,481.5968322753906,88.93312072753906,1.0,0.8063488085779055,41.0,0.0,,False
DFO_3861_From_20110827_to_20110913,9/146/189,0,523.1257934570312,88.58871459960938,1.0,1.28937457328147,41.0,0.0,,False
DFO_3861_From_20110827_to_20110913,9/146/189,0,575.4039306640625,87.61170959472656,1.0,1.8974246299938824,41.0,0.0,,False
DFO_3861_From_20110827_to_20110913,9/146/189,0,392.8263854980469,88.70796203613281,4.0,-0.22614542478759245,43.0,0.0,,False
DFO_3861_From_20110827_to_20110913,9/146/189,0,502.41461181640625,89.25759887695312,1.0,1.0484816141216835,81.0,0.0,,False
DFO_3861_From_20110827_to_20110913,9/146/189,0,273.1823425292969,86.18116760253906,12.0,-1.6177322524579962,95.0,0.0,,False
DFO_3861_From_20110827_to_20110913,9/146/189,0,324.0986022949219,87.61520385742188,9.0,-1.0255222715348769,81.0,0.0,,False
DFO_3861_From_20110827_to_20110913,9/146/189,0,377.6888427734375,89.4786376953125,1.0,-0.40221106530064676,41.0,0.0,,False
DFO_3625_From_20100310_to_20100324,9/146/191,1,163.3091583251953,88.88169860839844,7.0,-1.3943082268767082,41.0,0.0,,False
DFO_3625_From_20100310_to_20100324,9/146/191,1,375.3846435546875,89.5514907836914,1.0,0.19168103522054922,41.0,0.0,,False
DFO_3625_From_20100310_to_20100324,9/146/191,1,328.9024963378906,89.53848266601562,1.0,-0.15593192101194178,43.0,0.0,,False
DFO_3625_From_20100310_to_20100324,9/146/191,0,365.7987060546875,89.51282501220703,10.0,0.11999338152647104,41.0,0.0,,False
DFO_3625_From_20100310_to_20100324,9/146/191,0,269.2402648925781,88.0389633178711,4.0,-0.6021110648325126,81.0,0.0,,False
DFO_3625_From_20100310_to_20100324,9/146/191,0,330.8632507324219,87.48199462890625,3.0,-0.14126857879692126,21.0,19.0,,False
DFO_3625_From_20100310_to_20100324,9/146/191,0,166.4297637939453,82.88322448730469,6.0,-1.3709710327671496,82.0,0.0,,False
DFO_3625_From_20100310_to_20100324,9/146/191,0,456.4354553222656,81.91824340820312,5.0,0.7978129368335168,43.0,0.0,,False
DFO_3625_From_20100310_to_20100324,9/146/191,0,167.91238403320312,85.20579528808594,1.0,-1.3598833779319552,82.0,0.0,,False
DFO_3625_From_20100310_to_20100324,9/146/191,0,232.90231323242188,89.15132141113281,1.0,-0.8738614799135034,41.0,0.0,,False
DFO_3625_From_20100310_to_20100324,9/146/191,0,393.32220458984375,89.47985076904297,1.0,0.32582562604483445,43.0,0.0,,False
DFO_3625_From_20100310_to_20100324,9/146/191,0,196.0408172607422,88.54795837402344,3.0,-1.1495271785333234,82.0,0.0,,False
DFO_3625_From_20100310_to_20100324,9/146/191,0,404.8198547363281,88.98480987548828,1.0,0.41180986723113877,11.0,0.0,,False
DFO_3625_From_20100310_to_20100324,9/146/191,0,520.7971801757812,89.22021484375,1.0,1.2791368597625337,41.0,0.0,,False
DFO_3625_From_20100310_to_20100324,9/146/191,0,281.8409423828125,88.36820220947266,15.0,-0.5078779233968744,81.0,0.0,,False
DFO_3625_From_20100310_to_20100324,9/146/191,0,186.8197479248047,88.61254119873047,3.0,-1.2184861953476696,81.0,0.0,,False
DFO_3625_From_20100310_to_20100324,9/146/191,0,377.2525634765625,89.53231048583984,2.0,0.20565012238470448,43.0,0.0,,False
DFO_3625_From_20100310_to_20100324,9/146/191,0,408.43603515625,89.10858917236328,2.0,0.4388531782936891,41.0,0.0,,False
DFO_3625_From_20100310_to_20100324,9/146/191,0,171.8667755126953,88.11113739013672,2.0,-1.3303107829768297,82.0,0.0,,False
DFO_3625_From_20100310_to_20100324,9/146/191,0,319.2220764160156,87.02849578857422,1.0,-0.22832615381104257,81.0,0.0,,False
DFO_3625_From_20100310_to_20100324,9/146/191,0,484.1402893066406,88.95092010498047,3.0,1.0050012837556415,41.0,0.0,,False
DFO_3625_From_20100310_to_20100324,9/146/191,0,293.7523193359375,89.55451202392578,4.0,-0.41879965994739454,11.0,0.0,,False
DFO_3625_From_20100310_to_20100324,9/146/191,0,314.4591064453125,88.74668884277344,1.0,-0.2639456372277725,41.0,0.0,,False
DFO_3625_From_20100310_to_20100324,9/146/191,0,163.8549346923828,83.2740707397461,6.0,-1.390226682718367,81.0,0.0,,False
DFO_3625_From_20100310_to_20100324,9/146/191,0,218.82444763183594,88.94000244140625,1.0,-0.9791416524502616,82.0,0.0,,False
DFO_3625_From_20100310_to_20100324,9/146/191,0,540.216552734375,86.01051330566406,1.0,1.4243630575065471,41.0,0.0,,False
DFO_3625_From_20100310_to_20100324,9/146/191,0,516.37939453125,89.36491394042969,1.0,1.246098809245323,41.0,0.0,,False
DFO_3625_From_20100310_to_20100324,9/146/191,0,166.77267456054688,86.17301177978516,8.0,-1.3684066024979031,21.0,18.0,,False
DFO_2606_From_20050105_to_20050201,9/147/185,1,106.40010070800781,85.90081024169922,3.0,-0.015833443513782033,0.0,127.0,,False
DFO_2606_From_20050105_to_20050201,9/147/185,1,81.54100799560547,84.38325500488281,3.0,-0.9710557182773387,11.0,0.0,,False
DFO_2606_From_20050105_to_20050201,9/147/185,0,98.11196899414062,85.74913787841797,1.0,-0.3343087845430365,0.0,127.0,,False
DFO_2606_From_20050105_to_20050201,9/147/185,0,115.60813903808594,84.75761413574219,1.0,0.33798973987935166,0.0,127.0,,False
DFO_2606_From_20050105_to_20050201,9/147/185,0,126.84986877441406,84.48956298828125,2.0,0.769958467589798,0.0,127.0,,False
DFO_2606_From_20050105_to_20050201,9/147/185,0,89.44066619873047,86.13976287841797,1.0,-0.6675076537544953,11.0,0.0,,False
DFO_2606_From_20050105_to_20050201,9/147/185,0,146.09530639648438,84.20647430419922,2.0,1.5094734175864413,0.0,127.0,,False
DFO_2606_From_20050105_to_20050201,9/147/185,0,124.63346099853516,83.82738494873047,1.0,0.6847919612344627,90.0,0.0,,False
DFO_2606_From_20050105_to_20050201,9/147/185,0,120.95502471923828,84.02564239501953,8.0,0.543446325215746,0.0,127.0,,False
DFO_2606_From_20050105_to_20050201,9/147/185,0,118.19389343261719,72.61724853515625,2.0,0.4373485629586719,90.0,0.0,,False
DFO_2606_From_20050105_to_20050201,9/147/185,0,104.81669616699219,85.866943359375,2.0,-0.07667650424162968,81.0,0.0,,False
DFO_2606_From_20050105_to_20050201,9/147/185,0,92.93669128417969,84.10604095458984,10.0,-0.5331712532515448,0.0,127.0,,False
DFO_2606_From_20050105_to_20050201,9/147/185,0,101.5749282836914,83.52383422851562,4.0,-0.20124295272657766,0.0,127.0,,False
DFO_2606_From_20050105_to_20050201,9/147/185,0,99.85543060302734,81.20854187011719,1.0,-0.26731545605471124,0.0,127.0,,False
DFO_2606_From_20050105_to_20050201,9/147/185,0,104.52923583984375,84.93765258789062,1.0,-0.08772230188113939,0.0,127.0,,False
DFO_2606_From_20050105_to_20050201,9/147/185,0,87.41230010986328,87.1104507446289,3.0,-0.745448570258432,41.0,0.0,,False
DFO_2606_From_20050105_to_20050201,9/147/185,0,103.5715560913086,84.67426300048828,1.0,-0.12452159453731687,0.0,127.0,,False
DFO_2606_From_20050105_to_20050201,9/147/185,0,108.87814331054688,84.55610656738281,1.0,0.07938650353510672,0.0,127.0,,False
DFO_2606_From_20050105_to_20050201,9/147/185,0,150.04478454589844,85.1414794921875,1.0,1.661233964347268,0.0,127.0,,False
DFO_2606_From_20050105_to_20050201,9/147/185,0,103.7868881225586,85.13544464111328,2.0,-0.11624736043313083,90.0,0.0,,False
DFO_2606_From_20050105_to_20050201,9/147/185,0,118.47675323486328,85.4481201171875,1.0,0.4482175832751649,0.0,127.0,,False
DFO_2606_From_20050105_to_20050201,9/147/185,0,148.38470458984375,72.71521759033203,1.0,1.5974446149024748,0.0,127.0,,False
DFO_2606_From_20050105_to_20050201,9/147/185,0,105.72293090820312,83.51923370361328,3.0,-0.041854010074841595,95.0,0.0,,False
DFO_2606_From_20050105_to_20050201,9/147/185,0,103.65599822998047,77.49225616455078,7.0,-0.12127686582894347,81.0,0.0,,False
DFO_2606_From_20050105_to_20050201,9/147/185,0,115.51207733154297,85.89856719970703,1.0,0.33429852383606207,41.0,0.0,,False
DFO_2606_From_20050105_to_20050201,9/147/185,0,102.98900604248047,82.4922866821289,1.0,-0.14690635287274875,0.0,127.0,,False
DFO_2606_From_20050105_to_20050201,9/147/185,0,113.59259796142578,83.5901870727539,1.0,0.2605416304732443,0.0,127.0,,False
DFO_3171_From_20070816_to_20070827,9/147/185,1,153.88352966308594,83.53455352783203,1.0,1.808739542507324,0.0,127.0,,False
DFO_3171_From_20070816_to_20070827,9/147/185,1,129.34674072265625,85.28208923339844,4.0,0.8659019410619128,0.0,127.0,,False
DFO_3171_From_20070816_to_20070827,9/147/185,0,102.6955795288086,87.53678894042969,7.0,-0.15818140402237305,0.0,127.0,,False
DFO_3171_From_20070816_to_20070827,9/147/185,0,116.61031341552734,86.9653549194336,1.0,0.3764987594805268,0.0,127.0,,False
DFO_3171_From_20070816_to_20070827,9/147/185,0,108.69701385498047,58.49044418334961,1.0,0.07242651941281784,0.0,127.0,,False
DFO_3171_From_20070816_to_20070827,9/147/185,0,89.44066619873047,86.13976287841797,1.0,-0.6675076537544953,11.0,0.0,,False
DFO_3171_From_20070816_to_20070827,9/147/185,0,138.72459411621094,72.19154357910156,17.0,1.2262503477646756,0.0,127.0,,False
DFO_3171_From_20070816_to_20070827,9/147/185,0,124.63346099853516,83.82738494873047,1.0,0.6847919612344627,90.0,0.0,,False
DFO_3171_From_20070816_to_20070827,9/147/185,0,85.5670394897461,80.26380920410156,1.0,-0.816353573408469,41.0,0.0,,False
DFO_3171_From_20070816_to_20070827,9/147/185,0,91.78937530517578,77.25846099853516,1.0,-0.577257406837911,0.0,127.0,,False
DFO_3171_From_20070816_to_20070827,9/147/185,0,98.38561248779297,77.37307739257812,1.0,-0.3237939051986898,81.0,0.0,,False
DFO_3171_From_20070816_to_20070827,9/147/185,0,113.2243423461914,82.52923583984375,1.0,0.24639123606632637,0.0,127.0,,False
DFO_3171_From_20070816_to_20070827,9/147/185,0,110.20222473144531,84.66096496582031,1.0,0.13026495197549393,0.0,127.0,,False
DFO_3171_From_20070816_to_20070827,9/147/185,0,96.27079772949219,65.367431640625,1.0,-0.40505665229483645,0.0,127.0,,False
DFO_3171_From_20070816_to_20070827,9/147/185,0,109.34359741210938,84.43119812011719,1.0,0.09727179528071975,0.0,127.0,,False
DFO_3171_From_20070816_to_20070827,9/147/185,0,111.66099548339844,83.25114440917969,1.0,0.18631890101378717,0.0,127.0,,False
DFO_3171_From_20070816_to_20070827,9/147/185,0,92.52472686767578,80.37820434570312,7.0,-0.5490011788086498,0.0,127.0,,False
DFO_3171_From_20070816_to_20070827,9/147/185,0,92.8908462524414,84.93901824951172,1.0,-0.5349328700575274,90.0,0.0,,False
DFO_3171_From_20070816_to_20070827,9/147/185,0,147.63504028320312,85.96187591552734,1.0,1.568638412979384,0.0,127.0,,False
DFO_3171_From_20070816_to_20070827,9/147/185,0,103.7868881225586,85.13544464111328,2.0,-0.11624736043313083,90.0,0.0,,False
DFO_3171_From_20070816_to_20070827,9/147/185,0,101.24222564697266,86.8475112915039,2.0,-0.21402720729061342,0.0,127.0,,False
DFO_3171_From_20070816_to_20070827,9/147/185,0,148.38470458984375,72.71521759033203,1.0,1.5974446149024748,0.0,127.0,,False
DFO_3171_From_20070816_to_20070827,9/147/185,0,105.635009765625,81.88822937011719,2.0,-0.0452324211369391,81.0,0.0,,False
DFO_3171_From_20070816_to_20070827,9/147/185,0,113.9295654296875,84.51771545410156,2.0,0.27348976318581464,41.0,0.0,,False
DFO_3171_From_20070816_to_20070827,9/147/185,0,81.1837387084961,68.86397552490234,1.0,-0.9847839578830226,0.0,127.0,,False
DFO_3171_From_20070816_to_20070827,9/147/185,0,160.8463134765625,82.97832489013672,1.0,2.0762877700288267,0.0,127.0,,False
DFO_3171_From_20070816_to_20070827,9/147/185,0,98.26467895507812,86.57622528076172,7.0,-0.32844083280588415,0.0,127.0,,False
DFO_3285_From_20080317_to_20080502,9/147/185,1,95.25936126708984,41.24000549316406,1.0,-0.44392157184649633,0.0,127.0,,False
DFO_3285_From_20080317_to_20080502,9/147/185,1,99.04509735107422,82.7112808227539,1.0,-0.2984528906023944,0.0,127.0,,False
DFO_3285_From_20080317_to_20080502,9/147/185,1,89.70994567871094,79.50081634521484,2.0,-0.6571604636784165,0.0,127.0,,False
DFO_3285_From_20080317_to_20080502,9/147/185,1,107.66607666015625,79.16492462158203,7.0,0.03281227508896766,0.0,127.0,,False
DFO_3285_From_20080317_to_20080502,9/147/185,1,92.41128540039062,87.36959838867188,4.0,-0.5533602202944471,0.0,127.0,,False
DFO_3285_From_20080317_to_20080502,9/147/185,1,80.05773162841797,84.72708129882812,2.0,-1.0280513070528288,0.0,127.0,,False
DFO_3285_From_20080317_to_20080502,9/147/185,1,84.27613067626953,79.56464385986328,1.0,-0.8659573488795748,41.0,0.0,,False
DFO_3285_From_20080317_to_20080502,9/147/185,1,79.82659912109375,80.24018096923828,1.0,-1.0369326818468452,0.0,127.0,,False
DFO_3285_From_20080317_to_20080502,9/147/185,1,97.34297943115234,86.46947479248047,3.0,-0.3638575684880203,81.0,0.0,,False
DFO_3285_From_20080317_to_20080502,9/147/185,1,85.69747161865234,86.15835571289062,2.0,-0.8113416577960412,0.0,127.0,,False
DFO_3285_From_20080317_to_20080502,9/147/185,1,84.04573822021484,83.79759216308594,2.0,-0.874810286857119,82.0,0.0,,False
DFO_3285_From_20080317_to_20080502,9/147/185,1,100.26171875,84.59934997558594,12.0,-0.25170364381157706,90.0,0.0,,False
DFO_3285_From_20080317_to_20080502,9/147/185,1,99.47584533691406,79.81561279296875,19.0,-0.2819011976004018,81.0,0.0,,False
DFO_3285_From_20080317_to_20080502,9/147/185,0,107.03858184814453,85.99362182617188,1.0,0.008700493188209802,0.0,127.0,,False
DFO_3285_From_20080317_to_20080502,9/147/185,0,92.69721221923828,77.82868957519531,2.0,-0.5423733484292763,0.0,127.0,,False
DFO_3285_From_20080317_to_20080502,9/147/185,0,101.39929962158203,64.0744400024414,1.0,-0.20799156628519314,0.0,127.0,,False
DFO_3285_From_20080317_to_20080502,9/147/185,0,77.1895751953125,81.60646057128906,2.0,-1.1382615606652573,0.0,127.0,,False
DFO_3285_From_20080317_to_20080502,9/147/185,0,147.78697204589844,78.55664825439453,1.0,1.5744764620847822,0.0,127.0,,False
DFO_3285_From_20080317_to_20080502,9/147/185,0,112.01441955566406,83.34468841552734,1.0,0.19989938643903923,41.0,0.0,,False
DFO_3285_From_20080317_to_20080502,9/147/185,0,85.5670394897461,80.26380920410156,1.0,-0.816353573408469,41.0,0.0,,False
DFO_3285_From_20080317_to_20080502,9/147/185,0,91.78937530517578,77.25846099853516,1.0,-0.577257406837911,0.0,127.0,,False
DFO_3285_From_20080317_to_20080502,9/147/185,0,91.35938262939453,82.07176208496094,14.0,-0.5937800766973188,81.0,0.0,,False
DFO_3285_From_20080317_to_20080502,9/147/185,0,101.89004516601562,79.59461212158203,1.0,-0.1891344390075727,0.0,127.0,,False
DFO_3285_From_20080317_to_20080502,9/147/185,0,91.92196655273438,80.77967834472656,6.0,-0.5721625260805184,0.0,127.0,,False
DFO_3285_From_20080317_to_20080502,9/147/185,0,93.00041198730469,72.52169799804688,11.0,-0.5307227554043876,0.0,127.0,,False
DFO_3285_From_20080317_to_20080502,9/147/185,0,95.54051208496094,84.8238525390625,2.0,-0.43311822005463974,0.0,127.0,,False
DFO_3285_From_20080317_to_20080502,9/147/185,0,97.45213317871094,84.8426742553711,1.0,-0.35966328463992686,0.0,127.0,,False
DFO_3285_From_20080317_to_20080502,9/147/185,0,95.81243133544922,79.29610443115234,3.0,-0.4226695955610423,0.0,127.0,,False
DFO_3285_From_20080317_to_20080502,9/147/185,0,108.65577697753906,86.0457763671875,1.0,0.07084197309290835,0.0,127.0,,False
DFO_3285_From_20080317_to_20080502,9/147/185,0,104.18672943115234,84.65662384033203,3.0,-0.10088327097266518,0.0,127.0,,False
DFO_3285_From_20080317_to_20080502,9/147/185,0,100.14722442626953,86.1666488647461,1.0,-0.2561031417991593,0.0,127.0,,False
DFO_3285_From_20080317_to_20080502,9/147/185,0,104.4313735961914,49.422489166259766,1.0,-0.09148270440574235,0.0,127.0,,False
DFO_3285_From_20080317_to_20080502,9/147/185,0,98.26467895507812,86.57622528076172,7.0,-0.32844083280588415,0.0,127.0,,False
DFO_3285_From_20080317_to_20080502,9/147/185,0,119.42810821533203,86.2535400390625,1.0,0.48477384375757643,52.0,0.0,,False
DFO_3285_From_20080317_to_20080502,9/147/185,0,103.65599822998047,77.49225616455078,7.0,-0.12127686582894347,81.0,0.0,,False
DFO_3285_From_20080317_to_20080502,9/147/185,0,84.43985748291016,79.8726806640625,1.0,-0.8596660696889628,0.0,127.0,,False
DFO_3285_From_20080317_to_20080502,9/147/185,0,165.67874145507812,86.63198852539062,1.0,2.2619760773082707,0.0,127.0,,False
DFO_3285_From_20080317_to_20080502,9/147/185,0,104.52923583984375,84.93765258789062,1.0,-0.08772230188113939,0.0,127.0,,False
DFO_3625_From_20100310_to_20100324,9/147/185,1,142.5103302001953,84.91061401367188,13.0,1.3717190290087775,0.0,127.0,,False
DFO_3625_From_20100310_to_20100324,9/147/185,1,133.8890380859375,84.2677993774414,1.0,1.0404418436321026,0.0,127.0,,False
DFO_3625_From_20100310_to_20100324,9/147/185,1,94.5698013305664,84.69722747802734,4.0,-0.47041823521116977,0.0,127.0,,False
DFO_3625_From_20100310_to_20100324,9/147/185,1,83.11141204833984,79.68605041503906,1.0,-0.9107122073976179,43.0,0.0,,False
DFO_3625_From_20100310_to_20100324,9/147/185,0,110.14971160888672,77.02742767333984,1.0,0.12824711065820676,0.0,127.0,,False
DFO_3625_From_20100310_to_20100324,9/147/185,0,107.2811279296875,74.45372009277344,1.0,0.018020439914619192,0.0,127.0,,False
DFO_3625_From_20100310_to_20100324,9/147/185,0,97.29913330078125,63.197181701660156,3.0,-0.3655423765732229,0.0,127.0,,False
DFO_3625_From_20100310_to_20100324,9/147/185,0,97.74089813232422,84.7382583618164,1.0,-0.3485673561177706,81.0,0.0,,False
DFO_3625_From_20100310_to_20100324,9/147/185,0,147.78697204589844,78.55664825439453,1.0,1.5744764620847822,0.0,127.0,,False
DFO_3625_From_20100310_to_20100324,9/147/185,0,78.02869415283203,84.22014617919922,2.0,-1.1060180219057298,0.0,127.0,,False
DFO_3625_From_20100310_to_20100324,9/147/185,0,104.45006561279297,85.75575256347656,6.0,-0.09076445491753177,0.0,127.0,,False
DFO_3625_From_20100310_to_20100324,9/147/185,0,88.99105834960938,80.88003540039062,1.0,-0.6847840458319396,0.0,127.0,,False
DFO_3625_From_20100310_to_20100324,9/147/185,0,104.81669616699219,85.866943359375,2.0,-0.07667650424162968,81.0,0.0,,False
DFO_3625_From_20100310_to_20100324,9/147/185,0,156.35350036621094,81.8162612915039,1.0,1.9036493230425282,0.0,127.0,,False
DFO_3625_From_20100310_to_20100324,9/147/185,0,91.92196655273438,80.77967834472656,6.0,-0.5721625260805184,0.0,127.0,,False
DFO_3625_From_20100310_to_20100324,9/147/185,0,163.18092346191406,81.72528076171875,1.0,2.1659962516171607,0.0,127.0,,False
DFO_3625_From_20100310_to_20100324,9/147/185,0,101.25180053710938,83.76046752929688,1.0,-0.21365928765481573,0.0,127.0,,False
DFO_3625_From_20100310_to_20100324,9/147/185,0,87.41230010986328,87.1104507446289,3.0,-0.745448570258432,41.0,0.0,,False
DFO_3625_From_20100310_to_20100324,9/147/185,0,98.9019546508789,78.85990905761719,1.0,-0.30395321586680546,0.0,127.0,,False
DFO_3625_From_20100310_to_20100324,9/147/185,0,86.73614501953125,85.7779769897461,24.0,-0.7714301461329888,0.0,127.0,,False
DFO_3625_From_20100310_to_20100324,9/147/185,0,117.86314392089844,81.61266326904297,1.0,0.42463935813707776,0.0,127.0,,False
DFO_3625_From_20100310_to_20100324,9/147/185,0,103.7868881225586,85.13544464111328,2.0,-0.11624736043313083,90.0,0.0,,False
DFO_3625_From_20100310_to_20100324,9/147/185,0,96.13323974609375,65.76422119140625,1.0,-0.41034238220195357,0.0,127.0,,False
DFO_3625_From_20100310_to_20100324,9/147/185,0,113.09869384765625,57.02699279785156,1.0,0.24156313369026913,0.0,127.0,,False
DFO_3625_From_20100310_to_20100324,9/147/185,0,127.64753723144531,84.43897247314453,1.0,0.8006092514638364,90.0,0.0,,False
DFO_3625_From_20100310_to_20100324,9/147/185,0,122.36116790771484,79.53307342529297,1.0,0.597478035490906,81.0,0.0,,False
DFO_3625_From_20100310_to_20100324,9/147/185,0,90.62604522705078,77.79741668701172,1.0,-0.6219589096796871,0.0,127.0,,False
DFO_3625_From_20100310_to_20100324,9/147/185,0,160.8463134765625,82.97832489013672,1.0,2.0762877700288267,0.0,127.0,,False
DFO_3625_From_20100310_to_20100324,9/147/185,0,100.80762481689453,78.45886993408203,1.0,-0.23072694763609436,0.0,127.0,,False
DFO_2273_From_20030705_to_20030721,9/147/186,1,82.35079956054688,20.000030517578125,1.0,-0.36344891218390946,52.0,0.0,,False
DFO_2273_From_20030705_to_20030721,9/147/186,0,227.07662963867188,88.18363189697266,2.0,2.0188199134750398,41.0,0.0,,False
DFO_2273_From_20030705_to_20030721,9/147/186,0,178.10691833496094,88.61953735351562,2.0,1.2127508339100785,41.0,0.0,,False
DFO_2273_From_20030705_to_20030721,9/147/186,0,88.35482025146484,81.43421936035156,1.0,-0.26461934380026897,81.0,0.0,,False
DFO_2273_From_20030705_to_20030721,9/147/186,0,339.5331115722656,88.40914916992188,1.0,3.8699170604671305,42.0,0.0,,False
DFO_2273_From_20030705_to_20030721,9/147/186,0,117.39788055419922,84.39234924316406,1.0,0.21344581653488495,81.0,0.0,,False
DFO_2273_From_20030705_to_20030721,9/147/186,0,134.7654571533203,87.70454406738281,14.0,0.49932592713432444,82.0,0.0,,False
DFO_2273_From_20030705_to_20030721,9/147/186,0,158.373779296875,83.27259063720703,3.0,0.8879322307799441,41.0,0.0,,False
DFO_2273_From_20030705_to_20030721,9/147/186,0,269.1654357910156,88.70442199707031,5.0,2.711625411649109,41.0,0.0,,False
DFO_2273_From_20030705_to_20030721,9/147/186,0,247.1560516357422,88.14569854736328,5.0,2.3493385295026656,21.0,1.0,,False
DFO_2273_From_20030705_to_20030721,9/147/186,0,104.1187515258789,80.68328857421875,1.0,-0.005136140113721461,90.0,0.0,,False
DFO_2273_From_20030705_to_20030721,9/147/186,0,117.7513198852539,86.92574310302734,1.0,0.2192636273546869,81.0,0.0,,False
DFO_2273_From_20030705_to_20030721,9/147/186,0,196.7463836669922,87.55901336669922,2.0,1.5195669507254306,22.0,42.0,,False
DFO_2273_From_20030705_to_20030721,9/147/186,0,205.94151306152344,86.11029052734375,10.0,1.6709239689761965,71.0,0.0,,False
DFO_2273_From_20030705_to_20030721,9/147/186,0,342.5350036621094,87.96343231201172,1.0,3.919329898104797,90.0,0.0,,False
DFO_2273_From_20030705_to_20030721,9/147/186,0,131.04396057128906,86.50552368164062,1.0,0.43806799351332804,81.0,0.0,,False
DFO_2273_From_20030705_to_20030721,9/147/186,0,224.08193969726562,87.72437286376953,1.0,1.9695256272645174,41.0,0.0,,False
DFO_2273_From_20030705_to_20030721,9/147/186,0,164.75709533691406,85.55764770507812,2.0,0.9930052146302005,82.0,0.0,,False
DFO_2273_From_20030705_to_20030721,9/147/186,0,127.22493743896484,87.23628234863281,2.0,0.3752047178444638,71.0,0.0,,False
DFO_2273_From_20030705_to_20030721,9/147/186,0,175.8552703857422,87.52018737792969,2.0,1.1756874381576605,81.0,0.0,,False
DFO_2273_From_20030705_to_20030721,9/147/186,0,169.0594940185547,79.43739318847656,3.0,1.0638251245888846,90.0,0.0,,False
DFO_2273_From_20030705_to_20030721,9/147/186,0,362.0411071777344,87.36022186279297,2.0,4.240411368428826,41.0,0.0,,False
DFO_2273_From_20030705_to_20030721,9/147/186,0,160.068359375,87.3138198852539,1.0,0.9158259750446734,41.0,0.0,,False
DFO_2273_From_20030705_to_20030721,9/147/186,0,79.36569213867188,79.43414306640625,4.0,-0.4125854647159431,21.0,1.0,,False
DFO_2273_From_20030705_to_20030721,9/147/186,0,77.49763488769531,80.91887664794922,2.0,-0.44333474113153065,81.0,0.0,,False
DFO_2273_From_20030705_to_20030721,9/147/186,0,195.63429260253906,86.58975982666016,1.0,1.501261304299285,41.0,0.0,,False
DFO_3171_From_20070816_to_20070827,9/147/186,1,94.19513702392578,85.4561538696289,1.0,-0.16848443428552484,41.0,0.0,,False
DFO_3171_From_20070816_to_20070827,9/147/186,0,227.07662963867188,88.18363189697266,2.0,2.0188199134750398,41.0,0.0,,False
DFO_3171_From_20070816_to_20070827,9/147/186,0,147.9627685546875,87.98941040039062,5.0,0.7165611194771079,90.0,0.0,,False
DFO_3171_From_20070816_to_20070827,9/147/186,0,86.882568359375,52.619728088378906,1.0,-0.28885344067260854,82.0,0.0,,False
DFO_3171_From_20070816_to_20070827,9/147/186,0,260.09503173828125,88.68109130859375,2.0,2.562321442901476,42.0,0.0,,False
DFO_3171_From_20070816_to_20070827,9/147/186,0,117.39788055419922,84.39234924316406,1.0,0.21344581653488495,81.0,0.0,,False
DFO_3171_From_20070816_to_20070827,9/147/186,0,116.85572814941406,87.31291198730469,2.0,0.2045216820387932,41.0,0.0,,False
DFO_3171_From_20070816_to_20070827,9/147/186,0,143.24465942382812,85.12218475341797,1.0,0.6388983809567226,82.0,0.0,,False
DFO_3171_From_20070816_to_20070827,9/147/186,0,269.1654357910156,88.70442199707031,5.0,2.711625411649109,41.0,0.0,,False
DFO_3171_From_20070816_to_20070827,9/147/186,0,197.2716827392578,87.50814056396484,7.0,1.5282136698586388,90.0,0.0,,False
DFO_3171_From_20070816_to_20070827,9/147/186,0,102.96294403076172,69.33404541015625,1.0,-0.024161383655902473,41.0,0.0,,False
DFO_3171_From_20070816_to_20070827,9/147/186,0,131.04396057128906,86.50552368164062,1.0,0.43806799351332804,81.0,0.0,,False
DFO_3171_From_20070816_to_20070827,9/147/186,0,169.19671630859375,82.7960433959961,4.0,1.0660838809115751,41.0,0.0,,False
DFO_3171_From_20070816_to_20070827,9/147/186,0,195.63429260253906,86.58975982666016,1.0,1.501261304299285,41.0,0.0,,False
DFO_3171_From_20070816_to_20070827,9/147/186,0,294.5445251464844,87.94915771484375,5.0,3.129379542770755,41.0,0.0,,False
DFO_3171_From_20070816_to_20070827,9/147/186,0,134.30709838867188,78.85021209716797,1.0,0.49178108323603703,81.0,0.0,,False
DFO_3171_From_20070816_to_20070827,9/147/186,0,173.89407348632812,87.57076263427734,1.0,1.1434050305740866,71.0,0.0,,False
DFO_3171_From_20070816_to_20070827,9/147/186,0,100.92279052734375,85.20677947998047,8.0,-0.05774346149320295,41.0,0.0,,False
DFO_3171_From_20070816_to_20070827,9/147/186,0,99.0504379272461,86.1637954711914,1.0,-0.08856344177900481,41.0,0.0,,False
DFO_3171_From_20070816_to_20070827,9/147/186,0,172.88357543945312,86.94696044921875,1.0,1.1267716625418556,81.0,0.0,,False
DFO_3171_From_20070816_to_20070827,9/147/186,0,155.75082397460938,85.62620544433594,1.0,0.8447569061543637,82.0,0.0,,False
DFO_3171_From_20070816_to_20070827,9/147/186,0,374.11444091796875,86.76325988769531,1.0,4.43914525425702,90.0,0.0,,False
DFO_3171_From_20070816_to_20070827,9/147/186,0,160.068359375,87.3138198852539,1.0,0.9158259750446734,41.0,0.0,,False
DFO_3171_From_20070816_to_20070827,9/147/186,0,390.152099609375,87.12767791748047,1.0,4.70313416567989,41.0,0.0,,False
DFO_3171_From_20070816_to_20070827,9/147/186,0,95.51258087158203,84.33720397949219,1.0,-0.14679856517609596,81.0,0.0,,False
DFO_3171_From_20070816_to_20070827,9/147/186,0,169.0594940185547,79.43739318847656,3.0,1.0638251245888846,90.0,0.0,,False
DFO_3285_From_20080317_to_20080502,9/147/186,1,90.97246551513672,36.4285774230957,1.0,-0.2215314257353799,81.0,0.0,,False
DFO_3285_From_20080317_to_20080502,9/147/186,0,227.07662963867188,88.18363189697266,2.0,2.0188199134750398,41.0,0.0,,False
DFO_3285_From_20080317_to_20080502,9/147/186,0,147.9627685546875,87.98941040039062,5.0,0.7165611194771079,90.0,0.0,,False
DFO_3285_From_20080317_to_20080502,9/147/186,0,81.8235855102539,68.93204498291016,1.0,-0.37212715293598764,81.0,0.0,,False
DFO_3285_From_20080317_to_20080502,9/147/186,0,260.09503173828125,88.68109130859375,2.0,2.562321442901476,42.0,0.0,,False
DFO_3285_From_20080317_to_20080502,9/147/186,0,109.57723999023438,84.43973541259766,1.0,0.08471366000028382,81.0,0.0,,False
DFO_3285_From_20080317_to_20080502,9/147/186,0,116.85572814941406,87.31291198730469,2.0,0.2045216820387932,41.0,0.0,,False
DFO_3285_From_20080317_to_20080502,9/147/186,0,149.34567260742188,84.9114761352539,2.0,0.7393245004985063,82.0,0.0,,False
DFO_3285_From_20080317_to_20080502,9/147/186,0,224.39036560058594,88.54117584228516,6.0,1.9746024916646667,81.0,0.0,,False
DFO_3285_From_20080317_to_20080502,9/147/186,0,197.2716827392578,87.50814056396484,7.0,1.5282136698586388,90.0,0.0,,False
DFO_3285_From_20080317_to_20080502,9/147/186,0,135.12379455566406,78.09012603759766,1.0,0.5052243629713157,81.0,0.0,,False
DFO_3285_From_20080317_to_20080502,9/147/186,0,242.78036499023438,88.67622375488281,3.0,2.2773122583054755,43.0,0.0,,False
DFO_3285_From_20080317_to_20080502,9/147/186,0,175.8552703857422,87.52018737792969,2.0,1.1756874381576605,81.0,0.0,,False
DFO_3285_From_20080317_to_20080502,9/147/186,0,195.63429260253906,86.58975982666016,1.0,1.501261304299285,41.0,0.0,,False
DFO_3285_From_20080317_to_20080502,9/147/186,0,294.5445251464844,87.94915771484375,5.0,3.129379542770755,41.0,0.0,,False
DFO_3285_From_20080317_to_20080502,9/147/186,0,102.60502624511719,80.37528228759766,1.0,-0.03005291236525293,81.0,0.0,,False
DFO_3285_From_20080317_to_20080502,9/147/186,0,173.89407348632812,87.57076263427734,1.0,1.1434050305740866,71.0,0.0,,False
DFO_3285_From_20080317_to_20080502,9/147/186,0,100.92279052734375,85.20677947998047,8.0,-0.05774346149320295,41.0,0.0,,False
DFO_3285_From_20080317_to_20080502,9/147/186,0,113.25738525390625,86.59996795654297,1.0,0.14529092758831108,41.0,0.0,,False
DFO_3285_From_20080317_to_20080502,9/147/186,0,171.57568359375,84.94483184814453,1.0,1.1052430247743599,71.0,0.0,,False
DFO_3285_From_20080317_to_20080502,9/147/186,0,164.5878143310547,81.33399200439453,1.0,0.9902187537557506,82.0,0.0,,False
DFO_3285_From_20080317_to_20080502,9/147/186,0,362.0411071777344,87.36022186279297,2.0,4.240411368428826,41.0,0.0,,False
DFO_3285_From_20080317_to_20080502,9/147/186,0,160.068359375,87.3138198852539,1.0,0.9158259750446734,41.0,0.0,,False
DFO_3285_From_20080317_to_20080502,9/147/186,0,390.152099609375,87.12767791748047,1.0,4.70313416567989,41.0,0.0,,False
DFO_3285_From_20080317_to_20080502,9/147/186,0,110.00251007080078,83.85860443115234,1.0,0.09171384548805701,41.0,0.0,,False
DFO_3285_From_20080317_to_20080502,9/147/186,0,169.0594940185547,79.43739318847656,3.0,1.0638251245888846,90.0,0.0,,False
DFO_3625_From_20100310_to_20100324,9/147/186,1,81.17311096191406,81.62083435058594,2.0,-0.38283433103652503,81.0,0.0,,False
DFO_3625_From_20100310_to_20100324,9/147/186,1,100.92279052734375,85.20677947998047,8.0,-0.05774346149320295,41.0,0.0,,False
DFO_3625_From_20100310_to_20100324,9/147/186,0,284.87841796875,87.92560577392578,1.0,2.970269964455921,42.0,0.0,,False
DFO_3625_From_20100310_to_20100324,9/147/186,0,237.18072509765625,87.55302429199219,1.0,2.185139026037234,82.0,0.0,,False
DFO_3625_From_20100310_to_20100324,9/147/186,0,86.882568359375,52.619728088378906,1.0,-0.28885344067260854,82.0,0.0,,False
DFO_3625_From_20100310_to_20100324,9/147/186,0,364.5708923339844,87.81196594238281,1.0,4.282053059549864,41.0,0.0,,False
DFO_3625_From_20100310_to_20100324,9/147/186,0,117.39788055419922,84.39234924316406,1.0,0.21344581653488495,81.0,0.0,,False
DFO_3625_From_20100310_to_20100324,9/147/186,0,191.99632263183594,87.84651947021484,4.0,1.4413782658312306,82.0,0.0,,False
DFO_3625_From_20100310_to_20100324,9/147/186,0,163.1925811767578,85.06906127929688,13.0,0.9672524287658507,82.0,0.0,,False
DFO_3625_From_20100310_to_20100324,9/147/186,0,311.8898010253906,88.54656982421875,4.0,3.4148925709321194,41.0,0.0,,False
DFO_3625_From_20100310_to_20100324,9/147/186,0,278.6517639160156,88.38681030273438,4.0,2.867775725314334,41.0,0.0,,False
DFO_3625_From_20100310_to_20100324,9/147/186,0,108.88685607910156,85.03751373291016,1.0,0.073349551269034,41.0,0.0,,False
DFO_3625_From_20100310_to_20100324,9/147/186,0,110.00251007080078,83.85860443115234,1.0,0.09171384548805701,41.0,0.0,,False
DFO_3625_From_20100310_to_20100324,9/147/186,0,232.26206970214844,86.73466491699219,1.0,2.1041751828410873,82.0,0.0,,False
DFO_3625_From_20100310_to_20100324,9/147/186,0,264.80096435546875,88.58552551269531,1.0,2.639783749136138,41.0,0.0,,False
DFO_3625_From_20100310_to_20100324,9/147/186,0,78.4179458618164,80.11832427978516,71.0,-0.4281859032055226,95.0,0.0,,False
DFO_3625_From_20100310_to_20100324,9/147/186,0,117.7513198852539,86.92574310302734,1.0,0.2192636273546869,81.0,0.0,,False
DFO_3625_From_20100310_to_20100324,9/147/186,0,247.20343017578125,87.78013610839844,1.0,2.3501184070053847,81.0,0.0,,False
DFO_3625_From_20100310_to_20100324,9/147/186,0,171.36326599121094,77.48690795898438,1.0,1.1017465111784326,41.0,0.0,,False
DFO_3625_From_20100310_to_20100324,9/147/186,0,148.70013427734375,87.72109985351562,1.0,0.7286985753358528,42.0,0.0,,False
DFO_3625_From_20100310_to_20100324,9/147/186,0,196.7463836669922,87.55901336669922,2.0,1.5195669507254306,22.0,42.0,,False
DFO_3625_From_20100310_to_20100324,9/147/186,0,176.45968627929688,85.85594940185547,2.0,1.1856364648115127,90.0,0.0,,False
DFO_3625_From_20100310_to_20100324,9/147/186,0,374.11444091796875,86.76325988769531,1.0,4.43914525425702,90.0,0.0,,False
DFO_3625_From_20100310_to_20100324,9/147/186,0,160.068359375,87.3138198852539,1.0,0.9158259750446734,41.0,0.0,,False
DFO_3625_From_20100310_to_20100324,9/147/186,0,86.13578796386719,84.8986587524414,3.0,-0.30114586735878596,90.0,0.0,,False
DFO_3625_From_20100310_to_20100324,9/147/186,0,134.30709838867188,78.85021209716797,1.0,0.49178108323603703,81.0,0.0,,False
DFO_3625_From_20100310_to_20100324,9/147/186,0,205.94151306152344,86.11029052734375,10.0,1.6709239689761965,71.0,0.0,,False
DFO_2606_From_20050105_to_20050201,9/147/187,1,81.97858428955078,86.47203063964844,7.0,-1.431715317456121,11.0,0.0,,False
DFO_2606_From_20050105_to_20050201,9/147/187,1,119.914794921875,80.21498107910156,1.0,-0.1944560183385224,90.0,0.0,,False
DFO_2606_From_20050105_to_20050201,9/147/187,1,112.71522521972656,71.81708526611328,16.0,-0.42926425076747465,90.0,0.0,,False
DFO_2606_From_20050105_to_20050201,9/147/187,1,113.9905014038086,82.20542907714844,3.0,-0.387672133595016,90.0,0.0,,False
DFO_2606_From_20050105_to_20050201,9/147/187,1,121.718994140625,84.06761169433594,1.0,-0.13561349760037822,90.0,0.0,,False
DFO_2606_From_20050105_to_20050201,9/147/187,1,134.94778442382812,85.08892822265625,3.0,0.29583296268533693,81.0,0.0,,False
DFO_2606_From_20050105_to_20050201,9/147/187,1,137.83091735839844,85.04869079589844,1.0,0.3898640473517071,90.0,0.0,,False
DFO_2606_From_20050105_to_20050201,9/147/187,0,119.15185546875,51.10005187988281,1.0,-0.21933868103225726,43.0,0.0,,False
DFO_2606_From_20050105_to_20050201,9/147/187,0,111.22151184082031,82.11354064941406,1.0,-0.4779805230957765,41.0,0.0,,False
DFO_2606_From_20050105_to_20050201,9/147/187,0,179.25994873046875,82.89179992675781,1.0,1.7410389133741202,41.0,0.0,,False
DFO_2606_From_20050105_to_20050201,9/147/187,0,130.02197265625,82.95160675048828,2.0,0.13518153457601498,81.0,0.0,,False
DFO_2606_From_20050105_to_20050201,9/147/187,0,129.38084411621094,45.45655059814453,1.0,0.11427163780796183,90.0,0.0,,False
DFO_2606_From_20050105_to_20050201,9/147/187,0,141.33734130859375,72.45077514648438,1.0,0.5042232721323509,82.0,0.0,,False
DFO_2606_From_20050105_to_20050201,9/147/187,0,132.232177734375,63.22515106201172,1.0,0.2072656130932571,41.0,0.0,,False
DFO_2606_From_20050105_to_20050201,9/147/187,0,125.76805114746094,22.684894561767578,1.0,-0.0035567278054424605,23.0,50.0,,False
DFO_2606_From_20050105_to_20050201,9/147/187,0,132.8932342529297,81.38926696777344,1.0,0.22882544501087063,22.0,24.0,,False
DFO_2606_From_20050105_to_20050201,9/147/187,0,172.08798217773438,75.25315856933594,5.0,1.5071309356814273,23.0,53.0,,False
DFO_2606_From_20050105_to_20050201,9/147/187,0,99.33385467529297,82.20816802978516,51.0,-0.8656869947653099,41.0,0.0,,False
DFO_2606_From_20050105_to_20050201,9/147/187,0,133.9208221435547,61.36766052246094,1.0,0.26233940573980824,81.0,0.0,,False
DFO_2606_From_20050105_to_20050201,9/147/187,0,150.1084747314453,84.79418182373047,1.0,0.7902868037908737,41.0,0.0,,False
DFO_2606_From_20050105_to_20050201,9/147/187,0,118.2774658203125,75.27735137939453,1.0,-0.2478562030922929,24.0,83.0,,False
DFO_2606_From_20050105_to_20050201,9/147/187,0,115.5296630859375,84.62831115722656,3.0,-0.33747360105004837,41.0,0.0,,False
DFO_2606_From_20050105_to_20050201,9/147/187,0,129.69866943359375,84.0925521850586,1.0,0.1246372574329179,90.0,0.0,,False
DFO_2606_From_20050105_to_20050201,9/147/187,0,102.24333190917969,77.93882751464844,2.0,-0.7707967117561251,81.0,0.0,,False
DFO_2606_From_20050105_to_20050201,9/147/187,0,122.240234375,69.89665985107422,1.0,-0.11861366244801856,22.0,34.0,,False
DFO_2606_From_20050105_to_20050201,9/147/187,0,134.8197479248047,76.32574462890625,5.0,0.2916571542320744,90.0,0.0,,False
DFO_2606_From_20050105_to_20050201,9/147/187,0,114.97860717773438,84.99966430664062,5.0,-0.3554458506604792,41.0,0.0,,False
DFO_2606_From_20050105_to_20050201,9/147/187,0,120.02745819091797,73.67141723632812,2.0,-0.19078159553853857,81.0,0.0,,False
DFO_2606_From_20050105_to_20050201,9/147/187,0,121.10342407226562,84.8302993774414,6.0,-0.15568982516819124,82.0,0.0,,False
DFO_2606_From_20050105_to_20050201,9/147/187,0,122.15775299072266,83.11749267578125,2.0,-0.12130372711183823,41.0,0.0,,False
DFO_2606_From_20050105_to_20050201,9/147/187,0,165.5313262939453,85.10699462890625,1.0,1.2932908254512316,41.0,0.0,,False
DFO_2606_From_20050105_to_20050201,9/147/187,0,131.4362335205078,80.40526580810547,1.0,0.18130652641139128,81.0,0.0,,False
DFO_3285_From_20080317_to_20080502,9/147/187,1,85.29488372802734,84.33598327636719,70.0,-1.323556852218756,42.0,0.0,,False
DFO_3285_From_20080317_to_20080502,9/147/187,1,96.70967102050781,87.18408966064453,5.0,-0.9512726548867995,41.0,0.0,,False
DFO_3285_From_20080317_to_20080502,9/147/187,1,89.85255432128906,86.57276916503906,8.0,-1.1749120553390417,81.0,0.0,,False
DFO_3285_From_20080317_to_20080502,9/147/187,1,135.42222595214844,69.9069595336914,1.0,0.3113064953080629,90.0,0.0,,False
DFO_3285_From_20080317_to_20080502,9/147/187,1,112.71522521972656,71.81708526611328,16.0,-0.42926425076747465,90.0,0.0,,False
DFO_3285_From_20080317_to_20080502,9/147/187,1,113.9905014038086,82.20542907714844,3.0,-0.387672133595016,90.0,0.0,,False
DFO_3285_From_20080317_to_20080502,9/147/187,1,113.97404479980469,74.83889770507812,23.0,-0.38820885262931987,11.0,0.0,,False
DFO_3285_From_20080317_to_20080502,9/147/187,1,115.30232238769531,61.961997985839844,1.0,-0.34488813687952746,90.0,0.0,,False
DFO_3285_From_20080317_to_20080502,9/147/187,1,111.38732147216797,67.38902282714844,39.0,-0.4725727740125471,82.0,0.0,,False
DFO_3285_From_20080317_to_20080502,9/147/187,1,111.70462036132812,81.89385986328125,14.0,-0.4622243234248497,52.0,0.0,,False
DFO_3285_From_20080317_to_20080502,9/147/187,1,136.4153594970703,74.15116882324219,1.0,0.34369675498975144,82.0,0.0,,False
DFO_3285_From_20080317_to_20080502,9/147/187,1,116.77550506591797,70.59085845947266,1.0,-0.296841457004314,95.0,0.0,,False
DFO_3285_From_20080317_to_20080502,9/147/187,1,116.51467895507812,84.73345947265625,2.0,-0.30534809289942116,41.0,0.0,,False
DFO_3285_From_20080317_to_20080502,9/147/187,0,115.87850952148438,75.29427337646484,2.0,-0.32609625235996503,41.0,0.0,,False
DFO_3285_From_20080317_to_20080502,9/147/187,0,141.7771759033203,74.57709503173828,1.0,0.518568127175289,90.0,0.0,,False
DFO_3285_From_20080317_to_20080502,9/147/187,0,125.68445587158203,85.56752014160156,1.0,-0.0062831211567949885,41.0,0.0,,False
DFO_3285_From_20080317_to_20080502,9/147/187,0,141.55126953125,75.38260650634766,1.0,0.5112003707516741,23.0,56.0,,False
DFO_3285_From_20080317_to_20080502,9/147/187,0,172.58558654785156,80.0457763671875,1.0,1.523359905943535,42.0,0.0,,False
DFO_3285_From_20080317_to_20080502,9/147/187,0,130.73281860351562,80.27400207519531,2.0,0.1583652090610216,82.0,0.0,,False
DFO_3285_From_20080317_to_20080502,9/147/187,0,134.85723876953125,81.97848510742188,1.0,0.2928798882768445,82.0,0.0,,False
DFO_3285_From_20080317_to_20080502,9/147/187,0,119.98695373535156,19.26024055480957,1.0,-0.19210261610094898,90.0,0.0,,False
DFO_3285_From_20080317_to_20080502,9/147/187,0,123.6724853515625,70.45550537109375,1.0,-0.07190193742632399,21.0,1.0,,False
DFO_3285_From_20080317_to_20080502,9/147/187,0,144.41432189941406,79.22286224365234,1.0,0.6045765437359452,41.0,0.0,,False
DFO_3285_From_20080317_to_20080502,9/147/187,0,171.6223907470703,70.51319885253906,1.0,1.4919460419459487,90.0,0.0,,False
DFO_3285_From_20080317_to_20080502,9/147/187,0,168.05079650878906,84.95050811767578,3.0,1.375461340118006,42.0,0.0,,False
DFO_3285_From_20080317_to_20080502,9/147/187,0,111.74882507324219,83.77075958251953,15.0,-0.4607826219483747,41.0,0.0,,False
DFO_3285_From_20080317_to_20080502,9/147/187,0,118.2774658203125,75.27735137939453,1.0,-0.2478562030922929,24.0,83.0,,False
DFO_3285_From_20080317_to_20080502,9/147/187,0,182.0250701904297,85.8127212524414,2.0,1.8312211477750233,42.0,0.0,,False
DFO_3285_From_20080317_to_20080502,9/147/187,0,135.97947692871094,83.45668029785156,1.0,0.3294807921395669,41.0,0.0,,False
DFO_3285_From_20080317_to_20080502,9/147/187,0,121.95984649658203,86.59709167480469,2.0,-0.12775828981459306,22.0,38.0,,False
DFO_3285_From_20080317_to_20080502,9/147/187,0,121.6183090209961,57.868988037109375,1.0,-0.1388972625960704,82.0,0.0,,False
DFO_3285_From_20080317_to_20080502,9/147/187,0,155.1181182861328,80.12301635742188,1.0,0.9536723388769832,42.0,0.0,,False
DFO_3285_From_20080317_to_20080502,9/147/187,0,128.58709716796875,76.79051971435547,2.0,0.08838421319465396,81.0,0.0,,False
DFO_3285_From_20080317_to_20080502,9/147/187,0,134.94778442382812,85.08892822265625,3.0,0.29583296268533693,81.0,0.0,,False
DFO_3285_From_20080317_to_20080502,9/147/187,0,124.58126068115234,69.12386322021484,1.0,-0.042262953758681714,81.0,0.0,,False
DFO_3285_From_20080317_to_20080502,9/147/187,0,121.32361602783203,77.38086700439453,1.0,-0.14850843988815243,24.0,83.0,,False
DFO_3285_From_20080317_to_20080502,9/147/187,0,117.3069076538086,87.8213119506836,2.0,-0.2795101847848738,22.0,29.0,,False
DFO_3285_From_20080317_to_20080502,9/147/187,0,146.51084899902344,79.27632141113281,9.0,0.6729531055118209,42.0,0.0,,False
DFO_3625_From_20100310_to_20100324,9/147/187,1,118.37541198730469,86.40824890136719,1.0,-0.24466176685567123,41.0,0.0,,False
DFO_3625_From_20100310_to_20100324,9/147/187,1,114.97860717773438,84.99966430664062,5.0,-0.3554458506604792,41.0,0.0,,False
DFO_3625_From_20100310_to_20100324,9/147/187,1,119.914794921875,80.21498107910156,1.0,-0.1944560183385224,90.0,0.0,,False
DFO_3625_From_20100310_to_20100324,9/147/187,1,112.71522521972656,71.81708526611328,16.0,-0.42926425076747465,90.0,0.0,,False
DFO_3625_From_20100310_to_20100324,9/147/187,1,116.77550506591797,70.59085845947266,1.0,-0.296841457004314,95.0,0.0,,False
DFO_3625_From_20100310_to_20100324,9/147/187,0,120.24456787109375,67.63206481933594,3.0,-0.18370073621578245,81.0,0.0,,False
DFO_3625_From_20100310_to_20100324,9/147/187,0,119.11763763427734,84.35665130615234,1.0,-0.22045466845407127,81.0,0.0,,False
DFO_3625_From_20100310_to_20100324,9/147/187,0,196.61074829101562,79.19378662109375,2.0,2.306921423661546,42.0,0.0,,False
DFO_3625_From_20100310_to_20100324,9/147/187,0,130.73281860351562,80.27400207519531,2.0,0.1583652090610216,82.0,0.0,,False
DFO_3625_From_20100310_to_20100324,9/147/187,0,134.47608947753906,81.44599151611328,1.0,0.28044900764830843,81.0,0.0,,False
DFO_3625_From_20100310_to_20100324,9/147/187,0,124.67218780517578,79.6005859375,6.0,-0.0392974380188424,41.0,0.0,,False
DFO_3625_From_20100310_to_20100324,9/147/187,0,127.03292846679688,77.81941223144531,1.0,0.03769623867450056,41.0,0.0,,False
DFO_3625_From_20100310_to_20100324,9/147/187,0,120.34654235839844,41.19670867919922,2.0,-0.18037491952013784,90.0,0.0,,False
DFO_3625_From_20100310_to_20100324,9/147/187,0,132.8932342529297,81.38926696777344,1.0,0.22882544501087063,22.0,24.0,,False
DFO_3625_From_20100310_to_20100324,9/147/187,0,200.60763549804688,83.24750518798828,1.0,2.437276716981484,52.0,0.0,,False
DFO_3625_From_20100310_to_20100324,9/147/187,0,121.07110595703125,84.3070297241211,4.0,-0.15674385475989785,81.0,0.0,,False
DFO_3625_From_20100310_to_20100324,9/147/187,0,144.4595947265625,78.77188110351562,1.0,0.6060530809401914,43.0,0.0,,False
DFO_3625_From_20100310_to_20100324,9/147/187,0,145.2890167236328,83.0266342163086,17.0,0.6331040188610583,42.0,0.0,,False
DFO_3625_From_20100310_to_20100324,9/147/187,0,114.56709289550781,64.09251403808594,7.0,-0.36886706126422586,81.0,0.0,,False
DFO_3625_From_20100310_to_20100324,9/147/187,0,149.32730102539062,86.66999816894531,8.0,0.7648094454587585,41.0,0.0,,False
DFO_3625_From_20100310_to_20100324,9/147/187,0,130.2782745361328,72.69525909423828,1.0,0.14354061628134826,90.0,0.0,,False
DFO_3625_From_20100310_to_20100324,9/147/187,0,119.87492370605469,83.59562683105469,2.0,-0.19575638629089698,81.0,0.0,,False
DFO_3625_From_20100310_to_20100324,9/147/187,0,122.240234375,69.89665985107422,1.0,-0.11861366244801856,22.0,34.0,,False
DFO_3625_From_20100310_to_20100324,9/147/187,0,133.9208221435547,61.36766052246094,1.0,0.26233940573980824,81.0,0.0,,False
DFO_3625_From_20100310_to_20100324,9/147/187,0,126.5999526977539,78.41767883300781,1.0,0.02357507876917909,81.0,0.0,,False
DFO_3625_From_20100310_to_20100324,9/147/187,0,134.94778442382812,85.08892822265625,3.0,0.29583296268533693,81.0,0.0,,False
DFO_3625_From_20100310_to_20100324,9/147/187,0,124.58126068115234,69.12386322021484,1.0,-0.042262953758681714,81.0,0.0,,False
DFO_3625_From_20100310_to_20100324,9/147/187,0,113.67975616455078,75.74810791015625,15.0,-0.3978068421101742,90.0,0.0,,False
DFO_3625_From_20100310_to_20100324,9/147/187,0,174.6996612548828,82.01702117919922,1.0,1.5923087689613666,41.0,0.0,,False
DFO_3625_From_20100310_to_20100324,9/147/187,0,131.33164978027344,83.65657043457031,2.0,0.1778956110093341,90.0,0.0,,False
DFO_3285_From_20080317_to_20080502,9/147/189,1,239.0375518798828,89.34931182861328,1.0,-2.031060293711962,41.0,0.0,,False
DFO_3285_From_20080317_to_20080502,9/147/189,0,368.3868103027344,87.56499481201172,4.0,-0.27870005847035073,81.0,0.0,,False
DFO_3285_From_20080317_to_20080502,9/147/189,0,310.3130798339844,89.0978775024414,10.0,-1.065454441343551,43.0,0.0,,False
DFO_3285_From_20080317_to_20080502,9/147/189,0,317.5187683105469,88.2982177734375,3.0,-0.9678353122675385,81.0,0.0,,False
DFO_3285_From_20080317_to_20080502,9/147/189,0,511.2297668457031,88.82365417480469,1.0,1.6564661727263978,41.0,0.0,,False
DFO_3285_From_20080317_to_20080502,9/147/189,0,278.1130065917969,89.34490203857422,3.0,-1.501685221554257,82.0,0.0,,False
DFO_3285_From_20080317_to_20080502,9/147/189,0,496.3644714355469,88.72576904296875,1.0,1.455078450218393,43.0,0.0,,False
DFO_3285_From_20080317_to_20080502,9/147/189,0,161.04229736328125,89.17607879638672,47.0,-3.0877017017797126,82.0,0.0,,False
DFO_3285_From_20080317_to_20080502,9/147/189,0,417.2780456542969,89.2895736694336,1.0,0.38365438968457743,81.0,0.0,,False
DFO_3285_From_20080317_to_20080502,9/147/189,0,313.01190185546875,89.45895385742188,5.0,-1.0288921258721844,81.0,0.0,,False
DFO_3285_From_20080317_to_20080502,9/147/189,0,317.2088317871094,85.47940826416016,34.0,-0.9720341800905407,21.0,5.0,,False
DFO_3285_From_20080317_to_20080502,9/147/189,0,386.4620666503906,89.17082977294922,1.0,-0.03382536145519132,43.0,0.0,,False
DFO_3285_From_20080317_to_20080502,9/147/189,0,463.4501037597656,89.21729278564453,1.0,1.0091707597807087,43.0,0.0,,False
DFO_3285_From_20080317_to_20080502,9/147/189,0,397.8014831542969,88.11323547363281,3.0,0.11979548503879436,41.0,0.0,,False
DFO_3285_From_20080317_to_20080502,9/147/189,0,328.1112976074219,89.25090026855469,18.0,-0.8243329268901495,41.0,0.0,,False
DFO_3285_From_20080317_to_20080502,9/147/189,0,320.0444030761719,88.91016387939453,2.0,-0.933619252693724,21.0,4.0,,False
DFO_3285_From_20080317_to_20080502,9/147/189,0,441.6350402832031,89.57820129394531,1.0,0.713630992241955,81.0,0.0,,False
DFO_3285_From_20080317_to_20080502,9/147/189,0,183.06126403808594,89.36151885986328,1.0,-2.789399553839286,41.0,0.0,,False
DFO_3285_From_20080317_to_20080502,9/147/189,0,411.09326171875,88.8399429321289,1.0,0.2998659740078257,41.0,0.0,,False
DFO_3285_From_20080317_to_20080502,9/147/189,0,406.4325866699219,88.7280502319336,1.0,0.23672543710385613,81.0,0.0,,False
DFO_3285_From_20080317_to_20080502,9/147/189,0,477.220947265625,89.48575592041016,1.0,1.1957313853276732,81.0,0.0,,False
DFO_3285_From_20080317_to_20080502,9/147/189,0,475.7326965332031,89.19573211669922,3.0,1.175569295220904,81.0,0.0,,False
DFO_3285_From_20080317_to_20080502,9/147/189,0,325.99200439453125,89.27384948730469,6.0,-0.8530440706444214,41.0,0.0,,False
DFO_3285_From_20080317_to_20080502,9/147/189,0,389.4048767089844,87.84835815429688,4.0,0.0060423841308760145,90.0,0.0,,False
DFO_3285_From_20080317_to_20080502,9/147/189,0,269.0095520019531,89.24771881103516,3.0,-1.6250143540214879,22.0,24.0,,False
DFO_3285_From_20080317_to_20080502,9/147/189,0,404.0415344238281,89.03440856933594,3.0,0.20433263541694982,43.0,0.0,,False
DFO_3625_From_20100310_to_20100324,9/147/189,1,193.12838745117188,89.4121322631836,1.0,-2.6530151093711836,41.0,0.0,,False
DFO_3625_From_20100310_to_20100324,9/147/189,0,324.2980041503906,88.36714935302734,11.0,-0.8759935541011985,41.0,0.0,,False
DFO_3625_From_20100310_to_20100324,9/147/189,0,485.24285888671875,87.04376983642578,1.0,1.3044083047536281,41.0,0.0,,False
DFO_3625_From_20100310_to_20100324,9/147/189,0,472.8280029296875,87.86534118652344,1.0,1.1362179326508794,81.0,0.0,,False
DFO_3625_From_20100310_to_20100324,9/147/189,0,313.8203125,85.67620086669922,3.0,-1.0179401754358584,81.0,0.0,,False
DFO_3625_From_20100310_to_20100324,9/147/189,0,302.52435302734375,87.56039428710938,1.0,-1.1709722874103525,23.0,79.0,,False
DFO_3625_From_20100310_to_20100324,9/147/189,0,373.6097412109375,88.22565460205078,1.0,-0.207942355283298,81.0,0.0,,False
DFO_3625_From_20100310_to_20100324,9/147/189,0,443.7604675292969,88.40055847167969,1.0,0.7424252368659023,43.0,0.0,,False
DFO_3625_From_20100310_to_20100324,9/147/189,0,301.6740417480469,88.73152160644531,2.0,-1.1824918870708794,43.0,0.0,,False
DFO_3625_From_20100310_to_20100324,9/147/189,0,457.4298400878906,86.14656066894531,1.0,0.9276111838473408,43.0,0.0,,False
DFO_3625_From_20100310_to_20100324,9/147/189,0,553.3075561523438,88.9011001586914,1.0,2.2265153996557516,43.0,0.0,,False
DFO_3625_From_20100310_to_20100324,9/147/189,0,355.56964111328125,88.59626007080078,4.0,-0.4523407726871834,81.0,0.0,,False
DFO_3625_From_20100310_to_20100324,9/147/189,0,325.99200439453125,89.27384948730469,6.0,-0.8530440706444214,41.0,0.0,,False
DFO_3625_From_20100310_to_20100324,9/147/189,0,425.2267761230469,89.02873992919922,1.0,0.4913398867947033,41.0,0.0,,False
DFO_3625_From_20100310_to_20100324,9/147/189,0,433.243896484375,85.01348876953125,1.0,0.5999518965861357,41.0,0.0,,False
DFO_3625_From_20100310_to_20100324,9/147/189,0,432.64068603515625,87.45526123046875,2.0,0.5917798976308913,41.0,0.0,,False
DFO_3625_From_20100310_to_20100324,9/147/189,0,381.55535888671875,89.27430725097656,1.0,-0.10029902876375363,41.0,0.0,,False
DFO_3625_From_20100310_to_20100324,9/147/189,0,436.4437255859375,87.56378173828125,1.0,0.6433016099553188,81.0,0.0,,False
DFO_3625_From_20100310_to_20100324,9/147/189,0,458.8445739746094,88.12857055664062,1.0,0.9467773038294928,41.0,0.0,,False
DFO_3625_From_20100310_to_20100324,9/147/189,0,526.6432495117188,88.12322235107422,1.0,1.8652804669855438,43.0,0.0,,False
DFO_3625_From_20100310_to_20100324,9/147/189,0,439.49273681640625,86.64330291748047,4.0,0.6846081168671097,43.0,0.0,,False
DFO_3625_From_20100310_to_20100324,9/147/189,0,268.423095703125,88.98118591308594,5.0,-1.6329593759744843,22.0,40.0,,False
DFO_3625_From_20100310_to_20100324,9/147/189,0,369.7208557128906,85.72276306152344,1.0,-0.26062706634601857,41.0,0.0,,False
DFO_3625_From_20100310_to_20100324,9/147/189,0,388.6136169433594,89.07186126708984,2.0,-0.004677214620088974,81.0,0.0,,False
DFO_3625_From_20100310_to_20100324,9/147/189,0,522.5075073242188,89.38065338134766,1.0,1.8092514627148413,41.0,0.0,,False
DFO_3625_From_20100310_to_20100324,9/147/189,0,417.8952331542969,89.23065185546875,1.0,0.39201574286027613,43.0,0.0,,False
DFO_3625_From_20100310_to_20100324,9/147/190,1,371.7491455078125,89.06155395507812,1.0,-0.28058388467158507,41.0,0.0,,False
DFO_3625_From_20100310_to_20100324,9/147/190,0,232.44387817382812,88.81996154785156,13.0,-1.9012054752257477,81.0,0.0,,False
DFO_3625_From_20100310_to_20100324,9/147/190,0,412.6940002441406,87.00901794433594,1.0,0.19575212815633217,81.0,0.0,,False
DFO_3625_From_20100310_to_20100324,9/147/190,0,477.8050537109375,88.98213195800781,2.0,0.9532280014772767,43.0,0.0,,False
DFO_3625_From_20100310_to_20100324,9/147/190,0,380.5010070800781,88.52642059326172,4.0,-0.17876823840782868,43.0,0.0,,False
DFO_3625_From_20100310_to_20100324,9/147/190,0,390.8755187988281,85.47222137451172,2.0,-0.05807533135102746,41.0,0.0,,False
DFO_3625_From_20100310_to_20100324,9/147/190,0,445.7148132324219,88.8325424194336,2.0,0.5799030184321429,81.0,0.0,,False
DFO_3625_From_20100310_to_20100324,9/147/190,0,315.52081298828125,87.49819946289062,4.0,-0.9347217462611203,43.0,0.0,,False
DFO_3625_From_20100310_to_20100324,9/147/190,0,411.77154541015625,87.53672790527344,23.0,0.1850206587088633,41.0,0.0,,False
DFO_3625_From_20100310_to_20100324,9/147/190,0,355.35076904296875,89.1219482421875,1.0,-0.47135601739536864,41.0,0.0,,False
DFO_3625_From_20100310_to_20100324,9/147/190,0,512.0325317382812,87.49992370605469,1.0,1.351416748700615,41.0,0.0,,False
DFO_3625_From_20100310_to_20100324,9/147/190,0,399.1457824707031,88.14527130126953,6.0,0.03813759815782417,42.0,0.0,,False
DFO_3625_From_20100310_to_20100324,9/147/190,0,441.3895263671875,87.9736328125,1.0,0.5295843663575338,81.0,0.0,,False
DFO_3625_From_20100310_to_20100324,9/147/190,0,415.9107971191406,88.34416961669922,1.0,0.23317505241341346,21.0,5.0,,False
DFO_3625_From_20100310_to_20100324,9/147/190,0,345.9151306152344,85.80203247070312,1.0,-0.581126449262724,22.0,28.0,,False
DFO_3625_From_20100310_to_20100324,9/147/190,0,508.38421630859375,88.78970336914062,1.0,1.308973710704585,41.0,0.0,,False
DFO_3625_From_20100310_to_20100324,9/147/190,0,484.2425231933594,89.5561752319336,1.0,1.0281189387074823,43.0,0.0,,False
DFO_3625_From_20100310_to_20100324,9/147/190,0,301.55987548828125,89.02882385253906,2.0,-1.097137691974306,81.0,0.0,,False
DFO_3625_From_20100310_to_20100324,9/147/190,0,254.72251892089844,83.54624938964844,1.0,-1.64202470701876,81.0,0.0,,False
DFO_3625_From_20100310_to_20100324,9/147/190,0,392.23834228515625,88.25281524658203,1.0,-0.04222078967915739,81.0,0.0,,False
DFO_3625_From_20100310_to_20100324,9/147/190,0,336.7351379394531,87.7801284790039,9.0,-0.6879228010175493,41.0,0.0,,False
DFO_3625_From_20100310_to_20100324,9/147/190,0,299.2122802734375,88.82669830322266,4.0,-1.1244486728429333,41.0,0.0,,False
DFO_3625_From_20100310_to_20100324,9/147/190,0,278.3708801269531,88.85205078125,1.0,-1.3669091605271013,41.0,0.0,,False
DFO_3625_From_20100310_to_20100324,9/147/190,0,616.1362915039062,88.3528060913086,1.0,2.5625181231342657,41.0,0.0,,False
DFO_3625_From_20100310_to_20100324,9/147/190,0,512.6800537109375,86.38037872314453,1.0,1.35894975954312,41.0,0.0,,False
DFO_3625_From_20100310_to_20100324,9/147/190,0,381.4818115234375,89.05574798583984,1.0,-0.16735795301489517,81.0,0.0,,False
DFO_3625_From_20100310_to_20100324,9/147/191,1,235.7670135498047,88.86643981933594,1.0,-1.093347877718448,11.0,0.0,,False
DFO_3625_From_20100310_to_20100324,9/147/191,0,260.85009765625,88.85064697265625,3.0,-0.9215075704674414,71.0,0.0,,False
DFO_3625_From_20100310_to_20100324,9/147/191,0,545.4887084960938,89.52803039550781,5.0,1.0285072735863652,41.0,0.0,,False
DFO_3625_From_20100310_to_20100324,9/147/191,0,660.3779296875,86.77592468261719,1.0,1.8155954556288234,42.0,0.0,,False
DFO_3625_From_20100310_to_20100324,9/147/191,0,409.89105224609375,87.27268981933594,1.0,0.09954882439275275,41.0,0.0,,False
DFO_3625_From_20100310_to_20100324,9/147/191,0,607.4208374023438,86.30638885498047,1.0,1.45279465446806,41.0,0.0,,False
DFO_3625_From_20100310_to_20100324,9/147/191,0,303.63739013671875,89.36485290527344,1.0,-0.6283784857392548,43.0,0.0,,False
DFO_3625_From_20100310_to_20100324,9/147/191,0,329.1438903808594,88.37902069091797,1.0,-0.45363742039614807,41.0,0.0,,False
DFO_3625_From_20100310_to_20100324,9/147/191,0,250.7432403564453,87.9964599609375,1.0,-0.9907480775904964,81.0,0.0,,False
DFO_3625_From_20100310_to_20100324,9/147/191,0,344.4043273925781,88.1165771484375,1.0,-0.3490905403653728,41.0,0.0,,False
DFO_3625_From_20100310_to_20100324,9/147/191,0,517.8924560546875,88.94064331054688,19.0,0.8394496410247833,41.0,0.0,,False
DFO_3625_From_20100310_to_20100324,9/147/191,0,566.3458251953125,85.74775695800781,6.0,1.171396135528302,71.0,0.0,,False
DFO_3625_From_20100310_to_20100324,9/147/191,0,417.8080139160156,89.55804443359375,5.0,0.15378669721893515,41.0,0.0,,False
DFO_3625_From_20100310_to_20100324,9/147/191,0,373.32281494140625,88.2378158569336,1.0,-0.15097448077172354,43.0,0.0,,False
DFO_3625_From_20100310_to_20100324,9/147/191,0,340.0986022949219,86.9722671508789,1.0,-0.37858839320435034,81.0,0.0,,False
DFO_3625_From_20100310_to_20100324,9/147/191,0,596.774658203125,87.3963394165039,1.0,1.3798593369098444,41.0,0.0,,False
DFO_3625_From_20100310_to_20100324,9/147/191,0,261.7377014160156,88.71975708007812,1.0,-0.9154267351862615,42.0,0.0,,False
DFO_3625_From_20100310_to_20100324,9/147/191,0,354.6869812011719,86.98421478271484,1.0,-0.27864567870777285,43.0,0.0,,False
DFO_3625_From_20100310_to_20100324,9/147/191,0,301.2840576171875,87.76714324951172,1.0,-0.6445008007426208,41.0,0.0,,False
DFO_3625_From_20100310_to_20100324,9/147/191,0,425.68304443359375,89.68819427490234,2.0,0.2077373062432836,41.0,0.0,,False
DFO_3625_From_20100310_to_20100324,9/147/191,0,376.1590881347656,85.93272399902344,3.0,-0.13154361433893783,43.0,0.0,,False
DFO_3625_From_20100310_to_20100324,9/147/191,0,358.8128967285156,88.91983795166016,1.0,-0.2503796732635593,21.0,1.0,,False
DFO_3625_From_20100310_to_20100324,9/147/191,0,326.2814636230469,89.28889465332031,7.0,-0.47324746083051433,23.0,59.0,,False
DFO_3625_From_20100310_to_20100324,9/147/191,0,162.76087951660156,87.98857879638672,28.0,-1.593501545036023,82.0,0.0,,False
DFO_3625_From_20100310_to_20100324,9/147/191,0,530.4886474609375,89.44526672363281,4.0,0.9257441888665415,41.0,0.0,,False
DFO_3625_From_20100310_to_20100324,9/147/191,0,297.20849609375,87.26232147216797,54.0,-0.6724218387392171,43.0,0.0,,False
DFO_3625_From_20100310_to_20100324,9/147/192,1,407.1457214355469,89.0077133178711,1.0,0.9230477061861571,41.0,0.0,,False
DFO_3625_From_20100310_to_20100324,9/147/192,1,396.0647277832031,82.34011840820312,3.0,0.8188048874999811,41.0,0.0,,False
DFO_3625_From_20100310_to_20100324,9/147/192,1,392.920654296875,85.16667175292969,13.0,0.7892274784106804,31.0,0.0,,False
DFO_3625_From_20100310_to_20100324,9/147/192,0,169.52545166015625,89.41883850097656,7.0,-1.3123300474250537,41.0,0.0,,False
DFO_3625_From_20100310_to_20100324,9/147/192,0,290.9150390625,88.23931121826172,23.0,-0.17037535031214895,41.0,0.0,,False
DFO_3625_From_20100310_to_20100324,9/147/192,0,510.2157897949219,88.7077407836914,2.0,1.8926642211893534,22.0,20.0,,False
DFO_3625_From_20100310_to_20100324,9/147/192,0,223.6099395751953,89.43231964111328,2.0,-0.8035381787220507,82.0,0.0,,False
DFO_3625_From_20100310_to_20100324,9/147/192,0,339.56597900390625,88.98443603515625,4.0,0.2873012146546911,41.0,0.0,,False
DFO_3625_From_20100310_to_20100324,9/147/192,0,217.47901916503906,88.79676055908203,7.0,-0.861213911128965,41.0,0.0,,False
DFO_3625_From_20100310_to_20100324,9/147/192,0,215.6138916015625,89.24821472167969,2.0,-0.8787598244762713,41.0,0.0,,False
DFO_3625_From_20100310_to_20100324,9/147/192,0,225.68310546875,89.4312515258789,2.0,-0.7840351753697768,82.0,0.0,,False
DFO_3625_From_20100310_to_20100324,9/147/192,0,386.49755859375,89.16184997558594,1.0,0.7288031498899981,41.0,0.0,,False
DFO_3625_From_20100310_to_20100324,9/147/192,0,521.4791870117188,80.7804183959961,1.0,1.9986229745916348,11.0,0.0,,False
DFO_3625_From_20100310_to_20100324,9/147/192,0,340.4887390136719,88.93701171875,5.0,0.2959819437848361,81.0,0.0,,False
DFO_3625_From_20100310_to_20100324,9/147/192,0,466.3403015136719,87.73312377929688,1.0,1.479912015641217,41.0,0.0,,False
DFO_3625_From_20100310_to_20100324,9/147/192,0,380.0858154296875,89.1209487915039,1.0,0.6684856187115259,41.0,0.0,,False
DFO_3625_From_20100310_to_20100324,9/147/192,0,277.08087158203125,88.85711669921875,8.0,-0.300518247022109,41.0,0.0,,False
DFO_3625_From_20100310_to_20100324,9/147/192,0,454.3812561035156,89.3239974975586,2.0,1.3674090541322568,41.0,0.0,,False
DFO_3625_From_20100310_to_20100324,9/147/192,0,207.8243408203125,87.8849868774414,1.0,-0.9520388782518194,82.0,0.0,,False
DFO_3625_From_20100310_to_20100324,9/147/192,0,264.8731689453125,89.22382354736328,9.0,-0.4153604148330312,43.0,0.0,,False
DFO_3625_From_20100310_to_20100324,9/147/192,0,287.26519775390625,88.19960021972656,3.0,-0.20471069583277202,41.0,0.0,,False
DFO_3625_From_20100310_to_20100324,9/147/192,0,486.9437255859375,88.39801025390625,1.0,1.6737356985403862,41.0,0.0,,False
DFO_3625_From_20100310_to_20100324,9/147/192,0,269.3922424316406,89.09891510009766,7.0,-0.3728478953925775,31.0,0.0,,False
DFO_3625_From_20100310_to_20100324,9/147/192,0,151.4200897216797,84.69373321533203,1.0,-1.4826535780590602,21.0,1.0,,False
DFO_3625_From_20100310_to_20100324,9/147/192,0,142.70143127441406,88.30266571044922,1.0,-1.5646730756077096,82.0,0.0,,False
DFO_3625_From_20100310_to_20100324,9/147/192,0,197.02972412109375,89.09256744384766,3.0,-1.0535876478538506,81.0,0.0,,False
DFO_3625_From_20100310_to_20100324,9/147/192,0,513.5861206054688,86.36341094970703,4.0,1.9243701127924915,31.0,0.0,,False
DFO_3625_From_20100310_to_20100324,9/147/192,0,288.9847106933594,88.59503936767578,1.0,-0.18853463065309087,41.0,0.0,,False
DFO_3285_From_20080317_to_20080502,9/148/184,1,74.97831726074219,78.59735107421875,19.0,-1.5860871379827877,0.0,127.0,,False
DFO_3285_From_20080317_to_20080502,9/148/184,1,77.27333068847656,82.1739273071289,4.0,-1.4329810158272485,0.0,127.0,,False
DFO_3285_From_20080317_to_20080502,9/148/184,1,86.3262939453125,85.23306274414062,2.0,-0.8290350512761622,41.0,0.0,,False
DFO_3285_From_20080317_to_20080502,9/148/184,1,84.63893127441406,42.0096549987793,48.0,-0.9416032620279008,90.0,0.0,,False
DFO_3285_From_20080317_to_20080502,9/148/184,1,87.30191040039062,68.97370910644531,29.0,-0.763949221998202,41.0,0.0,,False
DFO_3285_From_20080317_to_20080502,9/148/184,1,94.2374267578125,75.80199432373047,9.0,-0.3012634695756348,41.0,0.0,,False
DFO_3285_From_20080317_to_20080502,9/148/184,1,94.5050277709961,33.360260009765625,1.0,-0.2834111324527622,90.0,0.0,,False
DFO_3285_From_20080317_to_20080502,9/148/184,0,99.07149505615234,77.8100814819336,4.0,0.021229393624946954,81.0,0.0,,False
DFO_3285_From_20080317_to_20080502,9/148/184,0,106.78385162353516,67.99673461914062,1.0,0.5357401117075321,42.0,0.0,,False
DFO_3285_From_20080317_to_20080502,9/148/184,0,98.84446716308594,75.74592590332031,1.0,0.006083791464852336,90.0,0.0,,False
DFO_3285_From_20080317_to_20080502,9/148/184,0,102.72442626953125,62.542972564697266,1.0,0.2649256290467577,90.0,0.0,,False
DFO_3285_From_20080317_to_20080502,9/148/184,0,85.3587646484375,82.79837799072266,4.0,-0.8935813658755694,0.0,127.0,,False
DFO_3285_From_20080317_to_20080502,9/148/184,0,103.4576416015625,78.04270935058594,1.0,0.3138402692992608,81.0,0.0,,False
DFO_3285_From_20080317_to_20080502,9/148/184,0,110.34947204589844,68.9599609375,1.0,0.7736116245054183,0.0,127.0,,False
DFO_3285_From_20080317_to_20080502,9/148/184,0,124.36511993408203,75.2225112915039,1.0,1.7086307715505258,0.0,127.0,,False
DFO_3285_From_20080317_to_20080502,9/148/184,0,92.7026596069336,87.06385803222656,2.0,-0.40365164911441337,0.0,127.0,,False
DFO_3285_From_20080317_to_20080502,9/148/184,0,91.9224853515625,32.73072052001953,2.0,-0.4556990373353065,90.0,0.0,,False
DFO_3285_From_20080317_to_20080502,9/148/184,0,87.82760620117188,79.27713775634766,7.0,-0.7288787319878126,41.0,0.0,,False
DFO_3285_From_20080317_to_20080502,9/148/184,0,79.78015899658203,85.94673156738281,4.0,-1.2657441898786284,0.0,127.0,,False
DFO_3285_From_20080317_to_20080502,9/148/184,0,103.87559509277344,84.8993911743164,1.0,0.3417229986582117,0.0,127.0,,False
DFO_3285_From_20080317_to_20080502,9/148/184,0,119.06742858886719,80.68804931640625,2.0,1.3552084479855044,0.0,127.0,,False
DFO_3285_From_20080317_to_20080502,9/148/184,0,85.18954467773438,69.50838470458984,1.0,-0.9048704560362341,0.0,127.0,,False
DFO_3285_From_20080317_to_20080502,9/148/184,0,116.51815795898438,72.64791107177734,1.0,1.185140187926705,0.0,127.0,,False
DFO_3285_From_20080317_to_20080502,9/148/184,0,103.40988159179688,74.02572631835938,1.0,0.31065407883912727,90.0,0.0,,False
DFO_3285_From_20080317_to_20080502,9/148/184,0,110.98533630371094,81.94271087646484,2.0,0.8160317295708123,0.0,127.0,,False
DFO_3285_From_20080317_to_20080502,9/148/184,0,94.9427490234375,87.2630386352539,2.0,-0.2542096459880276,0.0,127.0,,False
DFO_3285_From_20080317_to_20080502,9/148/184,0,113.97980499267578,80.63057708740234,1.0,1.015800272683952,0.0,127.0,,False
DFO_3285_From_20080317_to_20080502,9/148/184,0,116.70974731445312,49.73822021484375,1.0,1.1979215960472915,0.0,127.0,,False
DFO_3285_From_20080317_to_20080502,9/148/184,0,114.38533020019531,84.23995208740234,1.0,1.0428538799567115,0.0,127.0,,False
DFO_3285_From_20080317_to_20080502,9/148/184,0,113.11837005615234,80.83415985107422,3.0,0.9583317798958253,0.0,127.0,,False
DFO_3285_From_20080317_to_20080502,9/148/184,0,87.18400573730469,79.10484313964844,1.0,-0.7718149388306147,0.0,127.0,,False
DFO_3285_From_20080317_to_20080502,9/148/184,0,102.75547790527344,73.42945861816406,1.0,0.2669971618219563,0.0,127.0,,False
DFO_3625_From_20100310_to_20100324,9/148/184,1,85.74748992919922,80.8864974975586,1.0,-0.8676485240010867,43.0,0.0,,False
DFO_3625_From_20100310_to_20100324,9/148/184,1,86.3262939453125,85.23306274414062,2.0,-0.8290350512761622,41.0,0.0,,False
DFO_3625_From_20100310_to_20100324,9/148/184,1,93.58087158203125,81.65409851074219,15.0,-0.3450639178563453,42.0,0.0,,False
DFO_3625_From_20100310_to_20100324,9/148/184,1,94.2374267578125,75.80199432373047,9.0,-0.3012634695756348,41.0,0.0,,False
DFO_3625_From_20100310_to_20100324,9/148/184,0,95.63046264648438,57.7625846862793,11.0,-0.2083305392665527,82.0,0.0,,False
DFO_3625_From_20100310_to_20100324,9/148/184,0,106.78385162353516,67.99673461914062,1.0,0.5357401117075321,42.0,0.0,,False
DFO_3625_From_20100310_to_20100324,9/148/184,0,94.81987762451172,83.27039337158203,7.0,-0.2624067062692496,82.0,0.0,,False
DFO_3625_From_20100310_to_20100324,9/148/184,0,100.15360260009766,72.8553695678711,2.0,0.09341951147200345,82.0,0.0,,False
DFO_3625_From_20100310_to_20100324,9/148/184,0,85.3587646484375,82.79837799072266,4.0,-0.8935813658755694,0.0,127.0,,False
DFO_3625_From_20100310_to_20100324,9/148/184,0,98.421630859375,79.69570922851562,1.0,-0.022124682605677754,81.0,0.0,,False
DFO_3625_From_20100310_to_20100324,9/148/184,0,105.79893493652344,56.37627410888672,1.0,0.47003384054923614,0.0,127.0,,False
DFO_3625_From_20100310_to_20100324,9/148/184,0,113.40584564208984,76.48005676269531,3.0,0.9775099997900474,0.0,127.0,,False
DFO_3625_From_20100310_to_20100324,9/148/184,0,92.7026596069336,87.06385803222656,2.0,-0.40365164911441337,0.0,127.0,,False
DFO_3625_From_20100310_to_20100324,9/148/184,0,91.9378433227539,26.527414321899414,2.0,-0.4546744684221677,82.0,0.0,,False
DFO_3625_From_20100310_to_20100324,9/148/184,0,90.99996948242188,85.59294891357422,15.0,-0.5172423928748434,0.0,127.0,,False
DFO_3625_From_20100310_to_20100324,9/148/184,0,110.0443344116211,79.27720642089844,1.0,0.7532551249122812,0.0,127.0,,False
DFO_3625_From_20100310_to_20100324,9/148/184,0,113.97980499267578,80.63057708740234,1.0,1.015800272683952,0.0,127.0,,False
DFO_3625_From_20100310_to_20100324,9/148/184,0,119.06742858886719,80.68804931640625,2.0,1.3552084479855044,0.0,127.0,,False
DFO_3625_From_20100310_to_20100324,9/148/184,0,87.18400573730469,79.10484313964844,1.0,-0.7718149388306147,0.0,127.0,,False
DFO_3625_From_20100310_to_20100324,9/148/184,0,116.51815795898438,72.64791107177734,1.0,1.185140187926705,0.0,127.0,,False
DFO_3625_From_20100310_to_20100324,9/148/184,0,107.74444580078125,75.67613220214844,1.0,0.5998237670212746,81.0,0.0,,False
DFO_3625_From_20100310_to_20100324,9/148/184,0,104.98506164550781,69.04153442382812,8.0,0.4157383048423351,0.0,127.0,,False
DFO_3625_From_20100310_to_20100324,9/148/184,0,109.13540649414062,68.54400634765625,1.0,0.6926182558279356,0.0,127.0,,False
DFO_3625_From_20100310_to_20100324,9/148/184,0,121.09813690185547,84.22346496582031,1.0,1.490682110698487,0.0,127.0,,False
DFO_3625_From_20100310_to_20100324,9/148/184,0,110.88665008544922,81.47392272949219,1.0,0.8094481235641307,0.0,127.0,,False
DFO_3625_From_20100310_to_20100324,9/148/184,0,108.97186279296875,85.75303649902344,2.0,0.6817078438944816,0.0,127.0,,False
DFO_3625_From_20100310_to_20100324,9/148/184,0,109.32931518554688,61.233863830566406,2.0,0.7055543926865222,0.0,127.0,,False
DFO_3625_From_20100310_to_20100324,9/148/184,0,84.74658203125,85.25946044921875,3.0,-0.9344216090898044,11.0,0.0,,False
DFO_3625_From_20100310_to_20100324,9/148/184,0,105.41291046142578,78.54127502441406,4.0,0.4442811762183457,0.0,127.0,,False
DFO_3285_From_20080317_to_20080502,9/148/186,1,261.2721862792969,85.45840454101562,20.0,-0.7843702698576275,90.0,0.0,,False
DFO_3285_From_20080317_to_20080502,9/148/186,1,223.1602020263672,81.23214721679688,100.0,-1.0952912048286283,90.0,0.0,,False
DFO_3285_From_20080317_to_20080502,9/148/186,1,223.99295043945312,68.61503601074219,2.0,-1.0884975696960677,95.0,0.0,,False
DFO_3285_From_20080317_to_20080502,9/148/186,1,225.19869995117188,74.5084457397461,8.0,-1.0786609586438474,82.0,0.0,,False
DFO_3285_From_20080317_to_20080502,9/148/186,1,222.8728790283203,76.10875701904297,43.0,-1.0976352112335044,90.0,0.0,,False
DFO_3285_From_20080317_to_20080502,9/148/186,1,223.19264221191406,57.99968338012695,17.0,-1.0950265549286406,81.0,0.0,,False
DFO_3285_From_20080317_to_20080502,9/148/186,1,230.89710998535156,87.36387634277344,2.0,-1.0321728260943308,90.0,0.0,,False
DFO_3285_From_20080317_to_20080502,9/148/186,1,224.886474609375,82.54859924316406,1.0,-1.081208120569316,81.0,0.0,,False
DFO_3285_From_20080317_to_20080502,9/148/186,1,222.9781951904297,80.9206314086914,144.0,-1.096776032677665,81.0,0.0,,False
DFO_3285_From_20080317_to_20080502,9/148/186,1,223.7312774658203,66.56190490722656,116.0,-1.0906323209354316,82.0,0.0,,False
DFO_3285_From_20080317_to_20080502,9/148/186,1,225.80238342285156,74.59147644042969,73.0,-1.0737360555426196,41.0,0.0,,False
DFO_3285_From_20080317_to_20080502,9/148/186,1,224.09568786621094,68.26689910888672,25.0,-1.0876594286910741,82.0,0.0,,False
DFO_3285_From_20080317_to_20080502,9/148/186,1,224.77020263671875,76.9929428100586,5.0,-1.0821566775956122,95.0,0.0,,False
DFO_3285_From_20080317_to_20080502,9/148/186,1,234.3119354248047,82.75076293945312,1.0,-1.0043143784377802,82.0,0.0,,False
DFO_3285_From_20080317_to_20080502,9/148/186,1,224.7572479248047,78.77796936035156,58.0,-1.0822623632800379,95.0,0.0,,False
DFO_3285_From_20080317_to_20080502,9/148/186,1,227.52859497070312,83.64198303222656,2.0,-1.059653469213505,81.0,0.0,,False
DFO_3285_From_20080317_to_20080502,9/148/186,1,226.68096923828125,84.63554382324219,14.0,-1.0665684748317137,71.0,0.0,,False
DFO_3285_From_20080317_to_20080502,9/148/186,1,225.61985778808594,82.15870666503906,77.0,-1.0752251157983355,81.0,0.0,,False
DFO_3285_From_20080317_to_20080502,9/148/186,1,229.46112060546875,87.29151916503906,6.0,-1.0438877543341867,82.0,0.0,,False
DFO_3285_From_20080317_to_20080502,9/148/186,1,227.33038330078125,86.46669006347656,3.0,-1.061270497529986,90.0,0.0,,False
DFO_3285_From_20080317_to_20080502,9/148/186,1,226.59823608398438,56.18562316894531,51.0,-1.0672434192144666,82.0,0.0,,False
DFO_3285_From_20080317_to_20080502,9/148/186,1,229.78550720214844,87.14759063720703,12.0,-1.04124137981686,11.0,0.0,,False
DFO_3285_From_20080317_to_20080502,9/148/186,1,228.70352172851562,78.86589813232422,37.0,-1.0500683129110375,41.0,0.0,,False
DFO_3285_From_20080317_to_20080502,9/148/186,1,229.68002319335938,67.66862487792969,32.0,-1.0421019276807426,82.0,0.0,,False
DFO_3285_From_20080317_to_20080502,9/148/186,1,229.68002319335938,67.66862487792969,32.0,-1.0421019276807426,90.0,0.0,,False
DFO_3285_From_20080317_to_20080502,9/148/186,1,260.78594970703125,89.04068756103516,4.0,-0.7883370307762564,41.0,0.0,,False
DFO_3285_From_20080317_to_20080502,9/148/186,0,547.4708862304688,86.76074981689453,3.0,1.5504640118148878,21.0,5.0,,False
DFO_3285_From_20080317_to_20080502,9/148/186,0,412.6629943847656,88.50765228271484,1.0,0.4506893190051429,41.0,0.0,,False
DFO_3285_From_20080317_to_20080502,9/148/186,0,230.1671905517578,79.8608627319336,1.0,-1.0381275733266013,90.0,0.0,,False
DFO_3285_From_20080317_to_20080502,9/148/186,0,418.9452819824219,84.87232971191406,1.0,0.5019407763067882,90.0,0.0,,False
DFO_3285_From_20080317_to_20080502,9/148/186,0,128.84039306640625,85.81146240234375,50.0,-1.8647605400774991,22.0,31.0,,False
DFO_3285_From_20080317_to_20080502,9/148/186,0,379.8040466308594,58.113624572753906,1.0,0.1826231199322765,42.0,0.0,,False
DFO_3285_From_20080317_to_20080502,9/148/186,0,365.3260498046875,87.9821548461914,5.0,0.06451034260149482,41.0,0.0,,False
DFO_3285_From_20080317_to_20080502,9/148/186,0,407.6707763671875,89.06986236572266,1.0,0.4099623633236069,81.0,0.0,,False
DFO_3285_From_20080317_to_20080502,9/148/186,0,521.8325805664062,84.74653625488281,1.0,1.3413044489005048,43.0,0.0,,False
DFO_3285_From_20080317_to_20080502,9/148/186,0,233.43333435058594,83.80555725097656,1.0,-1.0114820836312357,41.0,0.0,,False
DFO_3285_From_20080317_to_20080502,9/148/186,0,204.84963989257812,50.93235778808594,1.0,-1.2446703885704107,22.0,35.0,,False
DFO_3285_From_20080317_to_20080502,9/148/186,0,260.9248352050781,84.476806640625,19.0,-0.787203990611775,41.0,0.0,,False
DFO_3285_From_20080317_to_20080502,9/148/186,0,369.44561767578125,86.93460083007812,1.0,0.09811814128383459,81.0,0.0,,False
DFO_3285_From_20080317_to_20080502,9/148/186,0,579.3699951171875,83.61988830566406,3.0,1.810699760601385,41.0,0.0,,False
DFO_3285_From_20080317_to_20080502,9/148/186,0,215.093994140625,79.09485626220703,1.0,-1.1610960414611537,41.0,0.0,,False
DFO_3285_From_20080317_to_20080502,9/148/186,0,395.0608825683594,87.4646987915039,2.0,0.30708973554864966,41.0,0.0,,False
DFO_3285_From_20080317_to_20080502,9/148/186,0,318.8787841796875,88.98291778564453,1.0,-0.3144105542778459,21.0,6.0,,False
DFO_3285_From_20080317_to_20080502,9/148/186,0,579.8867797851562,79.61984252929688,1.0,1.8149157355838783,41.0,0.0,,False
DFO_3285_From_20080317_to_20080502,9/148/186,0,315.94891357421875,88.00537109375,14.0,-0.3383126975499158,42.0,0.0,,False
DFO_3285_From_20080317_to_20080502,9/148/186,0,400.48089599609375,86.39085388183594,2.0,0.35130668398467896,21.0,1.0,,False
DFO_3285_From_20080317_to_20080502,9/148/186,0,374.1383056640625,83.95734405517578,5.0,0.13640150452098834,41.0,0.0,,False
DFO_3285_From_20080317_to_20080502,9/148/186,0,352.21209716796875,87.09716796875,6.0,-0.04247444170977031,41.0,0.0,,False
DFO_3285_From_20080317_to_20080502,9/148/186,0,586.6854248046875,84.74622344970703,2.0,1.8703796823566339,41.0,0.0,,False
DFO_3285_From_20080317_to_20080502,9/148/186,0,225.76443481445312,85.63211822509766,9.0,-1.0740456436429344,90.0,0.0,,False
DFO_3285_From_20080317_to_20080502,9/148/186,0,470.38079833984375,70.41822814941406,1.0,0.9215562634048255,41.0,0.0,,False
DFO_3625_From_20100310_to_20100324,9/148/186,1,224.886474609375,82.54859924316406,1.0,-1.081208120569316,81.0,0.0,,False
DFO_3625_From_20100310_to_20100324,9/148/186,1,222.9781951904297,80.9206314086914,144.0,-1.096776032677665,81.0,0.0,,False
DFO_3625_From_20100310_to_20100324,9/148/186,1,225.80238342285156,74.59147644042969,73.0,-1.0737360555426196,41.0,0.0,,False
DFO_3625_From_20100310_to_20100324,9/148/186,1,224.09568786621094,68.26689910888672,25.0,-1.0876594286910741,82.0,0.0,,False
DFO_3625_From_20100310_to_20100324,9/148/186,1,224.7572479248047,78.77796936035156,58.0,-1.0822623632800379,95.0,0.0,,False
DFO_3625_From_20100310_to_20100324,9/148/186,1,229.46112060546875,87.29151916503906,6.0,-1.0438877543341867,82.0,0.0,,False
DFO_3625_From_20100310_to_20100324,9/148/186,1,229.78550720214844,87.14759063720703,12.0,-1.04124137981686,11.0,0.0,,False
DFO_3625_From_20100310_to_20100324,9/148/186,0,527.5787963867188,85.61872863769531,1.0,1.3881825852772374,41.0,0.0,,False
DFO_3625_From_20100310_to_20100324,9/148/186,0,412.6629943847656,88.50765228271484,1.0,0.4506893190051429,41.0,0.0,,False
DFO_3625_From_20100310_to_20100324,9/148/186,0,230.32872009277344,79.93389129638672,3.0,-1.036809801058836,42.0,0.0,,False
DFO_3625_From_20100310_to_20100324,9/148/186,0,382.20306396484375,77.75276184082031,1.0,0.20219451531132246,41.0,0.0,,False
DFO_3625_From_20100310_to_20100324,9/148/186,0,155.2539520263672,83.93573760986328,1.0,-1.6492763922766296,21.0,19.0,,False
DFO_3625_From_20100310_to_20100324,9/148/186,0,330.6331787109375,88.92093658447266,1.0,-0.21851716511657884,42.0,0.0,,False
DFO_3625_From_20100310_to_20100324,9/148/186,0,344.5108947753906,87.90038299560547,13.0,-0.10530153127851234,41.0,0.0,,False
DFO_3625_From_20100310_to_20100324,9/148/186,0,585.2191772460938,88.44747161865234,1.0,1.858417905221352,42.0,0.0,,False
DFO_3625_From_20100310_to_20100324,9/148/186,0,465.5673522949219,86.40878295898438,1.0,0.8822877452718572,90.0,0.0,,False
DFO_3625_From_20100310_to_20100324,9/148/186,0,242.6121368408203,82.99492645263672,1.0,-0.936600601910471,41.0,0.0,,False
DFO_3625_From_20100310_to_20100324,9/148/186,0,197.08377075195312,72.52508544921875,26.0,-1.3080250351834366,41.0,0.0,,False
DFO_3625_From_20100310_to_20100324,9/148/186,0,268.9375305175781,86.65988159179688,18.0,-0.7218357142799348,82.0,0.0,,False
DFO_3625_From_20100310_to_20100324,9/148/186,0,366.46990966796875,88.71516418457031,1.0,0.07384205243341911,82.0,0.0,,False
DFO_3625_From_20100310_to_20100324,9/148/186,0,585.737548828125,81.40523529052734,1.0,1.862646826388981,90.0,0.0,,False
DFO_3625_From_20100310_to_20100324,9/148/186,0,208.8345947265625,84.10254669189453,2.0,-1.212160774938725,41.0,0.0,,False
DFO_3625_From_20100310_to_20100324,9/148/186,0,385.2987365722656,79.03931427001953,2.0,0.22744928596498468,41.0,0.0,,False
DFO_3625_From_20100310_to_20100324,9/148/186,0,318.8787841796875,88.98291778564453,1.0,-0.3144105542778459,21.0,6.0,,False
DFO_3625_From_20100310_to_20100324,9/148/186,0,531.05029296875,85.05909729003906,2.0,1.4165033611221953,90.0,0.0,,False
DFO_3625_From_20100310_to_20100324,9/148/186,0,315.94891357421875,88.00537109375,14.0,-0.3383126975499158,42.0,0.0,,False
DFO_3625_From_20100310_to_20100324,9/148/186,0,400.48089599609375,86.39085388183594,2.0,0.35130668398467896,21.0,1.0,,False
DFO_3625_From_20100310_to_20100324,9/148/186,0,353.7066345214844,87.44844818115234,13.0,-0.030281873927932943,42.0,0.0,,False
DFO_3625_From_20100310_to_20100324,9/148/186,0,391.9797058105469,86.1180648803711,1.0,0.28195322331690104,43.0,0.0,,False
DFO_3625_From_20100310_to_20100324,9/148/186,0,570.63427734375,84.38705444335938,2.0,1.7394330031495953,41.0,0.0,,False
DFO_3625_From_20100310_to_20100324,9/148/186,0,231.7620391845703,86.22428894042969,6.0,-1.025116657265122,43.0,0.0,,False
DFO_3625_From_20100310_to_20100324,9/148/186,0,466.05224609375,85.92967987060547,1.0,0.8862435517261403,41.0,0.0,,False
DFO_3285_From_20080317_to_20080502,9/148/187,1,297.9089050292969,84.63438415527344,1.0,0.3107284145146191,43.0,0.0,,False
DFO_3285_From_20080317_to_20080502,9/148/187,0,187.9413299560547,88.83453369140625,3.0,-0.5840196960828515,41.0,0.0,,False
DFO_3285_From_20080317_to_20080502,9/148/187,0,469.2283020019531,87.9826431274414,1.0,1.7046639145734985,41.0,0.0,,False
DFO_3285_From_20080317_to_20080502,9/148/187,0,287.0339050292969,87.39771270751953,48.0,0.22224428002073102,21.0,1.0,,False
DFO_3285_From_20080317_to_20080502,9/148/187,0,117.96870422363281,64.73421478271484,27.0,-1.1533500157332524,90.0,0.0,,False
DFO_3285_From_20080317_to_20080502,9/148/187,0,325.2864074707031,88.03130340576172,8.0,0.5334847003198733,52.0,0.0,,False
DFO_3285_From_20080317_to_20080502,9/148/187,0,114.5859375,85.83495330810547,4.0,-1.1808738029273098,81.0,0.0,,False
DFO_3285_From_20080317_to_20080502,9/148/187,0,203.4721221923828,88.21383666992188,2.0,-0.45765383778070073,22.0,23.0,,False
DFO_3285_From_20080317_to_20080502,9/148/187,0,121.68373107910156,71.6100845336914,1.0,-1.1231228032341534,90.0,0.0,,False
DFO_3285_From_20080317_to_20080502,9/148/187,0,148.342529296875,87.94549560546875,2.0,-0.906214234319497,42.0,0.0,,False
DFO_3285_From_20080317_to_20080502,9/148/187,0,522.7277221679688,86.7306137084961,1.0,2.1399604561196828,90.0,0.0,,False
DFO_3285_From_20080317_to_20080502,9/148/187,0,486.8614501953125,87.98453521728516,1.0,1.848135533542866,41.0,0.0,,False
DFO_3285_From_20080317_to_20080502,9/148/187,0,215.0534210205078,89.04407501220703,3.0,-0.36342292255111724,41.0,0.0,,False
DFO_3285_From_20080317_to_20080502,9/148/187,0,341.99420166015625,87.61734008789062,1.0,0.6694272022192546,42.0,0.0,,False
DFO_3285_From_20080317_to_20080502,9/148/187,0,170.54937744140625,85.5571517944336,1.0,-0.7255288331327336,42.0,0.0,,False
DFO_3285_From_20080317_to_20080502,9/148/187,0,419.9717102050781,89.0887680053711,3.0,1.3038890278364659,90.0,0.0,,False
DFO_3285_From_20080317_to_20080502,9/148/187,0,158.79823303222656,87.95097351074219,6.0,-0.8211416922002238,42.0,0.0,,False
DFO_3285_From_20080317_to_20080502,9/148/187,0,370.69000244140625,88.7432632446289,3.0,0.9029097857353873,90.0,0.0,,False
DFO_3285_From_20080317_to_20080502,9/148/187,0,149.58799743652344,87.69387817382812,2.0,-0.8960805175032666,41.0,0.0,,False
DFO_3285_From_20080317_to_20080502,9/148/187,0,191.93687438964844,87.29378509521484,2.0,-0.5515100601252961,82.0,0.0,,False
DFO_3285_From_20080317_to_20080502,9/148/187,0,171.62892150878906,88.16319274902344,68.0,-0.7167451529074114,42.0,0.0,,False
DFO_3285_From_20080317_to_20080502,9/148/187,0,157.85067749023438,85.95362091064453,1.0,-0.8288514514662528,81.0,0.0,,False
DFO_3285_From_20080317_to_20080502,9/148/187,0,176.85177612304688,86.16498565673828,2.0,-0.6742495418609734,41.0,0.0,,False
DFO_3285_From_20080317_to_20080502,9/148/187,0,142.48545837402344,79.64614868164062,1.0,-0.9538701286898729,90.0,0.0,,False
DFO_3285_From_20080317_to_20080502,9/148/187,0,349.4919738769531,88.50846862792969,1.0,0.7304326169535619,41.0,0.0,,False
DFO_3285_From_20080317_to_20080502,9/148/187,0,309.8592224121094,87.6279067993164,1.0,0.4079618389325896,90.0,0.0,,False
DFO_3625_From_20100310_to_20100324,9/148/189,1,293.7345275878906,88.46712493896484,2.0,-2.028273470793979,21.0,9.0,,False
DFO_3625_From_20100310_to_20100324,9/148/189,1,460.65966796875,88.81436920166016,1.0,0.4262791534898926,41.0,0.0,,False
DFO_3625_From_20100310_to_20100324,9/148/189,1,503.7940368652344,89.3904037475586,1.0,1.0605489712664522,41.0,0.0,,False
DFO_3625_From_20100310_to_20100324,9/148/189,1,395.2744445800781,87.8123550415039,2.0,-0.535178607107891,41.0,0.0,,False
DFO_3625_From_20100310_to_20100324,9/148/189,1,433.7944030761719,89.511474609375,2.0,0.03123856048093014,43.0,0.0,,False
DFO_3625_From_20100310_to_20100324,9/148/189,0,591.427490234375,68.04907989501953,1.0,2.3491560825230566,41.0,0.0,,False
DFO_3625_From_20100310_to_20100324,9/148/189,0,417.7210693359375,85.34288787841797,1.0,-0.20511195821904799,11.0,0.0,,False
DFO_3625_From_20100310_to_20100324,9/148/189,0,355.8055419921875,89.03981018066406,2.0,-1.115549533881843,43.0,0.0,,False
DFO_3625_From_20100310_to_20100324,9/148/189,0,315.65765380859375,88.29788208007812,2.0,-1.7059046120663108,42.0,0.0,,False
DFO_3625_From_20100310_to_20100324,9/148/189,0,542.3397827148438,87.48219299316406,1.0,1.6273453292881865,42.0,0.0,,False
DFO_3625_From_20100310_to_20100324,9/148/189,0,415.81573486328125,88.56900787353516,1.0,-0.23312897063147658,81.0,0.0,,False
DFO_3625_From_20100310_to_20100324,9/148/189,0,339.4029235839844,88.73236083984375,1.0,-1.3567420227251743,41.0,0.0,,False
DFO_3625_From_20100310_to_20100324,9/148/189,0,385.59136962890625,85.06053161621094,1.0,-0.6775634928016081,43.0,0.0,,False
DFO_3625_From_20100310_to_20100324,9/148/189,0,523.5828247070312,88.51103210449219,1.0,1.3515334270389927,41.0,0.0,,False
DFO_3625_From_20100310_to_20100324,9/148/189,0,395.0831298828125,88.87238311767578,17.0,-0.5379917962486399,81.0,0.0,,False
DFO_3625_From_20100310_to_20100324,9/148/189,0,495.5843811035156,88.05496215820312,1.0,0.9398299947934237,42.0,0.0,,False
DFO_3625_From_20100310_to_20100324,9/148/189,0,372.8080749511719,87.75267028808594,1.0,-0.8655355947069054,41.0,0.0,,False
DFO_3625_From_20100310_to_20100324,9/148/189,0,392.649169921875,88.87291717529297,1.0,-0.5737819881627517,43.0,0.0,,False
DFO_3625_From_20100310_to_20100324,9/148/189,0,524.0662841796875,89.25102996826172,1.0,1.358642462350485,43.0,0.0,,False
DFO_3625_From_20100310_to_20100324,9/148/189,0,462.3341064453125,86.13217163085938,5.0,0.4509009531030062,43.0,0.0,,False
DFO_3625_From_20100310_to_20100324,9/148/189,0,305.7479248046875,87.70952606201172,49.0,-1.8516223348549938,43.0,0.0,,False
DFO_3625_From_20100310_to_20100324,9/148/189,0,432.9754638671875,88.66596984863281,1.0,0.019196459572970993,81.0,0.0,,False
DFO_3625_From_20100310_to_20100324,9/148/189,0,583.9255981445312,88.4467544555664,1.0,2.2388444250087534,41.0,0.0,,False
DFO_3625_From_20100310_to_20100324,9/148/189,0,393.2117919921875,87.9914779663086,16.0,-0.5655089055341274,43.0,0.0,,False
DFO_3625_From_20100310_to_20100324,9/148/189,0,311.98175048828125,88.95146942138672,23.0,-1.7599569742263814,41.0,0.0,,False
DFO_3625_From_20100310_to_20100324,9/148/189,0,484.93121337890625,88.56946563720703,1.0,0.7831803688849793,41.0,0.0,,False
DFO_3625_From_20100310_to_20100324,9/148/189,0,442.85418701171875,88.76187896728516,2.0,0.16445825635000938,41.0,0.0,,False
DFO_3625_From_20100310_to_20100324,9/148/189,0,599.169189453125,88.89787292480469,1.0,2.462993986690416,43.0,0.0,,False
DFO_3625_From_20100310_to_20100324,9/148/189,0,440.85430908203125,88.91097259521484,1.0,0.13505102859892387,41.0,0.0,,False
DFO_3625_From_20100310_to_20100324,9/148/189,0,423.48736572265625,86.35270690917969,10.0,-0.12032138745106284,81.0,0.0,,False
DFO_3861_From_20110827_to_20110913,9/148/189,1,392.02685546875,85.73809814453125,6.0,-0.582932818113007,11.0,0.0,,False
DFO_3861_From_20110827_to_20110913,9/148/189,0,425.537109375,88.65354919433594,12.0,-0.09018090861432036,81.0,0.0,,False
DFO_3861_From_20110827_to_20110913,9/148/189,0,333.8940124511719,83.53450775146484,2.0,-1.4377478691012189,81.0,0.0,,False
DFO_3861_From_20110827_to_20110913,9/148/189,0,310.2293701171875,77.08828735351562,18.0,-1.785724871313649,81.0,0.0,,False
DFO_3861_From_20110827_to_20110913,9/148/189,0,443.5845642089844,88.72953033447266,1.0,0.17519809614990453,43.0,0.0,,False
DFO_3861_From_20110827_to_20110913,9/148/189,0,388.0307312011719,89.23040008544922,2.0,-0.641693872832318,81.0,0.0,,False
DFO_3861_From_20110827_to_20110913,9/148/189,0,381.0933532714844,89.20051574707031,1.0,-0.743704625461381,81.0,0.0,,False
DFO_3861_From_20110827_to_20110913,9/148/189,0,483.9000244140625,88.9869613647461,2.0,0.7680172390291962,41.0,0.0,,False
DFO_3861_From_20110827_to_20110913,9/148/189,0,501.5559997558594,86.36058044433594,1.0,1.0276397291503319,81.0,0.0,,False
DFO_3861_From_20110827_to_20110913,9/148/189,0,583.9255981445312,88.4467544555664,1.0,2.2388444250087534,41.0,0.0,,False
DFO_3861_From_20110827_to_20110913,9/148/189,0,395.0831298828125,88.87238311767578,17.0,-0.5379917962486399,81.0,0.0,,False
DFO_3861_From_20110827_to_20110913,9/148/189,0,495.5843811035156,88.05496215820312,1.0,0.9398299947934237,42.0,0.0,,False
DFO_3861_From_20110827_to_20110913,9/148/189,0,336.2933349609375,88.84756469726562,7.0,-1.4024670039816118,41.0,0.0,,False
DFO_3861_From_20110827_to_20110913,9/148/189,0,467.0610046386719,88.51815795898438,1.0,0.5204076813211802,41.0,0.0,,False
DFO_3861_From_20110827_to_20110913,9/148/189,0,360.75567626953125,88.88587188720703,1.0,-1.0427602281290418,22.0,40.0,,False
DFO_3861_From_20110827_to_20110913,9/148/189,0,462.3341064453125,86.13217163085938,5.0,0.4509009531030062,43.0,0.0,,False
DFO_3861_From_20110827_to_20110913,9/148/189,0,376.7724609375,89.41361236572266,2.0,-0.8072412359050261,43.0,0.0,,False
DFO_3861_From_20110827_to_20110913,9/148/189,0,456.6356201171875,87.06857299804688,1.0,0.3671074961124567,41.0,0.0,,False
DFO_3861_From_20110827_to_20110913,9/148/189,0,510.02947998046875,87.05831909179688,3.0,1.1522381154370107,41.0,0.0,,False
DFO_3861_From_20110827_to_20110913,9/148/189,0,391.4967346191406,89.29785919189453,3.0,-0.5907279861723385,41.0,0.0,,False
DFO_3861_From_20110827_to_20110913,9/148/189,0,375.1214599609375,89.4031982421875,2.0,-0.8315183985329593,41.0,0.0,,False
DFO_3861_From_20110827_to_20110913,9/148/189,0,423.272705078125,89.53337860107422,2.0,-0.12347786733876862,41.0,0.0,,False
DFO_3861_From_20110827_to_20110913,9/148/189,0,442.85418701171875,88.76187896728516,2.0,0.16445825635000938,41.0,0.0,,False
DFO_3861_From_20110827_to_20110913,9/148/189,0,288.63238525390625,89.08470153808594,2.0,-2.103297980743633,23.0,61.0,,False
DFO_3861_From_20110827_to_20110913,9/148/189,0,440.85430908203125,88.91097259521484,1.0,0.13505102859892387,41.0,0.0,,False
DFO_3861_From_20110827_to_20110913,9/148/189,0,364.08917236328125,88.94728088378906,1.0,-0.9937427969243393,41.0,0.0,,False
DFO_3625_From_20100310_to_20100324,9/148/190,1,502.7312316894531,87.72238159179688,2.0,0.7659580290020308,41.0,0.0,,False
DFO_3625_From_20100310_to_20100324,9/148/190,0,467.33599853515625,89.10138702392578,3.0,0.3251723851260674,41.0,0.0,,False
DFO_3625_From_20100310_to_20100324,9/148/190,0,457.6175842285156,88.22219848632812,4.0,0.20414655407893018,43.0,0.0,,False
DFO_3625_From_20100310_to_20100324,9/148/190,0,321.7739562988281,89.04119873046875,5.0,-1.4875479388605837,43.0,0.0,,False
DFO_3625_From_20100310_to_20100324,9/148/190,0,422.0263671875,87.40251922607422,1.0,-0.23907972589399176,81.0,0.0,,False
DFO_3625_From_20100310_to_20100324,9/148/190,0,407.7038879394531,89.14227294921875,2.0,-0.41744112302704245,22.0,41.0,,False
DFO_3625_From_20100310_to_20100324,9/148/190,0,380.7530212402344,88.61564636230469,1.0,-0.7530669707010605,81.0,0.0,,False
DFO_3625_From_20100310_to_20100324,9/148/190,0,363.1221008300781,87.67808532714844,1.0,-0.9726292086792319,41.0,0.0,,False
DFO_3625_From_20100310_to_20100324,9/148/190,0,370.900634765625,86.3292236328125,1.0,-0.8757611904846736,43.0,0.0,,False
DFO_3625_From_20100310_to_20100324,9/148/190,0,512.808837890625,88.86991882324219,1.0,0.8914569660692866,43.0,0.0,,False
DFO_3625_From_20100310_to_20100324,9/148/190,0,419.5478820800781,89.04589080810547,1.0,-0.2699449175187943,41.0,0.0,,False
DFO_3625_From_20100310_to_20100324,9/148/190,0,484.5124206542969,86.80986022949219,1.0,0.5390746428189689,41.0,0.0,,False
DFO_3625_From_20100310_to_20100324,9/148/190,0,454.7794494628906,86.60758972167969,2.0,0.16880255578912365,41.0,0.0,,False
DFO_3625_From_20100310_to_20100324,9/148/190,0,606.0331420898438,85.84484100341797,1.0,2.0524024180235387,90.0,0.0,,False
DFO_3625_From_20100310_to_20100324,9/148/190,0,449.7481384277344,88.48099517822266,1.0,0.10614638781012102,41.0,0.0,,False
DFO_3625_From_20100310_to_20100324,9/148/190,0,467.90380859375,88.14601135253906,4.0,0.3322434650419829,41.0,0.0,,False
DFO_3625_From_20100310_to_20100324,9/148/190,0,317.8114318847656,86.78392791748047,3.0,-1.5368942411610313,71.0,0.0,,False
DFO_3625_From_20100310_to_20100324,9/148/190,0,415.0108947753906,88.31576538085938,5.0,-0.3264451491074928,21.0,1.0,,False
DFO_3625_From_20100310_to_20100324,9/148/190,0,561.2874755859375,89.16290283203125,1.0,1.4951735015023575,41.0,0.0,,False
DFO_3625_From_20100310_to_20100324,9/148/190,0,631.7326049804688,86.59394073486328,1.0,2.3724442227526987,81.0,0.0,,False
DFO_3625_From_20100310_to_20100324,9/148/190,0,441.0701599121094,87.81433868408203,2.0,-0.0019226374983670029,21.0,1.0,,False
DFO_3625_From_20100310_to_20100324,9/148/190,0,439.3078308105469,84.0317611694336,1.0,-0.023869360221375042,81.0,0.0,,False
DFO_3625_From_20100310_to_20100324,9/148/190,0,409.9854431152344,87.42463684082031,1.0,-0.38902834883196163,41.0,0.0,,False
DFO_3625_From_20100310_to_20100324,9/148/190,0,311.6299743652344,88.6075668334961,2.0,-1.61387346943623,43.0,0.0,,False
DFO_3625_From_20100310_to_20100324,9/148/190,0,500.24237060546875,89.26884460449219,1.0,0.7349636227598247,41.0,0.0,,False
DFO_3625_From_20100310_to_20100324,9/148/190,0,378.4231262207031,88.73892974853516,7.0,-0.7820817329960452,41.0,0.0,,False
DFO_2273_From_20030705_to_20030721,9/149/184,1,79.92859649658203,71.00908660888672,1.0,-0.4738792826643894,41.0,0.0,,False
DFO_2273_From_20030705_to_20030721,9/149/184,1,79.78723907470703,74.11572265625,1.0,-0.4755670025619129,41.0,0.0,,False
DFO_2273_From_20030705_to_20030721,9/149/184,0,98.68731689453125,82.40576934814453,4.0,-0.24991180187873613,81.0,0.0,,False
DFO_2273_From_20030705_to_20030721,9/149/184,0,90.16952514648438,82.34452056884766,1.0,-0.35160894961571304,43.0,0.0,,False
DFO_2273_From_20030705_to_20030721,9/149/184,0,63.8133430480957,69.35269927978516,1.0,-0.6662854084827783,95.0,0.0,,False
DFO_2273_From_20030705_to_20030721,9/149/184,0,126.9334945678711,79.71720123291016,1.0,0.08733003131226871,41.0,0.0,,False
DFO_2273_From_20030705_to_20030721,9/149/184,0,81.47888946533203,78.37825012207031,3.0,-0.4553697466552804,0.0,127.0,,False
DFO_2273_From_20030705_to_20030721,9/149/184,0,111.29387664794922,81.08760833740234,16.0,-0.09939730145175064,81.0,0.0,,False
DFO_2273_From_20030705_to_20030721,9/149/184,0,95.9712142944336,74.29830932617188,11.0,-0.2823403814403644,90.0,0.0,,False
DFO_2273_From_20030705_to_20030721,9/149/184,0,193.42959594726562,86.5050277709961,1.0,0.8812522174779391,42.0,0.0,,False
DFO_2273_From_20030705_to_20030721,9/149/184,0,197.26063537597656,87.93455505371094,9.0,0.9269924508966695,41.0,0.0,,False
DFO_2273_From_20030705_to_20030721,9/149/184,0,61.29872512817383,66.15110778808594,1.0,-0.6963083859948762,90.0,0.0,,False
DFO_2273_From_20030705_to_20030721,9/149/184,0,65.05274963378906,62.18221664428711,1.0,-0.6514876629661258,41.0,0.0,,False
DFO_2273_From_20030705_to_20030721,9/149/184,0,92.04792022705078,81.2208480834961,19.0,-0.3291820779960148,90.0,0.0,,False
DFO_2273_From_20030705_to_20030721,9/149/184,0,101.1038818359375,83.24958801269531,10.0,-0.22105951608311983,71.0,0.0,,False
DFO_2273_From_20030705_to_20030721,9/149/184,0,99.67220306396484,81.25064086914062,2.0,-0.23815287218901224,43.0,0.0,,False
DFO_2273_From_20030705_to_20030721,9/149/184,0,62.7336540222168,40.12624740600586,1.0,-0.6791762254483348,42.0,0.0,,False
DFO_2273_From_20030705_to_20030721,9/149/184,0,195.5936279296875,88.14865112304688,13.0,0.907089416453174,41.0,0.0,,False
DFO_2273_From_20030705_to_20030721,9/149/184,0,94.96795654296875,78.61984252929688,1.0,-0.2943186564190151,81.0,0.0,,False
DFO_2273_From_20030705_to_20030721,9/149/184,0,210.71881103515625,88.11864471435547,1.0,1.0876747167662966,82.0,0.0,,False
DFO_2273_From_20030705_to_20030721,9/149/184,0,90.17974090576172,81.55514526367188,55.0,-0.35148697978935384,90.0,0.0,,False
DFO_2273_From_20030705_to_20030721,9/149/184,0,89.4718246459961,75.08940124511719,1.0,-0.35993906063193853,90.0,0.0,,False
DFO_2273_From_20030705_to_20030721,9/149/184,0,158.60797119140625,86.51900482177734,2.0,0.4655036265300313,90.0,0.0,,False
DFO_2273_From_20030705_to_20030721,9/149/184,0,113.08094024658203,70.59751892089844,1.0,-0.07806087105038428,21.0,3.0,,False
DFO_2273_From_20030705_to_20030721,9/149/184,0,143.14849853515625,86.1185531616211,2.0,0.28092711642470825,41.0,0.0,,False
DFO_2273_From_20030705_to_20030721,9/149/184,0,53.96363067626953,72.72998046875,13.0,-0.7838848619413606,90.0,0.0,,False
DFO_2273_From_20030705_to_20030721,9/149/184,0,101.5064926147461,69.48429870605469,8.0,-0.2162525932251637,90.0,0.0,,False
DFO_2412_From_20040104_to_20040116,9/149/184,1,87.96045684814453,84.6958999633789,1.0,-0.377983854255622,41.0,0.0,,False
DFO_2412_From_20040104_to_20040116,9/149/184,0,98.29132080078125,74.89785766601562,22.0,-0.25463974950185025,82.0,0.0,,False
DFO_2412_From_20040104_to_20040116,9/149/184,0,85.80223083496094,84.43807220458984,1.0,-0.4037517335610589,90.0,0.0,,False
DFO_2412_From_20040104_to_20040116,9/149/184,0,66.14783477783203,56.213539123535156,41.0,-0.6384130259037859,81.0,0.0,,False
DFO_2412_From_20040104_to_20040116,9/149/184,0,121.83109283447266,77.5051498413086,1.0,0.02641052092228864,90.0,0.0,,False
DFO_2412_From_20040104_to_20040116,9/149/184,0,87.44015502929688,80.83393859863281,1.0,-0.38419593509820665,0.0,127.0,,False
DFO_2412_From_20040104_to_20040116,9/149/184,0,111.29387664794922,81.08760833740234,16.0,-0.09939730145175064,95.0,0.0,,False
DFO_2412_From_20040104_to_20040116,9/149/184,0,98.3971176147461,72.0459976196289,1.0,-0.2533766011955593,81.0,0.0,,False
DFO_2412_From_20040104_to_20040116,9/149/184,0,193.42959594726562,86.5050277709961,1.0,0.8812522174779391,42.0,0.0,,False
DFO_2412_From_20040104_to_20040116,9/149/184,0,180.90280151367188,87.70265197753906,6.0,0.7316900654711073,43.0,0.0,,False
DFO_2412_From_20040104_to_20040116,9/149/184,0,58.49180603027344,66.85090637207031,168.0,-0.7298212581838884,90.0,0.0,,False
DFO_2412_From_20040104_to_20040116,9/149/184,0,73.32047271728516,76.60262298583984,1.0,-0.5527761799032166,41.0,0.0,,False
DFO_2412_From_20040104_to_20040116,9/149/184,0,86.75418853759766,77.14824676513672,41.0,-0.3923859493310561,41.0,0.0,,False
DFO_2412_From_20040104_to_20040116,9/149/184,0,102.26382446289062,72.0401840209961,1.0,-0.20721052092228864,41.0,0.0,,False
DFO_2412_From_20040104_to_20040116,9/149/184,0,96.75531005859375,70.71144104003906,2.0,-0.27297876458867065,95.0,0.0,,False
DFO_2412_From_20040104_to_20040116,9/149/184,0,64.03691101074219,80.82208251953125,1.0,-0.663616145744378,41.0,0.0,,False
DFO_2412_From_20040104_to_20040116,9/149/184,0,190.7512969970703,87.4918212890625,6.0,0.8492749900370055,42.0,0.0,,False
DFO_2412_From_20040104_to_20040116,9/149/184,0,97.06793975830078,78.81708526611328,2.0,-0.26924615997722745,41.0,0.0,,False
DFO_2412_From_20040104_to_20040116,9/149/184,0,197.26063537597656,87.93455505371094,9.0,0.9269924508966695,41.0,0.0,,False
DFO_2412_From_20040104_to_20040116,9/149/184,0,96.76191711425781,80.89437866210938,1.0,-0.2728998804440649,42.0,0.0,,False
DFO_2412_From_20040104_to_20040116,9/149/184,0,85.99369812011719,73.56038665771484,16.0,-0.40146573299174493,42.0,0.0,,False
DFO_2412_From_20040104_to_20040116,9/149/184,0,169.27096557617188,86.12158966064453,1.0,0.5928131625391403,52.0,0.0,,False
DFO_2412_From_20040104_to_20040116,9/149/184,0,116.65148162841797,67.29891204833984,1.0,-0.03543082265869627,81.0,0.0,,False
DFO_2412_From_20040104_to_20040116,9/149/184,0,130.002197265625,84.29600524902344,28.0,0.12396843723313407,43.0,0.0,,False
DFO_2412_From_20040104_to_20040116,9/149/184,0,62.7336540222168,40.12624740600586,1.0,-0.6791762254483348,42.0,0.0,,False
DFO_2412_From_20040104_to_20040116,9/149/184,0,109.78843688964844,82.71573638916016,1.0,-0.11737131796185596,90.0,0.0,,False
DFO_3171_From_20070816_to_20070827,9/149/184,1,74.00434875488281,47.012176513671875,1.0,-0.544611124395104,11.0,0.0,,False
DFO_3171_From_20070816_to_20070827,9/149/184,0,93.5879898071289,65.13362884521484,41.0,-0.3107946029035013,81.0,0.0,,False
DFO_3171_From_20070816_to_20070827,9/149/184,0,79.35334777832031,17.653263092041016,4.0,-0.48074739538855676,11.0,0.0,,False
DFO_3171_From_20070816_to_20070827,9/149/184,0,70.65460205078125,24.204681396484375,1.0,-0.5846050213492742,90.0,0.0,,False
DFO_3171_From_20070816_to_20070827,9/149/184,0,111.29387664794922,81.08760833740234,16.0,-0.09939730145175064,81.0,0.0,,False
DFO_3171_From_20070816_to_20070827,9/149/184,0,65.78495788574219,82.98490142822266,1.0,-0.6427455508112724,90.0,0.0,,False
DFO_3171_From_20070816_to_20070827,9/149/184,0,107.4804916381836,72.86042785644531,1.0,-0.14492675206376315,41.0,0.0,,False
DFO_3171_From_20070816_to_20070827,9/149/184,0,99.1761245727539,46.00144958496094,1.0,-0.2440757415314546,90.0,0.0,,False
DFO_3171_From_20070816_to_20070827,9/149/184,0,163.46200561523438,87.16143035888672,2.0,0.5234577853686307,41.0,0.0,,False
DFO_3171_From_20070816_to_20070827,9/149/184,0,161.98194885253906,87.16189575195312,3.0,0.5057868260745801,42.0,0.0,,False
DFO_3171_From_20070816_to_20070827,9/149/184,0,63.927520751953125,30.88227081298828,1.0,-0.6649221975519499,24.0,81.0,,False
DFO_3171_From_20070816_to_20070827,9/149/184,0,77.87976837158203,80.84428405761719,2.0,-0.4983410190720182,0.0,127.0,,False
DFO_3171_From_20070816_to_20070827,9/149/184,0,96.76191711425781,80.89437866210938,1.0,-0.2728998804440649,42.0,0.0,,False
DFO_3171_From_20070816_to_20070827,9/149/184,0,101.5064926147461,69.48429870605469,8.0,-0.2162525932251637,90.0,0.0,,False
DFO_3171_From_20070816_to_20070827,9/149/184,0,99.05915069580078,73.62188720703125,1.0,-0.2454723370338742,90.0,0.0,,False
DFO_3171_From_20070816_to_20070827,9/149/184,0,69.2900161743164,66.57354736328125,5.0,-0.6008973299174495,24.0,92.0,,False
DFO_3171_From_20070816_to_20070827,9/149/184,0,171.7896728515625,87.52825164794922,11.0,0.6228849644178764,41.0,0.0,,False
DFO_3171_From_20070816_to_20070827,9/149/184,0,126.76768493652344,86.69229125976562,2.0,0.08535036720751495,81.0,0.0,,False
DFO_3171_From_20070816_to_20070827,9/149/184,0,180.90280151367188,87.70265197753906,6.0,0.7316900654711073,43.0,0.0,,False
DFO_3171_From_20070816_to_20070827,9/149/184,0,89.32017517089844,71.28762817382812,18.0,-0.36174966125818386,82.0,0.0,,False
DFO_3171_From_20070816_to_20070827,9/149/184,0,100.27140045166016,68.4213638305664,1.0,-0.23099882721320808,90.0,0.0,,False
DFO_3171_From_20070816_to_20070827,9/149/184,0,158.60797119140625,86.51900482177734,2.0,0.4655036265300313,90.0,0.0,,False
DFO_3171_From_20070816_to_20070827,9/149/184,0,116.65148162841797,67.29891204833984,1.0,-0.03543082265869627,81.0,0.0,,False
DFO_3171_From_20070816_to_20070827,9/149/184,0,135.56301879882812,81.65291595458984,1.0,0.190361195559351,81.0,0.0,,False
DFO_3171_From_20070816_to_20070827,9/149/184,0,65.05274963378906,62.18221664428711,1.0,-0.6514876629661258,41.0,0.0,,False
DFO_3171_From_20070816_to_20070827,9/149/184,0,84.18875885009766,75.6720962524414,64.0,-0.4230155878166809,81.0,0.0,,False
DFO_3285_From_20080317_to_20080502,9/149/184,1,87.60405731201172,52.54148864746094,1.0,-0.3822390435525192,0.0,127.0,,False
DFO_3285_From_20080317_to_20080502,9/149/184,1,49.756710052490234,32.632198333740234,1.0,-0.8341128835752918,0.0,127.0,,False
DFO_3285_From_20080317_to_20080502,9/149/184,1,84.9112548828125,22.461589813232422,1.0,-0.4143894335325932,0.0,127.0,,False
DFO_3285_From_20080317_to_20080502,9/149/184,1,49.22760009765625,77.97284698486328,35.0,-0.8404301280956448,90.0,0.0,,False
DFO_3285_From_20080317_to_20080502,9/149/184,1,50.46942901611328,72.80915069580078,33.0,-0.8256034614289781,90.0,0.0,,False
DFO_3285_From_20080317_to_20080502,9/149/184,1,84.04776763916016,57.68504333496094,10.0,-0.42469893538286363,0.0,127.0,,False
DFO_3285_From_20080317_to_20080502,9/149/184,1,50.918399810791016,78.8769760131836,5.0,-0.8202430287503558,90.0,0.0,,False
DFO_3285_From_20080317_to_20080502,9/149/184,1,75.25904083251953,74.26520538330078,1.0,-0.5296308795900939,90.0,0.0,,False
DFO_3285_From_20080317_to_20080502,9/149/184,1,79.92859649658203,71.00908660888672,1.0,-0.4738792826643894,41.0,0.0,,False
DFO_3285_From_20080317_to_20080502,9/149/184,1,79.78723907470703,74.11572265625,1.0,-0.4755670025619129,41.0,0.0,,False
DFO_3285_From_20080317_to_20080502,9/149/184,1,74.43701171875,72.14820098876953,8.0,-0.5394453970964987,0.0,127.0,,False
DFO_3285_From_20080317_to_20080502,9/149/184,1,97.04468536376953,40.872257232666016,8.0,-0.26952380301736406,90.0,0.0,,False
DFO_3285_From_20080317_to_20080502,9/149/184,1,127.79402923583984,84.59171295166016,5.0,0.09760428124110447,11.0,0.0,,False
DFO_3285_From_20080317_to_20080502,9/149/184,1,98.25027465820312,87.05657196044922,2.0,-0.2551298149729576,90.0,0.0,,False
DFO_3285_From_20080317_to_20080502,9/149/184,0,102.83853149414062,84.68336486816406,6.0,-0.2003488756048961,43.0,0.0,,False
DFO_3285_From_20080317_to_20080502,9/149/184,0,89.39738464355469,75.93522644042969,1.0,-0.36082782806717906,41.0,0.0,,False
DFO_3285_From_20080317_to_20080502,9/149/184,0,64.94574737548828,78.01118469238281,1.0,-0.6527652035297467,42.0,0.0,,False
DFO_3285_From_20080317_to_20080502,9/149/184,0,126.9334945678711,79.71720123291016,1.0,0.08733003131226871,41.0,0.0,,False
DFO_3285_From_20080317_to_20080502,9/149/184,0,67.69458770751953,14.298750877380371,11.0,-0.619945755764304,41.0,0.0,,False
DFO_3285_From_20080317_to_20080502,9/149/184,0,111.29387664794922,81.08760833740234,16.0,-0.09939730145175064,81.0,0.0,,False
DFO_3285_From_20080317_to_20080502,9/149/184,0,99.35318756103516,79.02961730957031,1.0,-0.2419617193282095,41.0,0.0,,False
DFO_3285_From_20080317_to_20080502,9/149/184,0,193.42959594726562,86.5050277709961,1.0,0.8812522174779391,42.0,0.0,,False
DFO_3285_From_20080317_to_20080502,9/149/184,0,197.26063537597656,87.93455505371094,9.0,0.9269924508966695,41.0,0.0,,False
DFO_3285_From_20080317_to_20080502,9/149/184,0,66.5424575805664,62.638206481933594,1.0,-0.6337014745231996,95.0,0.0,,False
DFO_3285_From_20080317_to_20080502,9/149/184,0,53.96363067626953,72.72998046875,13.0,-0.7838848619413606,90.0,0.0,,False
DFO_3285_From_20080317_to_20080502,9/149/184,0,95.87657928466797,85.00823974609375,6.0,-0.2834702647309991,90.0,0.0,,False
DFO_3285_From_20080317_to_20080502,9/149/184,0,104.27196502685547,85.7415771484375,2.0,-0.18323456874466268,41.0,0.0,,False
DFO_3285_From_20080317_to_20080502,9/149/184,0,99.67220306396484,81.25064086914062,2.0,-0.23815287218901224,43.0,0.0,,False
DFO_3285_From_20080317_to_20080502,9/149/184,0,60.05259323120117,81.7674789428711,2.0,-0.7111864275547964,43.0,0.0,,False
DFO_3285_From_20080317_to_20080502,9/149/184,0,207.53915405273438,88.29619598388672,11.0,1.049711585539425,41.0,0.0,,False
DFO_3285_From_20080317_to_20080502,9/149/184,0,85.84981536865234,71.82168579101562,2.0,-0.40318360375747225,90.0,0.0,,False
DFO_3285_From_20080317_to_20080502,9/149/184,0,210.71881103515625,88.11864471435547,1.0,1.0876747167662966,82.0,0.0,,False
DFO_3285_From_20080317_to_20080502,9/149/184,0,90.85595703125,75.41930389404297,17.0,-0.34341337887845147,43.0,0.0,,False
DFO_3285_From_20080317_to_20080502,9/149/184,0,85.6343002319336,82.54459381103516,7.0,-0.40575672075149444,41.0,0.0,,False
DFO_3285_From_20080317_to_20080502,9/149/184,0,158.60797119140625,86.51900482177734,2.0,0.4655036265300313,90.0,0.0,,False
DFO_3285_From_20080317_to_20080502,9/149/184,0,113.08094024658203,70.59751892089844,1.0,-0.07806087105038428,21.0,3.0,,False
DFO_3285_From_20080317_to_20080502,9/149/184,0,143.14849853515625,86.1185531616211,2.0,0.28092711642470825,41.0,0.0,,False
DFO_3285_From_20080317_to_20080502,9/149/184,0,59.74125671386719,73.94119262695312,1.0,-0.7149035923711927,81.0,0.0,,False
DFO_3285_From_20080317_to_20080502,9/149/184,0,102.77910614013672,76.5275650024414,3.0,-0.20105837745516653,43.0,0.0,,False
DFO_3625_From_20100310_to_20100324,9/149/184,1,50.70979309082031,51.984928131103516,1.0,-0.8227336635354398,21.0,19.0,,False
DFO_3625_From_20100310_to_20100324,9/149/184,1,49.22760009765625,77.97284698486328,35.0,-0.8404301280956448,90.0,0.0,,False
DFO_3625_From_20100310_to_20100324,9/149/184,1,84.04776763916016,57.68504333496094,10.0,-0.42469893538286363,0.0,127.0,,False
DFO_3625_From_20100310_to_20100324,9/149/184,1,87.96045684814453,84.6958999633789,1.0,-0.377983854255622,41.0,0.0,,False
DFO_3625_From_20100310_to_20100324,9/149/184,1,97.04468536376953,40.872257232666016,8.0,-0.26952380301736406,90.0,0.0,,False
DFO_3625_From_20100310_to_20100324,9/149/184,0,98.68731689453125,82.40576934814453,4.0,-0.24991180187873613,43.0,0.0,,False
DFO_3625_From_20100310_to_20100324,9/149/184,0,85.80223083496094,84.43807220458984,1.0,-0.4037517335610589,90.0,0.0,,False
DFO_3625_From_20100310_to_20100324,9/149/184,0,66.46882629394531,68.8320541381836,1.0,-0.634580586393396,41.0,0.0,,False
DFO_3625_From_20100310_to_20100324,9/149/184,0,126.9334945678711,79.71720123291016,1.0,0.08733003131226871,41.0,0.0,,False
DFO_3625_From_20100310_to_20100324,9/149/184,0,82.58863067626953,78.17648315429688,2.0,-0.44212012524907485,0.0,127.0,,False
DFO_3625_From_20100310_to_20100324,9/149/184,0,111.29387664794922,81.08760833740234,16.0,-0.09939730145175064,81.0,0.0,,False
DFO_3625_From_20100310_to_20100324,9/149/184,0,95.9712142944336,74.29830932617188,11.0,-0.2823403814403644,90.0,0.0,,False
DFO_3625_From_20100310_to_20100324,9/149/184,0,193.42959594726562,86.5050277709961,1.0,0.8812522174779391,42.0,0.0,,False
DFO_3625_From_20100310_to_20100324,9/149/184,0,187.04513549804688,87.75457000732422,7.0,0.8050257216054654,41.0,0.0,,False
DFO_3625_From_20100310_to_20100324,9/149/184,0,61.54137420654297,51.024330139160156,1.0,-0.6934113065755765,90.0,0.0,,False
DFO_3625_From_20100310_to_20100324,9/149/184,0,64.03691101074219,80.82208251953125,1.0,-0.663616145744378,41.0,0.0,,False
DFO_3625_From_20100310_to_20100324,9/149/184,0,86.75418853759766,77.14824676513672,41.0,-0.3923859493310561,41.0,0.0,,False
DFO_3625_From_20100310_to_20100324,9/149/184,0,99.09213256835938,56.374969482421875,53.0,-0.24507855394249928,41.0,0.0,,False
DFO_3625_From_20100310_to_20100324,9/149/184,0,95.78834533691406,77.24989318847656,8.0,-0.28452372331340736,90.0,0.0,,False
DFO_3625_From_20100310_to_20100324,9/149/184,0,61.21174240112305,55.12843322753906,1.0,-0.6973469057785369,41.0,0.0,,False
DFO_3625_From_20100310_to_20100324,9/149/184,0,190.56759643554688,87.96239471435547,11.0,0.8470817193282095,82.0,0.0,,False
DFO_3625_From_20100310_to_20100324,9/149/184,0,97.06793975830078,78.81708526611328,2.0,-0.26924615997722745,41.0,0.0,,False
DFO_3625_From_20100310_to_20100324,9/149/184,0,210.71881103515625,88.11864471435547,1.0,1.0876747167662966,82.0,0.0,,False
DFO_3625_From_20100310_to_20100324,9/149/184,0,97.46031951904297,83.72630310058594,1.0,-0.26456138912610305,43.0,0.0,,False
DFO_3625_From_20100310_to_20100324,9/149/184,0,85.99369812011719,73.56038665771484,16.0,-0.40146573299174493,42.0,0.0,,False
DFO_3625_From_20100310_to_20100324,9/149/184,0,168.60382080078125,86.00946807861328,2.0,0.5848478679191574,71.0,0.0,,False
DFO_3625_From_20100310_to_20100324,9/149/184,0,115.55084991455078,79.71451568603516,9.0,-0.04857168232280103,81.0,0.0,,False
DFO_3625_From_20100310_to_20100324,9/149/184,0,143.14849853515625,86.1185531616211,2.0,0.28092711642470825,41.0,0.0,,False
DFO_3625_From_20100310_to_20100324,9/149/184,0,54.260704040527344,66.09888458251953,155.0,-0.7803379903216624,81.0,0.0,,False
DFO_3625_From_20100310_to_20100324,9/149/184,0,106.40229797363281,74.46757507324219,1.0,-0.15779971534301168,42.0,0.0,,False
DFO_2273_From_20030705_to_20030721,9/149/186,1,526.9386596679688,88.4482421875,17.0,-0.5252542743701097,41.0,0.0,,False
DFO_2273_From_20030705_to_20030721,9/149/186,0,529.8968505859375,87.2215347290039,7.0,-0.4905020022602565,41.0,0.0,,False
DFO_2273_From_20030705_to_20030721,9/149/186,0,554.327880859375,88.86509704589844,3.0,-0.20349084052984542,42.0,0.0,,False
DFO_2273_From_20030705_to_20030721,9/149/186,0,613.9205932617188,88.09696197509766,1.0,0.4965931684470063,41.0,0.0,,False
DFO_2273_From_20030705_to_20030721,9/149/186,0,407.4563903808594,87.39364624023438,3.0,-1.9289095656315538,95.0,0.0,,False
DFO_2273_From_20030705_to_20030721,9/149/186,0,445.2083435058594,86.90994262695312,15.0,-1.48540670051584,42.0,0.0,,False
DFO_2273_From_20030705_to_20030721,9/149/186,0,676.7791748046875,87.6375732421875,5.0,1.2350439955899097,90.0,0.0,,False
DFO_2273_From_20030705_to_20030721,9/149/186,0,493.21405029296875,86.95215606689453,1.0,-0.9214446604197258,41.0,0.0,,False
DFO_2273_From_20030705_to_20030721,9/149/186,0,598.6008911132812,88.9514389038086,2.0,0.31662018074343595,90.0,0.0,,False
DFO_2273_From_20030705_to_20030721,9/149/186,0,597.1681518554688,88.44190216064453,1.0,0.29978862864599454,41.0,0.0,,False
DFO_2273_From_20030705_to_20030721,9/149/186,0,578.3578491210938,88.66583251953125,1.0,0.07880871990414032,41.0,0.0,,False
DFO_2273_From_20030705_to_20030721,9/149/186,0,568.3668823242188,84.99198150634766,1.0,-0.03856328426789623,41.0,0.0,,False
DFO_2273_From_20030705_to_20030721,9/149/186,0,534.400634765625,87.19413757324219,1.0,-0.43759239038029546,90.0,0.0,,False
DFO_2273_From_20030705_to_20030721,9/149/186,0,549.458740234375,81.3651351928711,1.0,-0.26069259140849793,21.0,1.0,,False
DFO_2273_From_20030705_to_20030721,9/149/186,0,547.38916015625,86.51617431640625,4.0,-0.28500563002654533,41.0,0.0,,False
DFO_2273_From_20030705_to_20030721,9/149/186,0,558.111083984375,88.7942886352539,2.0,-0.15904647973885067,41.0,0.0,,False
DFO_2273_From_20030705_to_20030721,9/149/186,0,484.2723083496094,82.6148452758789,1.0,-1.0264905677897231,41.0,0.0,,False
DFO_2273_From_20030705_to_20030721,9/149/186,0,701.3120727539062,88.01799774169922,1.0,1.5232518796706074,41.0,0.0,,False
DFO_2273_From_20030705_to_20030721,9/149/186,0,542.5491943359375,86.69581604003906,1.0,-0.34186464077132306,41.0,0.0,,False
DFO_2273_From_20030705_to_20030721,9/149/186,0,476.6043701171875,86.75718688964844,1.0,-1.1165720680593711,41.0,0.0,,False
DFO_2273_From_20030705_to_20030721,9/149/186,0,540.8628540039062,87.72154998779297,2.0,-0.36167545072702767,41.0,0.0,,False
DFO_2273_From_20030705_to_20030721,9/149/186,0,683.4256591796875,89.20429229736328,2.0,1.3131256475113113,41.0,0.0,,False
DFO_2273_From_20030705_to_20030721,9/149/186,0,744.4852294921875,88.1206283569336,1.0,2.03044202811455,41.0,0.0,,False
DFO_2273_From_20030705_to_20030721,9/149/186,0,567.6859741210938,89.40320587158203,2.0,-0.046562466137158254,41.0,0.0,,False
DFO_2273_From_20030705_to_20030721,9/149/186,0,517.6109619140625,86.93102264404297,10.0,-0.6348343182182604,41.0,0.0,,False
DFO_2273_From_20030705_to_20030721,9/149/186,0,660.3582153320312,88.62458801269531,1.0,1.0421336433769188,41.0,0.0,,False
DFO_2412_From_20040104_to_20040116,9/149/186,1,694.4268798828125,89.15999603271484,1.0,1.4423659251057237,41.0,0.0,,False
DFO_2412_From_20040104_to_20040116,9/149/186,0,586.3275756835938,88.89076232910156,2.0,0.17243557287659983,41.0,0.0,,False
DFO_2412_From_20040104_to_20040116,9/149/186,0,529.9498901367188,87.23959350585938,3.0,-0.48987890356499036,41.0,0.0,,False
DFO_2412_From_20040104_to_20040116,9/149/186,0,658.5401000976562,84.51785278320312,1.0,1.0207747665822275,41.0,0.0,,False
DFO_2412_From_20040104_to_20040116,9/149/186,0,676.7791748046875,87.6375732421875,5.0,1.2350439955899097,90.0,0.0,,False
DFO_2412_From_20040104_to_20040116,9/149/186,0,418.61798095703125,77.57405853271484,1.0,-1.7977852928451832,90.0,0.0,,False
DFO_2412_From_20040104_to_20040116,9/149/186,0,675.45947265625,88.46826934814453,1.0,1.2195403822538409,41.0,0.0,,False
DFO_2412_From_20040104_to_20040116,9/149/186,0,409.8326110839844,86.26142883300781,14.0,-1.900994170459977,90.0,0.0,,False
DFO_2412_From_20040104_to_20040116,9/149/186,0,530.3632202148438,88.31243133544922,5.0,-0.48502317932524114,41.0,0.0,,False
DFO_2412_From_20040104_to_20040116,9/149/186,0,510.67327880859375,88.00910949707031,2.0,-0.7163369182122912,41.0,0.0,,False
DFO_2412_From_20040104_to_20040116,9/149/186,0,606.2628784179688,88.6151123046875,2.0,0.4066317706301283,41.0,0.0,,False
DFO_2412_From_20040104_to_20040116,9/149/186,0,586.6522827148438,85.29093170166016,1.0,0.1762501701824867,41.0,0.0,,False
DFO_2412_From_20040104_to_20040116,9/149/186,0,470.35931396484375,88.493896484375,3.0,-1.189937816506935,90.0,0.0,,False
DFO_2412_From_20040104_to_20040116,9/149/186,0,619.896240234375,88.9089584350586,1.0,0.566793948377994,41.0,0.0,,False
DFO_2412_From_20040104_to_20040116,9/149/186,0,538.4561157226562,87.22341918945312,2.0,-0.3899493606829922,41.0,0.0,,False
DFO_2412_From_20040104_to_20040116,9/149/186,0,564.2256469726562,87.10381317138672,1.0,-0.08721374050932941,41.0,0.0,,False
DFO_2412_From_20040104_to_20040116,9/149/186,0,921.484375,89.51709747314453,1.0,4.109794794203999,43.0,0.0,,False
DFO_2412_From_20040104_to_20040116,9/149/186,0,577.8580322265625,88.35336303710938,9.0,0.07293696476543587,42.0,0.0,,False
DFO_2412_From_20040104_to_20040116,9/149/186,0,564.5166625976562,88.2478256225586,1.0,-0.08379494352540673,41.0,0.0,,False
DFO_2412_From_20040104_to_20040116,9/149/186,0,622.4146118164062,87.87986755371094,1.0,0.5963793054152493,41.0,0.0,,False
DFO_2412_From_20040104_to_20040116,9/149/186,0,461.4552307128906,86.12928771972656,1.0,-1.2945413166329975,41.0,0.0,,False
DFO_2412_From_20040104_to_20040116,9/149/186,0,613.6504516601562,88.72907257080078,2.0,0.4934195955756049,90.0,0.0,,False
DFO_2412_From_20040104_to_20040116,9/149/186,0,667.6070556640625,88.86890411376953,1.0,1.1272916601125682,43.0,0.0,,False
DFO_2412_From_20040104_to_20040116,9/149/186,0,558.1670532226562,81.70326232910156,1.0,-0.1583889636242833,90.0,0.0,,False
DFO_2412_From_20040104_to_20040116,9/149/186,0,524.7374877929688,88.75801849365234,3.0,-0.5511132287384376,41.0,0.0,,False
DFO_2412_From_20040104_to_20040116,9/149/186,0,609.4982299804688,88.24671936035156,1.0,0.44464007401179206,41.0,0.0,,False
DFO_3285_From_20080317_to_20080502,9/149/186,1,537.4058837890625,89.1267318725586,3.0,-0.4022872884729161,41.0,0.0,,False
DFO_3285_From_20080317_to_20080502,9/149/186,1,585.1970825195312,89.04664611816406,1.0,0.1591547512037358,41.0,0.0,,False
DFO_3285_From_20080317_to_20080502,9/149/186,1,554.327880859375,88.86509704589844,3.0,-0.20349084052984542,42.0,0.0,,False
DFO_3285_From_20080317_to_20080502,9/149/186,1,548.7431640625,87.48599243164062,6.0,-0.2690990460728246,42.0,0.0,,False
DFO_3285_From_20080317_to_20080502,9/149/186,1,554.5321044921875,85.36688232421875,1.0,-0.20109165959272182,90.0,0.0,,False
DFO_3285_From_20080317_to_20080502,9/149/186,1,598.0443725585938,77.23029327392578,1.0,0.3100823051353389,41.0,0.0,,False
DFO_3285_From_20080317_to_20080502,9/149/186,1,529.8968505859375,87.2215347290039,7.0,-0.4905020022602565,90.0,0.0,,False
DFO_3285_From_20080317_to_20080502,9/149/186,1,680.4010620117188,85.89434051513672,1.0,1.2775932472306302,41.0,0.0,,False
DFO_3285_From_20080317_to_20080502,9/149/186,0,579.4208374023438,88.45610809326172,1.0,0.09129650687393841,41.0,0.0,,False
DFO_3285_From_20080317_to_20080502,9/149/186,0,538.6007690429688,87.90953063964844,1.0,-0.3882500006049937,41.0,0.0,,False
DFO_3285_From_20080317_to_20080502,9/149/186,0,589.949951171875,88.45616149902344,2.0,0.21499056075387055,41.0,0.0,,False
DFO_3285_From_20080317_to_20080502,9/149/186,0,754.4371948242188,89.50362396240234,2.0,2.147355850392139,90.0,0.0,,False
DFO_3285_From_20080317_to_20080502,9/149/186,0,448.329345703125,87.25067901611328,14.0,-1.4487417520312775,41.0,0.0,,False
DFO_3285_From_20080317_to_20080502,9/149/186,0,652.5386962890625,87.64900970458984,9.0,0.9502714001732164,43.0,0.0,,False
DFO_3285_From_20080317_to_20080502,9/149/186,0,424.7633361816406,86.49512481689453,10.0,-1.7255908121982146,41.0,0.0,,False
DFO_3285_From_20080317_to_20080502,9/149/186,0,640.5337524414062,87.60508728027344,1.0,0.8092395713202871,90.0,0.0,,False
DFO_3285_From_20080317_to_20080502,9/149/186,0,537.7660522460938,88.76753234863281,1.0,-0.39805609698757055,41.0,0.0,,False
DFO_3285_From_20080317_to_20080502,9/149/186,0,616.03271484375,88.27969360351562,1.0,0.5214059766744904,41.0,0.0,,False
DFO_3285_From_20080317_to_20080502,9/149/186,0,568.3668823242188,84.99198150634766,1.0,-0.03856328426789623,41.0,0.0,,False
DFO_3285_From_20080317_to_20080502,9/149/186,0,449.5296936035156,86.24910736083984,1.0,-1.4346402900169497,21.0,12.0,,False
DFO_3285_From_20080317_to_20080502,9/149/186,0,619.896240234375,88.9089584350586,1.0,0.566793948377994,41.0,0.0,,False
DFO_3285_From_20080317_to_20080502,9/149/186,0,558.2308959960938,85.82086181640625,1.0,-0.1576389506953439,90.0,0.0,,False
DFO_3285_From_20080317_to_20080502,9/149/186,0,564.2256469726562,87.10381317138672,1.0,-0.08721374050932941,41.0,0.0,,False
DFO_3285_From_20080317_to_20080502,9/149/186,0,467.5361633300781,87.73151397705078,1.0,-1.2231036606958718,41.0,0.0,,False
DFO_3285_From_20080317_to_20080502,9/149/186,0,577.8580322265625,88.35336303710938,9.0,0.07293696476543587,42.0,0.0,,False
DFO_3285_From_20080317_to_20080502,9/149/186,0,564.5166625976562,88.2478256225586,1.0,-0.08379494352540673,41.0,0.0,,False
DFO_3285_From_20080317_to_20080502,9/149/186,0,634.8734741210938,87.61065673828125,1.0,0.7427436831711637,41.0,0.0,,False
DFO_3285_From_20080317_to_20080502,9/149/186,0,461.4552307128906,86.12928771972656,1.0,-1.2945413166329975,41.0,0.0,,False
DFO_3285_From_20080317_to_20080502,9/149/186,0,613.6504516601562,88.72907257080078,2.0,0.4934195955756049,90.0,0.0,,False
DFO_3285_From_20080317_to_20080502,9/149/186,0,667.6070556640625,88.86890411376953,1.0,1.1272916601125682,43.0,0.0,,False
DFO_3285_From_20080317_to_20080502,9/149/186,0,565.9010009765625,88.16349029541016,1.0,-0.06753199587600443,41.0,0.0,,False
DFO_3285_From_20080317_to_20080502,9/149/186,0,524.7374877929688,88.75801849365234,3.0,-0.5511132287384376,41.0,0.0,,False
DFO_3285_From_20080317_to_20080502,9/149/186,0,609.4982299804688,88.24671936035156,1.0,0.44464007401179206,41.0,0.0,,False
DFO_3861_From_20110827_to_20110913,9/149/186,1,532.1797485351562,85.2282943725586,23.0,-0.4636829452993379,11.0,0.0,,False
DFO_3861_From_20110827_to_20110913,9/149/186,0,596.9037475585938,87.87852478027344,1.0,0.29668245655405806,41.0,0.0,,False
DFO_3861_From_20110827_to_20110913,9/149/186,0,554.327880859375,88.86509704589844,3.0,-0.20349084052984542,42.0,0.0,,False
DFO_3861_From_20110827_to_20110913,9/149/186,0,589.949951171875,88.45616149902344,2.0,0.21499056075387055,41.0,0.0,,False
DFO_3861_From_20110827_to_20110913,9/149/186,0,510.0508117675781,87.83100891113281,2.0,-0.7236495442694504,41.0,0.0,,False
DFO_3861_From_20110827_to_20110913,9/149/186,0,445.2083435058594,86.90994262695312,15.0,-1.48540670051584,42.0,0.0,,False
DFO_3861_From_20110827_to_20110913,9/149/186,0,483.28369140625,84.66382598876953,1.0,-1.0381046542299681,41.0,0.0,,False
DFO_3861_From_20110827_to_20110913,9/149/186,0,559.4414672851562,88.09681701660156,1.0,-0.1434173862282461,41.0,0.0,,False
DFO_3861_From_20110827_to_20110913,9/149/186,0,570.197509765625,88.37670135498047,45.0,-0.017057416411605804,90.0,0.0,,False
DFO_3861_From_20110827_to_20110913,9/149/186,0,589.3077392578125,89.19678497314453,1.0,0.20744597563121234,90.0,0.0,,False
DFO_3861_From_20110827_to_20110913,9/149/186,0,578.3578491210938,88.66583251953125,1.0,0.07880871990414032,41.0,0.0,,False
DFO_3861_From_20110827_to_20110913,9/149/186,0,568.3668823242188,84.99198150634766,1.0,-0.03856328426789623,41.0,0.0,,False
DFO_3861_From_20110827_to_20110913,9/149/186,0,549.0012817382812,88.41700744628906,2.0,-0.266066728026472,41.0,0.0,,False
DFO_3861_From_20110827_to_20110913,9/149/186,0,591.276123046875,88.47212982177734,1.0,0.23057017922422957,42.0,0.0,,False
DFO_3861_From_20110827_to_20110913,9/149/186,0,659.2363891601562,88.85173797607422,1.0,1.0289546399028209,41.0,0.0,,False
DFO_3861_From_20110827_to_20110913,9/149/186,0,558.111083984375,88.7942886352539,2.0,-0.15904647973885067,41.0,0.0,,False
DFO_3861_From_20110827_to_20110913,9/149/186,0,561.0721435546875,86.82965850830078,1.0,-0.12426050723926498,41.0,0.0,,False
DFO_3861_From_20110827_to_20110913,9/149/186,0,615.4058227539062,88.67976379394531,2.0,0.5140413659735948,41.0,0.0,,False
DFO_3861_From_20110827_to_20110913,9/149/186,0,596.45751953125,85.4941177368164,1.0,0.29144025337673873,41.0,0.0,,False
DFO_3861_From_20110827_to_20110913,9/149/186,0,449.5296936035156,86.24910736083984,1.0,-1.4346402900169497,21.0,12.0,,False
DFO_3861_From_20110827_to_20110913,9/149/186,0,540.8628540039062,87.72154998779297,2.0,-0.36167545072702767,41.0,0.0,,False
DFO_3861_From_20110827_to_20110913,9/149/186,0,871.2738647460938,88.93994903564453,1.0,3.519931136480215,43.0,0.0,,False
DFO_3861_From_20110827_to_20110913,9/149/186,0,804.5506591796875,88.90901947021484,1.0,2.7360794311015697,41.0,0.0,,False
DFO_3861_From_20110827_to_20110913,9/149/186,0,668.201171875,87.4347915649414,1.0,1.1342712259350312,90.0,0.0,,False
DFO_3861_From_20110827_to_20110913,9/149/186,0,517.6109619140625,86.93102264404297,10.0,-0.6348343182182604,41.0,0.0,,False
DFO_3861_From_20110827_to_20110913,9/149/186,0,660.3582153320312,88.62458801269531,1.0,1.0421336433769188,41.0,0.0,,False
DFO_3629_From_20100327_to_20100331,9/149/187,1,616.0470581054688,89.51995849609375,2.0,0.9201284055102621,43.0,0.0,,False
DFO_3629_From_20100327_to_20100331,9/149/187,0,528.9366455078125,88.61968231201172,1.0,0.3397429002541393,43.0,0.0,,False
DFO_3629_From_20100327_to_20100331,9/149/187,0,437.1347351074219,81.45686340332031,1.0,-0.2719003759325879,41.0,0.0,,False
DFO_3629_From_20100327_to_20100331,9/149/187,0,561.7017822265625,88.78863525390625,3.0,0.558045280672543,41.0,0.0,,False
DFO_3629_From_20100327_to_20100331,9/149/187,0,490.6435241699219,87.7477035522461,2.0,0.08460953659786803,41.0,0.0,,False
DFO_3629_From_20100327_to_20100331,9/149/187,0,515.888427734375,88.30857849121094,1.0,0.25280729474729313,43.0,0.0,,False
DFO_3629_From_20100327_to_20100331,9/149/187,0,466.8846130371094,87.52477264404297,3.0,-0.07368758576616623,41.0,0.0,,False
DFO_3629_From_20100327_to_20100331,9/149/187,0,533.8082275390625,88.48216247558594,1.0,0.3722005079532647,43.0,0.0,,False
DFO_3629_From_20100327_to_20100331,9/149/187,0,310.3800048828125,89.51355743408203,1.0,-1.1164217821713731,41.0,0.0,,False
DFO_3629_From_20100327_to_20100331,9/149/187,0,297.641357421875,89.25081634521484,3.0,-1.2012948314708176,41.0,0.0,,False
DFO_3629_From_20100327_to_20100331,9/149/187,0,713.9489135742188,89.50981140136719,1.0,1.5724134327226251,41.0,0.0,,False
DFO_3629_From_20100327_to_20100331,9/149/187,0,724.9684448242188,89.11129760742188,1.0,1.6458326259223708,42.0,0.0,,False
DFO_3629_From_20100327_to_20100331,9/149/187,0,566.9874267578125,89.19570922851562,5.0,0.5932616386301487,41.0,0.0,,False
DFO_3629_From_20100327_to_20100331,9/149/187,0,511.6102294921875,88.0333023071289,6.0,0.22430319088262318,43.0,0.0,,False
DFO_3629_From_20100327_to_20100331,9/149/187,0,486.4165344238281,89.0859375,1.0,0.056446616616875105,43.0,0.0,,False
DFO_3629_From_20100327_to_20100331,9/149/187,0,620.0745239257812,89.35194396972656,2.0,0.946961968976666,41.0,0.0,,False
DFO_3629_From_20100327_to_20100331,9/149/187,0,235.72384643554688,88.38648986816406,1.0,-1.61382904898144,43.0,0.0,,False
DFO_3629_From_20100327_to_20100331,9/149/187,0,411.0856628417969,80.18899536132812,1.0,-0.4454560223530342,42.0,0.0,,False
DFO_3629_From_20100327_to_20100331,9/149/187,0,228.2842254638672,88.86460876464844,2.0,-1.6633965811260247,52.0,0.0,,False
DFO_3629_From_20100327_to_20100331,9/149/187,0,593.617919921875,86.28528594970703,2.0,0.7706910844259317,43.0,0.0,,False
DFO_3629_From_20100327_to_20100331,9/149/187,0,386.2099914550781,84.6783218383789,64.0,-0.6111937186379728,42.0,0.0,,False
DFO_3629_From_20100327_to_20100331,9/149/187,0,292.8484802246094,89.19434356689453,3.0,-1.2332280570269138,41.0,0.0,,False
DFO_3629_From_20100327_to_20100331,9/149/187,0,156.70098876953125,88.40215301513672,1.0,-2.140330069991495,81.0,0.0,,False
DFO_3629_From_20100327_to_20100331,9/149/187,0,311.6324157714844,88.5972671508789,1.0,-1.1080774166158178,81.0,0.0,,False
DFO_3629_From_20100327_to_20100331,9/149/187,0,754.3128051757812,87.94932556152344,1.0,1.8413435975868255,41.0,0.0,,False
DFO_3629_From_20100327_to_20100331,9/149/187,0,556.7994995117188,85.09159851074219,13.0,0.5253831253053728,43.0,0.0,,False
DFO_3625_From_20100310_to_20100324,9/149/192,1,282.87042236328125,88.49503326416016,1.0,1.6135093298258425,11.0,0.0,,False
DFO_3625_From_20100310_to_20100324,9/149/192,0,31.209972381591797,80.66670227050781,48.0,-1.5524502046484236,41.0,0.0,,False
DFO_3625_From_20100310_to_20100324,9/149/192,0,221.7655487060547,89.3247299194336,2.0,0.8447927620377078,90.0,0.0,,False
DFO_3625_From_20100310_to_20100324,9/149/192,0,293.78179931640625,88.90217590332031,1.0,1.7507775334768425,41.0,0.0,,False
DFO_3625_From_20100310_to_20100324,9/149/192,0,70.40304565429688,86.37012481689453,1.0,-1.059390274007366,81.0,0.0,,False
DFO_3625_From_20100310_to_20100324,9/149/192,0,192.1953887939453,86.88059997558594,1.0,0.47279179916697095,81.0,0.0,,False
DFO_3625_From_20100310_to_20100324,9/149/192,0,98.64643859863281,89.01004028320312,2.0,-0.7040804142954823,41.0,0.0,,False
DFO_3625_From_20100310_to_20100324,9/149/192,0,83.02951049804688,87.7067642211914,11.0,-0.9005457803188146,22.0,23.0,,False
DFO_3625_From_20100310_to_20100324,9/149/192,0,186.34091186523438,86.78895568847656,1.0,0.39914082598798867,90.0,0.0,,False
DFO_3625_From_20100310_to_20100324,9/149/192,0,31.92727279663086,81.9488525390625,5.0,-1.543426362847932,90.0,0.0,,False
DFO_3625_From_20100310_to_20100324,9/149/192,0,224.61557006835938,88.06948852539062,23.0,0.8806468356758197,90.0,0.0,,False
DFO_3625_From_20100310_to_20100324,9/149/192,0,182.3560791015625,86.90132141113281,1.0,0.3490105044283224,41.0,0.0,,False
DFO_3625_From_20100310_to_20100324,9/149/192,0,151.16012573242188,86.66661834716797,1.0,-0.04344339928690746,41.0,0.0,,False
DFO_3625_From_20100310_to_20100324,9/149/192,0,153.21023559570312,88.73312377929688,1.0,-0.01765243821675418,22.0,25.0,,False
DFO_3625_From_20100310_to_20100324,9/149/192,0,80.5822525024414,88.59562683105469,7.0,-0.9313329770558039,82.0,0.0,,False
DFO_3625_From_20100310_to_20100324,9/149/192,0,168.95388793945312,85.18952178955078,2.0,0.18040715457492212,82.0,0.0,,False
DFO_3625_From_20100310_to_20100324,9/149/192,0,66.63758087158203,85.2164077758789,6.0,-1.1067608844128964,41.0,0.0,,False
DFO_3625_From_20100310_to_20100324,9/149/192,0,144.25938415527344,86.9330825805664,16.0,-0.13025667722829903,21.0,5.0,,False
DFO_3625_From_20100310_to_20100324,9/149/192,0,95.50145721435547,88.54840850830078,1.0,-0.7436451683123387,41.0,0.0,,False
DFO_3625_From_20100310_to_20100324,9/149/192,0,309.775634765625,88.3720932006836,1.0,1.9519845003917902,81.0,0.0,,False
DFO_3625_From_20100310_to_20100324,9/149/192,0,191.7132110595703,85.78502655029297,1.0,0.46672586709235686,41.0,0.0,,False
DFO_3625_From_20100310_to_20100324,9/149/192,0,32.55278778076172,77.22820281982422,1.0,-1.5355572076902197,22.0,45.0,,False
DFO_3625_From_20100310_to_20100324,9/149/192,0,25.383953094482422,81.32498931884766,1.0,-1.625743172659078,22.0,21.0,,False
DFO_3625_From_20100310_to_20100324,9/149/192,0,159.4048614501953,89.02659606933594,1.0,0.060277704513091855,41.0,0.0,,False
DFO_3625_From_20100310_to_20100324,9/149/192,0,242.99533081054688,87.34078216552734,1.0,1.111869416607063,41.0,0.0,,False
DFO_3625_From_20100310_to_20100324,9/149/192,0,233.78924560546875,86.98184967041016,1.0,0.9960542647533642,41.0,0.0,,False
DFO_3629_From_20100327_to_20100331,9/149/192,1,282.87042236328125,88.49503326416016,1.0,1.6135093298258425,11.0,0.0,,False
DFO_3629_From_20100327_to_20100331,9/149/192,0,31.209972381591797,80.66670227050781,48.0,-1.5524502046484236,41.0,0.0,,False
DFO_3629_From_20100327_to_20100331,9/149/192,0,221.7655487060547,89.3247299194336,2.0,0.8447927620377078,90.0,0.0,,False
DFO_3629_From_20100327_to_20100331,9/149/192,0,293.78179931640625,88.90217590332031,1.0,1.7507775334768425,41.0,0.0,,False
DFO_3629_From_20100327_to_20100331,9/149/192,0,58.135982513427734,84.84768676757812,1.0,-1.2137133927717894,22.0,23.0,,False
DFO_3629_From_20100327_to_20100331,9/149/192,0,192.1953887939453,86.88059997558594,1.0,0.47279179916697095,81.0,0.0,,False
DFO_3629_From_20100327_to_20100331,9/149/192,0,77.25016021728516,88.2774429321289,2.0,-0.9732516390493994,81.0,0.0,,False
DFO_3629_From_20100327_to_20100331,9/149/192,0,83.02951049804688,87.7067642211914,11.0,-0.9005457803188146,22.0,23.0,,False
DFO_3629_From_20100327_to_20100331,9/149/192,0,186.34091186523438,86.78895568847656,1.0,0.39914082598798867,90.0,0.0,,False
DFO_3629_From_20100327_to_20100331,9/149/192,0,31.92727279663086,81.9488525390625,5.0,-1.543426362847932,90.0,0.0,,False
DFO_3629_From_20100327_to_20100331,9/149/192,0,218.4705047607422,87.50713348388672,27.0,0.8033401786225036,90.0,0.0,,False
DFO_3629_From_20100327_to_20100331,9/149/192,0,186.15589904785156,78.16718292236328,1.0,0.39681331249416923,90.0,0.0,,False
DFO_3629_From_20100327_to_20100331,9/149/192,0,151.16012573242188,86.66661834716797,1.0,-0.04344339928690746,41.0,0.0,,False
DFO_3629_From_20100327_to_20100331,9/149/192,0,153.21023559570312,88.73312377929688,1.0,-0.01765243821675418,22.0,25.0,,False
DFO_3629_From_20100327_to_20100331,9/149/192,0,80.5822525024414,88.59562683105469,7.0,-0.9313329770558039,82.0,0.0,,False
DFO_3629_From_20100327_to_20100331,9/149/192,0,164.15863037109375,82.43940734863281,8.0,0.12008146009288555,90.0,0.0,,False
DFO_3629_From_20100327_to_20100331,9/149/192,0,66.63758087158203,85.2164077758789,6.0,-1.1067608844128964,41.0,0.0,,False
DFO_3629_From_20100327_to_20100331,9/149/192,0,144.25938415527344,86.9330825805664,16.0,-0.13025667722829903,21.0,5.0,,False
DFO_3629_From_20100327_to_20100331,9/149/192,0,95.50145721435547,88.54840850830078,1.0,-0.7436451683123387,41.0,0.0,,False
DFO_3629_From_20100327_to_20100331,9/149/192,0,309.775634765625,88.3720932006836,1.0,1.9519845003917902,81.0,0.0,,False
DFO_3629_From_20100327_to_20100331,9/149/192,0,191.7132110595703,85.78502655029297,1.0,0.46672586709235686,41.0,0.0,,False
DFO_3629_From_20100327_to_20100331,9/149/192,0,32.55278778076172,77.22820281982422,1.0,-1.5355572076902197,22.0,45.0,,False
DFO_3629_From_20100327_to_20100331,9/149/192,0,25.383953094482422,81.32498931884766,1.0,-1.625743172659078,22.0,21.0,,False
DFO_3629_From_20100327_to_20100331,9/149/192,0,159.4048614501953,89.02659606933594,1.0,0.060277704513091855,41.0,0.0,,False
DFO_3629_From_20100327_to_20100331,9/149/192,0,270.5087585449219,87.80978393554688,1.0,1.4579961078215586,41.0,0.0,,False
DFO_3629_From_20100327_to_20100331,9/149/192,0,233.78924560546875,86.98184967041016,1.0,0.9960542647533642,41.0,0.0,,False
DFO_3861_From_20110827_to_20110913,9/149/192,1,282.87042236328125,88.49503326416016,1.0,1.6135093298258425,11.0,0.0,,False
DFO_3861_From_20110827_to_20110913,9/149/192,0,31.70630645751953,67.821044921875,67.0,-1.5462061817990556,82.0,0.0,,False
DFO_3861_From_20110827_to_20110913,9/149/192,0,304.2796325683594,89.29556274414062,1.0,1.8828432405744822,41.0,0.0,,False
DFO_3861_From_20110827_to_20110913,9/149/192,0,293.78179931640625,88.90217590332031,1.0,1.7507775334768425,41.0,0.0,,False
DFO_3861_From_20110827_to_20110913,9/149/192,0,70.40304565429688,86.37012481689453,1.0,-1.059390274007366,81.0,0.0,,False
DFO_3861_From_20110827_to_20110913,9/149/192,0,192.1953887939453,86.88059997558594,1.0,0.47279179916697095,81.0,0.0,,False
DFO_3861_From_20110827_to_20110913,9/149/192,0,98.64643859863281,89.01004028320312,2.0,-0.7040804142954823,41.0,0.0,,False
DFO_3861_From_20110827_to_20110913,9/149/192,0,101.35157775878906,88.56190490722656,10.0,-0.6700489996778913,41.0,0.0,,False
DFO_3861_From_20110827_to_20110913,9/149/192,0,193.0098419189453,86.38427734375,1.0,0.4830378494965468,41.0,0.0,,False
DFO_3861_From_20110827_to_20110913,9/149/192,0,41.73828887939453,81.58427429199219,3.0,-1.4200010097089466,41.0,0.0,,False
DFO_3861_From_20110827_to_20110913,9/149/192,0,224.61557006835938,88.06948852539062,23.0,0.8806468356758197,90.0,0.0,,False
DFO_3861_From_20110827_to_20110913,9/149/192,0,174.28956604003906,84.44651794433594,1.0,0.24753149197742091,41.0,0.0,,False
DFO_3861_From_20110827_to_20110913,9/149/192,0,136.1229705810547,88.6489486694336,3.0,-0.23261505787014375,23.0,52.0,,False
DFO_3861_From_20110827_to_20110913,9/149/192,0,207.81228637695312,88.45020294189453,1.0,0.6692567812705517,41.0,0.0,,False
DFO_3861_From_20110827_to_20110913,9/149/192,0,139.71829223632812,89.03693389892578,1.0,-0.18738489605948605,41.0,0.0,,False
DFO_3861_From_20110827_to_20110913,9/149/192,0,167.2535858154297,82.33434295654297,24.0,0.1590168736570007,82.0,0.0,,False
DFO_3861_From_20110827_to_20110913,9/149/192,0,66.63758087158203,85.2164077758789,6.0,-1.1067608844128964,41.0,0.0,,False
DFO_3861_From_20110827_to_20110913,9/149/192,0,158.62818908691406,86.54755401611328,1.0,0.05050694683594456,22.0,48.0,,False
DFO_3861_From_20110827_to_20110913,9/149/192,0,31.631591796875,84.51107025146484,3.0,-1.547146113330807,23.0,76.0,,False
DFO_3861_From_20110827_to_20110913,9/149/192,0,251.5595703125,89.36509704589844,1.0,1.2196099682459973,41.0,0.0,,False
DFO_3861_From_20110827_to_20110913,9/149/192,0,136.20962524414062,88.8303451538086,1.0,-0.23152491773559525,82.0,0.0,,False
DFO_3861_From_20110827_to_20110913,9/149/192,0,37.75647735595703,82.68911743164062,1.0,-1.4700933232132087,41.0,0.0,,False
DFO_3861_From_20110827_to_20110913,9/149/192,0,25.383953094482422,81.32498931884766,1.0,-1.625743172659078,22.0,21.0,,False
DFO_3861_From_20110827_to_20110913,9/149/192,0,168.63548278808594,87.62996673583984,1.0,0.1764015278470433,31.0,0.0,,False
DFO_3861_From_20110827_to_20110913,9/149/192,0,248.5364990234375,88.54364776611328,1.0,1.1815788776566767,41.0,0.0,,False
DFO_3861_From_20110827_to_20110913,9/149/192,0,208.46775817871094,88.87774658203125,1.0,0.677502801654387,90.0,0.0,,False
DFO_3285_From_20080317_to_20080502,9/150/184,1,53.84977722167969,78.32510375976562,1.0,-1.394124128730135,90.0,0.0,,False
DFO_3285_From_20080317_to_20080502,9/150/184,1,50.199378967285156,67.24273681640625,137.0,-1.413054577092126,82.0,0.0,,False
DFO_3285_From_20080317_to_20080502,9/150/184,1,398.6735534667969,88.8667221069336,1.0,0.39408313943206086,41.0,0.0,,False
DFO_3285_From_20080317_to_20080502,9/150/184,1,521.2576904296875,87.28557586669922,1.0,1.0297871128222515,41.0,0.0,,False
DFO_3285_From_20080317_to_20080502,9/150/184,0,487.84814453125,87.4344482421875,1.0,0.8565299393983515,41.0,0.0,,False
DFO_3285_From_20080317_to_20080502,9/150/184,0,306.5106506347656,88.89798736572266,2.0,-0.08386062214316264,43.0,0.0,,False
DFO_3285_From_20080317_to_20080502,9/150/184,0,209.35752868652344,87.19019317626953,1.0,-0.5876829533184912,22.0,33.0,,False
DFO_3285_From_20080317_to_20080502,9/150/184,0,581.2315673828125,87.32217407226562,1.0,1.3408031449395033,41.0,0.0,,False
DFO_3285_From_20080317_to_20080502,9/150/184,0,152.78074645996094,88.13748931884766,3.0,-0.88108213329514,82.0,0.0,,False
DFO_3285_From_20080317_to_20080502,9/150/184,0,474.0185546875,82.8840103149414,1.0,0.7848116450754088,41.0,0.0,,False
DFO_3285_From_20080317_to_20080502,9/150/184,0,415.40240478515625,88.40926361083984,9.0,0.4808365931562907,43.0,0.0,,False
DFO_3285_From_20080317_to_20080502,9/150/184,0,420.73895263671875,88.15680694580078,3.0,0.5085111745293451,41.0,0.0,,False
DFO_3285_From_20080317_to_20080502,9/150/184,0,417.849853515625,88.57105255126953,22.0,0.4935287156541532,43.0,0.0,,False
DFO_3285_From_20080317_to_20080502,9/150/184,0,109.13127899169922,86.20849609375,8.0,-1.1074420897578585,41.0,0.0,,False
DFO_3285_From_20080317_to_20080502,9/150/184,0,455.55999755859375,84.41248321533203,2.0,0.6890881819861531,90.0,0.0,,False
DFO_3285_From_20080317_to_20080502,9/150/184,0,340.779541015625,89.08035278320312,4.0,0.09385299006246911,41.0,0.0,,False
DFO_3285_From_20080317_to_20080502,9/150/184,0,545.03125,89.34353637695312,1.0,1.1530734258388464,41.0,0.0,,False
DFO_3285_From_20080317_to_20080502,9/150/184,0,466.4225769042969,88.78445434570312,1.0,0.7454199800671734,43.0,0.0,,False
DFO_3285_From_20080317_to_20080502,9/150/184,0,85.83749389648438,85.14105224609375,1.0,-1.2282403602943475,90.0,0.0,,False
DFO_3285_From_20080317_to_20080502,9/150/184,0,581.7478637695312,89.15153503417969,1.0,1.3434805848808837,41.0,0.0,,False
DFO_3285_From_20080317_to_20080502,9/150/184,0,438.2461242675781,89.39883422851562,1.0,0.5993008871650876,41.0,0.0,,False
DFO_3285_From_20080317_to_20080502,9/150/184,0,519.5285034179688,88.36365509033203,1.0,1.0208197938744739,41.0,0.0,,False
DFO_3285_From_20080317_to_20080502,9/150/184,0,277.7358093261719,89.13365173339844,11.0,-0.23308287395118238,43.0,0.0,,False
DFO_3285_From_20080317_to_20080502,9/150/184,0,470.44158935546875,88.93460083007812,1.0,0.7662620094489037,90.0,0.0,,False
DFO_3285_From_20080317_to_20080502,9/150/184,0,526.2637939453125,89.38636779785156,1.0,1.0557480566681003,42.0,0.0,,False
DFO_3285_From_20080317_to_20080502,9/150/184,0,496.3377685546875,88.56698608398438,1.0,0.9005559272463698,41.0,0.0,,False
DFO_3285_From_20080317_to_20080502,9/150/184,0,444.9064636230469,88.47061920166016,2.0,0.6338404637962816,43.0,0.0,,False
DFO_3285_From_20080317_to_20080502,9/150/184,0,70.36698150634766,84.43730926513672,51.0,-1.308468246548254,90.0,0.0,,False
DFO_3285_From_20080317_to_20080502,9/150/184,0,449.905517578125,87.0949478149414,1.0,0.6597648496195235,42.0,0.0,,False
DFO_3812_From_20110504_to_20110609,9/150/184,1,467.08123779296875,89.41978454589844,4.0,0.748835702153402,41.0,0.0,,False
DFO_3812_From_20110504_to_20110609,9/150/184,0,289.0371398925781,89.12447357177734,2.0,-0.17447577417745438,42.0,0.0,,False
DFO_3812_From_20110504_to_20110609,9/150/184,0,271.65277099609375,88.73759460449219,19.0,-0.2646286492245861,81.0,0.0,,False
DFO_3812_From_20110504_to_20110609,9/150/184,0,91.46652221679688,87.29169464111328,23.0,-1.1990490166327132,21.0,3.0,,False
DFO_3812_From_20110504_to_20110609,9/150/184,0,345.7958984375,88.16182708740234,1.0,0.11986710921392733,41.0,0.0,,False
DFO_3812_From_20110504_to_20110609,9/150/184,0,58.79618835449219,80.44847106933594,5.0,-1.3684727411276567,81.0,0.0,,False
DFO_3812_From_20110504_to_20110609,9/150/184,0,513.3704223632812,88.80901336669922,3.0,0.9888848576591234,21.0,1.0,,False
DFO_3812_From_20110504_to_20110609,9/150/184,0,598.74658203125,89.3026123046875,2.0,1.4316335303536434,41.0,0.0,,False
DFO_3812_From_20110504_to_20110609,9/150/184,0,439.08038330078125,87.71968078613281,1.0,0.6036272363598812,90.0,0.0,,False
DFO_3812_From_20110504_to_20110609,9/150/184,0,541.049560546875,88.693359375,2.0,1.1324249482391417,41.0,0.0,,False
DFO_3812_From_20110504_to_20110609,9/150/184,0,58.212738037109375,71.35419464111328,40.0,-1.371498431842829,81.0,0.0,,False
DFO_3812_From_20110504_to_20110609,9/150/184,0,82.42652130126953,86.85821533203125,1.0,-1.245929181096337,0.0,127.0,,False
DFO_3812_From_20110504_to_20110609,9/150/184,0,362.56268310546875,88.44766998291016,1.0,0.20681727991694523,41.0,0.0,,False
DFO_3812_From_20110504_to_20110609,9/150/184,0,332.3843078613281,88.25273132324219,17.0,0.05031649989376808,43.0,0.0,,False
DFO_3812_From_20110504_to_20110609,9/150/184,0,356.31884765625,88.78836822509766,5.0,0.17443763355646652,41.0,0.0,,False
DFO_3812_From_20110504_to_20110609,9/150/184,0,90.97576141357422,87.48475646972656,12.0,-1.2015940326545438,0.0,127.0,,False
DFO_3812_From_20110504_to_20110609,9/150/184,0,462.92425537109375,88.40306854248047,5.0,0.7272781800435135,42.0,0.0,,False
DFO_3812_From_20110504_to_20110609,9/150/184,0,320.2102966308594,88.05113220214844,33.0,-0.01281619821095166,90.0,0.0,,False
DFO_3812_From_20110504_to_20110609,9/150/184,0,525.9977416992188,87.11392974853516,1.0,1.054368347399336,41.0,0.0,,False
DFO_3812_From_20110504_to_20110609,9/150/184,0,292.79736328125,88.40418243408203,4.0,-0.15497578822301503,41.0,0.0,,False
DFO_3812_From_20110504_to_20110609,9/150/184,0,381.88836669921875,88.86724853515625,5.0,0.30703753804665423,90.0,0.0,,False
DFO_3812_From_20110504_to_20110609,9/150/184,0,444.9064636230469,88.47061920166016,2.0,0.6338404637962816,43.0,0.0,,False
DFO_3812_From_20110504_to_20110609,9/150/184,0,567.9710083007812,89.03144073486328,1.0,1.2720357635582193,42.0,0.0,,False
DFO_3812_From_20110504_to_20110609,9/150/184,0,387.592041015625,88.51089477539062,2.0,0.3366159852723395,42.0,0.0,,False
DFO_3812_From_20110504_to_20110609,9/150/184,0,122.85234832763672,87.66145324707031,1.0,-1.0362865674192845,0.0,127.0,,False
DFO_3812_From_20110504_to_20110609,9/150/184,0,152.13536071777344,88.16866302490234,31.0,-0.8844290123517847,82.0,0.0,,False
DFO_2412_From_20040104_to_20040116,9/150/185,1,744.99072265625,89.57711791992188,1.0,0.9454559264216619,42.0,0.0,,False
DFO_2412_From_20040104_to_20040116,9/150/185,1,821.7142944335938,89.56571960449219,3.0,1.4181100044735302,42.0,0.0,,False
DFO_2412_From_20040104_to_20040116,9/150/185,0,562.1978759765625,89.49412536621094,1.0,-0.1806358654541855,41.0,0.0,,False
DFO_2412_From_20040104_to_20040116,9/150/185,0,528.2435302734375,86.4464340209961,1.0,-0.38981095457463344,42.0,0.0,,False
DFO_2412_From_20040104_to_20040116,9/150/185,0,475.7274475097656,83.59803771972656,2.0,-0.7133352653769727,41.0,0.0,,False
DFO_2412_From_20040104_to_20040116,9/150/185,0,782.39013671875,89.54280853271484,1.0,1.1758542924504314,42.0,0.0,,False
DFO_2412_From_20040104_to_20040116,9/150/185,0,519.521240234375,86.39531707763672,1.0,-0.4435444534382966,90.0,0.0,,False
DFO_2412_From_20040104_to_20040116,9/150/185,0,834.7893676757812,89.72437286376953,1.0,1.498658739960995,42.0,0.0,,False
DFO_2412_From_20040104_to_20040116,9/150/185,0,486.9903259277344,63.537654876708984,1.0,-0.6439505210078725,41.0,0.0,,False
DFO_2412_From_20040104_to_20040116,9/150/185,0,617.6137084960938,88.25923919677734,1.0,0.16075229756053955,41.0,0.0,,False
DFO_2412_From_20040104_to_20040116,9/150/185,0,535.8028564453125,89.42188262939453,1.0,-0.34324187209200563,41.0,0.0,,False
DFO_2412_From_20040104_to_20040116,9/150/185,0,569.096923828125,88.67157745361328,1.0,-0.13813441477643018,41.0,0.0,,False
DFO_2412_From_20040104_to_20040116,9/150/185,0,535.0054321289062,89.18621063232422,1.0,-0.3481543891497482,41.0,0.0,,False
DFO_2412_From_20040104_to_20040116,9/150/185,0,568.31982421875,89.1937255859375,1.0,-0.14292172187012925,41.0,0.0,,False
DFO_2412_From_20040104_to_20040116,9/150/185,0,566.6578369140625,86.42597198486328,1.0,-0.15316036247344575,41.0,0.0,,False
DFO_2412_From_20040104_to_20040116,9/150/185,0,695.4149780273438,89.71319580078125,2.0,0.6400455117538973,41.0,0.0,,False
DFO_2412_From_20040104_to_20040116,9/150/185,0,612.15380859375,82.0716781616211,1.0,0.12711668995239858,41.0,0.0,,False
DFO_2412_From_20040104_to_20040116,9/150/185,0,557.4468994140625,89.07113647460938,1.0,-0.20990416455672523,41.0,0.0,,False
DFO_2412_From_20040104_to_20040116,9/150/185,0,553.7158813476562,88.52008056640625,1.0,-0.2328890290973104,41.0,0.0,,False
DFO_2412_From_20040104_to_20040116,9/150/185,0,739.2648315429688,89.3389892578125,2.0,0.9101816851099126,90.0,0.0,,False
DFO_2412_From_20040104_to_20040116,9/150/185,0,491.31768798828125,89.07328033447266,2.0,-0.6172918908405998,41.0,0.0,,False
DFO_2412_From_20040104_to_20040116,9/150/185,0,494.5836181640625,82.08130645751953,8.0,-0.5971721912429918,95.0,0.0,,False
DFO_2412_From_20040104_to_20040116,9/150/185,0,519.8220825195312,87.4396743774414,7.0,-0.4416911203669141,42.0,0.0,,False
DFO_2412_From_20040104_to_20040116,9/150/185,0,572.532958984375,87.4776382446289,1.0,-0.11696678674101682,41.0,0.0,,False
DFO_2412_From_20040104_to_20040116,9/150/185,0,731.9959106445312,89.66332244873047,2.0,0.8654016386901044,42.0,0.0,,False
DFO_2412_From_20040104_to_20040116,9/150/185,0,639.8146362304688,89.41403198242188,1.0,0.2975206829094321,41.0,0.0,,False
DFO_2412_From_20040104_to_20040116,9/150/185,0,551.548828125,88.3619155883789,1.0,-0.2462391185068129,43.0,0.0,,False
DFO_2606_From_20050105_to_20050201,9/150/185,1,693.6982421875,89.12891387939453,1.0,0.6294695938600493,42.0,0.0,,False
DFO_2606_From_20050105_to_20050201,9/150/185,1,737.3276977539062,89.53668212890625,1.0,0.8982480099182836,42.0,0.0,,False
DFO_2606_From_20050105_to_20050201,9/150/185,0,596.70751953125,88.50446319580078,1.0,0.031960125326525875,41.0,0.0,,False
DFO_2606_From_20050105_to_20050201,9/150/185,0,485.81341552734375,84.7928695678711,1.0,-0.6512008547366074,41.0,0.0,,False
DFO_2606_From_20050105_to_20050201,9/150/185,0,492.257568359375,77.83409881591797,8.0,-0.6115017760168586,42.0,0.0,,False
DFO_2606_From_20050105_to_20050201,9/150/185,0,978.5966186523438,89.73847961425781,1.0,2.384580524530108,42.0,0.0,,False
DFO_2606_From_20050105_to_20050201,9/150/185,0,480.0874938964844,81.64469146728516,1.0,-0.6864752840513056,42.0,0.0,,False
DFO_2606_From_20050105_to_20050201,9/150/185,0,515.5714721679688,88.75985717773438,1.0,-0.467876923117416,42.0,0.0,,False
DFO_2606_From_20050105_to_20050201,9/150/185,0,480.5034484863281,82.56861877441406,2.0,-0.6839128038562413,42.0,0.0,,False
DFO_2606_From_20050105_to_20050201,9/150/185,0,582.8824462890625,88.7386703491211,1.0,-0.05320897063591339,41.0,0.0,,False
DFO_2606_From_20050105_to_20050201,9/150/185,0,739.2648315429688,89.3389892578125,2.0,0.9101816851099126,90.0,0.0,,False
DFO_2606_From_20050105_to_20050201,9/150/185,0,486.4349060058594,88.73931121826172,2.0,-0.647372174679932,42.0,0.0,,False
DFO_2606_From_20050105_to_20050201,9/150/185,0,612.15380859375,82.0716781616211,1.0,0.12711668995239858,41.0,0.0,,False
DFO_2606_From_20050105_to_20050201,9/150/185,0,568.31982421875,89.1937255859375,1.0,-0.14292172187012925,41.0,0.0,,False
DFO_2606_From_20050105_to_20050201,9/150/185,0,482.0140686035156,88.3216323852539,4.0,-0.6746066578800355,90.0,0.0,,False
DFO_2606_From_20050105_to_20050201,9/150/185,0,512.3661499023438,88.5986099243164,7.0,-0.48762324885828157,41.0,0.0,,False
DFO_2606_From_20050105_to_20050201,9/150/185,0,528.7840576171875,88.8685531616211,1.0,-0.3864810463416929,41.0,0.0,,False
DFO_2606_From_20050105_to_20050201,9/150/185,0,515.0900268554688,89.39649200439453,2.0,-0.470842857641065,42.0,0.0,,False
DFO_2606_From_20050105_to_20050201,9/150/185,0,604.0557250976562,86.31611633300781,1.0,0.07722860340787306,41.0,0.0,,False
DFO_2606_From_20050105_to_20050201,9/150/185,0,981.9713745117188,89.57876586914062,1.0,2.4053706426439003,42.0,0.0,,False
DFO_2606_From_20050105_to_20050201,9/150/185,0,491.31768798828125,89.07328033447266,2.0,-0.6172918908405998,41.0,0.0,,False
DFO_2606_From_20050105_to_20050201,9/150/185,0,522.5814819335938,88.51663208007812,1.0,-0.42469189371704485,41.0,0.0,,False
DFO_2606_From_20050105_to_20050201,9/150/185,0,520.2720336914062,88.00302124023438,1.0,-0.4389192048866479,41.0,0.0,,False
DFO_2606_From_20050105_to_20050201,9/150/185,0,947.95654296875,89.71344757080078,1.0,2.1958229316785065,42.0,0.0,,False
DFO_2606_From_20050105_to_20050201,9/150/185,0,543.5939331054688,88.9710922241211,2.0,-0.29524509521456355,41.0,0.0,,False
DFO_2606_From_20050105_to_20050201,9/150/185,0,599.9005737304688,89.31936645507812,1.0,0.05163087388188771,41.0,0.0,,False
DFO_2606_From_20050105_to_20050201,9/150/185,0,498.6319580078125,68.72245025634766,1.0,-0.5722324720385564,11.0,0.0,,False
DFO_3171_From_20070816_to_20070827,9/150/185,1,575.3002319335938,89.35600280761719,1.0,-0.09991905533030192,41.0,0.0,,False
DFO_3171_From_20070816_to_20070827,9/150/185,0,596.70751953125,88.50446319580078,1.0,0.031960125326525875,41.0,0.0,,False
DFO_3171_From_20070816_to_20070827,9/150/185,0,501.5586853027344,85.7802963256836,5.0,-0.554202425219242,41.0,0.0,,False
DFO_3171_From_20070816_to_20070827,9/150/185,0,492.257568359375,77.83409881591797,8.0,-0.6115017760168586,42.0,0.0,,False
DFO_3171_From_20070816_to_20070827,9/150/185,0,993.6947021484375,89.66897583007812,1.0,2.477591975507728,42.0,0.0,,False
DFO_3171_From_20070816_to_20070827,9/150/185,0,480.0874938964844,81.64469146728516,1.0,-0.6864752840513056,42.0,0.0,,False
DFO_3171_From_20070816_to_20070827,9/150/185,0,579.5802612304688,89.39592742919922,1.0,-0.07355201773695022,42.0,0.0,,False
DFO_3171_From_20070816_to_20070827,9/150/185,0,480.5034484863281,82.56861877441406,2.0,-0.6839128038562413,42.0,0.0,,False
DFO_3171_From_20070816_to_20070827,9/150/185,0,543.5939331054688,88.9710922241211,2.0,-0.29524509521456355,41.0,0.0,,False
DFO_3171_From_20070816_to_20070827,9/150/185,0,960.027587890625,89.71378326416016,1.0,2.270186370143402,42.0,0.0,,False
DFO_3171_From_20070816_to_20070827,9/150/185,0,569.096923828125,88.67157745361328,1.0,-0.13813441477643018,41.0,0.0,,False
DFO_3171_From_20070816_to_20070827,9/150/185,0,535.0054321289062,89.18621063232422,1.0,-0.3481543891497482,41.0,0.0,,False
DFO_3171_From_20070816_to_20070827,9/150/185,0,616.7119140625,88.73051452636719,1.0,0.1551968104171682,41.0,0.0,,False
DFO_3171_From_20070816_to_20070827,9/150/185,0,482.0140686035156,88.3216323852539,4.0,-0.6746066578800355,90.0,0.0,,False
DFO_3171_From_20070816_to_20070827,9/150/185,0,546.7754516601562,89.20275115966797,5.0,-0.2756454117739291,41.0,0.0,,False
DFO_3171_From_20070816_to_20070827,9/150/185,0,612.15380859375,82.0716781616211,1.0,0.12711668995239858,41.0,0.0,,False
DFO_3171_From_20070816_to_20070827,9/150/185,0,504.3620300292969,88.11799621582031,4.0,-0.5369324743227922,43.0,0.0,,False
DFO_3171_From_20070816_to_20070827,9/150/185,0,545.0382690429688,88.69798278808594,1.0,-0.2863472916436167,41.0,0.0,,False
DFO_3171_From_20070816_to_20070827,9/150/185,0,967.1222534179688,89.50487518310547,1.0,2.313892919724339,42.0,0.0,,False
DFO_3171_From_20070816_to_20070827,9/150/185,0,491.31768798828125,89.07328033447266,2.0,-0.6172918908405998,41.0,0.0,,False
DFO_3171_From_20070816_to_20070827,9/150/185,0,522.5814819335938,88.51663208007812,1.0,-0.42469189371704485,41.0,0.0,,False
DFO_3171_From_20070816_to_20070827,9/150/185,0,520.2720336914062,88.00302124023438,1.0,-0.4389192048866479,41.0,0.0,,False
DFO_3171_From_20070816_to_20070827,9/150/185,0,947.95654296875,89.71344757080078,1.0,2.1958229316785065,42.0,0.0,,False
DFO_3171_From_20070816_to_20070827,9/150/185,0,599.2774658203125,89.12504577636719,3.0,0.04779222966891459,41.0,0.0,,False
DFO_3171_From_20070816_to_20070827,9/150/185,0,639.8146362304688,89.41403198242188,1.0,0.2975206829094321,41.0,0.0,,False
DFO_3171_From_20070816_to_20070827,9/150/185,0,506.08642578125,88.5138168334961,1.0,-0.5263093676887416,41.0,0.0,,False
DFO_3285_From_20080317_to_20080502,9/150/185,1,439.7874450683594,86.25269317626953,1.0,-0.9347429543779824,41.0,0.0,,False
DFO_3285_From_20080317_to_20080502,9/150/185,1,492.257568359375,77.83409881591797,8.0,-0.6115017760168586,42.0,0.0,,False
DFO_3285_From_20080317_to_20080502,9/150/185,1,472.0933837890625,86.67625427246094,10.0,-0.7357228445485395,43.0,0.0,,False
DFO_3285_From_20080317_to_20080502,9/150/185,1,481.9305114746094,86.92760467529297,2.0,-0.6751214099544366,90.0,0.0,,False
DFO_3285_From_20080317_to_20080502,9/150/185,1,496.431884765625,88.60454559326172,12.0,-0.5857859806388923,42.0,0.0,,False
DFO_3285_From_20080317_to_20080502,9/150/185,1,506.9294128417969,87.61813354492188,23.0,-0.5211161622281207,90.0,0.0,,False
DFO_3285_From_20080317_to_20080502,9/150/185,0,478.4058837890625,83.82184600830078,28.0,-0.6968348105508383,42.0,0.0,,False
DFO_3285_From_20080317_to_20080502,9/150/185,0,527.565185546875,88.42765045166016,1.0,-0.3939898841253224,42.0,0.0,,False
DFO_3285_From_20080317_to_20080502,9/150/185,0,472.1665344238281,88.12713623046875,9.0,-0.7352722014797524,90.0,0.0,,False
DFO_3285_From_20080317_to_20080502,9/150/185,0,736.982666015625,88.79364776611328,4.0,0.8961224485767284,42.0,0.0,,False
DFO_3285_From_20080317_to_20080502,9/150/185,0,539.7720336914062,86.6705551147461,1.0,-0.3187898325373132,90.0,0.0,,False
DFO_3285_From_20080317_to_20080502,9/150/185,0,857.4344482421875,89.67881774902344,1.0,1.6381633202298411,43.0,0.0,,False
DFO_3285_From_20080317_to_20080502,9/150/185,0,516.7216796875,88.84567260742188,1.0,-0.46079109196906864,42.0,0.0,,False
DFO_3285_From_20080317_to_20080502,9/150/185,0,731.9959106445312,89.66332244873047,2.0,0.8654016386901044,42.0,0.0,,False
DFO_3285_From_20080317_to_20080502,9/150/185,0,559.6062622070312,89.39231872558594,3.0,-0.19660145189037434,43.0,0.0,,False
DFO_3285_From_20080317_to_20080502,9/150/185,0,567.3424072265625,88.33845520019531,1.0,-0.1489430803211579,41.0,0.0,,False
DFO_3285_From_20080317_to_20080502,9/150/185,0,612.15380859375,82.0716781616211,1.0,0.12711668995239858,41.0,0.0,,False
DFO_3285_From_20080317_to_20080502,9/150/185,0,479.175048828125,87.58597564697266,13.0,-0.692096384223883,52.0,0.0,,False
DFO_3285_From_20080317_to_20080502,9/150/185,0,510.6916809082031,78.49638366699219,1.0,-0.49793878266774494,41.0,0.0,,False
DFO_3285_From_20080317_to_20080502,9/150/185,0,643.461669921875,89.71896362304688,2.0,0.31998816333433006,42.0,0.0,,False
DFO_3285_From_20080317_to_20080502,9/150/185,0,528.7840576171875,88.8685531616211,1.0,-0.3864810463416929,41.0,0.0,,False
DFO_3285_From_20080317_to_20080502,9/150/185,0,491.2185974121094,87.56234741210938,9.0,-0.617902336416049,41.0,0.0,,False
DFO_3285_From_20080317_to_20080502,9/150/185,0,485.787353515625,88.10652160644531,2.0,-0.6513614092550656,41.0,0.0,,False
DFO_3285_From_20080317_to_20080502,9/150/185,0,661.29736328125,89.59310913085938,1.0,0.42986460685622313,43.0,0.0,,False
DFO_3285_From_20080317_to_20080502,9/150/185,0,487.40936279296875,77.11742401123047,1.0,-0.6413690525149578,90.0,0.0,,False
DFO_3285_From_20080317_to_20080502,9/150/185,0,492.6844177246094,88.07640075683594,1.0,-0.6088721787689961,41.0,0.0,,False
DFO_3285_From_20080317_to_20080502,9/150/185,0,541.3276977539062,88.45214080810547,1.0,-0.3092061942083624,41.0,0.0,,False
DFO_3285_From_20080317_to_20080502,9/150/185,0,821.7142944335938,89.56571960449219,3.0,1.4181100044735302,42.0,0.0,,False
DFO_3285_From_20080317_to_20080502,9/150/185,0,967.7322387695312,89.64677429199219,1.0,2.317650722669236,42.0,0.0,,False
DFO_3285_From_20080317_to_20080502,9/150/185,0,599.9005737304688,89.31936645507812,1.0,0.05163087388188771,41.0,0.0,,False
DFO_3285_From_20080317_to_20080502,9/150/185,0,503.12139892578125,86.68266296386719,2.0,-0.5445753582090689,41.0,0.0,,False
DFO_3812_From_20110504_to_20110609,9/150/185,1,445.43707275390625,86.75113677978516,25.0,-0.8999385324358198,41.0,0.0,,False
DFO_3812_From_20110504_to_20110609,9/150/185,1,541.8305053710938,87.35515594482422,1.0,-0.30610865762040346,42.0,0.0,,False
DFO_3812_From_20110504_to_20110609,9/150/185,1,495.1960754394531,80.5936508178711,1.0,-0.5933991600592247,41.0,0.0,,False
DFO_3812_From_20110504_to_20110609,9/150/185,1,951.4141845703125,89.76751708984375,1.0,2.2171236658018216,42.0,0.0,,False
DFO_3812_From_20110504_to_20110609,9/150/185,0,668.2600708007812,89.69497680664062,5.0,0.4727582316856222,41.0,0.0,,False
DFO_3812_From_20110504_to_20110609,9/150/185,0,496.0184020996094,88.0919189453125,2.0,-0.5883332325950865,90.0,0.0,,False
DFO_3812_From_20110504_to_20110609,9/150/185,0,484.40594482421875,89.42548370361328,3.0,-0.659871550745145,90.0,0.0,,False
DFO_3812_From_20110504_to_20110609,9/150/185,0,503.2095031738281,80.10586547851562,1.0,-0.5440325936952647,41.0,0.0,,False
DFO_3812_From_20110504_to_20110609,9/150/185,0,477.4043273925781,83.30756378173828,4.0,-0.7030048793345373,42.0,0.0,,False
DFO_3812_From_20110504_to_20110609,9/150/185,0,866.7596435546875,89.25817108154297,1.0,1.69561100535423,42.0,0.0,,False
DFO_3812_From_20110504_to_20110609,9/150/185,0,533.14990234375,89.0142593383789,3.0,-0.3595853444557131,42.0,0.0,,False
DFO_3812_From_20110504_to_20110609,9/150/185,0,471.6251220703125,88.57194519042969,36.0,-0.7386075617982144,90.0,0.0,,False
DFO_3812_From_20110504_to_20110609,9/150/185,0,1363.1767578125,88.5851058959961,1.0,4.753779023777767,71.0,0.0,,False
DFO_3812_From_20110504_to_20110609,9/150/185,0,436.2961120605469,87.31562042236328,7.0,-0.9562512437570095,90.0,0.0,,False
DFO_3812_From_20110504_to_20110609,9/150/185,0,506.56048583984375,88.95247650146484,1.0,-0.5233889298787541,41.0,0.0,,False
DFO_3812_From_20110504_to_20110609,9/150/185,0,488.66937255859375,87.08073425292969,4.0,-0.6336067867560571,42.0,0.0,,False
DFO_3812_From_20110504_to_20110609,9/150/185,0,633.6902465820312,89.72318267822266,2.0,0.2597914990894547,41.0,0.0,,False
DFO_3812_From_20110504_to_20110609,9/150/185,0,552.8029174804688,89.0549545288086,6.0,-0.23851332532002098,42.0,0.0,,False
DFO_3812_From_20110504_to_20110609,9/150/185,0,514.9115600585938,88.91426849365234,1.0,-0.4719422988869003,52.0,0.0,,False
DFO_3812_From_20110504_to_20110609,9/150/185,0,491.46441650390625,88.79905700683594,8.0,-0.6163879726617392,43.0,0.0,,False
DFO_3812_From_20110504_to_20110609,9/150/185,0,496.9349670410156,86.46590423583984,1.0,-0.5826867520243922,41.0,0.0,,False
DFO_3812_From_20110504_to_20110609,9/150/185,0,634.7451171875,89.63294219970703,1.0,0.26629000902508154,41.0,0.0,,False
DFO_3812_From_20110504_to_20110609,9/150/185,0,524.4925537109375,88.01866912841797,1.0,-0.412918773043874,41.0,0.0,,False
DFO_3812_From_20110504_to_20110609,9/150/185,0,493.0353088378906,85.86651611328125,2.0,-0.6067105208612302,41.0,0.0,,False
DFO_3812_From_20110504_to_20110609,9/150/185,0,501.6663818359375,89.3230972290039,11.0,-0.5535389628121706,41.0,0.0,,False
DFO_3812_From_20110504_to_20110609,9/150/185,0,846.1576538085938,89.66185760498047,2.0,1.5686928465159904,43.0,0.0,,False
DFO_3812_From_20110504_to_20110609,9/150/185,0,484.86309814453125,86.5660400390625,1.0,-0.6570552665689114,42.0,0.0,,False
DFO_3812_From_20110504_to_20110609,9/150/185,0,530.4517211914062,89.11410522460938,1.0,-0.3762074371898598,41.0,0.0,,False
DFO_3812_From_20110504_to_20110609,9/150/185,0,491.8265075683594,82.68614959716797,1.0,-0.614157317671685,42.0,0.0,,False
DFO_3861_From_20110827_to_20110913,9/150/185,1,458.7989501953125,88.46893310546875,2.0,-0.817622945233519,41.0,0.0,,False
DFO_3861_From_20110827_to_20110913,9/150/185,1,586.4257202148438,85.91438293457031,3.0,-0.03138070023766393,41.0,0.0,,False
DFO_3861_From_20110827_to_20110913,9/150/185,1,498.8193054199219,88.36726379394531,1.0,-0.5710783219345579,41.0,0.0,,False
DFO_3861_From_20110827_to_20110913,9/150/185,1,477.9471435546875,85.74707794189453,2.0,-0.6996608708804206,11.0,0.0,,False
DFO_3861_From_20110827_to_20110913,9/150/185,1,475.49713134765625,87.62841796875,20.0,-0.7147541236331834,11.0,0.0,,False
DFO_3861_From_20110827_to_20110913,9/150/185,0,516.7216796875,88.84567260742188,1.0,-0.46079109196906864,42.0,0.0,,False
DFO_3861_From_20110827_to_20110913,9/150/185,0,476.52325439453125,88.869384765625,4.0,-0.7084327124755279,42.0,0.0,,False
DFO_3861_From_20110827_to_20110913,9/150/185,0,474.7464294433594,88.68003845214844,7.0,-0.7193788081759851,90.0,0.0,,False
DFO_3861_From_20110827_to_20110913,9/150/185,0,524.3883666992188,89.43389892578125,2.0,-0.41356061511180864,71.0,0.0,,False
DFO_3861_From_20110827_to_20110913,9/150/185,0,562.9191284179688,86.35101318359375,1.0,-0.17619260375718254,41.0,0.0,,False
DFO_3861_From_20110827_to_20110913,9/150/185,0,730.3411865234375,89.69207000732422,4.0,0.8552077427886534,43.0,0.0,,False
DFO_3861_From_20110827_to_20110913,9/150/185,0,479.9640808105469,84.56221771240234,8.0,-0.6872355679771193,42.0,0.0,,False
DFO_3861_From_20110827_to_20110913,9/150/185,0,930.5833129882812,89.54131317138672,1.0,2.088795484845975,42.0,0.0,,False
DFO_3861_From_20110827_to_20110913,9/150/185,0,481.9305114746094,86.92760467529297,2.0,-0.6751214099544366,90.0,0.0,,False
DFO_3861_From_20110827_to_20110913,9/150/185,0,496.3459777832031,87.63085174560547,1.0,-0.5863152089403675,42.0,0.0,,False
DFO_3861_From_20110827_to_20110913,9/150/185,0,504.0585632324219,87.95780181884766,1.0,-0.53880197564779,90.0,0.0,,False
DFO_3861_From_20110827_to_20110913,9/150/185,0,500.3123474121094,83.94463348388672,2.0,-0.5618804656569842,21.0,1.0,,False
DFO_3861_From_20110827_to_20110913,9/150/185,0,522.5814819335938,88.51663208007812,1.0,-0.42469189371704485,41.0,0.0,,False
DFO_3861_From_20110827_to_20110913,9/150/185,0,679.3096923828125,88.65991973876953,1.0,0.5408292114470108,42.0,0.0,,False
DFO_3861_From_20110827_to_20110913,9/150/185,0,597.6318969726562,88.28330993652344,1.0,0.03765473465216775,41.0,0.0,,False
DFO_3861_From_20110827_to_20110913,9/150/185,0,693.1866455078125,89.7166519165039,3.0,0.6263179124227742,41.0,0.0,,False
DFO_3861_From_20110827_to_20110913,9/150/185,0,908.6468505859375,89.7872314453125,1.0,1.9536563330532404,42.0,0.0,,False
DFO_3861_From_20110827_to_20110913,9/150/185,0,489.4957580566406,87.03123474121094,10.0,-0.6285158548997,41.0,0.0,,False
DFO_3861_From_20110827_to_20110913,9/150/185,0,516.071044921875,88.39449310302734,1.0,-0.4647993148420526,42.0,0.0,,False
DFO_3861_From_20110827_to_20110913,9/150/185,0,497.17462158203125,86.55320739746094,1.0,-0.5812103648657833,43.0,0.0,,False
DFO_3861_From_20110827_to_20110913,9/150/185,0,597.3357543945312,88.22869110107422,1.0,0.03583035403493339,41.0,0.0,,False
DFO_3861_From_20110827_to_20110913,9/150/185,0,859.7269897460938,89.67132568359375,2.0,1.6522864777656903,41.0,0.0,,False
DFO_3861_From_20110827_to_20110913,9/150/185,0,993.6947021484375,89.66897583007812,1.0,2.477591975507728,42.0,0.0,,False
DFO_3861_From_20110827_to_20110913,9/150/185,0,524.5183715820312,87.95918273925781,1.0,-0.4127597225490079,41.0,0.0,,False
DFO_3861_From_20110827_to_20110913,9/150/185,0,633.6902465820312,89.72318267822266,2.0,0.2597914990894547,41.0,0.0,,False
DFO_2412_From_20040104_to_20040116,9/150/186,1,653.2069702148438,89.04214477539062,1.0,0.4589629022415566,41.0,0.0,,False
DFO_2412_From_20040104_to_20040116,9/150/186,0,516.494140625,85.29867553710938,21.0,-0.5645241732756409,21.0,1.0,,False
DFO_2412_From_20040104_to_20040116,9/150/186,0,533.3638916015625,86.17668914794922,3.0,-0.43823045129281385,90.0,0.0,,False
DFO_2412_From_20040104_to_20040116,9/150/186,0,716.342041015625,85.98763275146484,1.0,0.9316173646671021,41.0,0.0,,False
DFO_2412_From_20040104_to_20040116,9/150/186,0,589.3544311523438,88.58146667480469,1.0,-0.019062815355621186,42.0,0.0,,False
DFO_2412_From_20040104_to_20040116,9/150/186,0,836.6757202148438,89.2894287109375,1.0,1.8324835509594122,42.0,0.0,,False
DFO_2412_From_20040104_to_20040116,9/150/186,0,821.0146484375,89.5243148803711,1.0,1.7152384862427557,41.0,0.0,,False
DFO_2412_From_20040104_to_20040116,9/150/186,0,558.3048095703125,89.13919067382812,1.0,-0.2515127359976678,90.0,0.0,,False
DFO_2412_From_20040104_to_20040116,9/150/186,0,925.5424194335938,88.99446105957031,1.0,2.4977753042435658,42.0,0.0,,False
DFO_2412_From_20040104_to_20040116,9/150/186,0,637.2279052734375,89.29679870605469,1.0,0.3393372131570392,41.0,0.0,,False
DFO_2412_From_20040104_to_20040116,9/150/186,0,723.57470703125,89.64678955078125,2.0,0.9857640033602901,42.0,0.0,,False
DFO_2412_From_20040104_to_20040116,9/150/186,0,586.3477172851562,89.37269592285156,1.0,-0.04157228130755222,41.0,0.0,,False
DFO_2412_From_20040104_to_20040116,9/150/186,0,597.0852661132812,89.55255126953125,1.0,0.03881331586932885,41.0,0.0,,False
DFO_2412_From_20040104_to_20040116,9/150/186,0,545.43115234375,86.38935852050781,1.0,-0.3478900974022636,41.0,0.0,,False
DFO_2412_From_20040104_to_20040116,9/150/186,0,807.5223999023438,89.62316131591797,1.0,1.6142301021954977,42.0,0.0,,False
DFO_2412_From_20040104_to_20040116,9/150/186,0,525.0404052734375,86.47675323486328,1.0,-0.5005434083549862,90.0,0.0,,False
DFO_2412_From_20040104_to_20040116,9/150/186,0,858.7186889648438,89.4981689453125,1.0,1.9975060560844944,41.0,0.0,,False
DFO_2412_From_20040104_to_20040116,9/150/186,0,522.0857543945312,88.61588287353516,11.0,-0.5226631098950584,41.0,0.0,,False
DFO_2412_From_20040104_to_20040116,9/150/186,0,869.2052001953125,88.34356689453125,1.0,2.076012285118379,42.0,0.0,,False
DFO_2412_From_20040104_to_20040116,9/150/186,0,517.1163940429688,88.31781768798828,3.0,-0.5598657346133873,11.0,0.0,,False
DFO_2412_From_20040104_to_20040116,9/150/186,0,759.6409912109375,88.54507446289062,1.0,1.2557706723070559,42.0,0.0,,False
DFO_2412_From_20040104_to_20040116,9/150/186,0,629.3469848632812,89.0047607421875,1.0,0.28033748206249803,41.0,0.0,,False
DFO_2412_From_20040104_to_20040116,9/150/186,0,607.9885864257812,87.42781829833984,1.0,0.1204399448663846,43.0,0.0,,False
DFO_2412_From_20040104_to_20040116,9/150/186,0,641.710205078125,88.77641296386719,4.0,0.3728935072697003,41.0,0.0,,False
DFO_2412_From_20040104_to_20040116,9/150/186,0,510.15728759765625,81.34007263183594,2.0,-0.6119643966430912,90.0,0.0,,False
DFO_2412_From_20040104_to_20040116,9/150/186,0,542.5300903320312,86.81871795654297,1.0,-0.3696086111889802,90.0,0.0,,False
DFO_2606_From_20050105_to_20050201,9/150/186,1,686.5997314453125,89.615966796875,2.0,0.7089545060855568,42.0,0.0,,False
DFO_2606_From_20050105_to_20050201,9/150/186,0,631.5885620117188,89.44126892089844,2.0,0.2971188276544476,43.0,0.0,,False
DFO_2606_From_20050105_to_20050201,9/150/186,0,540.7646484375,77.66010284423828,3.0,-0.38282541730037656,43.0,0.0,,False
DFO_2606_From_20050105_to_20050201,9/150/186,0,645.7080688476562,89.4000473022461,1.0,0.40282311892406747,41.0,0.0,,False
DFO_2606_From_20050105_to_20050201,9/150/186,0,646.3040161132812,89.2779769897461,2.0,0.4072846191789222,42.0,0.0,,False
DFO_2606_From_20050105_to_20050201,9/150/186,0,716.342041015625,85.98763275146484,1.0,0.9316173646671021,41.0,0.0,,False
DFO_2606_From_20050105_to_20050201,9/150/186,0,542.5986938476562,88.39532470703125,8.0,-0.3690950177552997,42.0,0.0,,False
DFO_2606_From_20050105_to_20050201,9/150/186,0,520.8607177734375,88.37666320800781,5.0,-0.5318342253820708,42.0,0.0,,False
DFO_2606_From_20050105_to_20050201,9/150/186,0,576.25341796875,89.17973327636719,2.0,-0.1171422546431885,41.0,0.0,,False
DFO_2606_From_20050105_to_20050201,9/150/186,0,679.8030395507812,89.45897674560547,2.0,0.6580717445247353,42.0,0.0,,False
DFO_2606_From_20050105_to_20050201,9/150/186,0,600.7011108398438,88.53677368164062,1.0,0.06588297974664399,41.0,0.0,,False
DFO_2606_From_20050105_to_20050201,9/150/186,0,607.9885864257812,87.42781829833984,1.0,0.1204399448663846,43.0,0.0,,False
DFO_2606_From_20050105_to_20050201,9/150/186,0,545.244873046875,76.19538879394531,5.0,-0.3492846589321506,42.0,0.0,,False
DFO_2606_From_20050105_to_20050201,9/150/186,0,602.3284301757812,88.30502319335938,1.0,0.07806574498578137,41.0,0.0,,False
DFO_2606_From_20050105_to_20050201,9/150/186,0,584.6895141601562,87.53221130371094,1.0,-0.053986254978577806,90.0,0.0,,False
DFO_2606_From_20050105_to_20050201,9/150/186,0,504.4059753417969,84.51850891113281,7.0,-0.6550210269446926,42.0,0.0,,False
DFO_2606_From_20050105_to_20050201,9/150/186,0,575.9358520507812,83.96395874023438,1.0,-0.11951968047543034,42.0,0.0,,False
DFO_2606_From_20050105_to_20050201,9/150/186,0,586.4391479492188,88.78463745117188,2.0,-0.04088779468508475,41.0,0.0,,False
DFO_2606_From_20050105_to_20050201,9/150/186,0,886.9746704101562,88.5317153930664,1.0,2.2090416661811747,42.0,0.0,,False
DFO_2606_From_20050105_to_20050201,9/150/186,0,637.9485473632812,88.02978515625,1.0,0.3447322288789841,41.0,0.0,,False
DFO_2606_From_20050105_to_20050201,9/150/186,0,752.2023315429688,89.60073852539062,4.0,1.2000818825118467,90.0,0.0,,False
DFO_2606_From_20050105_to_20050201,9/150/186,0,652.7272338867188,89.56005859375,2.0,0.45537140367507173,41.0,0.0,,False
DFO_2606_From_20050105_to_20050201,9/150/186,0,572.0357666015625,88.94659423828125,3.0,-0.14871728440670476,41.0,0.0,,False
DFO_2606_From_20050105_to_20050201,9/150/186,0,607.2096557617188,88.95492553710938,1.0,0.11460855749927519,41.0,0.0,,False
DFO_2606_From_20050105_to_20050201,9/150/186,0,525.0404052734375,86.47675323486328,1.0,-0.5005434083549862,90.0,0.0,,False
DFO_2606_From_20050105_to_20050201,9/150/186,0,589.103271484375,89.09712219238281,1.0,-0.02094309736593738,42.0,0.0,,False
DFO_3171_From_20070816_to_20070827,9/150/186,1,500.8677978515625,86.22969055175781,11.0,-0.6815092427398382,11.0,0.0,,False
DFO_3171_From_20070816_to_20070827,9/150/186,0,556.5292358398438,89.02923583984375,1.0,-0.26480539309660056,43.0,0.0,,False
DFO_3171_From_20070816_to_20070827,9/150/186,0,537.61376953125,70.01841735839844,8.0,-0.40641416055689245,42.0,0.0,,False
DFO_3171_From_20070816_to_20070827,9/150/186,0,716.342041015625,85.98763275146484,1.0,0.9316173646671021,41.0,0.0,,False
DFO_3171_From_20070816_to_20070827,9/150/186,0,592.395263671875,86.64448547363281,8.0,0.0037020765121705424,41.0,0.0,,False
DFO_3171_From_20070816_to_20070827,9/150/186,0,789.5440673828125,89.54570770263672,1.0,1.4796370941486674,41.0,0.0,,False
DFO_3171_From_20070816_to_20070827,9/150/186,0,925.5424194335938,88.99446105957031,1.0,2.4977753042435658,42.0,0.0,,False
DFO_3171_From_20070816_to_20070827,9/150/186,0,520.8607177734375,88.37666320800781,5.0,-0.5318342253820708,42.0,0.0,,False
DFO_3171_From_20070816_to_20070827,9/150/186,0,556.1968383789062,87.23723602294922,2.0,-0.26729385380818793,42.0,0.0,,False
DFO_3171_From_20070816_to_20070827,9/150/186,0,705.1990966796875,89.24516296386719,1.0,0.8481968141214433,42.0,0.0,,False
DFO_3171_From_20070816_to_20070827,9/150/186,0,598.72021484375,89.06856536865234,3.0,0.05105319781594849,41.0,0.0,,False
DFO_3171_From_20070816_to_20070827,9/150/186,0,586.3477172851562,89.37269592285156,1.0,-0.04157228130755222,41.0,0.0,,False
DFO_3171_From_20070816_to_20070827,9/150/186,0,551.80712890625,87.08625030517578,1.0,-0.30015697955884424,42.0,0.0,,False
DFO_3171_From_20070816_to_20070827,9/150/186,0,632.7767944335938,88.42464447021484,1.0,0.3060144121445656,41.0,0.0,,False
DFO_3171_From_20070816_to_20070827,9/150/186,0,575.9358520507812,83.96395874023438,1.0,-0.11951968047543034,42.0,0.0,,False
DFO_3171_From_20070816_to_20070827,9/150/186,0,504.4059753417969,84.51850891113281,7.0,-0.6550210269446926,42.0,0.0,,False
DFO_3171_From_20070816_to_20070827,9/150/186,0,807.5223999023438,89.62316131591797,1.0,1.6142301021954977,42.0,0.0,,False
DFO_3171_From_20070816_to_20070827,9/150/186,0,551.2129516601562,81.72998046875,1.0,-0.3046052287375631,42.0,0.0,,False
DFO_3171_From_20070816_to_20070827,9/150/186,0,886.9746704101562,88.5317153930664,1.0,2.2090416661811747,42.0,0.0,,False
DFO_3171_From_20070816_to_20070827,9/150/186,0,550.7447509765625,85.78414154052734,1.0,-0.30811036684233484,41.0,0.0,,False
DFO_3171_From_20070816_to_20070827,9/150/186,0,541.9616088867188,87.82820129394531,2.0,-0.3738644912968988,41.0,0.0,,False
DFO_3171_From_20070816_to_20070827,9/150/186,0,652.7272338867188,89.56005859375,2.0,0.45537140367507173,41.0,0.0,,False
DFO_3171_From_20070816_to_20070827,9/150/186,0,577.0000610351562,88.14116668701172,9.0,-0.11155258518214403,11.0,0.0,,False
DFO_3171_From_20070816_to_20070827,9/150/186,0,721.8251342773438,89.22109985351562,1.0,0.9726660000004569,21.0,2.0,,False
DFO_3171_From_20070816_to_20070827,9/150/186,0,525.0404052734375,86.47675323486328,1.0,-0.5005434083549862,90.0,0.0,,False
DFO_3171_From_20070816_to_20070827,9/150/186,0,589.103271484375,89.09712219238281,1.0,-0.02094309736593738,42.0,0.0,,False
DFO_3285_From_20080317_to_20080502,9/150/186,1,504.4059753417969,84.51850891113281,7.0,-0.6550210269446926,42.0,0.0,,False
DFO_3285_From_20080317_to_20080502,9/150/186,1,597.0852661132812,89.55255126953125,1.0,0.03881331586932885,41.0,0.0,,False
DFO_3285_From_20080317_to_20080502,9/150/186,1,627.092041015625,89.56934356689453,1.0,0.26345606799903953,42.0,0.0,,False
DFO_3285_From_20080317_to_20080502,9/150/186,1,584.319091796875,88.8675308227539,1.0,-0.05675938536025678,11.0,0.0,,False
DFO_3285_From_20080317_to_20080502,9/150/186,1,579.2957763671875,89.1639175415039,2.0,-0.09436593943390031,90.0,0.0,,False
DFO_3285_From_20080317_to_20080502,9/150/186,0,516.494140625,85.29867553710938,21.0,-0.5645241732756409,21.0,1.0,,False
DFO_3285_From_20080317_to_20080502,9/150/186,0,560.3514404296875,84.47730255126953,1.0,-0.23619083651530512,41.0,0.0,,False
DFO_3285_From_20080317_to_20080502,9/150/186,0,617.9814453125,88.98970031738281,1.0,0.19525049445933668,90.0,0.0,,False
DFO_3285_From_20080317_to_20080502,9/150/186,0,641.710205078125,88.77641296386719,4.0,0.3728935072697003,41.0,0.0,,False
DFO_3285_From_20080317_to_20080502,9/150/186,0,664.232421875,88.844482421875,2.0,0.5415038554919884,41.0,0.0,,False
DFO_3285_From_20080317_to_20080502,9/150/186,0,556.1968383789062,87.23723602294922,2.0,-0.26729385380818793,42.0,0.0,,False
DFO_3285_From_20080317_to_20080502,9/150/186,0,657.9483032226562,88.08385467529297,1.0,0.4944584228066556,41.0,0.0,,False
DFO_3285_From_20080317_to_20080502,9/150/186,0,576.25341796875,89.17973327636719,2.0,-0.1171422546431885,41.0,0.0,,False
DFO_3285_From_20080317_to_20080502,9/150/186,0,679.8030395507812,89.45897674560547,2.0,0.6580717445247353,42.0,0.0,,False
DFO_3285_From_20080317_to_20080502,9/150/186,0,908.9967041015625,89.76698303222656,1.0,2.3739074430609253,42.0,0.0,,False
DFO_3285_From_20080317_to_20080502,9/150/186,0,607.9885864257812,87.42781829833984,1.0,0.1204399448663846,43.0,0.0,,False
DFO_3285_From_20080317_to_20080502,9/150/186,0,533.3638916015625,86.17668914794922,3.0,-0.43823045129281385,90.0,0.0,,False
DFO_3285_From_20080317_to_20080502,9/150/186,0,551.2129516601562,81.72998046875,1.0,-0.3046052287375631,42.0,0.0,,False
DFO_3285_From_20080317_to_20080502,9/150/186,0,546.1299438476562,82.14692687988281,4.0,-0.3426586639305479,41.0,0.0,,False
DFO_3285_From_20080317_to_20080502,9/150/186,0,510.15728759765625,81.34007263183594,2.0,-0.6119643966430912,90.0,0.0,,False
DFO_3285_From_20080317_to_20080502,9/150/186,0,584.6895141601562,87.53221130371094,1.0,-0.053986254978577806,90.0,0.0,,False
DFO_3285_From_20080317_to_20080502,9/150/186,0,522.8546142578125,84.50135040283203,6.0,-0.5169071165818255,41.0,0.0,,False
DFO_3285_From_20080317_to_20080502,9/150/186,0,886.9746704101562,88.5317153930664,1.0,2.2090416661811747,42.0,0.0,,False
DFO_3285_From_20080317_to_20080502,9/150/186,0,714.5985717773438,89.59920501708984,1.0,0.9185650546732548,42.0,0.0,,False
DFO_3285_From_20080317_to_20080502,9/150/186,0,752.2023315429688,89.60073852539062,4.0,1.2000818825118467,90.0,0.0,,False
DFO_3285_From_20080317_to_20080502,9/150/186,0,674.9077758789062,89.52784729003906,3.0,0.6214238372694741,41.0,0.0,,False
DFO_3285_From_20080317_to_20080502,9/150/186,0,594.1264038085938,88.47342681884766,6.0,0.01666208590672659,90.0,0.0,,False
DFO_3285_From_20080317_to_20080502,9/150/186,0,653.2069702148438,89.04214477539062,1.0,0.4589629022415566,41.0,0.0,,False
DFO_3285_From_20080317_to_20080502,9/150/186,0,534.47119140625,87.2783203125,1.0,-0.4299407608356677,41.0,0.0,,False
DFO_3285_From_20080317_to_20080502,9/150/186,0,545.43115234375,86.38935852050781,1.0,-0.3478900974022636,41.0,0.0,,False
DFO_3625_From_20100310_to_20100324,9/150/186,1,314.2398681640625,88.77822875976562,1.0,-2.0786807776919503,22.0,28.0,,False
DFO_3625_From_20100310_to_20100324,9/150/186,0,733.4984741210938,86.52656555175781,1.0,1.0600573040502828,41.0,0.0,,False
DFO_3625_From_20100310_to_20100324,9/150/186,0,511.1299133300781,88.67752075195312,11.0,-0.604682930306422,42.0,0.0,,False
DFO_3625_From_20100310_to_20100324,9/150/186,0,677.9893798828125,89.40641784667969,1.0,0.644493960822051,43.0,0.0,,False
DFO_3625_From_20100310_to_20100324,9/150/186,0,307.1568298339844,88.36901092529297,3.0,-2.131707243517996,42.0,0.0,,False
DFO_3625_From_20100310_to_20100324,9/150/186,0,529.766357421875,88.15821075439453,2.0,-0.46516303507217155,43.0,0.0,,False
DFO_3625_From_20100310_to_20100324,9/150/186,0,306.5403747558594,88.51348876953125,7.0,-2.136322273482563,42.0,0.0,,False
DFO_3625_From_20100310_to_20100324,9/150/186,0,833.1747436523438,88.99708557128906,1.0,1.80627383622995,41.0,0.0,,False
DFO_3625_From_20100310_to_20100324,9/150/186,0,388.3213195800781,88.66664123535156,13.0,-1.5240773195723192,41.0,0.0,,False
DFO_3625_From_20100310_to_20100324,9/150/186,0,886.8981323242188,89.10441589355469,1.0,2.2084686713717128,41.0,0.0,,False
DFO_3625_From_20100310_to_20100324,9/150/186,0,672.2817993164062,89.61810302734375,1.0,0.601764723487738,41.0,0.0,,False
DFO_3625_From_20100310_to_20100324,9/150/186,0,694.7327270507812,88.98040008544922,1.0,0.769841373195312,41.0,0.0,,False
DFO_3625_From_20100310_to_20100324,9/150/186,0,511.2705078125,88.98259735107422,2.0,-0.6036303836209388,90.0,0.0,,False
DFO_3625_From_20100310_to_20100324,9/150/186,0,614.78466796875,89.0896224975586,1.0,0.17131813709060742,41.0,0.0,,False
DFO_3625_From_20100310_to_20100324,9/150/186,0,556.7174682617188,88.8919448852539,5.0,-0.2633962096895981,42.0,0.0,,False
DFO_3625_From_20100310_to_20100324,9/150/186,0,552.4281616210938,87.03462982177734,1.0,-0.2955076795697878,90.0,0.0,,False
DFO_3625_From_20100310_to_20100324,9/150/186,0,341.6474914550781,89.15969848632812,2.0,-1.8734963170004681,42.0,0.0,,False
DFO_3625_From_20100310_to_20100324,9/150/186,0,502.3094482421875,88.9017562866211,4.0,-0.6707164696939892,41.0,0.0,,False
DFO_3625_From_20100310_to_20100324,9/150/186,0,797.6812133789062,89.67071533203125,1.0,1.540555032747293,41.0,0.0,,False
DFO_3625_From_20100310_to_20100324,9/150/186,0,629.4384765625,89.4911880493164,1.0,0.28102242561862534,41.0,0.0,,False
DFO_3625_From_20100310_to_20100324,9/150/186,0,591.2059326171875,88.88337707519531,1.0,-0.005201732783824914,41.0,0.0,,False
DFO_3625_From_20100310_to_20100324,9/150/186,0,810.5765380859375,89.1294937133789,1.0,1.6370946056011384,42.0,0.0,,False
DFO_3625_From_20100310_to_20100324,9/150/186,0,925.6920776367188,89.6478500366211,1.0,2.498895705577538,41.0,0.0,,False
DFO_3625_From_20100310_to_20100324,9/150/186,0,579.2196655273438,87.12518310546875,1.0,-0.0949357357077434,41.0,0.0,,False
DFO_3625_From_20100310_to_20100324,9/150/186,0,682.8872680664062,89.65921020507812,3.0,0.6811615162246861,42.0,0.0,,False
DFO_3625_From_20100310_to_20100324,9/150/186,0,476.15191650390625,87.13822174072266,3.0,-0.8665422436310873,41.0,0.0,,False
DFO_3629_From_20100327_to_20100331,9/150/186,1,622.931884765625,89.54706573486328,1.0,0.23231146974310962,41.0,0.0,,False
DFO_3629_From_20100327_to_20100331,9/150/186,0,810.6357421875,89.31290435791016,2.0,1.6375378312512008,41.0,0.0,,False
DFO_3629_From_20100327_to_20100331,9/150/186,0,531.2274780273438,87.659912109375,1.0,-0.4542245001888278,41.0,0.0,,False
DFO_3629_From_20100327_to_20100331,9/150/186,0,686.5997314453125,89.615966796875,2.0,0.7089545060855568,42.0,0.0,,False
DFO_3629_From_20100327_to_20100331,9/150/186,0,856.7171020507812,89.41365051269531,1.0,1.9825213736431069,41.0,0.0,,False
DFO_3629_From_20100327_to_20100331,9/150/186,0,501.5504455566406,88.7830810546875,21.0,-0.676398668221155,42.0,0.0,,False
DFO_3629_From_20100327_to_20100331,9/150/186,0,610.0526733398438,88.02440643310547,6.0,0.13589252737546673,41.0,0.0,,False
DFO_3629_From_20100327_to_20100331,9/150/186,0,650.675537109375,88.66692352294922,14.0,0.4400115786989408,43.0,0.0,,False
DFO_3629_From_20100327_to_20100331,9/150/186,0,527.4456787109375,84.16252136230469,1.0,-0.4825365666872972,42.0,0.0,,False
DFO_3629_From_20100327_to_20100331,9/150/186,0,399.3132019042969,86.26918029785156,1.0,-1.4417876798348093,41.0,0.0,,False
DFO_3629_From_20100327_to_20100331,9/150/186,0,626.9124755859375,88.92427062988281,3.0,0.2621117691717369,41.0,0.0,,False
DFO_3629_From_20100327_to_20100331,9/150/186,0,616.29931640625,89.13436126708984,2.0,0.1826574027936467,41.0,0.0,,False
DFO_3629_From_20100327_to_20100331,9/150/186,0,480.0708312988281,89.23905944824219,8.0,-0.8372036756657466,42.0,0.0,,False
DFO_3629_From_20100327_to_20100331,9/150/186,0,852.7489624023438,86.1081314086914,1.0,1.9528142886810906,43.0,0.0,,False
DFO_3629_From_20100327_to_20100331,9/150/186,0,562.5910034179688,88.9978256225586,1.0,-0.21942456973413085,41.0,0.0,,False
DFO_3629_From_20100327_to_20100331,9/150/186,0,594.379638671875,88.62406921386719,1.0,0.018557903661477956,41.0,0.0,,False
DFO_3629_From_20100327_to_20100331,9/150/186,0,356.7825012207031,89.37725830078125,1.0,-1.7601895634981288,43.0,0.0,,False
DFO_3629_From_20100327_to_20100331,9/150/186,0,509.8642578125,86.77818298339844,2.0,-0.61415813514407,41.0,0.0,,False
DFO_3629_From_20100327_to_20100331,9/150/186,0,664.232421875,88.844482421875,2.0,0.5415038554919884,41.0,0.0,,False
DFO_3629_From_20100327_to_20100331,9/150/186,0,605.6420288085938,87.15349578857422,1.0,0.10287267337947906,41.0,0.0,,False
DFO_3629_From_20100327_to_20100331,9/150/186,0,474.2676086425781,87.84526062011719,7.0,-0.8806489280450573,41.0,0.0,,False
DFO_3629_From_20100327_to_20100331,9/150/186,0,692.7116088867188,87.90693664550781,1.0,0.75471047198277,41.0,0.0,,False
DFO_3629_From_20100327_to_20100331,9/150/186,0,759.6368408203125,89.46305084228516,1.0,1.2557396008181854,41.0,0.0,,False
DFO_3629_From_20100327_to_20100331,9/150/186,0,747.64697265625,88.73888397216797,1.0,1.1659786388083353,42.0,0.0,,False
DFO_3629_From_20100327_to_20100331,9/150/186,0,893.5253295898438,89.697021484375,1.0,2.258082528159108,43.0,0.0,,False
DFO_3629_From_20100327_to_20100331,9/150/186,0,516.8782348632812,89.59264373779297,1.0,-0.5616486897541537,41.0,0.0,,False
DFO_3861_From_20110827_to_20110913,9/150/186,1,517.1163940429688,88.31781768798828,3.0,-0.5598657346133873,11.0,0.0,,False
DFO_3861_From_20110827_to_20110913,9/150/186,1,641.710205078125,88.77641296386719,4.0,0.3728935072697003,41.0,0.0,,False
DFO_3861_From_20110827_to_20110913,9/150/186,1,679.445556640625,83.53241729736328,1.0,0.6553954840789462,42.0,0.0,,False
DFO_3861_From_20110827_to_20110913,9/150/186,0,872.5120849609375,89.61587524414062,1.0,2.1007689508094924,41.0,0.0,,False
DFO_3861_From_20110827_to_20110913,9/150/186,0,523.7442016601562,88.8406753540039,1.0,-0.5102473084893933,41.0,0.0,,False
DFO_3861_From_20110827_to_20110913,9/150/186,0,627.4241943359375,88.21949768066406,1.0,0.26594270097598743,41.0,0.0,,False
DFO_3861_From_20110827_to_20110913,9/150/186,0,312.01739501953125,88.89017486572266,2.0,-2.0953191030483644,42.0,0.0,,False
DFO_3861_From_20110827_to_20110913,9/150/186,0,535.3523559570312,89.20763397216797,2.0,-0.42334400958829593,41.0,0.0,,False
DFO_3861_From_20110827_to_20110913,9/150/186,0,387.1855163574219,88.97627258300781,1.0,-1.532580398048619,42.0,0.0,,False
DFO_3861_From_20110827_to_20110913,9/150/186,0,836.6757202148438,89.2894287109375,1.0,1.8324835509594122,42.0,0.0,,False
DFO_3861_From_20110827_to_20110913,9/150/186,0,739.8905639648438,89.6615982055664,1.0,1.1079110523799047,41.0,0.0,,False
DFO_3861_From_20110827_to_20110913,9/150/186,0,703.0543823242188,89.42382049560547,2.0,0.8321406222476887,41.0,0.0,,False
DFO_3861_From_20110827_to_20110913,9/150/186,0,717.6617431640625,89.637939453125,2.0,0.9414971842605545,43.0,0.0,,False
DFO_3861_From_20110827_to_20110913,9/150/186,0,631.5532836914062,89.0835189819336,1.0,0.29685471999904955,11.0,0.0,,False
DFO_3861_From_20110827_to_20110913,9/150/186,0,525.3123168945312,89.40457916259766,36.0,-0.49850776890031834,41.0,0.0,,False
DFO_3861_From_20110827_to_20110913,9/150/186,0,594.6419677734375,88.46893310546875,1.0,0.020521804531548185,41.0,0.0,,False
DFO_3861_From_20110827_to_20110913,9/150/186,0,537.4279174804688,84.78623962402344,3.0,-0.40780552355116045,43.0,0.0,,False
DFO_3861_From_20110827_to_20110913,9/150/186,0,716.3193969726562,89.42959594726562,1.0,0.9314478422792948,43.0,0.0,,False
DFO_3861_From_20110827_to_20110913,9/150/186,0,493.375732421875,83.82709503173828,1.0,-0.7375978494874232,41.0,0.0,,False
DFO_3861_From_20110827_to_20110913,9/150/186,0,569.5093383789062,89.06153869628906,1.0,-0.1676311393892122,42.0,0.0,,False
DFO_3861_From_20110827_to_20110913,9/150/186,0,886.8981323242188,89.10441589355469,1.0,2.2084686713717128,41.0,0.0,,False
DFO_3861_From_20110827_to_20110913,9/150/186,0,743.997314453125,89.6098403930664,1.0,1.1386558336834587,41.0,0.0,,False
DFO_3861_From_20110827_to_20110913,9/150/186,0,580.810791015625,88.77837371826172,1.0,-0.0830239321289019,90.0,0.0,,False
DFO_3861_From_20110827_to_20110913,9/150/186,0,780.7811279296875,89.35435485839844,2.0,1.4140342147355165,41.0,0.0,,False
DFO_3861_From_20110827_to_20110913,9/150/186,0,925.6920776367188,89.6478500366211,1.0,2.498895705577538,41.0,0.0,,False
DFO_3861_From_20110827_to_20110913,9/150/186,0,720.3449096679688,89.57805633544922,1.0,0.9615844448815777,43.0,0.0,,False
DFO_3861_From_20110827_to_20110913,9/150/186,0,552.4281616210938,87.03462982177734,1.0,-0.2955076795697878,90.0,0.0,,False
DFO_3861_From_20110827_to_20110913,9/150/186,0,467.34112548828125,87.67382049560547,25.0,-0.9325033590335671,41.0,0.0,,False
DFO_3625_From_20100310_to_20100324,9/150/187,1,242.85760498046875,88.06028747558594,8.0,-1.551890885401228,90.0,0.0,,False
DFO_3625_From_20100310_to_20100324,9/150/187,0,369.900146484375,88.64331817626953,1.0,-0.6361359286539441,41.0,0.0,,False
DFO_3625_From_20100310_to_20100324,9/150/187,0,586.0031127929688,89.68421936035156,1.0,0.921589225630703,43.0,0.0,,False
DFO_3625_From_20100310_to_20100324,9/150/187,0,581.8572387695312,89.41276550292969,1.0,0.8917047110258377,43.0,0.0,,False
DFO_3625_From_20100310_to_20100324,9/150/187,0,473.29034423828125,89.08890533447266,4.0,0.10912691756603946,41.0,0.0,,False
DFO_3625_From_20100310_to_20100324,9/150/187,0,293.53375244140625,88.52279663085938,9.0,-1.1866043233027919,42.0,0.0,,False
DFO_3625_From_20100310_to_20100324,9/150/187,0,608.1336059570312,88.1283950805664,1.0,1.0811114500001595,41.0,0.0,,False
DFO_3625_From_20100310_to_20100324,9/150/187,0,575.204345703125,88.154541015625,1.0,0.8437489654137756,90.0,0.0,,False
DFO_3625_From_20100310_to_20100324,9/150/187,0,430.33990478515625,83.97428131103516,5.0,-0.2004707759157456,43.0,0.0,,False
DFO_3625_From_20100310_to_20100324,9/150/187,0,376.76116943359375,88.86001586914062,34.0,-0.586679929901662,41.0,0.0,,False
DFO_3625_From_20100310_to_20100324,9/150/187,0,738.5195922851562,89.13980865478516,1.0,2.020966807559208,42.0,0.0,,False
DFO_3625_From_20100310_to_20100324,9/150/187,0,551.5252685546875,85.4695053100586,1.0,0.6730641537499894,41.0,0.0,,False
DFO_3625_From_20100310_to_20100324,9/150/187,0,533.0256958007812,86.43258666992188,1.0,0.5397145273449182,43.0,0.0,,False
DFO_3625_From_20100310_to_20100324,9/150/187,0,431.5622863769531,89.24032592773438,1.0,-0.19165953844778136,41.0,0.0,,False
DFO_3625_From_20100310_to_20100324,9/150/187,0,325.30181884765625,88.98580169677734,1.0,-0.9576120193594249,90.0,0.0,,False
DFO_3625_From_20100310_to_20100324,9/150/187,0,559.078125,89.24677276611328,2.0,0.7275070643334723,41.0,0.0,,False
DFO_3625_From_20100310_to_20100324,9/150/187,0,730.070556640625,89.09173583984375,1.0,1.9600640093341264,43.0,0.0,,False
DFO_3625_From_20100310_to_20100324,9/150/187,0,408.2434387207031,88.21275329589844,6.0,-0.35974772429526874,43.0,0.0,,False
DFO_3625_From_20100310_to_20100324,9/150/187,0,471.3580017089844,89.3675537109375,1.0,0.09519810105788744,42.0,0.0,,False
DFO_3625_From_20100310_to_20100324,9/150/187,0,380.9353332519531,89.5331802368164,2.0,-0.5565914952585291,41.0,0.0,,False
DFO_3625_From_20100310_to_20100324,9/150/187,0,370.15936279296875,88.9892807006836,1.0,-0.6342674315611245,41.0,0.0,,False
DFO_3625_From_20100310_to_20100324,9/150/187,0,192.88632202148438,75.8731460571289,1.0,-1.9120966048633499,43.0,0.0,,False
DFO_3625_From_20100310_to_20100324,9/150/187,0,437.0339050292969,89.17669677734375,2.0,-0.1522187193095668,42.0,0.0,,False
DFO_3625_From_20100310_to_20100324,9/150/187,0,216.19021606445312,88.41275024414062,5.0,-1.7441162084643533,42.0,0.0,,False
DFO_3625_From_20100310_to_20100324,9/150/187,0,567.59716796875,88.55583953857422,1.0,0.7889144931602645,41.0,0.0,,False
DFO_3625_From_20100310_to_20100324,9/150/187,0,521.170166015625,88.74964904785156,5.0,0.4542568527966797,41.0,0.0,,False
DFO_3629_From_20100327_to_20100331,9/150/187,1,628.15380859375,89.3531494140625,1.0,1.2254221634244225,41.0,0.0,,False
DFO_3629_From_20100327_to_20100331,9/150/187,1,247.32984924316406,89.22023010253906,4.0,-1.5196538110884326,43.0,0.0,,False
DFO_3629_From_20100327_to_20100331,9/150/187,0,311.2344970703125,87.24440002441406,40.0,-1.059012853231797,43.0,0.0,,False
DFO_3629_From_20100327_to_20100331,9/150/187,0,432.4549255371094,87.60096740722656,1.0,-0.1852251683082743,43.0,0.0,,False
DFO_3629_From_20100327_to_20100331,9/150/187,0,545.3767700195312,88.7284927368164,1.0,0.6287442122290648,42.0,0.0,,False
DFO_3629_From_20100327_to_20100331,9/150/187,0,440.9076843261719,85.75604248046875,11.0,-0.12429553271030298,90.0,0.0,,False
DFO_3629_From_20100327_to_20100331,9/150/187,0,573.072998046875,89.41121673583984,1.0,0.8283856693268296,41.0,0.0,,False
DFO_3629_From_20100327_to_20100331,9/150/187,0,549.6100463867188,89.3789291381836,3.0,0.6592587451614361,21.0,1.0,,False
DFO_3629_From_20100327_to_20100331,9/150/187,0,590.3812255859375,88.18458557128906,2.0,0.9531477763641717,90.0,0.0,,False
DFO_3629_From_20100327_to_20100331,9/150/187,0,470.27508544921875,86.40821838378906,1.0,0.08739216518095044,42.0,0.0,,False
DFO_3629_From_20100327_to_20100331,9/150/187,0,386.3558044433594,87.8191909790039,4.0,-0.5175193600298467,43.0,0.0,,False
DFO_3629_From_20100327_to_20100331,9/150/187,0,601.8635864257812,89.50839233398438,1.0,1.0359155542263967,41.0,0.0,,False
DFO_3629_From_20100327_to_20100331,9/150/187,0,595.3655395507812,85.14718627929688,1.0,0.9890759793523812,41.0,0.0,,False
DFO_3629_From_20100327_to_20100331,9/150/187,0,522.9540405273438,85.86666870117188,1.0,0.46711547406624365,41.0,0.0,,False
DFO_3629_From_20100327_to_20100331,9/150/187,0,487.70751953125,88.1132583618164,1.0,0.21304958457616585,41.0,0.0,,False
DFO_3629_From_20100327_to_20100331,9/150/187,0,323.4220275878906,88.6682357788086,1.0,-0.9711620329485947,90.0,0.0,,False
DFO_3629_From_20100327_to_20100331,9/150/187,0,599.0977172851562,87.85619354248047,1.0,1.0159784658679762,41.0,0.0,,False
DFO_3629_From_20100327_to_20100331,9/150/187,0,765.7362060546875,86.35269927978516,1.0,2.217151083080477,43.0,0.0,,False
DFO_3629_From_20100327_to_20100331,9/150/187,0,447.6320495605469,89.24532318115234,2.0,-0.07582459753014778,41.0,0.0,,False
DFO_3629_From_20100327_to_20100331,9/150/187,0,437.85101318359375,88.96846008300781,1.0,-0.14632879587417189,42.0,0.0,,False
DFO_3629_From_20100327_to_20100331,9/150/187,0,368.4452819824219,88.6933822631836,1.0,-0.6466229620782422,41.0,0.0,,False
DFO_3629_From_20100327_to_20100331,9/150/187,0,369.18035888671875,89.2846450805664,1.0,-0.641324340760283,41.0,0.0,,False
DFO_3629_From_20100327_to_20100331,9/150/187,0,193.9394073486328,86.87332153320312,1.0,-1.904505697937229,42.0,0.0,,False
DFO_3629_From_20100327_to_20100331,9/150/187,0,437.0339050292969,89.17669677734375,2.0,-0.1522187193095668,42.0,0.0,,False
DFO_3629_From_20100327_to_20100331,9/150/187,0,216.19021606445312,88.41275024414062,5.0,-1.7441162084643533,42.0,0.0,,False
DFO_3629_From_20100327_to_20100331,9/150/187,0,471.50714111328125,87.5147705078125,17.0,0.09627313582273431,22.0,31.0,,False
DFO_3629_From_20100327_to_20100331,9/150/187,0,565.5841064453125,89.44447326660156,2.0,0.774403833608728,41.0,0.0,,False
DFO_3861_From_20110827_to_20110913,9/150/187,1,407.93017578125,89.41184997558594,1.0,-0.36200580325191967,42.0,0.0,,False
DFO_3861_From_20110827_to_20110913,9/150/187,1,408.5142517089844,89.17987060546875,1.0,-0.35779563538525216,41.0,0.0,,False
DFO_3861_From_20110827_to_20110913,9/150/187,1,321.40972900390625,88.84028625488281,1.0,-0.9856671930384735,11.0,0.0,,False
DFO_3861_From_20110827_to_20110913,9/150/187,1,399.8638610839844,88.81887817382812,1.0,-0.4201498515310336,41.0,0.0,,False
DFO_3861_From_20110827_to_20110913,9/150/187,1,236.1144561767578,88.40033721923828,18.0,-1.600497217327396,11.0,0.0,,False
DFO_3861_From_20110827_to_20110913,9/150/187,0,290.8775634765625,89.2457046508789,2.0,-1.2057508090533018,42.0,0.0,,False
DFO_3861_From_20110827_to_20110913,9/150/187,0,325.04266357421875,88.2461166381836,6.0,-0.9594800764953119,43.0,0.0,,False
DFO_3861_From_20110827_to_20110913,9/150/187,0,465.9718933105469,87.97677612304688,27.0,0.05637366158226771,42.0,0.0,,False
DFO_3861_From_20110827_to_20110913,9/150/187,0,450.57330322265625,89.3775634765625,2.0,-0.054623292925855486,41.0,0.0,,False
DFO_3861_From_20110827_to_20110913,9/150/187,0,551.66845703125,87.47758483886719,1.0,0.6740962927139063,43.0,0.0,,False
DFO_3861_From_20110827_to_20110913,9/150/187,0,397.111083984375,89.15331268310547,3.0,-0.43999256912740814,41.0,0.0,,False
DFO_3861_From_20110827_to_20110913,9/150/187,0,572.364013671875,89.4124984741211,2.0,0.8232751295975637,43.0,0.0,,False
DFO_3861_From_20110827_to_20110913,9/150/187,0,542.38671875,89.31520080566406,1.0,0.6071911620571462,43.0,0.0,,False
DFO_3861_From_20110827_to_20110913,9/150/187,0,379.7023010253906,89.43165588378906,1.0,-0.5654795052112349,42.0,0.0,,False
DFO_3861_From_20110827_to_20110913,9/150/187,0,517.7218627929688,89.29358673095703,2.0,0.42940060597468116,41.0,0.0,,False
DFO_3861_From_20110827_to_20110913,9/150/187,0,559.078125,89.24677276611328,2.0,0.7275070643334723,41.0,0.0,,False
DFO_3861_From_20110827_to_20110913,9/150/187,0,522.9540405273438,85.86666870117188,1.0,0.46711547406624365,41.0,0.0,,False
DFO_3861_From_20110827_to_20110913,9/150/187,0,487.70751953125,88.1132583618164,1.0,0.21304958457616585,41.0,0.0,,False
DFO_3861_From_20110827_to_20110913,9/150/187,0,527.6867065429688,88.1947250366211,1.0,0.501229734621278,41.0,0.0,,False
DFO_3861_From_20110827_to_20110913,9/150/187,0,604.4498901367188,87.65513610839844,2.0,1.0545582892890615,41.0,0.0,,False
DFO_3861_From_20110827_to_20110913,9/150/187,0,577.6334838867188,89.29951477050781,1.0,0.8612588113749545,41.0,0.0,,False
DFO_3861_From_20110827_to_20110913,9/150/187,0,447.6320495605469,89.24532318115234,2.0,-0.07582459753014778,41.0,0.0,,False
DFO_3861_From_20110827_to_20110913,9/150/187,0,339.42626953125,89.58264923095703,7.0,-0.8557993857981242,43.0,0.0,,False
DFO_3861_From_20110827_to_20110913,9/150/187,0,361.7082214355469,88.81109619140625,1.0,-0.6951854083003814,90.0,0.0,,False
DFO_3861_From_20110827_to_20110913,9/150/187,0,369.18035888671875,89.2846450805664,1.0,-0.641324340760283,41.0,0.0,,False
DFO_3861_From_20110827_to_20110913,9/150/187,0,192.88632202148438,75.8731460571289,1.0,-1.9120966048633499,43.0,0.0,,False
DFO_3861_From_20110827_to_20110913,9/150/187,0,437.0339050292969,89.17669677734375,2.0,-0.1522187193095668,42.0,0.0,,False
DFO_3861_From_20110827_to_20110913,9/150/187,0,493.580078125,88.6250228881836,5.0,0.255380480804734,42.0,0.0,,False
DFO_3861_From_20110827_to_20110913,9/150/187,0,565.1552124023438,89.49140167236328,1.0,0.7713122562432364,41.0,0.0,,False
DFO_3861_From_20110827_to_20110913,9/150/187,0,565.5841064453125,89.44447326660156,2.0,0.774403833608728,41.0,0.0,,False
DFO_3625_From_20100310_to_20100324,9/150/189,1,20.745344161987305,87.13835906982422,1.0,-1.661930660979111,,,,False
DFO_3625_From_20100310_to_20100324,9/150/189,1,47.946266174316406,88.48490142822266,3.0,-1.5516265229209516,,,,False
DFO_3625_From_20100310_to_20100324,9/150/189,1,27.72985076904297,86.89451599121094,8.0,-1.6336073570593543,,,,False
DFO_3625_From_20100310_to_20100324,9/150/189,0,636.5756225585938,89.33309173583984,2.0,0.8353607182566616,,,,False
DFO_3625_From_20100310_to_20100324,9/150/189,0,149.81036376953125,88.6272964477539,1.0,-1.1385511323433986,,,,False
DFO_3625_From_20100310_to_20100324,9/150/189,0,416.84686279296875,88.6291275024414,9.0,-0.055674940076904274,,,,False
DFO_3625_From_20100310_to_20100324,9/150/189,0,751.1080932617188,89.6407241821289,1.0,1.2998084106861085,,,,False
DFO_3625_From_20100310_to_20100324,9/150/189,0,247.42822265625,88.25296020507812,1.0,-0.7426949264875088,,,,False
DFO_3625_From_20100310_to_20100324,9/150/189,0,644.7216796875,89.7013931274414,2.0,0.8683942974040616,,,,False
DFO_3625_From_20100310_to_20100324,9/150/189,0,720.7947387695312,89.48124694824219,1.0,1.1768828555377715,,,,False
DFO_3625_From_20100310_to_20100324,9/150/189,0,487.6372985839844,89.50350952148438,15.0,0.23139172623500173,,,,False
DFO_3625_From_20100310_to_20100324,9/150/189,0,600.7378540039062,88.91934204101562,5.0,0.690032770602503,,,,False
DFO_3625_From_20100310_to_20100324,9/150/189,0,387.40582275390625,88.91963958740234,15.0,-0.175063119035419,,,,False
DFO_3625_From_20100310_to_20100324,9/150/189,0,497.2148742675781,89.38306427001953,2.0,0.27023034464605233,,,,False
DFO_3625_From_20100310_to_20100324,9/150/189,0,619.9807739257812,89.79057312011719,1.0,0.7680659231089705,,,,False
DFO_3625_From_20100310_to_20100324,9/150/189,0,57.4855842590332,86.59687805175781,1.0,-1.5129430452608794,,,,False
DFO_3625_From_20100310_to_20100324,9/150/189,0,163.2198944091797,89.4664306640625,3.0,-1.0841733168303629,,,,False
DFO_3625_From_20100310_to_20100324,9/150/189,0,606.902587890625,87.75701141357422,1.0,0.7150317635566471,,,,False
DFO_3625_From_20100310_to_20100324,9/150/189,0,788.142578125,89.4876937866211,1.0,1.449989236520637,,,,False
DFO_3625_From_20100310_to_20100324,9/150/189,0,820.8554077148438,89.56239318847656,1.0,1.5826450512652859,,,,False
DFO_3625_From_20100310_to_20100324,9/150/189,0,196.74755859375,89.69725799560547,2.0,-0.9482132160181116,,,,False
DFO_3625_From_20100310_to_20100324,9/150/189,0,568.4633178710938,89.25469207763672,2.0,0.5591543067128161,,,,False
DFO_3625_From_20100310_to_20100324,9/150/189,0,681.5106201171875,89.40975952148438,1.0,1.0175794008476262,,,,False
DFO_3625_From_20100310_to_20100324,9/150/189,0,50.68790054321289,86.822021484375,3.0,-1.5405087521411713,,,,False
DFO_3625_From_20100310_to_20100324,9/150/189,0,66.15107727050781,82.38018035888672,1.0,-1.4778030695995226,,,,False
DFO_3625_From_20100310_to_20100324,9/150/189,0,681.9923095703125,89.62911224365234,1.0,1.0195327294853311,,,,False
DFO_3625_From_20100310_to_20100324,9/150/189,0,600.1014404296875,88.44831848144531,1.0,0.6874520106297016,,,,False
DFO_3625_From_20100310_to_20100324,9/150/189,0,195.00091552734375,88.65292358398438,1.0,-0.955296136142947,,,,False
DFO_3629_From_20100327_to_20100331,9/150/189,1,47.946266174316406,88.48490142822266,3.0,-1.5516265229209516,,,,False
DFO_3629_From_20100327_to_20100331,9/150/189,0,719.1141967773438,89.57947540283203,1.0,1.1700679859596461,,,,False
DFO_3629_From_20100327_to_20100331,9/150/189,0,95.64776611328125,89.07706451416016,2.0,-1.3581892257416885,,,,False
DFO_3629_From_20100327_to_20100331,9/150/189,0,416.84686279296875,88.6291275024414,9.0,-0.055674940076904274,,,,False
DFO_3629_From_20100327_to_20100331,9/150/189,0,879.8057861328125,89.765625,1.0,1.821698369996506,,,,False
DFO_3629_From_20100327_to_20100331,9/150/189,0,247.42822265625,88.25296020507812,1.0,-0.7426949264875088,,,,False
DFO_3629_From_20100327_to_20100331,9/150/189,0,984.5216674804688,89.57090759277344,1.0,2.2463382049189504,,,,False
DFO_3629_From_20100327_to_20100331,9/150/189,0,534.8053588867188,89.30104064941406,4.0,0.42266583941433306,,,,False
DFO_3629_From_20100327_to_20100331,9/150/189,0,622.664306640625,89.64387512207031,1.0,0.7789480822845877,,,,False
DFO_3629_From_20100327_to_20100331,9/150/189,0,571.4935302734375,89.57666778564453,2.0,0.5714423080909374,,,,False
DFO_3629_From_20100327_to_20100331,9/150/189,0,387.40582275390625,88.91963958740234,15.0,-0.175063119035419,,,,False
DFO_3629_From_20100327_to_20100331,9/150/189,0,495.4618225097656,88.26685333251953,7.0,0.26312143624106504,,,,False
DFO_3629_From_20100327_to_20100331,9/150/189,0,324.3647155761719,89.63947296142578,2.0,-0.4307050044950443,,,,False
DFO_3629_From_20100327_to_20100331,9/150/189,0,46.231040954589844,86.39093780517578,2.0,-1.5585820385961848,,,,False
DFO_3629_From_20100327_to_20100331,9/150/189,0,115.76231384277344,87.88895416259766,4.0,-1.2766214815039862,,,,False
DFO_3629_From_20100327_to_20100331,9/150/189,0,606.902587890625,87.75701141357422,1.0,0.7150317635566471,,,,False
DFO_3629_From_20100327_to_20100331,9/150/189,0,889.1044311523438,89.34953308105469,1.0,1.8594058794523725,,,,False
DFO_3629_From_20100327_to_20100331,9/150/189,0,545.9662475585938,89.37628173828125,6.0,0.46792504806748986,,,,False
DFO_3629_From_20100327_to_20100331,9/150/189,0,689.9824829101562,88.9691390991211,1.0,1.0519341746564643,,,,False
DFO_3629_From_20100327_to_20100331,9/150/189,0,615.5397338867188,89.237060546875,1.0,0.7500567874859748,,,,False
DFO_3629_From_20100327_to_20100331,9/150/189,0,681.5106201171875,89.40975952148438,1.0,1.0175794008476262,,,,False
DFO_3629_From_20100327_to_20100331,9/150/189,0,50.68790054321289,86.822021484375,3.0,-1.5405087521411713,,,,False
DFO_3629_From_20100327_to_20100331,9/150/189,0,57.26836395263672,81.58727264404297,8.0,-1.5138239087351002,,,,False
DFO_3629_From_20100327_to_20100331,9/150/189,0,531.6802978515625,86.09392547607422,9.0,0.40999321148996315,,,,False
DFO_3629_From_20100327_to_20100331,9/150/189,0,600.1014404296875,88.44831848144531,1.0,0.6874520106297016,,,,False
DFO_3629_From_20100327_to_20100331,9/150/189,0,160.89141845703125,88.66181182861328,7.0,-1.0936156634087058,,,,False
DFO_3861_From_20110827_to_20110913,9/150/189,1,400.48541259765625,87.75829315185547,18.0,-0.12202326681220516,,,,True
DFO_3861_From_20110827_to_20110913,9/150/189,0,328.39691162109375,89.7812271118164,2.0,-0.4143537973920266,,,,False
DFO_3861_From_20110827_to_20110913,9/150/189,0,95.64776611328125,89.07706451416016,2.0,-1.3581892257416885,,,,False
DFO_3861_From_20110827_to_20110913,9/150/189,0,466.3929138183594,89.4305191040039,6.0,0.14524231008337227,,,,False
DFO_3861_From_20110827_to_20110913,9/150/189,0,751.1080932617188,89.6407241821289,1.0,1.2998084106861085,,,,False
DFO_3861_From_20110827_to_20110913,9/150/189,0,178.2917938232422,89.23706817626953,2.0,-1.0230543270764898,,,,False
DFO_3861_From_20110827_to_20110913,9/150/189,0,644.7216796875,89.7013931274414,2.0,0.8683942974040616,,,,False
DFO_3861_From_20110827_to_20110913,9/150/189,0,516.6241455078125,89.47199249267578,10.0,0.3489380786530349,,,,False
DFO_3861_From_20110827_to_20110913,9/150/189,0,730.8102416992188,89.7333755493164,1.0,1.2174973397592037,,,,False
DFO_3861_From_20110827_to_20110913,9/150/189,0,647.4627075195312,88.72310638427734,1.0,0.879509608578756,,,,False
DFO_3861_From_20110827_to_20110913,9/150/189,0,387.40582275390625,88.91963958740234,15.0,-0.175063119035419,,,,False
DFO_3861_From_20110827_to_20110913,9/150/189,0,495.4618225097656,88.26685333251953,7.0,0.26312143624106504,,,,False
DFO_3861_From_20110827_to_20110913,9/150/189,0,206.35009765625,88.98172760009766,1.0,-0.9092733670681835,,,,False
DFO_3861_From_20110827_to_20110913,9/150/189,0,698.1123657226562,89.35870361328125,2.0,1.0849021643349095,,,,False
DFO_3861_From_20110827_to_20110913,9/150/189,0,74.4331283569336,84.37388610839844,1.0,-1.4442180129596127,,,,False
DFO_3861_From_20110827_to_20110913,9/150/189,0,540.8458862304688,89.42851257324219,2.0,0.4471611547483898,,,,False
DFO_3861_From_20110827_to_20110913,9/150/189,0,745.918212890625,89.79219818115234,1.0,1.2787626064042177,,,,False
DFO_3861_From_20110827_to_20110913,9/150/189,0,558.3953247070312,89.49928283691406,1.0,0.518326966101568,,,,False
DFO_3861_From_20110827_to_20110913,9/150/189,0,138.26698303222656,88.83112335205078,3.0,-1.1853614081836228,,,,True
DFO_3861_From_20110827_to_20110913,9/150/189,0,643.307373046875,88.0531005859375,1.0,0.8626590552356763,,,,False
DFO_3861_From_20110827_to_20110913,9/150/189,0,516.5211181640625,88.82546997070312,15.0,0.34852028611116387,,,,False
DFO_3861_From_20110827_to_20110913,9/150/189,0,46.95268630981445,87.77703094482422,1.0,-1.5556556499665772,,,,False
DFO_3861_From_20110827_to_20110913,9/150/189,0,66.15107727050781,82.38018035888672,1.0,-1.4778030695995226,,,,False
DFO_3861_From_20110827_to_20110913,9/150/189,0,681.9923095703125,89.62911224365234,1.0,1.0195327294853311,,,,False
DFO_3861_From_20110827_to_20110913,9/150/189,0,600.1014404296875,88.44831848144531,1.0,0.6874520106297016,,,,False
DFO_3861_From_20110827_to_20110913,9/150/189,0,126.8979263305664,88.76497650146484,13.0,-1.231464771865286,,,,False
DFO_3625_From_20100310_to_20100324,9/150/190,1,187.40406799316406,89.14727783203125,2.0,-0.1854320342546738,41.0,0.0,,False
DFO_3625_From_20100310_to_20100324,9/150/190,1,408.7837219238281,89.57130432128906,1.0,0.913921932223538,22.0,25.0,,False
DFO_3625_From_20100310_to_20100324,9/150/190,1,333.41546630859375,88.6656494140625,2.0,0.5396490969109387,41.0,0.0,,False
DFO_3625_From_20100310_to_20100324,9/150/190,1,294.80682373046875,89.06018829345703,13.0,0.34792161154819207,43.0,0.0,,False
DFO_3625_From_20100310_to_20100324,9/150/190,1,315.6837463378906,89.35404968261719,1.0,0.4515947688091397,41.0,0.0,,False
DFO_3625_From_20100310_to_20100324,9/150/190,1,115.47882080078125,86.19284057617188,1.0,-0.542607160274326,90.0,0.0,,False
DFO_3625_From_20100310_to_20100324,9/150/190,1,158.21087646484375,82.48896789550781,1.0,-0.33040312952465184,90.0,0.0,,False
DFO_3625_From_20100310_to_20100324,9/150/190,1,254.50765991210938,89.57088470458984,1.0,0.14779913053941654,43.0,0.0,,False
DFO_3625_From_20100310_to_20100324,9/150/190,1,168.21499633789062,87.38433074951172,17.0,-0.2807234563104089,90.0,0.0,,False
DFO_3625_From_20100310_to_20100324,9/150/190,1,165.83888244628906,89.09986114501953,22.0,-0.2925230511925759,41.0,0.0,,False
DFO_3625_From_20100310_to_20100324,9/150/190,0,202.03712463378906,86.50021362304688,1.0,-0.11276542477207954,41.0,0.0,,False
DFO_3625_From_20100310_to_20100324,9/150/190,0,211.74903869628906,89.27201843261719,2.0,-0.0645368226528944,43.0,0.0,,False
DFO_3625_From_20100310_to_20100324,9/150/190,0,423.55023193359375,89.66985321044922,1.0,0.987251260651165,41.0,0.0,,False
DFO_3625_From_20100310_to_20100324,9/150/190,0,85.7859115600586,84.81250762939453,39.0,-0.6900598144386954,81.0,0.0,,False
DFO_3625_From_20100310_to_20100324,9/150/190,0,73.23711395263672,87.48148345947266,1.0,-0.7523761573333875,41.0,0.0,,False
DFO_3625_From_20100310_to_20100324,9/150/190,0,96.74124145507812,85.10340881347656,1.0,-0.6356565069968148,41.0,0.0,,False
DFO_3625_From_20100310_to_20100324,9/150/190,0,465.0416259765625,89.73394775390625,1.0,1.1932942632756713,41.0,0.0,,False
DFO_3625_From_20100310_to_20100324,9/150/190,0,118.10259246826172,85.0409164428711,17.0,-0.5295777163368934,81.0,0.0,,False
DFO_3625_From_20100310_to_20100324,9/150/190,0,224.51861572265625,88.13302612304688,1.0,-0.0011241065114977872,41.0,0.0,,False
DFO_3625_From_20100310_to_20100324,9/150/190,0,758.4500732421875,89.13591766357422,1.0,2.6503375577814237,42.0,0.0,,False
DFO_3625_From_20100310_to_20100324,9/150/190,0,154.66168212890625,86.5184555053711,1.0,-0.34802814971840884,41.0,0.0,,False
DFO_3625_From_20100310_to_20100324,9/150/190,0,174.8115997314453,89.23394775390625,11.0,-0.24796524218717558,90.0,0.0,,False
DFO_3625_From_20100310_to_20100324,9/150/190,0,91.30284881591797,88.105712890625,2.0,-0.6626631375203188,41.0,0.0,,False
DFO_3625_From_20100310_to_20100324,9/150/190,0,83.73722839355469,88.38835906982422,2.0,-0.7002334140679486,41.0,0.0,,False
DFO_3625_From_20100310_to_20100324,9/150/190,0,112.87744903564453,88.25102996826172,1.0,-0.5555253680567953,41.0,0.0,,False
DFO_3625_From_20100310_to_20100324,9/150/190,0,88.56464385986328,83.15973663330078,13.0,-0.6762608481771971,81.0,0.0,,False
DFO_3625_From_20100310_to_20100324,9/150/190,0,65.2259521484375,88.21286010742188,1.0,-0.7921589573747297,41.0,0.0,,False
DFO_3625_From_20100310_to_20100324,9/150/190,0,12.082966804504395,87.19119262695312,16.0,-1.0560628468741882,31.0,0.0,,False
DFO_3625_From_20100310_to_20100324,9/150/190,0,341.1938781738281,89.32225799560547,1.0,0.5782760790437449,41.0,0.0,,False
DFO_3625_From_20100310_to_20100324,9/150/190,0,104.08232879638672,88.96887969970703,14.0,-0.5992012440869801,82.0,0.0,,False
DFO_3625_From_20100310_to_20100324,9/150/190,0,70.124755859375,87.5843276977539,1.0,-0.7678318830704938,41.0,0.0,,False
DFO_3625_From_20100310_to_20100324,9/150/190,0,117.14417266845703,88.57847595214844,1.0,-0.5343371537547354,43.0,0.0,,False
DFO_3625_From_20100310_to_20100324,9/150/190,0,264.5028991699219,89.46398162841797,2.0,0.19743470331620136,22.0,29.0,,False
DFO_3625_From_20100310_to_20100324,9/150/190,0,63.001953125,74.9735107421875,1.0,-0.8032031617740439,23.0,66.0,,False
DFO_3625_From_20100310_to_20100324,9/150/190,0,203.2141571044922,89.61323547363281,1.0,-0.10692037400808115,41.0,0.0,,False
DFO_3629_From_20100327_to_20100331,9/150/190,1,294.80682373046875,89.06018829345703,13.0,0.34792161154819207,43.0,0.0,,False
DFO_3629_From_20100327_to_20100331,9/150/190,0,115.06478118896484,88.56843566894531,5.0,-0.544663248453378,82.0,0.0,,False
DFO_3629_From_20100327_to_20100331,9/150/190,0,118.23104858398438,89.01265716552734,2.0,-0.5289398133596743,41.0,0.0,,False
DFO_3629_From_20100327_to_20100331,9/150/190,0,423.55023193359375,89.66985321044922,1.0,0.987251260651165,41.0,0.0,,False
DFO_3629_From_20100327_to_20100331,9/150/190,0,166.46336364746094,86.72685241699219,1.0,-0.28942192661626587,81.0,0.0,,False
DFO_3629_From_20100327_to_20100331,9/150/190,0,96.74026489257812,86.89800262451172,5.0,-0.6356613565294562,81.0,0.0,,False
DFO_3629_From_20100327_to_20100331,9/150/190,0,134.34483337402344,86.78938293457031,4.0,-0.4489200242355394,81.0,0.0,,False
DFO_3629_From_20100327_to_20100331,9/150/190,0,93.95435333251953,76.01598358154297,1.0,-0.6494959744332639,41.0,0.0,,False
DFO_3629_From_20100327_to_20100331,9/150/190,0,124.50902557373047,85.37347412109375,1.0,-0.49776387292163427,90.0,0.0,,False
DFO_3629_From_20100327_to_20100331,9/150/190,0,140.1412353515625,88.2990493774414,1.0,-0.42013554746828635,23.0,50.0,,False
DFO_3629_From_20100327_to_20100331,9/150/190,0,789.2140502929688,89.06996154785156,1.0,2.803109050531221,42.0,0.0,,False
DFO_3629_From_20100327_to_20100331,9/150/190,0,154.66168212890625,86.5184555053711,1.0,-0.34802814971840884,41.0,0.0,,False
DFO_3629_From_20100327_to_20100331,9/150/190,0,152.5066680908203,89.16992950439453,1.0,-0.35872978010097334,95.0,0.0,,False
DFO_3629_From_20100327_to_20100331,9/150/190,0,126.98319244384766,85.94554901123047,1.0,-0.4854773546526871,41.0,0.0,,False
DFO_3629_From_20100327_to_20100331,9/150/190,0,437.45159912109375,88.60724639892578,1.0,1.0562843578021555,43.0,0.0,,False
DFO_3629_From_20100327_to_20100331,9/150/190,0,112.87744903564453,88.25102996826172,1.0,-0.5555253680567953,41.0,0.0,,False
DFO_3629_From_20100327_to_20100331,9/150/190,0,83.60765075683594,87.46732330322266,7.0,-0.7008768864303105,41.0,0.0,,False
DFO_3629_From_20100327_to_20100331,9/150/190,0,111.00529479980469,86.7959213256836,1.0,-0.5648223388871596,21.0,9.0,,False
DFO_3629_From_20100327_to_20100331,9/150/190,0,55.534786224365234,85.51892852783203,3.0,-0.840284525868771,90.0,0.0,,False
DFO_3629_From_20100327_to_20100331,9/150/190,0,333.7311706542969,88.80230712890625,3.0,0.5412168598851812,42.0,0.0,,False
DFO_3629_From_20100327_to_20100331,9/150/190,0,123.57234954833984,89.21633911132812,6.0,-0.5024153324642566,41.0,0.0,,False
DFO_3629_From_20100327_to_20100331,9/150/190,0,70.124755859375,87.5843276977539,1.0,-0.7678318830704938,41.0,0.0,,False
DFO_3629_From_20100327_to_20100331,9/150/190,0,117.14417266845703,88.57847595214844,1.0,-0.5343371537547354,43.0,0.0,,False
DFO_3629_From_20100327_to_20100331,9/150/190,0,201.64212036132812,89.46456146240234,1.0,-0.11472698495159712,41.0,0.0,,False
DFO_3629_From_20100327_to_20100331,9/150/190,0,63.001953125,74.9735107421875,1.0,-0.8032031617740439,23.0,66.0,,False
DFO_3629_From_20100327_to_20100331,9/150/190,0,82.37201690673828,88.2973403930664,2.0,-0.7070129470397695,43.0,0.0,,False
DFO_3861_From_20110827_to_20110913,9/150/190,1,212.58441162109375,88.2677230834961,13.0,-0.06038842634787456,23.0,57.0,,False
DFO_3861_From_20110827_to_20110913,9/150/190,1,62.64735412597656,88.41300201416016,1.0,-0.8049640725405216,41.0,0.0,,False
DFO_3861_From_20110827_to_20110913,9/150/190,1,23.464012145996094,87.37794494628906,5.0,-0.9995454699757856,41.0,0.0,,False
DFO_3861_From_20110827_to_20110913,9/150/190,1,294.80682373046875,89.06018829345703,13.0,0.34792161154819207,43.0,0.0,,False
DFO_3861_From_20110827_to_20110913,9/150/190,0,56.00812911987305,86.50825500488281,5.0,-0.8379339422426725,81.0,0.0,,False
DFO_3861_From_20110827_to_20110913,9/150/190,0,65.47638702392578,88.96746826171875,3.0,-0.7909153174610151,21.0,1.0,,False
DFO_3861_From_20110827_to_20110913,9/150/190,0,146.26478576660156,87.99201965332031,4.0,-0.38972647726614873,43.0,0.0,,False
DFO_3861_From_20110827_to_20110913,9/150/190,0,182.7017822265625,86.84539794921875,4.0,-0.20878321588876628,71.0,0.0,,False
DFO_3861_From_20110827_to_20110913,9/150/190,0,687.2194213867188,89.42029571533203,1.0,2.296611737626948,41.0,0.0,,False
DFO_3861_From_20110827_to_20110913,9/150/190,0,143.5431671142578,86.86168670654297,3.0,-0.40324182164206995,41.0,0.0,,False
DFO_3861_From_20110827_to_20110913,9/150/190,0,107.02257537841797,86.52360534667969,5.0,-0.5846002105909549,90.0,0.0,,False
DFO_3861_From_20110827_to_20110913,9/150/190,0,102.69396209716797,85.1618881225586,4.0,-0.6060957640241664,81.0,0.0,,False
DFO_3861_From_20110827_to_20110913,9/150/190,0,41.449764251708984,86.97945404052734,2.0,-0.9102296382521435,22.0,29.0,,False
DFO_3861_From_20110827_to_20110913,9/150/190,0,746.4486694335938,89.76988220214844,3.0,2.590739529480157,41.0,0.0,,False
DFO_3861_From_20110827_to_20110913,9/150/190,0,112.87744903564453,88.25102996826172,1.0,-0.5555253680567953,41.0,0.0,,False
DFO_3861_From_20110827_to_20110913,9/150/190,0,98.07275390625,86.20365905761719,1.0,-0.6290443207880976,81.0,0.0,,False
DFO_3861_From_20110827_to_20110913,9/150/190,0,329.10369873046875,85.5891342163086,1.0,0.5182371979157921,42.0,0.0,,False
DFO_3861_From_20110827_to_20110913,9/150/190,0,205.7095184326172,89.29438018798828,2.0,-0.09452860572602505,43.0,0.0,,False
DFO_3861_From_20110827_to_20110913,9/150/190,0,30.093997955322266,88.31842803955078,3.0,-0.9666214813988598,81.0,0.0,,False
DFO_3861_From_20110827_to_20110913,9/150/190,0,165.50555419921875,88.31367492675781,2.0,-0.29417833307620705,22.0,36.0,,False
DFO_3861_From_20110827_to_20110913,9/150/190,0,349.38507080078125,86.9736328125,1.0,0.6189528980049326,41.0,0.0,,False
DFO_3861_From_20110827_to_20110913,9/150/190,0,81.42756652832031,87.5686264038086,2.0,-0.7117030134086546,81.0,0.0,,False
DFO_3861_From_20110827_to_20110913,9/150/190,0,152.5066680908203,89.16992950439453,1.0,-0.35872978010097334,95.0,0.0,,False
DFO_3861_From_20110827_to_20110913,9/150/190,0,120.17801666259766,89.3762435913086,3.0,-0.5192713228646068,43.0,0.0,,False
DFO_3861_From_20110827_to_20110913,9/150/190,0,70.124755859375,87.5843276977539,1.0,-0.7678318830704938,41.0,0.0,,False
DFO_3861_From_20110827_to_20110913,9/150/190,0,117.14417266845703,88.57847595214844,1.0,-0.5343371537547354,43.0,0.0,,False
DFO_3861_From_20110827_to_20110913,9/150/190,0,148.33299255371094,88.81588745117188,2.0,-0.3794559248710403,41.0,0.0,,False
DFO_3861_From_20110827_to_20110913,9/150/190,0,649.2623291015625,89.57130432128906,14.0,2.1081197998234162,43.0,0.0,,False
DFO_3861_From_20110827_to_20110913,9/150/190,0,129.85205078125,85.61923217773438,1.0,-0.4712308295701465,41.0,0.0,,False
DFO_3625_From_20100310_to_20100324,9/150/191,1,229.03042602539062,89.69241333007812,1.0,0.5954032759547526,41.0,0.0,,False
DFO_3625_From_20100310_to_20100324,9/150/191,1,122.44632720947266,84.66825866699219,1.0,-0.5194848983797712,82.0,0.0,,False
DFO_3625_From_20100310_to_20100324,9/150/191,1,115.70014190673828,85.84741973876953,55.0,-0.5900511676398595,82.0,0.0,,False
DFO_3625_From_20100310_to_20100324,9/150/191,1,116.94091796875,72.64427185058594,1.0,-0.5770724346590292,82.0,0.0,,False
DFO_3625_From_20100310_to_20100324,9/150/191,1,115.96149444580078,79.52679443359375,1.0,-0.5873173747160546,82.0,0.0,,False
DFO_3625_From_20100310_to_20100324,9/150/191,1,115.4085693359375,73.60469818115234,66.0,-0.593101067341198,90.0,0.0,,False
DFO_3625_From_20100310_to_20100324,9/150/191,1,121.96393585205078,85.9375,1.0,-0.5245307957112266,82.0,0.0,,False
DFO_3625_From_20100310_to_20100324,9/150/191,1,122.08319854736328,87.57400512695312,3.0,-0.5232832872168047,90.0,0.0,,False
DFO_3625_From_20100310_to_20100324,9/150/191,1,120.58013153076172,77.75208282470703,1.0,-0.5390056291107448,82.0,0.0,,False
DFO_3625_From_20100310_to_20100324,9/150/191,1,115.72164154052734,68.24656677246094,14.0,-0.5898262777385493,41.0,0.0,,False
DFO_3625_From_20100310_to_20100324,9/150/191,1,116.68165588378906,69.98189544677734,4.0,-0.5797843610700737,82.0,0.0,,False
DFO_3625_From_20100310_to_20100324,9/150/191,1,118.89018249511719,86.55825805664062,8.0,-0.556682789362596,22.0,39.0,,False
DFO_3625_From_20100310_to_20100324,9/150/191,1,161.57247924804688,89.10743713378906,1.0,-0.11021855659308878,41.0,0.0,,False
DFO_3625_From_20100310_to_20100324,9/150/191,1,116.5279312133789,87.12242889404297,13.0,-0.581392347805879,95.0,0.0,,False
DFO_3625_From_20100310_to_20100324,9/150/191,1,122.09998321533203,86.56983947753906,2.0,-0.5231077166763922,82.0,0.0,,False
DFO_3625_From_20100310_to_20100324,9/150/191,1,293.59649658203125,86.48664093017578,1.0,1.2707755812661765,11.0,0.0,,False
DFO_3625_From_20100310_to_20100324,9/150/191,1,186.8046875,89.36271667480469,1.0,0.15371472149404783,41.0,0.0,,False
DFO_3625_From_20100310_to_20100324,9/150/191,1,369.3836364746094,89.34974670410156,1.0,2.0635222195691565,41.0,0.0,,False
DFO_3625_From_20100310_to_20100324,9/150/191,1,374.52398681640625,89.33258056640625,1.0,2.1172911763992333,41.0,0.0,,False
DFO_3625_From_20100310_to_20100324,9/150/191,1,55.78644943237305,86.98992919921875,1.0,-1.216758790657349,11.0,0.0,,False
DFO_3625_From_20100310_to_20100324,9/150/191,1,65.36756896972656,87.89288330078125,1.0,-1.1165386172191925,22.0,27.0,,False
DFO_3625_From_20100310_to_20100324,9/150/191,0,279.33990478515625,89.49597930908203,1.0,1.1216491564314361,41.0,0.0,,False
DFO_3625_From_20100310_to_20100324,9/150/191,0,157.9945526123047,88.72203826904297,2.0,-0.1476442902544943,81.0,0.0,,False
DFO_3625_From_20100310_to_20100324,9/150/191,0,132.68621826171875,88.19593048095703,1.0,-0.4123738605471927,41.0,0.0,,False
DFO_3625_From_20100310_to_20100324,9/150/191,0,157.59109497070312,89.34593200683594,2.0,-0.1518645272172644,22.0,43.0,,False
DFO_3625_From_20100310_to_20100324,9/150/191,0,252.78018188476562,89.1463623046875,2.0,0.8438298446934921,41.0,0.0,,False
DFO_3625_From_20100310_to_20100324,9/150/191,0,251.79579162597656,89.09420013427734,1.0,0.833532951717463,41.0,0.0,,False
DFO_3625_From_20100310_to_20100324,9/150/191,0,350.7658996582031,86.71144104003906,1.0,1.8687774608286163,41.0,0.0,,False
DFO_3625_From_20100310_to_20100324,9/150/191,0,231.22454833984375,88.94386291503906,1.0,0.61835417621664,41.0,0.0,,False
DFO_3625_From_20100310_to_20100324,9/150/191,0,143.6770782470703,88.16980743408203,1.0,-0.2974075573221853,22.0,24.0,,False
DFO_3625_From_20100310_to_20100324,9/150/191,0,125.565185546875,80.05074310302734,1.0,-0.48686109880343886,21.0,1.0,,False
DFO_3625_From_20100310_to_20100324,9/150/191,0,120.64823913574219,87.48992919921875,17.0,-0.5382932117406255,90.0,0.0,,False
DFO_3625_From_20100310_to_20100324,9/150/191,0,114.85651397705078,86.24799346923828,2.0,-0.5988756622201565,22.0,40.0,,False
DFO_3625_From_20100310_to_20100324,9/150/191,0,332.2060852050781,86.38982391357422,1.0,1.6746385800620818,41.0,0.0,,False
DFO_3625_From_20100310_to_20100324,9/150/191,0,56.866668701171875,87.17904663085938,1.0,-1.205459509602751,23.0,62.0,,False
DFO_3625_From_20100310_to_20100324,9/150/191,0,121.01803588867188,34.62546920776367,1.0,-0.5344250735161735,41.0,0.0,,False
DFO_3625_From_20100310_to_20100324,9/150/191,0,204.68199157714844,88.54314422607422,1.0,0.3407144252586633,41.0,0.0,,False
DFO_3625_From_20100310_to_20100324,9/150/191,0,262.02911376953125,87.4028549194336,1.0,0.9405752776249072,41.0,0.0,,False
DFO_3625_From_20100310_to_20100324,9/150/191,0,136.7800750732422,87.58838653564453,2.0,-0.3695514076926711,21.0,15.0,,False
DFO_3625_From_20100310_to_20100324,9/150/191,0,118.37191772460938,89.42070770263672,3.0,-0.5621039288217876,41.0,0.0,,False
DFO_3625_From_20100310_to_20100324,9/150/191,0,44.10101318359375,88.7166519165039,2.0,-1.3389904821613947,41.0,0.0,,False
DFO_3625_From_20100310_to_20100324,9/150/191,0,40.792335510253906,88.92537689208984,4.0,-1.3735998249402102,21.0,12.0,,False
DFO_3625_From_20100310_to_20100324,9/150/191,0,78.03234100341797,84.10761260986328,1.0,-0.984062903413219,22.0,33.0,,False
DFO_3625_From_20100310_to_20100324,9/150/191,0,275.6820983886719,88.04972076416016,1.0,1.0833878666072494,41.0,0.0,,False
DFO_3625_From_20100310_to_20100324,9/150/191,0,144.71702575683594,84.67146301269531,1.0,-0.2865295258573908,41.0,0.0,,False
DFO_3625_From_20100310_to_20100324,9/150/191,0,145.4773712158203,87.30929565429688,20.0,-0.2785761803767042,43.0,0.0,,False
DFO_3629_From_20100327_to_20100331,9/150/191,1,11.084213256835938,89.57678985595703,6.0,-1.6843519404056126,41.0,0.0,,False
DFO_3629_From_20100327_to_20100331,9/150/191,1,116.5279312133789,87.12242889404297,13.0,-0.581392347805879,95.0,0.0,,False
DFO_3629_From_20100327_to_20100331,9/150/191,1,186.8046875,89.36271667480469,1.0,0.15371472149404783,41.0,0.0,,False
DFO_3629_From_20100327_to_20100331,9/150/191,1,351.2696838378906,89.16533660888672,1.0,1.8740471307943067,41.0,0.0,,False
DFO_3629_From_20100327_to_20100331,9/150/191,1,306.5929870605469,88.18931579589844,1.0,1.4067211275842388,11.0,0.0,,False
DFO_3629_From_20100327_to_20100331,9/150/191,1,369.3836364746094,89.34974670410156,1.0,2.0635222195691565,41.0,0.0,,False
DFO_3629_From_20100327_to_20100331,9/150/191,1,54.509403228759766,88.92742919921875,1.0,-1.2301169156150524,23.0,57.0,,False
DFO_3629_From_20100327_to_20100331,9/150/191,0,241.663330078125,88.86676025390625,1.0,0.7275456451483157,41.0,0.0,,False
DFO_3629_From_20100327_to_20100331,9/150/191,0,135.83326721191406,85.84136199951172,3.0,-0.3794551822677585,41.0,0.0,,False
DFO_3629_From_20100327_to_20100331,9/150/191,0,129.1169891357422,88.94380187988281,4.0,-0.4497086167467481,21.0,7.0,,False
DFO_3629_From_20100327_to_20100331,9/150/191,0,269.2894592285156,88.43616485595703,1.0,1.0165197513665774,41.0,0.0,,False
DFO_3629_From_20100327_to_20100331,9/150/191,0,168.74893188476562,88.2903823852539,1.0,-0.03515161633431695,81.0,0.0,,False
DFO_3629_From_20100327_to_20100331,9/150/191,0,102.19929504394531,72.82662963867188,61.0,-0.7312723692829444,41.0,0.0,,False
DFO_3629_From_20100327_to_20100331,9/150/191,0,348.0754089355469,81.59069061279297,3.0,1.8406344608579845,90.0,0.0,,False
DFO_3629_From_20100327_to_20100331,9/150/191,0,95.00423431396484,87.5861587524414,7.0,-0.8065339534272008,21.0,18.0,,False
DFO_3629_From_20100327_to_20100331,9/150/191,0,124.76193237304688,88.25298309326172,1.0,-0.4952632664292527,24.0,95.0,,False
DFO_3629_From_20100327_to_20100331,9/150/191,0,126.43350219726562,87.65155029296875,2.0,-0.4777783559191533,41.0,0.0,,False
DFO_3629_From_20100327_to_20100331,9/150/191,0,114.84159088134766,73.58961486816406,1.0,-0.5990317603915415,81.0,0.0,,False
DFO_3629_From_20100327_to_20100331,9/150/191,0,48.19603729248047,88.67037963867188,38.0,-1.2961558191738352,23.0,68.0,,False
DFO_3629_From_20100327_to_20100331,9/150/191,0,247.37445068359375,89.32173919677734,1.0,0.7872849580099112,41.0,0.0,,False
DFO_3629_From_20100327_to_20100331,9/150/191,0,76.48963165283203,88.40898895263672,4.0,-1.000199911001697,22.0,39.0,,False
DFO_3629_From_20100327_to_20100331,9/150/191,0,112.9080581665039,76.1741714477539,4.0,-0.6192568482087336,81.0,0.0,,False
DFO_3629_From_20100327_to_20100331,9/150/191,0,153.09735107421875,86.8725357055664,36.0,-0.1988698683923229,41.0,0.0,,False
DFO_3629_From_20100327_to_20100331,9/150/191,0,167.6814422607422,87.69203186035156,2.0,-0.046317743094970255,81.0,0.0,,False
DFO_3629_From_20100327_to_20100331,9/150/191,0,175.29165649414062,87.86495208740234,1.0,0.03328641875680735,22.0,22.0,,False
DFO_3629_From_20100327_to_20100331,9/150/191,0,289.0220947265625,88.79137420654297,2.0,1.2229265438396448,41.0,0.0,,False
DFO_3629_From_20100327_to_20100331,9/150/191,0,221.46922302246094,89.0789566040039,1.0,0.5163117800809796,41.0,0.0,,False
DFO_3629_From_20100327_to_20100331,9/150/191,0,19.281566619873047,84.58976745605469,3.0,-1.598606201343019,21.0,8.0,,False
DFO_3629_From_20100327_to_20100331,9/150/191,0,78.03234100341797,84.10761260986328,1.0,-0.984062903413219,22.0,33.0,,False
DFO_3629_From_20100327_to_20100331,9/150/191,0,264.6548767089844,87.89160919189453,6.0,0.9680412137478756,41.0,0.0,,False
DFO_3629_From_20100327_to_20100331,9/150/191,0,131.8238983154297,84.5598373413086,1.0,-0.4213938768656764,41.0,0.0,,False
DFO_3629_From_20100327_to_20100331,9/150/191,0,122.86235809326172,88.3177719116211,49.0,-0.5151331431212739,21.0,11.0,,False
DFO_3861_From_20110827_to_20110913,9/150/191,1,11.084213256835938,89.57678985595703,6.0,-1.6843519404056126,41.0,0.0,,False
DFO_3861_From_20110827_to_20110913,9/150/191,1,127.29783630371094,88.00385284423828,3.0,-0.4687372711358201,41.0,0.0,,False
DFO_3861_From_20110827_to_20110913,9/150/191,1,117.49507904052734,87.07293701171875,6.0,-0.5712758136577281,82.0,0.0,,False
DFO_3861_From_20110827_to_20110913,9/150/191,1,115.96149444580078,79.52679443359375,1.0,-0.5873173747160546,82.0,0.0,,False
DFO_3861_From_20110827_to_20110913,9/150/191,1,115.4085693359375,73.60469818115234,66.0,-0.593101067341198,90.0,0.0,,False
DFO_3861_From_20110827_to_20110913,9/150/191,1,122.08319854736328,87.57400512695312,3.0,-0.5232832872168047,90.0,0.0,,False
DFO_3861_From_20110827_to_20110913,9/150/191,1,120.58013153076172,77.75208282470703,1.0,-0.5390056291107448,82.0,0.0,,False
DFO_3861_From_20110827_to_20110913,9/150/191,1,115.72164154052734,68.24656677246094,14.0,-0.5898262777385493,41.0,0.0,,False
DFO_3861_From_20110827_to_20110913,9/150/191,1,174.9600372314453,88.37664794921875,1.0,0.029817623707002774,41.0,0.0,,False
DFO_3861_From_20110827_to_20110913,9/150/191,1,116.5279312133789,87.12242889404297,13.0,-0.581392347805879,95.0,0.0,,False
DFO_3861_From_20110827_to_20110913,9/150/191,1,54.509403228759766,88.92742919921875,1.0,-1.2301169156150524,23.0,57.0,,False
DFO_3861_From_20110827_to_20110913,9/150/191,0,142.62196350097656,87.00567626953125,6.0,-0.30844424071168,22.0,46.0,,False
DFO_3861_From_20110827_to_20110913,9/150/191,0,171.85252380371094,88.19670104980469,2.0,-0.0026875061449689146,81.0,0.0,,False
DFO_3861_From_20110827_to_20110913,9/150/191,0,165.6090087890625,84.67013549804688,1.0,-0.06799575693886697,81.0,0.0,,False
DFO_3861_From_20110827_to_20110913,9/150/191,0,95.88330078125,87.46856689453125,29.0,-0.7973387655922601,22.0,23.0,,False
DFO_3861_From_20110827_to_20110913,9/150/191,0,259.05670166015625,88.7570571899414,2.0,0.9094833310136741,41.0,0.0,,False
DFO_3861_From_20110827_to_20110913,9/150/191,0,208.95921325683594,89.3568115234375,1.0,0.38545490646240044,41.0,0.0,,False
DFO_3861_From_20110827_to_20110913,9/150/191,0,220.63568115234375,85.74577331542969,6.0,0.5075927874345122,41.0,0.0,,False
DFO_3861_From_20110827_to_20110913,9/150/191,0,216.06849670410156,89.4035415649414,1.0,0.45981924534035784,41.0,0.0,,False
DFO_3861_From_20110827_to_20110913,9/150/191,0,180.82000732421875,86.63306427001953,1.0,0.09111392804289284,21.0,5.0,,False
DFO_3861_From_20110827_to_20110913,9/150/191,0,116.26123809814453,81.39252471923828,1.0,-0.5841820040834516,41.0,0.0,,False
DFO_3861_From_20110827_to_20110913,9/150/191,0,120.64823913574219,87.48992919921875,17.0,-0.5382932117406255,90.0,0.0,,False
DFO_3861_From_20110827_to_20110913,9/150/191,0,161.81918334960938,89.35297393798828,2.0,-0.1076379888681893,41.0,0.0,,False
DFO_3861_From_20110827_to_20110913,9/150/191,0,212.47268676757812,88.5626220703125,2.0,0.42220644924862194,41.0,0.0,,False
DFO_3861_From_20110827_to_20110913,9/150/191,0,48.52485656738281,85.90518951416016,1.0,-1.292716312482363,22.0,34.0,,False
DFO_3861_From_20110827_to_20110913,9/150/191,0,121.01803588867188,34.62546920776367,1.0,-0.5344250735161735,41.0,0.0,,False
DFO_3861_From_20110827_to_20110913,9/150/191,0,156.25343322753906,89.06668853759766,2.0,-0.1658567012402303,41.0,0.0,,False
DFO_3861_From_20110827_to_20110913,9/150/191,0,249.96234130859375,83.82929992675781,2.0,0.814354743149876,71.0,0.0,,False
DFO_3861_From_20110827_to_20110913,9/150/191,0,109.85060119628906,87.84117126464844,2.0,-0.6512383788263205,22.0,44.0,,False
DFO_3861_From_20110827_to_20110913,9/150/191,0,104.51200866699219,88.8086166381836,1.0,-0.7070809833482515,23.0,61.0,,False
DFO_3861_From_20110827_to_20110913,9/150/191,0,123.77901458740234,85.93470001220703,1.0,-0.5055447570806003,41.0,0.0,,False
DFO_3861_From_20110827_to_20110913,9/150/191,0,19.281566619873047,84.58976745605469,3.0,-1.598606201343019,21.0,8.0,,False
DFO_3861_From_20110827_to_20110913,9/150/191,0,91.4549331665039,88.49067687988281,1.0,-0.8436602595124119,81.0,0.0,,False
DFO_3861_From_20110827_to_20110913,9/150/191,0,306.2231750488281,87.13626098632812,1.0,1.4028528297502045,11.0,0.0,,False
DFO_3861_From_20110827_to_20110913,9/150/191,0,144.71702575683594,84.67146301269531,1.0,-0.2865295258573908,41.0,0.0,,False
DFO_3861_From_20110827_to_20110913,9/150/191,0,179.79473876953125,88.87506866455078,3.0,0.0803894409961681,21.0,4.0,,False
DFO_3625_From_20100310_to_20100324,9/150/192,1,73.57421112060547,85.34981536865234,1.0,0.5644118676179872,21.0,10.0,,False
DFO_3625_From_20100310_to_20100324,9/150/192,1,55.787044525146484,73.58479309082031,1.0,0.23660018122869228,90.0,0.0,,False
DFO_3625_From_20100310_to_20100324,9/150/192,1,89.71810150146484,86.31423950195312,1.0,0.8619385086505451,90.0,0.0,,False
DFO_3625_From_20100310_to_20100324,9/150/192,1,50.252235412597656,87.50633239746094,4.0,0.13459545218485044,90.0,0.0,,False
DFO_3625_From_20100310_to_20100324,9/150/192,1,49.81276321411133,77.16592407226562,35.0,0.12649612271976335,90.0,0.0,,False
DFO_3625_From_20100310_to_20100324,9/150/192,1,51.32313919067383,60.471500396728516,18.0,0.1543318599802011,90.0,0.0,,False
DFO_3625_From_20100310_to_20100324,9/150/192,1,74.9056167602539,86.08667755126953,1.0,0.5889492398666284,90.0,0.0,,False
DFO_3625_From_20100310_to_20100324,9/150/192,1,59.40062713623047,86.57381439208984,17.0,0.303197331667981,23.0,74.0,,False
DFO_3625_From_20100310_to_20100324,9/150/192,1,53.1117057800293,82.98174285888672,48.0,0.18729455961701957,90.0,0.0,,False
DFO_3625_From_20100310_to_20100324,9/150/192,1,52.1431770324707,62.697662353515625,69.0,0.16944489028661874,90.0,0.0,,False
DFO_3625_From_20100310_to_20100324,9/150/192,1,53.16095733642578,78.1238021850586,1.0,0.18820224975827854,90.0,0.0,,False
DFO_3625_From_20100310_to_20100324,9/150/192,1,51.19612503051758,63.58015823364258,16.0,0.15199103038192377,90.0,0.0,,False
DFO_3625_From_20100310_to_20100324,9/150/192,1,10.691360473632812,83.02654266357422,1.0,-0.5944985864401033,24.0,89.0,,False
DFO_3625_From_20100310_to_20100324,9/150/192,1,3.6908299922943115,74.55532836914062,2.0,-0.7235160828688548,24.0,85.0,,False
DFO_3625_From_20100310_to_20100324,9/150/192,1,3.5109641551971436,67.39399719238281,11.0,-0.7268309516573271,22.0,23.0,,False
DFO_3625_From_20100310_to_20100324,9/150/192,1,14.515212059020996,86.41267395019531,1.0,-0.5240262472970891,41.0,0.0,,False
DFO_3625_From_20100310_to_20100324,9/150/192,1,54.0086669921875,75.58673858642578,24.0,0.20382526258229303,90.0,0.0,,False
DFO_3625_From_20100310_to_20100324,9/150/192,1,2.4417951107025146,82.57835388183594,30.0,-0.7465353888778395,95.0,0.0,,False
DFO_3625_From_20100310_to_20100324,9/150/192,1,16.532075881958008,79.95634460449219,1.0,-0.48685610401056184,24.0,100.0,,False
DFO_3625_From_20100310_to_20100324,9/150/192,1,6.7225661277771,87.58014678955078,1.0,-0.6676421734450965,24.0,100.0,,False
DFO_3625_From_20100310_to_20100324,9/150/192,1,-0.10918358713388443,44.66749572753906,11.0,-0.7935490953269829,11.0,0.0,,False
DFO_3625_From_20100310_to_20100324,9/150/192,1,73.65735626220703,86.25503540039062,3.0,0.5659442054941302,90.0,0.0,,False
DFO_3625_From_20100310_to_20100324,9/150/192,1,72.6429672241211,87.55085754394531,2.0,0.5472493459477727,90.0,0.0,,False
DFO_3625_From_20100310_to_20100324,9/150/192,1,1.5844820737838745,78.50580596923828,1.0,-0.762335388888385,11.0,0.0,,False
DFO_3625_From_20100310_to_20100324,9/150/192,1,-0.1936272829771042,72.56733703613281,16.0,-0.7951053651348103,24.0,93.0,,False
DFO_3625_From_20100310_to_20100324,9/150/192,1,2.902491569519043,63.96967697143555,1.0,-0.7380449032084255,11.0,0.0,,False
DFO_3625_From_20100310_to_20100324,9/150/192,1,3.271595001220703,59.62754821777344,1.0,-0.7312424471933632,24.0,95.0,,False
DFO_3625_From_20100310_to_20100324,9/150/192,1,2.73857045173645,70.9388656616211,1.0,-0.7410659160137393,11.0,0.0,,False
DFO_3625_From_20100310_to_20100324,9/150/192,1,6.812123775482178,87.83230590820312,1.0,-0.6659916551702659,11.0,0.0,,False
DFO_3625_From_20100310_to_20100324,9/150/192,1,0.7298717498779297,62.732791900634766,6.0,-0.7780855787784843,11.0,0.0,,False
DFO_3625_From_20100310_to_20100324,9/150/192,1,0.10180021822452545,52.80086898803711,19.0,-0.7896607325197762,95.0,0.0,,False
DFO_3625_From_20100310_to_20100324,9/150/192,1,0.3018812835216522,19.283058166503906,11.0,-0.7859733036604568,11.0,0.0,,False
DFO_3625_From_20100310_to_20100324,9/150/192,1,0.3072787821292877,15.924797058105469,16.0,-0.7858738295192912,11.0,0.0,,False
DFO_3625_From_20100310_to_20100324,9/150/192,1,0.04601390287280083,28.099943161010742,1.0,-0.7906888561399577,24.0,88.0,,False
DFO_3625_From_20100310_to_20100324,9/150/192,1,0.6322623491287231,27.713056564331055,1.0,-0.7798844882391521,11.0,0.0,,False
DFO_3625_From_20100310_to_20100324,9/150/192,1,0.6670160293579102,12.627079963684082,1.0,-0.77924398923314,23.0,74.0,,False
DFO_3625_From_20100310_to_20100324,9/150/192,1,0.7532835602760315,7.500647068023682,1.0,-0.7776541067389754,11.0,0.0,,False
DFO_3625_From_20100310_to_20100324,9/150/192,1,1.0088156461715698,10.729057312011719,1.0,-0.7729447336325597,31.0,0.0,,False
DFO_3625_From_20100310_to_20100324,9/150/192,1,1.1057987213134766,41.453025817871094,1.0,-0.771157367148816,11.0,0.0,,False
DFO_3625_From_20100310_to_20100324,9/150/192,1,0.03538818657398224,2.578953504562378,1.0,-0.79088468463014,11.0,0.0,,False
DFO_3625_From_20100310_to_20100324,9/150/192,1,10.639808654785156,85.98234558105469,1.0,-0.5954486696690534,11.0,0.0,,False
DFO_3625_From_20100310_to_20100324,9/150/192,0,55.19772720336914,88.35014343261719,3.0,0.22573925495167785,21.0,13.0,,False
DFO_3625_From_20100310_to_20100324,9/150/192,0,111.1452865600586,83.41034698486328,8.0,1.2568345496212499,21.0,1.0,,False
DFO_3625_From_20100310_to_20100324,9/150/192,0,13.753976821899414,85.71687316894531,4.0,-0.5380555647536136,23.0,53.0,,False
DFO_3625_From_20100310_to_20100324,9/150/192,0,104.43600463867188,87.49993133544922,1.0,1.1331846692815397,21.0,1.0,,False
DFO_3625_From_20100310_to_20100324,9/150/192,0,65.45836639404297,87.3460464477539,1.0,0.4148394929505498,21.0,14.0,,False
DFO_3625_From_20100310_to_20100324,9/150/192,0,10.545219421386719,78.65937805175781,1.0,-0.5971919184292314,24.0,84.0,,False
DFO_3625_From_20100310_to_20100324,9/150/192,0,86.16838073730469,72.39476776123047,1.0,0.7965183112478001,21.0,10.0,,False
DFO_3625_From_20100310_to_20100324,9/150/192,0,4.424394130706787,82.07423400878906,5.0,-0.709996734747997,90.0,0.0,,False
DFO_3625_From_20100310_to_20100324,9/150/192,0,41.083736419677734,71.27587127685547,1.0,-0.03437699772152972,22.0,35.0,,False
DFO_3625_From_20100310_to_20100324,9/150/192,0,203.0805206298828,88.91825866699219,2.0,2.9511709666826187,23.0,63.0,,False
DFO_3625_From_20100310_to_20100324,9/150/192,0,216.2473907470703,88.84412384033203,6.0,3.193832093985827,41.0,0.0,,False
DFO_3625_From_20100310_to_20100324,9/150/192,0,38.036766052246094,85.04878997802734,1.0,-0.0905316690777296,22.0,38.0,,False
DFO_3625_From_20100310_to_20100324,9/150/192,0,116.05437469482422,86.12166595458984,1.0,1.3473074448659617,41.0,0.0,,False
DFO_3625_From_20100310_to_20100324,9/150/192,0,22.796716690063477,80.22733306884766,1.0,-0.3714008145518949,23.0,76.0,,False
DFO_3625_From_20100310_to_20100324,9/150/192,0,191.72459411621094,88.35417175292969,3.0,2.7418849400981453,11.0,0.0,,False
DFO_3625_From_20100310_to_20100324,9/150/192,0,5.5987420082092285,81.27095794677734,3.0,-0.6883538858959463,24.0,95.0,,False
DFO_3625_From_20100310_to_20100324,9/150/192,0,92.35340881347656,77.06806945800781,1.0,0.9105063639898631,21.0,8.0,,False
DFO_3625_From_20100310_to_20100324,9/150/192,0,42.99071502685547,84.86663818359375,1.0,0.0007679968323997363,41.0,0.0,,False
DFO_3625_From_20100310_to_20100324,9/150/192,0,162.21551513671875,87.87621307373047,1.0,2.1980422267493074,41.0,0.0,,False
DFO_3625_From_20100310_to_20100324,9/150/192,0,63.083892822265625,81.56685638427734,1.0,0.3710787184801593,23.0,78.0,,False
DFO_3625_From_20100310_to_20100324,9/150/192,0,39.402008056640625,82.83275604248047,1.0,-0.06537070364862471,21.0,5.0,,False
DFO_3625_From_20100310_to_20100324,9/150/192,0,11.349964141845703,75.9468002319336,14.0,-0.5823607353675125,21.0,1.0,,False
DFO_3625_From_20100310_to_20100324,9/150/192,0,7.3157806396484375,84.12129211425781,10.0,-0.6567094232241145,23.0,74.0,,False
DFO_3625_From_20100310_to_20100324,9/150/192,0,151.6392059326172,89.29412841796875,2.0,2.0031242932288396,21.0,1.0,,False
DFO_3625_From_20100310_to_20100324,9/150/192,0,4.373002052307129,63.750972747802734,4.0,-0.710943874012524,24.0,100.0,,False
DFO_3629_From_20100327_to_20100331,9/150/192,1,89.71810150146484,86.31423950195312,1.0,0.8619385086505451,90.0,0.0,,False
DFO_3629_From_20100327_to_20100331,9/150/192,1,50.252235412597656,87.50633239746094,4.0,0.13459545218485044,90.0,0.0,,False
DFO_3629_From_20100327_to_20100331,9/150/192,1,2.117032527923584,55.5926399230957,1.0,-0.7525206574907778,11.0,0.0,,False
DFO_3629_From_20100327_to_20100331,9/150/192,1,-0.1936272829771042,72.56733703613281,16.0,-0.7951053651348103,24.0,93.0,,False
DFO_3629_From_20100327_to_20100331,9/150/192,1,2.902491569519043,63.96967697143555,1.0,-0.7380449032084255,11.0,0.0,,False
DFO_3629_From_20100327_to_20100331,9/150/192,1,2.527130365371704,80.45045471191406,1.0,-0.7449626879312644,22.0,40.0,,False
DFO_3629_From_20100327_to_20100331,9/150/192,1,0.7298717498779297,62.732791900634766,6.0,-0.7780855787784843,11.0,0.0,,False
DFO_3629_From_20100327_to_20100331,9/150/192,1,0.3018812835216522,19.283058166503906,11.0,-0.7859733036604568,11.0,0.0,,False
DFO_3629_From_20100327_to_20100331,9/150/192,1,2.7298781871795654,42.114723205566406,1.0,-0.7412261116181175,41.0,0.0,,False
DFO_3629_From_20100327_to_20100331,9/150/192,1,1.7142177820205688,42.45680236816406,1.0,-0.7599444020454981,11.0,0.0,,False
DFO_3629_From_20100327_to_20100331,9/150/192,1,8.062032699584961,85.92752838134766,2.0,-0.642956240842513,23.0,62.0,,False
DFO_3629_From_20100327_to_20100331,9/150/192,1,10.101934432983398,81.95050048828125,1.0,-0.6053615163705162,22.0,26.0,,False
DFO_3629_From_20100327_to_20100331,9/150/192,1,0.761676013469696,81.34281158447266,6.0,-0.7774994365603612,11.0,0.0,,False
DFO_3629_From_20100327_to_20100331,9/150/192,1,0.17992886900901794,80.03673553466797,5.0,-0.7882208469353278,11.0,0.0,,False
DFO_3629_From_20100327_to_20100331,9/150/192,0,84.2474365234375,88.35050964355469,1.0,0.7611159351117198,21.0,2.0,,False
DFO_3629_From_20100327_to_20100331,9/150/192,0,111.1452865600586,83.41034698486328,8.0,1.2568345496212499,21.0,1.0,,False
DFO_3629_From_20100327_to_20100331,9/150/192,0,13.753976821899414,85.71687316894531,4.0,-0.5380555647536136,23.0,53.0,,False
DFO_3629_From_20100327_to_20100331,9/150/192,0,23.01882553100586,79.38269805908203,1.0,-0.36730742096272806,23.0,57.0,,False
DFO_3629_From_20100327_to_20100331,9/150/192,0,60.554229736328125,82.14909362792969,1.0,0.32445785181499714,24.0,93.0,,False
DFO_3629_From_20100327_to_20100331,9/150/192,0,38.980255126953125,88.3992919921875,1.0,-0.07314347276159751,24.0,82.0,,False
DFO_3629_From_20100327_to_20100331,9/150/192,0,30.673812866210938,78.1678466796875,1.0,-0.22622849789901123,21.0,1.0,,False
DFO_3629_From_20100327_to_20100331,9/150/192,0,5.10484504699707,18.261259078979492,1.0,-0.6974562460098297,23.0,59.0,,False
DFO_3629_From_20100327_to_20100331,9/150/192,0,3.2779219150543213,65.61640930175781,1.0,-0.7311258442323291,52.0,0.0,,False
DFO_3629_From_20100327_to_20100331,9/150/192,0,193.28358459472656,86.67066192626953,1.0,2.7706166267939643,21.0,1.0,,False
DFO_3629_From_20100327_to_20100331,9/150/192,0,216.2473907470703,88.84412384033203,6.0,3.193832093985827,41.0,0.0,,False
DFO_3629_From_20100327_to_20100331,9/150/192,0,41.444496154785156,86.85266876220703,7.0,-0.027728313316835885,24.0,92.0,,False
DFO_3629_From_20100327_to_20100331,9/150/192,0,12.825963020324707,80.53145599365234,1.0,-0.5551585568268091,24.0,86.0,,False
DFO_3629_From_20100327_to_20100331,9/150/192,0,56.350669860839844,87.0357894897461,1.0,0.24698761257104795,41.0,0.0,,False
DFO_3629_From_20100327_to_20100331,9/150/192,0,172.8494415283203,87.61834716796875,7.0,2.394022026267263,41.0,0.0,,False
DFO_3629_From_20100327_to_20100331,9/150/192,0,26.09024429321289,82.00792694091797,1.0,-0.31070217365460123,24.0,100.0,,False
DFO_3629_From_20100327_to_20100331,9/150/192,0,98.0166244506836,88.36556243896484,3.0,1.0148775834562065,21.0,2.0,,False
DFO_3629_From_20100327_to_20100331,9/150/192,0,125.84150695800781,86.74243927001953,1.0,1.527681104430626,41.0,0.0,,False
DFO_3629_From_20100327_to_20100331,9/150/192,0,159.41134643554688,86.97724151611328,1.0,2.1463623110124237,21.0,15.0,,False
DFO_3629_From_20100327_to_20100331,9/150/192,0,121.36250305175781,82.93985748291016,1.0,1.4451345214224645,41.0,0.0,,False
DFO_3629_From_20100327_to_20100331,9/150/192,0,31.861541748046875,81.30743408203125,1.0,-0.20433904149580248,22.0,47.0,,False
DFO_3629_From_20100327_to_20100331,9/150/192,0,20.648849487304688,85.23179626464844,2.0,-0.4109853074556927,22.0,25.0,,False
DFO_3629_From_20100327_to_20100331,9/150/192,0,35.97184371948242,84.72076416015625,1.0,-0.1285875150458552,23.0,60.0,,False
DFO_3629_From_20100327_to_20100331,9/150/192,0,80.53108215332031,89.10743713378906,4.0,0.6926247346301682,21.0,1.0,,False
DFO_3629_From_20100327_to_20100331,9/150/192,0,2.4417951107025146,82.57835388183594,30.0,-0.7465353888778395,95.0,0.0,,False
DFO_3861_From_20110827_to_20110913,9/150/192,1,1.5591685771942139,30.057300567626953,1.0,-0.762801908384952,24.0,98.0,,False
DFO_3861_From_20110827_to_20110913,9/150/192,1,15.995007514953613,88.3192367553711,1.0,-0.49675409907060714,11.0,0.0,,False
DFO_3861_From_20110827_to_20110913,9/150/192,1,8.841594696044922,82.46984100341797,1.0,-0.6285891671811135,24.0,100.0,,False
DFO_3861_From_20110827_to_20110913,9/150/192,1,1.0294520854949951,56.62911605834961,17.0,-0.7725644107779117,11.0,0.0,,False
DFO_3861_From_20110827_to_20110913,9/150/192,1,1.2524794340133667,38.99686050415039,31.0,-0.7684540893933127,22.0,47.0,,False
DFO_3861_From_20110827_to_20110913,9/150/192,1,-0.10918358713388443,44.66749572753906,11.0,-0.7935490953269829,11.0,0.0,,False
DFO_3861_From_20110827_to_20110913,9/150/192,1,8.3502836227417,80.83846282958984,1.0,-0.6376438702231585,22.0,44.0,,False
DFO_3861_From_20110827_to_20110913,9/150/192,1,-0.1936272829771042,72.56733703613281,16.0,-0.7951053651348103,24.0,93.0,,False
DFO_3861_From_20110827_to_20110913,9/150/192,1,2.902491569519043,63.96967697143555,1.0,-0.7380449032084255,11.0,0.0,,False
DFO_3861_From_20110827_to_20110913,9/150/192,1,0.6234838962554932,59.57905197143555,1.0,-0.7800462722661257,23.0,64.0,,False
DFO_3861_From_20110827_to_20110913,9/150/192,1,9.598050117492676,79.71815490722656,2.0,-0.6146479401704877,24.0,93.0,,False
DFO_3861_From_20110827_to_20110913,9/150/192,1,1.4675443172454834,65.11660766601562,4.0,-0.7644905136502579,24.0,85.0,,False
DFO_3861_From_20110827_to_20110913,9/150/192,1,0.5183261036872864,43.99882888793945,4.0,-0.7819842961292158,11.0,0.0,,False
DFO_3861_From_20110827_to_20110913,9/150/192,1,1.7142177820205688,42.45680236816406,1.0,-0.7599444020454981,11.0,0.0,,False
DFO_3861_From_20110827_to_20110913,9/150/192,1,0.6322623491287231,27.713056564331055,1.0,-0.7798844882391521,11.0,0.0,,False
DFO_3861_From_20110827_to_20110913,9/150/192,1,18.60381507873535,85.7806625366211,1.0,-0.44867462545917935,21.0,13.0,,False
DFO_3861_From_20110827_to_20110913,9/150/192,1,2.318126678466797,82.34387969970703,1.0,-0.7488145578003739,22.0,21.0,,False
DFO_3861_From_20110827_to_20110913,9/150/192,1,10.289706230163574,86.58984375,2.0,-0.6019009433129896,90.0,0.0,,False
DFO_3861_From_20110827_to_20110913,9/150/192,1,2.570169448852539,84.1343994140625,2.0,-0.7441694916421993,24.0,94.0,,False
DFO_3861_From_20110827_to_20110913,9/150/192,1,10.101934432983398,81.95050048828125,1.0,-0.6053615163705162,22.0,26.0,,False
DFO_3861_From_20110827_to_20110913,9/150/192,1,1.8837094103218988e-05,0.5550897717475891,1.0,-0.7915365302198952,11.0,0.0,,False
DFO_3861_From_20110827_to_20110913,9/150/192,1,0.0191901046782732,33.931739807128906,2.0,-0.791183210003139,11.0,0.0,,False
DFO_3861_From_20110827_to_20110913,9/150/192,1,0.17992886900901794,80.03673553466797,5.0,-0.7882208469353278,11.0,0.0,,False
DFO_3861_From_20110827_to_20110913,9/150/192,1,-8.983114639704581e-06,2.6587116718292236,2.0,-0.7915370429372802,11.0,0.0,,False
DFO_3861_From_20110827_to_20110913,9/150/192,0,68.48709106445312,86.48298645019531,5.0,0.4706579020539697,90.0,0.0,,False
DFO_3861_From_20110827_to_20110913,9/150/192,0,14.31189250946045,86.12396240234375,2.0,-0.5277733603664844,23.0,60.0,,False
DFO_3861_From_20110827_to_20110913,9/150/192,0,14.12012004852295,67.38346862792969,5.0,-0.5313076643538882,24.0,82.0,,False
DFO_3861_From_20110827_to_20110913,9/150/192,0,-1.5718598365783691,74.68006134033203,7.0,-0.8205057421542733,11.0,0.0,,False
DFO_3861_From_20110827_to_20110913,9/150/192,0,89.71810150146484,86.31423950195312,1.0,0.8619385086505451,90.0,0.0,,False
DFO_3861_From_20110827_to_20110913,9/150/192,0,9.349676132202148,83.62866973876953,2.0,-0.619225391814422,23.0,76.0,,False
DFO_3861_From_20110827_to_20110913,9/150/192,0,25.18402671813965,84.11925506591797,1.0,-0.3274034683732451,24.0,96.0,,False
DFO_3861_From_20110827_to_20110913,9/150/192,0,26.794553756713867,83.28021240234375,1.0,-0.2977219796629883,23.0,57.0,,False
DFO_3861_From_20110827_to_20110913,9/150/192,0,6.585444927215576,81.11917114257812,2.0,-0.6701692725057907,24.0,99.0,,False
DFO_3861_From_20110827_to_20110913,9/150/192,0,36.50709915161133,88.02474975585938,7.0,-0.11872293178502247,24.0,87.0,,False
DFO_3861_From_20110827_to_20110913,9/150/192,0,253.2486114501953,88.07028198242188,1.0,3.8757525388221907,41.0,0.0,,False
DFO_3861_From_20110827_to_20110913,9/150/192,0,162.21551513671875,87.87621307373047,1.0,2.1980422267493074,41.0,0.0,,False
DFO_3861_From_20110827_to_20110913,9/150/192,0,16.755168914794922,78.97937774658203,1.0,-0.48274457208536803,23.0,75.0,,False
DFO_3861_From_20110827_to_20110913,9/150/192,0,112.4569320678711,88.39746856689453,1.0,1.2810077490767904,21.0,1.0,,False
DFO_3861_From_20110827_to_20110913,9/150/192,0,193.19635009765625,88.45230102539062,3.0,2.7690089234285926,21.0,15.0,,False
DFO_3861_From_20110827_to_20110913,9/150/192,0,29.215120315551758,86.62846374511719,1.0,-0.25311172645533253,23.0,78.0,,False
DFO_3861_From_20110827_to_20110913,9/150/192,0,155.5637664794922,88.6785659790039,1.0,2.0754526657272696,21.0,9.0,,False
DFO_3861_From_20110827_to_20110913,9/150/192,0,3.6792373657226562,75.19569396972656,4.0,-0.7237297312004056,22.0,26.0,,False
DFO_3861_From_20110827_to_20110913,9/150/192,0,97.82910919189453,87.30603790283203,1.0,1.0114217383176638,21.0,8.0,,False
DFO_3861_From_20110827_to_20110913,9/150/192,0,130.01124572753906,87.4760513305664,1.0,1.6045280317086235,22.0,21.0,,False
DFO_3861_From_20110827_to_20110913,9/150/192,0,31.861541748046875,81.30743408203125,1.0,-0.20433904149580248,22.0,47.0,,False
DFO_3861_From_20110827_to_20110913,9/150/192,0,22.025766372680664,86.44200897216797,3.0,-0.3856091777730581,23.0,55.0,,False
DFO_3861_From_20110827_to_20110913,9/150/192,0,23.906644821166992,81.4977798461914,5.0,-0.3509452006419846,90.0,0.0,,False
DFO_3861_From_20110827_to_20110913,9/150/192,0,174.22402954101562,89.04251098632812,2.0,2.4193552355849968,11.0,0.0,,False
DFO_3861_From_20110827_to_20110913,9/150/192,0,2.4417951107025146,82.57835388183594,30.0,-0.7465353888778395,95.0,0.0,,False
DFO_3812_From_20110504_to_20110609,9/151/184,1,34.06475830078125,82.08993530273438,3.0,-0.7074766641335174,0.0,127.0,,False
DFO_3812_From_20110504_to_20110609,9/151/184,1,29.80678939819336,13.881918907165527,4.0,-0.7376721332265537,11.0,0.0,,False
DFO_3812_From_20110504_to_20110609,9/151/184,1,31.846330642700195,73.86727905273438,10.0,-0.7232086869164951,95.0,0.0,,False
DFO_3812_From_20110504_to_20110609,9/151/184,1,30.33852767944336,67.95790100097656,1.0,-0.7339013008873814,90.0,0.0,,False
DFO_3812_From_20110504_to_20110609,9/151/184,1,30.075910568237305,18.30491828918457,2.0,-0.7357636552272416,90.0,0.0,,False
DFO_3812_From_20110504_to_20110609,9/151/184,1,29.988237380981445,51.51015090942383,2.0,-0.7363853913358505,95.0,0.0,,False
DFO_3812_From_20110504_to_20110609,9/151/184,1,30.71110725402832,68.31523132324219,3.0,-0.7312591456047913,95.0,0.0,,False
DFO_3812_From_20110504_to_20110609,9/151/184,1,29.08251190185547,65.98687744140625,2.0,-0.7428083611454942,11.0,0.0,,False
DFO_3812_From_20110504_to_20110609,9/151/184,1,33.317928314208984,70.22018432617188,1.0,-0.7127728234745567,81.0,0.0,,False
DFO_3812_From_20110504_to_20110609,9/151/184,1,30.204484939575195,59.44697952270508,2.0,-0.734851867578081,95.0,0.0,,False
DFO_3812_From_20110504_to_20110609,9/151/184,1,29.991628646850586,46.036277770996094,1.0,-0.7363613421081364,90.0,0.0,,False
DFO_3812_From_20110504_to_20110609,9/151/184,1,32.27815628051758,78.89596557617188,1.0,-0.7201463870268997,90.0,0.0,,False
DFO_3812_From_20110504_to_20110609,9/151/184,1,30.067888259887695,78.27918243408203,3.0,-0.7358205455825654,11.0,0.0,,False
DFO_3812_From_20110504_to_20110609,9/151/184,1,31.109800338745117,77.12721252441406,44.0,-0.7284318058584027,81.0,0.0,,False
DFO_3812_From_20110504_to_20110609,9/151/184,1,31.122190475463867,67.62562561035156,2.0,-0.7283439409634472,90.0,0.0,,False
DFO_3812_From_20110504_to_20110609,9/151/184,1,42.734405517578125,80.58168029785156,1.0,-0.6459956926724032,81.0,0.0,,False
DFO_3812_From_20110504_to_20110609,9/151/184,1,34.15239715576172,72.92166137695312,1.0,-0.7068551714929058,82.0,0.0,,False
DFO_3812_From_20110504_to_20110609,9/151/184,1,41.162132263183594,73.01103973388672,1.0,-0.6571454989638543,82.0,0.0,,False
DFO_3812_From_20110504_to_20110609,9/151/184,1,31.07182502746582,60.8986930847168,1.0,-0.7287011085152012,82.0,0.0,,False
DFO_3812_From_20110504_to_20110609,9/151/184,1,30.85654067993164,81.88589477539062,1.0,-0.7302278016430519,95.0,0.0,,False
DFO_3812_From_20110504_to_20110609,9/151/184,1,45.59075927734375,86.6744384765625,1.0,-0.6257398045612051,41.0,0.0,,False
DFO_3812_From_20110504_to_20110609,9/151/184,1,33.61476135253906,87.34719848632812,3.0,-0.7106678262235809,90.0,0.0,,True
DFO_3812_From_20110504_to_20110609,9/151/184,0,308.6597900390625,89.20916748046875,3.0,1.2398193315970278,41.0,0.0,,False
DFO_3812_From_20110504_to_20110609,9/151/184,0,198.745849609375,88.46800231933594,1.0,0.4603624903032107,42.0,0.0,,False
DFO_3812_From_20110504_to_20110609,9/151/184,0,149.14060974121094,86.74190521240234,2.0,0.10858596925313,41.0,0.0,,False
DFO_3812_From_20110504_to_20110609,9/151/184,0,48.25288772583008,86.75543212890625,6.0,-0.6068612690136332,22.0,33.0,,False
DFO_3812_From_20110504_to_20110609,9/151/184,0,285.4806213378906,84.59246063232422,1.0,1.075443806991124,90.0,0.0,,False
DFO_3812_From_20110504_to_20110609,9/151/184,0,103.48468017578125,85.29655456542969,2.0,-0.2151839411538933,24.0,90.0,,False
DFO_3812_From_20110504_to_20110609,9/151/184,0,637.73046875,88.67761993408203,1.0,3.573430434863059,41.0,0.0,,False
DFO_3812_From_20110504_to_20110609,9/151/184,0,386.1060485839844,87.31340026855469,3.0,1.7890309768119999,42.0,0.0,,False
DFO_3812_From_20110504_to_20110609,9/151/184,0,96.1227035522461,84.20892333984375,1.0,-0.26739154122924935,43.0,0.0,,False
DFO_3812_From_20110504_to_20110609,9/151/184,0,59.89917755126953,86.38671875,2.0,-0.5242713787354618,81.0,0.0,,False
DFO_3812_From_20110504_to_20110609,9/151/184,0,60.983863830566406,86.0377197265625,1.0,-0.5165793049389052,43.0,0.0,,False
DFO_3812_From_20110504_to_20110609,9/151/184,0,50.37111282348633,85.1015396118164,1.0,-0.591839834632208,41.0,0.0,,False
DFO_3812_From_20110504_to_20110609,9/151/184,0,546.6771240234375,89.41447448730469,1.0,2.9277238739632185,41.0,0.0,,False
DFO_3812_From_20110504_to_20110609,9/151/184,0,244.22894287109375,88.65130615234375,10.0,0.7829067287088048,42.0,0.0,,False
DFO_3812_From_20110504_to_20110609,9/151/184,0,36.01716232299805,82.32574462890625,3.0,-0.6936311531261129,22.0,41.0,,False
DFO_3812_From_20110504_to_20110609,9/151/184,0,104.76676940917969,87.28949737548828,1.0,-0.20609198047797853,81.0,0.0,,False
DFO_3812_From_20110504_to_20110609,9/151/184,0,361.7071533203125,88.79801177978516,1.0,1.6160057376209238,41.0,0.0,,False
DFO_3812_From_20110504_to_20110609,9/151/184,0,88.61027526855469,85.8658676147461,3.0,-0.3206660721719217,81.0,0.0,,False
DFO_3812_From_20110504_to_20110609,9/151/184,0,77.051513671875,85.3891830444336,3.0,-0.4026352543174721,81.0,0.0,,False
DFO_3812_From_20110504_to_20110609,9/151/184,0,113.60612487792969,88.14085388183594,10.0,-0.1434075196551714,41.0,0.0,,False
DFO_3812_From_20110504_to_20110609,9/151/184,0,391.5710144042969,88.67802429199219,1.0,1.8277858879672813,41.0,0.0,,False
DFO_3812_From_20110504_to_20110609,9/151/184,0,50.84886169433594,87.60131072998047,5.0,-0.5884518692444842,41.0,0.0,,False
DFO_3812_From_20110504_to_20110609,9/151/184,0,108.1833724975586,85.56121826171875,1.0,-0.1818630733820118,31.0,0.0,,False
DFO_3812_From_20110504_to_20110609,9/151/184,0,35.186832427978516,81.70849609375,2.0,-0.6995194536881127,81.0,0.0,,False
DFO_3812_From_20110504_to_20110609,9/151/184,0,42.01352310180664,85.2806167602539,1.0,-0.6511078443116299,82.0,0.0,,False
DFO_3812_From_20110504_to_20110609,9/151/185,1,31.790586471557617,86.55362701416016,29.0,-0.9604890639248777,90.0,0.0,,False
DFO_3812_From_20110504_to_20110609,9/151/185,1,35.89418411254883,78.79327392578125,12.0,-0.9416079962385774,95.0,0.0,,True
DFO_3812_From_20110504_to_20110609,9/151/185,1,55.77447509765625,89.14958190917969,2.0,-0.8501367671971034,42.0,0.0,,False
DFO_3812_From_20110504_to_20110609,9/151/185,1,54.4141960144043,80.0406494140625,1.0,-0.8563955488053643,43.0,0.0,,False
DFO_3812_From_20110504_to_20110609,9/151/185,1,33.9294319152832,82.24516296386719,13.0,-0.9506480197664248,82.0,0.0,,True
DFO_3812_From_20110504_to_20110609,9/151/185,1,253.16555786132812,82.18972778320312,1.0,0.05807956402994282,43.0,0.0,,False
DFO_3812_From_20110504_to_20110609,9/151/185,1,31.433616638183594,78.36514282226562,8.0,-0.962131518223656,90.0,0.0,,False
DFO_3812_From_20110504_to_20110609,9/151/185,1,34.5965690612793,23.123830795288086,4.0,-0.94757845429934,95.0,0.0,,False
DFO_3812_From_20110504_to_20110609,9/151/185,1,403.6461486816406,89.50428009033203,2.0,0.7504559784160505,43.0,0.0,,False
DFO_3812_From_20110504_to_20110609,9/151/185,0,87.58494567871094,89.37576293945312,1.0,-0.7037735755005406,11.0,0.0,,False
DFO_3812_From_20110504_to_20110609,9/151/185,0,192.07740783691406,88.8303451538086,2.0,-0.22299319123249287,42.0,0.0,,False
DFO_3812_From_20110504_to_20110609,9/151/185,0,270.5126953125,89.4207534790039,2.0,0.13789549751898175,42.0,0.0,,False
DFO_3812_From_20110504_to_20110609,9/151/185,0,980.7283935546875,89.652099609375,1.0,3.4056697394265627,42.0,0.0,,False
DFO_3812_From_20110504_to_20110609,9/151/185,0,42.489810943603516,79.49237060546875,1.0,-0.9112608502643338,95.0,0.0,,True
DFO_3812_From_20110504_to_20110609,9/151/185,0,608.9927368164062,89.75537109375,1.0,1.6952763942857774,42.0,0.0,,False
DFO_3812_From_20110504_to_20110609,9/151/185,0,146.7342529296875,88.69559478759766,1.0,-0.4316216318870573,41.0,0.0,,False
DFO_3812_From_20110504_to_20110609,9/151/185,0,35.061405181884766,79.03202056884766,2.0,-0.9454396963059833,82.0,0.0,,False
DFO_3812_From_20110504_to_20110609,9/151/185,0,179.7251434326172,89.01509857177734,7.0,-0.2798272087703997,43.0,0.0,,False
DFO_3812_From_20110504_to_20110609,9/151/185,0,396.28778076171875,88.95944213867188,1.0,0.716599383566467,95.0,0.0,,False
DFO_3812_From_20110504_to_20110609,9/151/185,0,60.67639923095703,87.71857452392578,3.0,-0.8275825185959649,81.0,0.0,,False
DFO_3812_From_20110504_to_20110609,9/151/185,0,702.4715576171875,89.29087829589844,1.0,2.1253819010110333,41.0,0.0,,False
DFO_3812_From_20110504_to_20110609,9/151/185,0,135.17892456054688,89.1672592163086,2.0,-0.4847888661440862,43.0,0.0,,False
DFO_3812_From_20110504_to_20110609,9/151/185,0,55.339012145996094,88.54313659667969,2.0,-0.85214037627004,81.0,0.0,,False
DFO_3812_From_20110504_to_20110609,9/151/185,0,93.64876556396484,87.42102813720703,1.0,-0.675873327058211,42.0,0.0,,False
DFO_3812_From_20110504_to_20110609,9/151/185,0,221.06072998046875,88.32786560058594,2.0,-0.08963799536730563,22.0,28.0,,False
DFO_3812_From_20110504_to_20110609,9/151/185,0,105.4616928100586,87.2510757446289,1.0,-0.6215208543209075,82.0,0.0,,False
DFO_3812_From_20110504_to_20110609,9/151/185,0,181.9154815673828,86.25827026367188,1.0,-0.26974924153372754,41.0,0.0,,False
DFO_3812_From_20110504_to_20110609,9/151/185,0,262.3144836425781,89.30071258544922,13.0,0.10017469665386017,71.0,0.0,,False
DFO_3812_From_20110504_to_20110609,9/151/185,0,287.26678466796875,89.15105438232422,33.0,0.2149827567529352,41.0,0.0,,False
DFO_3812_From_20110504_to_20110609,9/151/185,0,722.9320678710938,89.79957580566406,3.0,2.2195227775778044,43.0,0.0,,False
DFO_3812_From_20110504_to_20110609,9/151/185,0,163.22357177734375,88.97650909423828,1.0,-0.35575260853213037,41.0,0.0,,False
DFO_3812_From_20110504_to_20110609,9/151/185,0,216.69346618652344,89.49488830566406,1.0,-0.10973221768426081,42.0,0.0,,False
DFO_3812_From_20110504_to_20110609,9/151/185,0,367.5384826660156,80.03775787353516,1.0,0.5843209560090615,21.0,1.0,,False
DFO_3812_From_20110504_to_20110609,9/151/185,0,506.2047424316406,89.32447052001953,1.0,1.2223384385925782,41.0,0.0,,False
DFO_3861_From_20110827_to_20110913,9/151/185,1,253.7553253173828,89.4926986694336,1.0,0.06079314373028011,43.0,0.0,,False
DFO_3861_From_20110827_to_20110913,9/151/185,1,155.4715576171875,87.46116638183594,1.0,-0.39142040953703455,43.0,0.0,,False
DFO_3861_From_20110827_to_20110913,9/151/185,1,353.5264587402344,88.81865692138672,7.0,0.5198502170842698,11.0,0.0,,False
DFO_3861_From_20110827_to_20110913,9/151/185,0,103.05156707763672,88.75897216796875,1.0,-0.6326100865184775,81.0,0.0,,False
DFO_3861_From_20110827_to_20110913,9/151/185,0,192.07740783691406,88.8303451538086,2.0,-0.22299319123249287,42.0,0.0,,False
DFO_3861_From_20110827_to_20110913,9/151/185,0,334.1144104003906,89.39140319824219,1.0,0.43053341980055954,41.0,0.0,,False
DFO_3861_From_20110827_to_20110913,9/151/185,0,988.7610473632812,89.68399047851562,1.0,3.442628791831136,42.0,0.0,,False
DFO_3861_From_20110827_to_20110913,9/151/185,0,42.489810943603516,79.49237060546875,1.0,-0.9112608502643338,95.0,0.0,,True
DFO_3861_From_20110827_to_20110913,9/151/185,0,351.7186279296875,89.44920349121094,25.0,0.5115322047240058,41.0,0.0,,False
DFO_3861_From_20110827_to_20110913,9/151/185,0,141.12281799316406,88.4216537475586,29.0,-0.4574404114368422,42.0,0.0,,False
DFO_3861_From_20110827_to_20110913,9/151/185,0,45.556915283203125,84.4961166381836,4.0,-0.8971487930639749,81.0,0.0,,False
DFO_3861_From_20110827_to_20110913,9/151/185,0,314.0003967285156,89.13043212890625,1.0,0.33798680904412365,41.0,0.0,,False
DFO_3861_From_20110827_to_20110913,9/151/185,0,361.384765625,87.39350891113281,13.0,0.5560070816630155,24.0,85.0,,False
DFO_3861_From_20110827_to_20110913,9/151/185,0,42.411888122558594,86.27699279785156,1.0,-0.911619381043219,11.0,0.0,,True
DFO_3861_From_20110827_to_20110913,9/151/185,0,372.209228515625,89.6557388305664,5.0,0.6058115299510719,42.0,0.0,,False
DFO_3861_From_20110827_to_20110913,9/151/185,0,159.00714111328125,88.14691925048828,2.0,-0.3751528323668255,41.0,0.0,,False
DFO_3861_From_20110827_to_20110913,9/151/185,0,31.433616638183594,78.36514282226562,8.0,-0.962131518223656,90.0,0.0,,False
DFO_3861_From_20110827_to_20110913,9/151/185,0,60.67639923095703,87.71857452392578,3.0,-0.8275825185959649,81.0,0.0,,False
DFO_3861_From_20110827_to_20110913,9/151/185,0,212.45216369628906,88.61847686767578,27.0,-0.12924687930611667,42.0,0.0,,False
DFO_3861_From_20110827_to_20110913,9/151/185,0,37.12434387207031,86.65409088134766,3.0,-0.9359479067959687,21.0,1.0,,False
DFO_3861_From_20110827_to_20110913,9/151/185,0,179.7251434326172,89.01509857177734,7.0,-0.2798272087703997,43.0,0.0,,False
DFO_3861_From_20110827_to_20110913,9/151/185,0,291.10797119140625,89.25047302246094,1.0,0.23265644435336227,42.0,0.0,,False
DFO_3861_From_20110827_to_20110913,9/151/185,0,353.4729919433594,89.5927505493164,2.0,0.5196042109454899,21.0,1.0,,False
DFO_3861_From_20110827_to_20110913,9/151/185,0,749.0863037109375,89.4427261352539,2.0,2.33986106129323,42.0,0.0,,False
DFO_3861_From_20110827_to_20110913,9/151/185,0,114.5255126953125,88.13594818115234,1.0,-0.5798173025300509,81.0,0.0,,False
DFO_3861_From_20110827_to_20110913,9/151/185,0,128.386962890625,89.19009399414062,2.0,-0.5160393685645858,43.0,0.0,,False
DFO_3861_From_20110827_to_20110913,9/151/185,0,391.88623046875,89.03644561767578,2.0,0.6963474056005853,42.0,0.0,,False
DFO_3861_From_20110827_to_20110913,9/151/185,0,774.6043090820312,89.68315124511719,1.0,2.4572719842887447,41.0,0.0,,False
DFO_3625_From_20100310_to_20100324,9/151/186,1,249.26052856445312,87.3426284790039,61.0,-0.022400030044079637,90.0,0.0,,False
DFO_3625_From_20100310_to_20100324,9/151/186,0,388.6950378417969,89.2524642944336,1.0,0.7831815393235833,41.0,0.0,,False
DFO_3625_From_20100310_to_20100324,9/151/186,0,353.4534606933594,88.98072052001953,2.0,0.5795736579363402,41.0,0.0,,False
DFO_3625_From_20100310_to_20100324,9/151/186,0,486.1735534667969,89.45726013183594,1.0,1.3463627489380767,42.0,0.0,,False
DFO_3625_From_20100310_to_20100324,9/151/186,0,308.134521484375,88.26126861572266,1.0,0.3177439117761949,11.0,0.0,,False
DFO_3625_From_20100310_to_20100324,9/151/186,0,387.0208740234375,88.375,1.0,0.7735090735677072,42.0,0.0,,False
DFO_3625_From_20100310_to_20100324,9/151/186,0,285.71514892578125,88.62290954589844,12.0,0.1882161971265412,90.0,0.0,,False
DFO_3625_From_20100310_to_20100324,9/151/186,0,345.5141906738281,88.80292510986328,1.0,0.533704599873776,42.0,0.0,,False
DFO_3625_From_20100310_to_20100324,9/151/186,0,392.7519226074219,88.70405578613281,1.0,0.8066201530008861,43.0,0.0,,False
DFO_3625_From_20100310_to_20100324,9/151/186,0,413.70904541015625,89.42959594726562,1.0,0.9276997334028719,41.0,0.0,,False
DFO_3625_From_20100310_to_20100324,9/151/186,0,628.8336181640625,89.31903076171875,1.0,2.1705799344866277,41.0,0.0,,False
DFO_3625_From_20100310_to_20100324,9/151/186,0,357.5301513671875,88.08209228515625,1.0,0.6031267000624949,42.0,0.0,,False
DFO_3625_From_20100310_to_20100324,9/151/186,0,454.29779052734375,88.28821563720703,1.0,1.1622008275698157,42.0,0.0,,False
DFO_3625_From_20100310_to_20100324,9/151/186,0,252.69850158691406,88.92110443115234,36.0,-0.0025371731571311538,90.0,0.0,,False
DFO_3625_From_20100310_to_20100324,9/151/186,0,326.5969543457031,89.4594497680664,2.0,0.42441044444344533,41.0,0.0,,False
DFO_3625_From_20100310_to_20100324,9/151/186,0,1071.2342529296875,89.56780242919922,1.0,4.726545451852643,42.0,0.0,,False
DFO_3625_From_20100310_to_20100324,9/151/186,0,502.7264099121094,89.06281280517578,1.0,1.4419967217748082,42.0,0.0,,False
DFO_3625_From_20100310_to_20100324,9/151/186,0,356.9960632324219,88.54649353027344,1.0,0.6000410108739644,42.0,0.0,,False
DFO_3625_From_20100310_to_20100324,9/151/186,0,372.98480224609375,85.13169860839844,1.0,0.6924158005411637,42.0,0.0,,False
DFO_3625_From_20100310_to_20100324,9/151/186,0,409.2450256347656,88.4687728881836,1.0,0.9019089010258272,71.0,0.0,,False
DFO_3625_From_20100310_to_20100324,9/151/186,0,395.794677734375,86.97908020019531,5.0,0.8241996422039272,41.0,0.0,,False
DFO_3625_From_20100310_to_20100324,9/151/186,0,293.6387023925781,88.05746459960938,1.0,0.23399445295311352,42.0,0.0,,False
DFO_3625_From_20100310_to_20100324,9/151/186,0,335.84149169921875,88.3847885131836,1.0,0.4778206722838869,43.0,0.0,,False
DFO_3625_From_20100310_to_20100324,9/151/186,0,313.3504943847656,88.83769226074219,1.0,0.34787914627914035,42.0,0.0,,False
DFO_3625_From_20100310_to_20100324,9/151/186,0,619.73388671875,89.78924560546875,3.0,2.11800632142246,41.0,0.0,,False
DFO_3625_From_20100310_to_20100324,9/151/186,0,365.9656066894531,89.28882598876953,1.0,0.6518624640570809,42.0,0.0,,False
DFO_3812_From_20110504_to_20110609,9/151/186,1,51.84385299682617,88.2796401977539,45.0,-1.1629730212451665,90.0,0.0,,False
DFO_3812_From_20110504_to_20110609,9/151/186,1,105.35662078857422,85.3067626953125,8.0,-0.8538035073112991,90.0,0.0,,False
DFO_3812_From_20110504_to_20110609,9/151/186,1,106.81245422363281,84.51930236816406,2.0,-0.8453924432968687,81.0,0.0,,False
DFO_3812_From_20110504_to_20110609,9/151/186,1,105.86433410644531,73.6980972290039,16.0,-0.8508701983799647,95.0,0.0,,False
DFO_3812_From_20110504_to_20110609,9/151/186,1,107.00030517578125,83.68310546875,1.0,-0.8443071361829896,82.0,0.0,,False
DFO_3812_From_20110504_to_20110609,9/151/186,1,121.68871307373047,86.95967864990234,1.0,-0.7594449973389655,81.0,0.0,,False
DFO_3812_From_20110504_to_20110609,9/151/186,1,112.44025421142578,87.54678344726562,2.0,-0.8128778816596498,81.0,0.0,,False
DFO_3812_From_20110504_to_20110609,9/151/186,1,111.30033111572266,88.8333511352539,1.0,-0.8194637766518889,41.0,0.0,,False
DFO_3812_From_20110504_to_20110609,9/151/186,1,182.31033325195312,88.63919067382812,1.0,-0.409204155427686,42.0,0.0,,False
DFO_3812_From_20110504_to_20110609,9/151/186,1,141.25160217285156,88.30184936523438,1.0,-0.6464205890808283,42.0,0.0,,False
DFO_3812_From_20110504_to_20110609,9/151/186,1,444.1826171875,88.9637680053711,1.0,1.103760508485469,11.0,0.0,,False
DFO_3812_From_20110504_to_20110609,9/151/186,1,243.74798583984375,89.63993072509766,2.0,-0.05424869392444002,41.0,0.0,,False
DFO_3812_From_20110504_to_20110609,9/151/186,1,244.68064880371094,89.67766571044922,1.0,-0.048860242399654495,42.0,0.0,,False
DFO_3812_From_20110504_to_20110609,9/151/186,1,43.71315002441406,86.7631607055664,21.0,-1.20994808139724,95.0,0.0,,False
DFO_3812_From_20110504_to_20110609,9/151/186,1,60.1628303527832,86.96844482421875,3.0,-1.1149102076082928,11.0,0.0,,False
DFO_3812_From_20110504_to_20110609,9/151/186,1,441.87628173828125,89.81082916259766,1.0,1.0904356770624648,43.0,0.0,,False
DFO_3812_From_20110504_to_20110609,9/151/186,0,111.32931518554688,88.08448028564453,12.0,-0.8192963214603679,81.0,0.0,,False
DFO_3812_From_20110504_to_20110609,9/151/186,0,93.30274200439453,84.31932830810547,1.0,-0.923444678914037,81.0,0.0,,False
DFO_3812_From_20110504_to_20110609,9/151/186,0,61.969573974609375,83.6788330078125,1.0,-1.1044717632815682,81.0,0.0,,False
DFO_3812_From_20110504_to_20110609,9/151/186,0,120.02645111083984,88.62892150878906,1.0,-0.7690487002365178,90.0,0.0,,False
DFO_3812_From_20110504_to_20110609,9/151/186,0,417.73028564453125,89.59190368652344,1.0,0.9509324111352457,43.0,0.0,,False
DFO_3812_From_20110504_to_20110609,9/151/186,0,322.6673583984375,88.99332427978516,1.0,0.4017072407201658,42.0,0.0,,False
DFO_3812_From_20110504_to_20110609,9/151/186,0,145.625732421875,88.18150329589844,1.0,-0.6211490925991505,42.0,0.0,,False
DFO_3812_From_20110504_to_20110609,9/151/186,0,230.17623901367188,87.50814056396484,1.0,-0.13265933390124401,42.0,0.0,,False
DFO_3812_From_20110504_to_20110609,9/151/186,0,80.18856048583984,88.13026428222656,27.0,-0.9992117396183291,41.0,0.0,,False
DFO_3812_From_20110504_to_20110609,9/151/186,0,55.954917907714844,85.21025848388672,1.0,-1.1392213822868464,81.0,0.0,,False
DFO_3812_From_20110504_to_20110609,9/151/186,0,216.59756469726562,89.20620727539062,4.0,-0.21110999738789296,22.0,36.0,,False
DFO_3812_From_20110504_to_20110609,9/151/186,0,466.8723449707031,89.22109985351562,1.0,1.2348501979092035,42.0,0.0,,False
DFO_3812_From_20110504_to_20110609,9/151/186,0,110.09892272949219,84.02967071533203,1.0,-0.8264049023333795,81.0,0.0,,False
DFO_3812_From_20110504_to_20110609,9/151/186,0,392.55902099609375,86.83802795410156,1.0,0.8055056657509746,41.0,0.0,,False
DFO_3812_From_20110504_to_20110609,9/151/186,0,39.11682891845703,81.87767028808594,1.0,-1.2365032834705638,82.0,0.0,,False
DFO_3812_From_20110504_to_20110609,9/151/186,0,161.40919494628906,88.08602905273438,1.0,-0.5299602859230175,41.0,0.0,,False
DFO_3812_From_20110504_to_20110609,9/151/186,0,111.95756530761719,87.01970672607422,1.0,-0.8156666122734826,81.0,0.0,,False
DFO_3812_From_20110504_to_20110609,9/151/186,0,85.9666519165039,87.4240493774414,2.0,-0.9658288705797493,82.0,0.0,,False
DFO_3812_From_20110504_to_20110609,9/151/186,0,486.4375,88.84122467041016,1.0,1.3478876975576755,41.0,0.0,,False
DFO_3812_From_20110504_to_20110609,9/151/186,0,106.18569946289062,86.09508514404297,6.0,-0.8490135130477083,81.0,0.0,,False
DFO_3812_From_20110504_to_20110609,9/151/186,0,113.0711669921875,88.88152313232422,48.0,-0.8092327889871522,42.0,0.0,,False
DFO_3812_From_20110504_to_20110609,9/151/186,0,178.75660705566406,88.9873275756836,2.0,-0.4297357751905899,23.0,54.0,,False
DFO_3812_From_20110504_to_20110609,9/151/186,0,204.966796875,89.33055877685547,1.0,-0.27830664937721566,41.0,0.0,,False
DFO_3812_From_20110504_to_20110609,9/151/186,0,44.88799285888672,81.35443115234375,5.0,-1.2031604379418288,81.0,0.0,,False
DFO_3812_From_20110504_to_20110609,9/151/186,0,70.47736358642578,87.67688751220703,2.0,-1.055318088607643,81.0,0.0,,False
DFO_3861_From_20110827_to_20110913,9/151/186,1,106.741455078125,89.01712799072266,3.0,-0.8458026401940241,11.0,0.0,,False
DFO_3861_From_20110827_to_20110913,9/151/186,1,366.76385498046875,88.57096862792969,1.0,0.6564743360703595,41.0,0.0,,False
DFO_3861_From_20110827_to_20110913,9/151/186,1,112.4374008178711,89.28499603271484,2.0,-0.8128943671141454,11.0,0.0,,False
DFO_3861_From_20110827_to_20110913,9/151/186,1,540.7147216796875,89.51534271240234,1.0,1.6614738366580617,41.0,0.0,,False
DFO_3861_From_20110827_to_20110913,9/151/186,1,99.72818756103516,89.64566040039062,11.0,-0.8863217274852109,11.0,0.0,,False
DFO_3861_From_20110827_to_20110913,9/151/186,1,113.0711669921875,88.88152313232422,48.0,-0.8092327889871522,42.0,0.0,,False
DFO_3861_From_20110827_to_20110913,9/151/186,1,142.5670166015625,89.18789672851562,1.0,-0.6388207945583543,42.0,0.0,,False
DFO_3861_From_20110827_to_20110913,9/151/186,0,302.1502990722656,85.62641143798828,1.0,0.2831701229259513,42.0,0.0,,False
DFO_3861_From_20110827_to_20110913,9/151/186,0,126.02918243408203,85.74070739746094,1.0,-0.7343679763258295,81.0,0.0,,False
DFO_3861_From_20110827_to_20110913,9/151/186,0,335.26885986328125,80.55132293701172,1.0,0.4745122972233999,90.0,0.0,,False
DFO_3861_From_20110827_to_20110913,9/151/186,0,233.879150390625,88.69853210449219,1.0,-0.11126579815650303,41.0,0.0,,False
DFO_3861_From_20110827_to_20110913,9/151/186,0,646.7335205078125,89.51146697998047,1.0,2.2739964523654557,41.0,0.0,,False
DFO_3861_From_20110827_to_20110913,9/151/186,0,146.76536560058594,89.33949279785156,1.0,-0.6145648725996142,81.0,0.0,,False
DFO_3861_From_20110827_to_20110913,9/151/186,0,217.58570861816406,88.84674072265625,1.0,-0.20540100515430518,90.0,0.0,,False
DFO_3861_From_20110827_to_20110913,9/151/186,0,383.8740234375,89.3303451538086,1.0,0.7553281738268638,41.0,0.0,,False
DFO_3861_From_20110827_to_20110913,9/151/186,0,331.97625732421875,78.14717864990234,1.0,0.45548931694062056,71.0,0.0,,False
DFO_3861_From_20110827_to_20110913,9/151/186,0,226.4032440185547,89.32288360595703,5.0,-0.15445777709250005,81.0,0.0,,False
DFO_3861_From_20110827_to_20110913,9/151/186,0,449.3759460449219,85.12157440185547,1.0,1.1337649172425777,42.0,0.0,,False
DFO_3861_From_20110827_to_20110913,9/151/186,0,91.35633087158203,77.64100646972656,2.0,-0.9346900509753174,81.0,0.0,,False
DFO_3861_From_20110827_to_20110913,9/151/186,0,535.53076171875,88.79977416992188,1.0,1.6315235566125053,42.0,0.0,,False
DFO_3861_From_20110827_to_20110913,9/151/186,0,439.3390808105469,89.57526397705078,1.0,1.0757770225029981,41.0,0.0,,False
DFO_3861_From_20110827_to_20110913,9/151/186,0,340.77081298828125,88.74641418457031,8.0,0.5062997797913541,43.0,0.0,,False
DFO_3861_From_20110827_to_20110913,9/151/186,0,218.43592834472656,88.07740020751953,1.0,-0.20048886865967877,41.0,0.0,,False
DFO_3861_From_20110827_to_20110913,9/151/186,0,447.5804138183594,89.16561126708984,1.0,1.1233912466468188,42.0,0.0,,False
DFO_3861_From_20110827_to_20110913,9/151/186,0,346.6708679199219,89.37846374511719,2.0,0.5403872918127326,42.0,0.0,,False
DFO_3861_From_20110827_to_20110913,9/151/186,0,46.27012634277344,88.26602172851562,2.0,-1.1951751747039427,43.0,0.0,,False
DFO_3861_From_20110827_to_20110913,9/151/186,0,62.43624496459961,87.83851623535156,2.0,-1.1017755760145629,42.0,0.0,,False
DFO_3861_From_20110827_to_20110913,9/151/186,0,160.6679229736328,88.18659973144531,1.0,-0.534242977791448,42.0,0.0,,False
DFO_3861_From_20110827_to_20110913,9/151/186,0,178.75660705566406,88.9873275756836,2.0,-0.4297357751905899,23.0,54.0,,False
DFO_3861_From_20110827_to_20110913,9/151/186,0,276.9684753417969,89.24835205078125,4.0,0.1376823725442954,42.0,0.0,,False
DFO_3861_From_20110827_to_20110913,9/151/186,0,36.22168731689453,48.230934143066406,1.0,-1.253229936915367,81.0,0.0,,False
DFO_3861_From_20110827_to_20110913,9/151/186,0,112.44025421142578,87.54678344726562,2.0,-0.8128778816596498,81.0,0.0,,False
DFO_3812_From_20110504_to_20110609,9/151/187,1,402.164794921875,89.7484359741211,2.0,1.4359767868944058,42.0,0.0,,False
DFO_3812_From_20110504_to_20110609,9/151/187,1,60.054039001464844,89.47093963623047,14.0,-1.148086758244532,90.0,0.0,,False
DFO_3812_From_20110504_to_20110609,9/151/187,1,242.6300506591797,89.63450622558594,2.0,0.23096376202417618,41.0,0.0,,False
DFO_3812_From_20110504_to_20110609,9/151/187,1,65.60599517822266,89.01610565185547,10.0,-1.1061511940674547,41.0,0.0,,False
DFO_3812_From_20110504_to_20110609,9/151/187,1,278.45361328125,88.1164321899414,1.0,0.5015497071507586,11.0,0.0,,False
DFO_3812_From_20110504_to_20110609,9/151/187,1,79.70028686523438,89.27960205078125,5.0,-0.9996928477200081,11.0,0.0,,False
DFO_3812_From_20110504_to_20110609,9/151/187,1,286.9298400878906,89.32792663574219,1.0,0.5655731507646306,41.0,0.0,,False
DFO_3812_From_20110504_to_20110609,9/151/187,1,162.3058624267578,89.43046569824219,2.0,-0.37574854681819053,11.0,0.0,,False
DFO_3812_From_20110504_to_20110609,9/151/187,1,355.5804443359375,89.688232421875,1.0,1.0841114332336232,41.0,0.0,,False
DFO_3812_From_20110504_to_20110609,9/151/187,1,164.45883178710938,89.53741455078125,3.0,-0.3594865335911645,41.0,0.0,,False
DFO_3812_From_20110504_to_20110609,9/151/187,0,89.66807556152344,83.8958740234375,11.0,-0.924403196780998,42.0,0.0,,False
DFO_3812_From_20110504_to_20110609,9/151/187,0,120.68763732910156,85.4153823852539,1.0,-0.69010328845414,42.0,0.0,,False
DFO_3812_From_20110504_to_20110609,9/151/187,0,283.8900146484375,89.38965606689453,1.0,0.542612451734448,43.0,0.0,,False
DFO_3812_From_20110504_to_20110609,9/151/187,0,84.40486145019531,85.9239273071289,1.0,-0.9641578068889243,82.0,0.0,,False
DFO_3812_From_20110504_to_20110609,9/151/187,0,44.69771957397461,86.85633850097656,10.0,-1.2640775727201752,90.0,0.0,,False
DFO_3812_From_20110504_to_20110609,9/151/187,0,94.24150848388672,83.62090301513672,1.0,-0.889858707646121,41.0,0.0,,False
DFO_3812_From_20110504_to_20110609,9/151/187,0,90.25785064697266,84.46612548828125,1.0,-0.9199484514338652,81.0,0.0,,False
DFO_3812_From_20110504_to_20110609,9/151/187,0,219.99722290039062,87.4070053100586,1.0,0.06001133178693013,81.0,0.0,,False
DFO_3812_From_20110504_to_20110609,9/151/187,0,210.72259521484375,87.65921783447266,1.0,-0.010042669387279032,43.0,0.0,,False
DFO_3812_From_20110504_to_20110609,9/151/187,0,252.22474670410156,89.21456146240234,3.0,0.30343533401456213,81.0,0.0,,False
DFO_3812_From_20110504_to_20110609,9/151/187,0,214.3739013671875,88.95726776123047,1.0,0.017536724002527294,41.0,0.0,,False
DFO_3812_From_20110504_to_20110609,9/151/187,0,100.5177230834961,87.40371704101562,1.0,-0.8424526057692995,81.0,0.0,,False
DFO_3812_From_20110504_to_20110609,9/151/187,0,287.7558288574219,88.57371520996094,1.0,0.5718120878079792,41.0,0.0,,False
DFO_3812_From_20110504_to_20110609,9/151/187,0,246.6540069580078,88.57052612304688,1.0,0.2613578919925804,43.0,0.0,,False
DFO_3812_From_20110504_to_20110609,9/151/187,0,177.41131591796875,89.05037689208984,1.0,-0.2616525968255783,41.0,0.0,,False
DFO_3812_From_20110504_to_20110609,9/151/187,0,186.8199920654297,86.741455078125,1.0,-0.19058608804171462,81.0,0.0,,False
DFO_3812_From_20110504_to_20110609,9/151/187,0,441.9580993652344,88.92111206054688,1.0,1.7365473640341162,41.0,0.0,,False
DFO_3812_From_20110504_to_20110609,9/151/187,0,162.5557098388672,85.20929718017578,1.0,-0.3738613755489266,82.0,0.0,,False
DFO_3812_From_20110504_to_20110609,9/151/187,0,69.5265884399414,87.15806579589844,1.0,-1.0765377956355102,42.0,0.0,,False
DFO_3812_From_20110504_to_20110609,9/151/187,0,187.83853149414062,87.7071533203125,4.0,-0.1828927590204228,81.0,0.0,,False
DFO_3812_From_20110504_to_20110609,9/151/187,0,97.43830108642578,87.20945739746094,1.0,-0.8657123892897556,22.0,49.0,,False
DFO_3812_From_20110504_to_20110609,9/151/187,0,67.31790924072266,86.20637512207031,31.0,-1.0932206017234183,90.0,0.0,,False
DFO_3812_From_20110504_to_20110609,9/151/187,0,109.83658599853516,88.18382263183594,1.0,-0.7720644828466112,42.0,0.0,,False
DFO_3812_From_20110504_to_20110609,9/151/187,0,257.0779113769531,89.12966918945312,3.0,0.34009271964960897,81.0,0.0,,False
DFO_3812_From_20110504_to_20110609,9/151/187,0,392.4899597167969,89.67263793945312,1.0,1.362899900166865,41.0,0.0,,False
DFO_3861_From_20110827_to_20110913,9/151/187,1,248.50198364257812,89.41069030761719,1.0,0.27531620549259733,42.0,0.0,,False
DFO_3861_From_20110827_to_20110913,9/151/187,1,111.47460174560547,89.47369384765625,3.0,-0.7596920662969467,11.0,0.0,,False
DFO_3861_From_20110827_to_20110913,9/151/187,0,201.71417236328125,87.02379608154297,3.0,-0.07808594685539455,42.0,0.0,,False
DFO_3861_From_20110827_to_20110913,9/151/187,0,341.7828369140625,89.43447875976562,2.0,0.9798940307345907,42.0,0.0,,False
DFO_3861_From_20110827_to_20110913,9/151/187,0,306.9527587890625,89.50776672363281,1.0,0.716812167333335,41.0,0.0,,False
DFO_3861_From_20110827_to_20110913,9/151/187,0,243.751953125,89.52010345458984,3.0,0.23943782258192783,21.0,5.0,,False
DFO_3861_From_20110827_to_20110913,9/151/187,0,174.15359497070312,88.67192840576172,1.0,-0.2862591249583068,41.0,0.0,,False
DFO_3861_From_20110827_to_20110913,9/151/187,0,186.8199920654297,86.741455078125,1.0,-0.19058608804171462,81.0,0.0,,False
DFO_3861_From_20110827_to_20110913,9/151/187,0,188.72744750976562,87.90496826171875,9.0,-0.1761785139085237,81.0,0.0,,False
DFO_3861_From_20110827_to_20110913,9/151/187,0,198.196044921875,87.56625366210938,1.0,-0.10465940212145988,41.0,0.0,,False
DFO_3861_From_20110827_to_20110913,9/151/187,0,665.7658081054688,89.49451446533203,1.0,3.4270330657209067,41.0,0.0,,False
DFO_3861_From_20110827_to_20110913,9/151/187,0,427.1011962890625,89.48998260498047,1.0,1.624328788708967,41.0,0.0,,False
DFO_3861_From_20110827_to_20110913,9/151/187,0,124.52245330810547,88.74845123291016,5.0,-0.6611377911636496,41.0,0.0,,False
DFO_3861_From_20110827_to_20110913,9/151/187,0,217.39662170410156,88.48055267333984,3.0,0.04036822314307718,82.0,0.0,,False
DFO_3861_From_20110827_to_20110913,9/151/187,0,122.3858642578125,86.79386901855469,6.0,-0.6772760790726375,42.0,0.0,,False
DFO_3861_From_20110827_to_20110913,9/151/187,0,73.140625,84.9809799194336,10.0,-1.0492399104798054,90.0,0.0,,False
DFO_3861_From_20110827_to_20110913,9/151/187,0,233.4425811767578,87.5284423828125,1.0,0.1615680924909854,42.0,0.0,,False
DFO_3861_From_20110827_to_20110913,9/151/187,0,229.165283203125,86.3602066040039,18.0,0.12926039805552436,82.0,0.0,,True
DFO_3861_From_20110827_to_20110913,9/151/187,0,130.5836181640625,85.48434448242188,1.0,-0.6153560234924816,21.0,8.0,,False
DFO_3861_From_20110827_to_20110913,9/151/187,0,234.82203674316406,89.24571990966797,1.0,0.17198752765811195,21.0,1.0,,False
DFO_3861_From_20110827_to_20110913,9/151/187,0,75.3507080078125,85.6965103149414,16.0,-1.0325465010111246,22.0,34.0,,False
DFO_3861_From_20110827_to_20110913,9/151/187,0,222.09788513183594,89.37022399902344,1.0,0.07587825382603403,41.0,0.0,,False
DFO_3861_From_20110827_to_20110913,9/151/187,0,338.11785888671875,89.18818664550781,1.0,0.9522113696363893,81.0,0.0,,False
DFO_3861_From_20110827_to_20110913,9/151/187,0,608.9640502929688,89.76576232910156,1.0,2.9979926186639325,41.0,0.0,,False
DFO_3861_From_20110827_to_20110913,9/151/187,0,84.40486145019531,85.9239273071289,1.0,-0.9641578068889243,82.0,0.0,,False
DFO_3861_From_20110827_to_20110913,9/151/187,0,257.0779113769531,89.12966918945312,3.0,0.34009271964960897,81.0,0.0,,False
DFO_3861_From_20110827_to_20110913,9/151/187,0,257.7957458496094,89.32057189941406,3.0,0.345514735356904,42.0,0.0,,False
DFO_3625_From_20100310_to_20100324,9/151/188,1,440.5215759277344,89.5924072265625,1.0,1.1012992448959822,41.0,0.0,,False
DFO_3625_From_20100310_to_20100324,9/151/188,0,439.10662841796875,89.69551086425781,1.0,1.0930654758231482,41.0,0.0,,False
DFO_3625_From_20100310_to_20100324,9/151/188,0,252.1915740966797,88.28062438964844,1.0,0.00538173992779536,82.0,0.0,,False
DFO_3625_From_20100310_to_20100324,9/151/188,0,296.8271484375,89.19715881347656,1.0,0.2651221253619533,41.0,0.0,,False
DFO_3625_From_20100310_to_20100324,9/151/188,0,338.84112548828125,88.82364654541016,6.0,0.5096070850370849,41.0,0.0,,False
DFO_3625_From_20100310_to_20100324,9/151/188,0,110.8929443359375,88.8857650756836,3.0,-0.8168539117328945,81.0,0.0,,False
DFO_3625_From_20100310_to_20100324,9/151/188,0,569.948486328125,78.96105194091797,1.0,1.854451771538969,41.0,0.0,,False
DFO_3625_From_20100310_to_20100324,9/151/188,0,313.8662414550781,89.26898193359375,4.0,0.36427488979242606,43.0,0.0,,False
DFO_3625_From_20100310_to_20100324,9/151/188,0,401.4631652832031,89.39057922363281,1.0,0.8740131219978553,43.0,0.0,,False
DFO_3625_From_20100310_to_20100324,9/151/188,0,251.22372436523438,88.7754135131836,8.0,-0.00025030729015764917,43.0,0.0,,False
DFO_3625_From_20100310_to_20100324,9/151/188,0,405.15313720703125,89.45631408691406,1.0,0.8954855628455544,41.0,0.0,,False
DFO_3625_From_20100310_to_20100324,9/151/188,0,300.9041748046875,87.03840637207031,1.0,0.2888468878563849,81.0,0.0,,False
DFO_3625_From_20100310_to_20100324,9/151/188,0,246.06735229492188,89.08609008789062,9.0,-0.030255926995157324,42.0,0.0,,False
DFO_3625_From_20100310_to_20100324,9/151/188,0,138.4949951171875,89.30903625488281,2.0,-0.6562338813071066,41.0,0.0,,False
DFO_3625_From_20100310_to_20100324,9/151/188,0,79.66667175292969,88.67512512207031,1.0,-0.9985637742396949,22.0,37.0,,False
DFO_3625_From_20100310_to_20100324,9/151/188,0,157.9976043701172,87.26639556884766,12.0,-0.5427455859477008,90.0,0.0,,False
DFO_3625_From_20100310_to_20100324,9/151/188,0,294.25518798828125,86.5763168334961,26.0,0.2501555430278587,43.0,0.0,,False
DFO_3625_From_20100310_to_20100324,9/151/188,0,88.37299346923828,83.37190246582031,1.0,-0.9479005220758333,22.0,28.0,,False
DFO_3625_From_20100310_to_20100324,9/151/188,0,355.7993469238281,89.47869873046875,2.0,0.6082892469000388,43.0,0.0,,False
DFO_3625_From_20100310_to_20100324,9/151/188,0,162.8395233154297,86.40361785888672,1.0,-0.5145698110939139,43.0,0.0,,False
DFO_3625_From_20100310_to_20100324,9/151/188,0,382.235595703125,89.16040802001953,3.0,0.7621253193326998,41.0,0.0,,False
DFO_3625_From_20100310_to_20100324,9/151/188,0,427.12896728515625,88.86931610107422,4.0,1.0233658614419956,81.0,0.0,,False
DFO_3625_From_20100310_to_20100324,9/151/188,0,535.6475830078125,89.57828521728516,1.0,1.6548502209656641,41.0,0.0,,False
DFO_3625_From_20100310_to_20100324,9/151/188,0,113.0188217163086,87.34392547607422,1.0,-0.8044831465233525,41.0,0.0,,False
DFO_3625_From_20100310_to_20100324,9/151/188,0,455.5478210449219,89.18359375,1.0,1.1887389777997235,41.0,0.0,,False
DFO_3625_From_20100310_to_20100324,9/151/188,0,312.6097717285156,86.3399658203125,6.0,0.35696332416605453,41.0,0.0,,False
DFO_3629_From_20100327_to_20100331,9/151/188,1,49.6245231628418,86.26371765136719,30.0,-1.1733830606339444,11.0,0.0,,False
DFO_3629_From_20100327_to_20100331,9/151/188,0,439.10662841796875,89.69551086425781,1.0,1.0930654758231482,41.0,0.0,,False
DFO_3629_From_20100327_to_20100331,9/151/188,0,211.65931701660156,85.22417449951172,7.0,-0.23048089278101877,43.0,0.0,,False
DFO_3629_From_20100327_to_20100331,9/151/188,0,296.8271484375,89.19715881347656,1.0,0.2651221253619533,41.0,0.0,,False
DFO_3629_From_20100327_to_20100331,9/151/188,0,532.8027954101562,89.58177185058594,1.0,1.638296020913223,52.0,0.0,,False
DFO_3629_From_20100327_to_20100331,9/151/188,0,110.8929443359375,88.8857650756836,3.0,-0.8168539117328945,81.0,0.0,,False
DFO_3629_From_20100327_to_20100331,9/151/188,0,529.388427734375,88.19347381591797,1.0,1.6184273580984532,43.0,0.0,,False
DFO_3629_From_20100327_to_20100331,9/151/188,0,313.8662414550781,89.26898193359375,4.0,0.36427488979242606,43.0,0.0,,False
DFO_3629_From_20100327_to_20100331,9/151/188,0,401.4631652832031,89.39057922363281,1.0,0.8740131219978553,43.0,0.0,,False
DFO_3629_From_20100327_to_20100331,9/151/188,0,293.8826904296875,87.39480590820312,1.0,0.24798792984327958,81.0,0.0,,False
DFO_3629_From_20100327_to_20100331,9/151/188,0,337.3114318847656,89.3947982788086,2.0,0.5007055930759978,41.0,0.0,,False
DFO_3629_From_20100327_to_20100331,9/151/188,0,300.9041748046875,87.03840637207031,1.0,0.2888468878563849,81.0,0.0,,False
DFO_3629_From_20100327_to_20100331,9/151/188,0,208.16700744628906,88.72687530517578,10.0,-0.25080310991935206,42.0,0.0,,False
DFO_3629_From_20100327_to_20100331,9/151/188,0,84.82784271240234,85.74091339111328,1.0,-0.9685302291559246,22.0,29.0,,False
DFO_3629_From_20100327_to_20100331,9/151/188,0,79.66667175292969,88.67512512207031,1.0,-0.9985637742396949,22.0,37.0,,False
DFO_3629_From_20100327_to_20100331,9/151/188,0,177.96420288085938,88.98560333251953,2.0,-0.4265572749518587,41.0,0.0,,False
DFO_3629_From_20100327_to_20100331,9/151/188,0,294.25518798828125,86.5763168334961,26.0,0.2501555430278587,43.0,0.0,,False
DFO_3629_From_20100327_to_20100331,9/151/188,0,82.22945404052734,75.3091812133789,6.0,-0.9836506008573669,90.0,0.0,,False
DFO_3629_From_20100327_to_20100331,9/151/188,0,330.22088623046875,89.73223876953125,2.0,0.45944475822881886,43.0,0.0,,False
DFO_3629_From_20100327_to_20100331,9/151/188,0,174.17982482910156,88.9195785522461,1.0,-0.44857907770243305,90.0,0.0,,False
DFO_3629_From_20100327_to_20100331,9/151/188,0,257.28790283203125,89.5519790649414,2.0,0.03503795942464663,42.0,0.0,,False
DFO_3629_From_20100327_to_20100331,9/151/188,0,499.71270751953125,89.51051330566406,1.0,1.4457403674979845,41.0,0.0,,False
DFO_3629_From_20100327_to_20100331,9/151/188,0,326.46246337890625,88.84253692626953,4.0,0.4375739922645369,81.0,0.0,,False
DFO_3629_From_20100327_to_20100331,9/151/188,0,113.0188217163086,87.34392547607422,1.0,-0.8044831465233525,41.0,0.0,,False
DFO_3629_From_20100327_to_20100331,9/151/188,0,455.5478210449219,89.18359375,1.0,1.1887389777997235,41.0,0.0,,False
DFO_3629_From_20100327_to_20100331,9/151/188,0,220.8827362060547,89.22794342041016,2.0,-0.1768085811625606,81.0,0.0,,False
DFO_3625_From_20100310_to_20100324,9/151/189,1,308.7473449707031,89.38844299316406,4.0,0.24053002737584994,42.0,0.0,,False
DFO_3625_From_20100310_to_20100324,9/151/189,1,10.129003524780273,87.24488067626953,91.0,-1.729292282744075,41.0,0.0,,False
DFO_3625_From_20100310_to_20100324,9/151/189,0,339.0782470703125,88.9296646118164,1.0,0.4406064438229401,41.0,0.0,,False
DFO_3625_From_20100310_to_20100324,9/151/189,0,389.6293029785156,89.24388885498047,1.0,0.7740641853867838,43.0,0.0,,False
DFO_3625_From_20100310_to_20100324,9/151/189,0,474.3257141113281,89.40629577636719,1.0,1.332760209980157,41.0,0.0,,False
DFO_3625_From_20100310_to_20100324,9/151/189,0,55.6246452331543,86.89913940429688,4.0,-1.4291823510619088,81.0,0.0,,False
DFO_3625_From_20100310_to_20100324,9/151/189,0,91.26937866210938,83.96939849853516,1.0,-1.1940534878894224,21.0,14.0,,False
DFO_3625_From_20100310_to_20100324,9/151/189,0,467.1374206542969,88.74718475341797,1.0,1.2853429590678804,41.0,0.0,,False
DFO_3625_From_20100310_to_20100324,9/151/189,0,97.81172180175781,88.41062927246094,3.0,-1.1508972188721247,81.0,0.0,,False
DFO_3625_From_20100310_to_20100324,9/151/189,0,292.1686096191406,88.85863494873047,4.0,0.13116915352277606,41.0,0.0,,False
DFO_3625_From_20100310_to_20100324,9/151/189,0,248.95347595214844,87.04424285888672,1.0,-0.15389751056715056,41.0,0.0,,False
DFO_3625_From_20100310_to_20100324,9/151/189,0,239.51986694335938,88.23846435546875,19.0,-0.21612588341418862,41.0,0.0,,False
DFO_3625_From_20100310_to_20100324,9/151/189,0,175.07339477539062,86.2922134399414,58.0,-0.6412441064620413,41.0,0.0,,False
DFO_3625_From_20100310_to_20100324,9/151/189,0,111.2776870727539,85.6277084350586,5.0,-1.0620695913068843,81.0,0.0,,False
DFO_3625_From_20100310_to_20100324,9/151/189,0,277.8271789550781,89.32571411132812,6.0,0.03656655830266912,43.0,0.0,,False
DFO_3625_From_20100310_to_20100324,9/151/189,0,293.97119140625,88.38262939453125,1.0,0.14305980231169818,42.0,0.0,,False
DFO_3625_From_20100310_to_20100324,9/151/189,0,219.9158477783203,88.35590362548828,2.0,-0.3454429043725467,43.0,0.0,,False
DFO_3625_From_20100310_to_20100324,9/151/189,0,69.70481872558594,81.26209259033203,1.0,-1.3363031268941807,41.0,0.0,,False
DFO_3625_From_20100310_to_20100324,9/151/189,0,347.77508544921875,82.3111572265625,1.0,0.4979747427135126,90.0,0.0,,False
DFO_3625_From_20100310_to_20100324,9/151/189,0,208.89512634277344,88.04540252685547,12.0,-0.4181405921710988,41.0,0.0,,False
DFO_3625_From_20100310_to_20100324,9/151/189,0,27.50432777404785,86.49168395996094,25.0,-1.6146767464509935,41.0,0.0,,False
DFO_3625_From_20100310_to_20100324,9/151/189,0,108.83148956298828,83.77596282958984,1.0,-1.0782058219428339,82.0,0.0,,False
DFO_3625_From_20100310_to_20100324,9/151/189,0,454.2856140136719,88.51397705078125,2.0,1.2005666009799263,41.0,0.0,,False
DFO_3625_From_20100310_to_20100324,9/151/189,0,73.40318298339844,85.34416198730469,11.0,-1.3119070352451738,41.0,0.0,,False
DFO_3625_From_20100310_to_20100324,9/151/189,0,549.0990600585938,89.38172912597656,1.0,1.8259991863138063,43.0,0.0,,False
DFO_3625_From_20100310_to_20100324,9/151/189,0,298.8730773925781,89.15470886230469,1.0,0.17539487031448509,21.0,3.0,,False
DFO_3625_From_20100310_to_20100324,9/151/189,0,453.0939636230469,88.99505615234375,1.0,1.1927059333667103,41.0,0.0,,False
DFO_3625_From_20100310_to_20100324,9/151/190,1,223.24386596679688,88.9305648803711,1.0,-0.2514134210490395,41.0,0.0,,False
DFO_3625_From_20100310_to_20100324,9/151/190,1,229.04832458496094,88.77061462402344,1.0,-0.18922935194774657,11.0,0.0,,False
DFO_3625_From_20100310_to_20100324,9/151/190,0,168.50668334960938,87.47793579101562,1.0,-0.8378213826159857,41.0,0.0,,False
DFO_3625_From_20100310_to_20100324,9/151/190,0,158.93544006347656,86.4363784790039,1.0,-0.9403596024643723,41.0,0.0,,False
DFO_3625_From_20100310_to_20100324,9/151/190,0,408.5904846191406,87.2417984008789,1.0,1.7342337684926215,90.0,0.0,,False
DFO_3625_From_20100310_to_20100324,9/151/190,0,291.8398742675781,88.85144805908203,1.0,0.4834662982929586,41.0,0.0,,False
DFO_3625_From_20100310_to_20100324,9/151/190,0,211.75375366210938,88.71611785888672,7.0,-0.3745087835175379,41.0,0.0,,False
DFO_3625_From_20100310_to_20100324,9/151/190,0,164.39727783203125,88.89717102050781,5.0,-0.8818460838810865,22.0,31.0,,False
DFO_3625_From_20100310_to_20100324,9/151/190,0,154.67201232910156,88.51814270019531,2.0,-0.9860343677238067,43.0,0.0,,False
DFO_3625_From_20100310_to_20100324,9/151/190,0,94.01860809326172,86.93388366699219,6.0,-1.6358237328210625,41.0,0.0,,False
DFO_3625_From_20100310_to_20100324,9/151/190,0,159.01414489746094,88.3387222290039,2.0,-0.9395164253212406,21.0,1.0,,False
DFO_3625_From_20100310_to_20100324,9/151/190,0,466.1515808105469,84.43276977539062,1.0,2.3508947559465607,43.0,0.0,,False
DFO_3625_From_20100310_to_20100324,9/151/190,0,337.6227722167969,89.49694061279297,1.0,0.9739456137665098,81.0,0.0,,False
DFO_3625_From_20100310_to_20100324,9/151/190,0,383.2652893066406,87.35028839111328,1.0,1.4629210072321484,11.0,0.0,,False
DFO_3625_From_20100310_to_20100324,9/151/190,0,241.1661834716797,89.31871795654297,1.0,-0.059408842587344156,43.0,0.0,,False
DFO_3625_From_20100310_to_20100324,9/151/190,0,287.3435974121094,88.39683532714844,1.0,0.4352969841377913,90.0,0.0,,False
DFO_3625_From_20100310_to_20100324,9/151/190,0,286.1611633300781,88.78997039794922,1.0,0.4226293836772315,41.0,0.0,,False
DFO_3625_From_20100310_to_20100324,9/151/190,0,168.3333740234375,89.28369903564453,1.0,-0.8396780724166236,21.0,6.0,,False
DFO_3625_From_20100310_to_20100324,9/151/190,0,360.6901550292969,84.25474548339844,1.0,1.22107007810668,11.0,0.0,,False
DFO_3625_From_20100310_to_20100324,9/151/190,0,138.3572540283203,88.32957458496094,9.0,-1.1608169140877196,81.0,0.0,,False
DFO_3625_From_20100310_to_20100324,9/151/190,0,208.68569946289062,88.95549011230469,7.0,-0.40737732594003095,42.0,0.0,,False
DFO_3625_From_20100310_to_20100324,9/151/190,0,351.4261169433594,85.9695053100586,7.0,1.1218229954088694,90.0,0.0,,False
DFO_3625_From_20100310_to_20100324,9/151/190,0,182.5260772705078,89.27117156982422,1.0,-0.6876294323094921,43.0,0.0,,False
DFO_3625_From_20100310_to_20100324,9/151/190,0,103.34716033935547,88.79399871826172,5.0,-1.5358854998787463,41.0,0.0,,False
DFO_3625_From_20100310_to_20100324,9/151/190,0,225.8921661376953,88.93107604980469,1.0,-0.2230417688999881,81.0,0.0,,False
DFO_3625_From_20100310_to_20100324,9/151/190,0,461.4859313964844,89.43478393554688,1.0,2.30091092719489,41.0,0.0,,False
DFO_3625_From_20100310_to_20100324,9/151/190,0,142.15260314941406,88.19831085205078,6.0,-1.1201567479059724,41.0,0.0,,False
DFO_3629_From_20100327_to_20100331,9/151/190,1,489.4706726074219,89.61988830566406,1.0,2.600715817834831,41.0,0.0,,False
DFO_3629_From_20100327_to_20100331,9/151/190,0,162.67739868164062,89.36647033691406,2.0,-0.9002714170549824,41.0,0.0,,False
DFO_3629_From_20100327_to_20100331,9/151/190,0,127.23678588867188,88.25170135498047,1.0,-1.2799522210516878,41.0,0.0,,False
DFO_3629_From_20100327_to_20100331,9/151/190,0,381.10565185546875,87.96099853515625,11.0,1.4397844748986834,41.0,0.0,,False
DFO_3629_From_20100327_to_20100331,9/151/190,0,223.28770446777344,89.29972839355469,3.0,-0.25094377236113385,81.0,0.0,,False
DFO_3629_From_20100327_to_20100331,9/151/190,0,293.2481384277344,88.40058135986328,1.0,0.49855325154885577,41.0,0.0,,False
DFO_3629_From_20100327_to_20100331,9/151/190,0,135.55728149414062,83.16644287109375,13.0,-1.1908134558844503,41.0,0.0,,False
DFO_3629_From_20100327_to_20100331,9/151/190,0,210.2850341796875,88.9796142578125,1.0,-0.3902434040555382,81.0,0.0,,False
DFO_3629_From_20100327_to_20100331,9/151/190,0,94.01860809326172,86.93388366699219,6.0,-1.6358237328210625,41.0,0.0,,False
DFO_3629_From_20100327_to_20100331,9/151/190,0,188.12481689453125,89.01404571533203,1.0,-0.6276492628289247,41.0,0.0,,False
DFO_3629_From_20100327_to_20100331,9/151/190,0,466.1515808105469,84.43276977539062,1.0,2.3508947559465607,43.0,0.0,,False
DFO_3629_From_20100327_to_20100331,9/151/190,0,337.6227722167969,89.49694061279297,1.0,0.9739456137665098,81.0,0.0,,False
DFO_3629_From_20100327_to_20100331,9/151/190,0,356.2013244628906,88.58409118652344,5.0,1.1729805372058453,90.0,0.0,,False
DFO_3629_From_20100327_to_20100331,9/151/190,0,241.1661834716797,89.31871795654297,1.0,-0.059408842587344156,43.0,0.0,,False
DFO_3629_From_20100327_to_20100331,9/151/190,0,205.705322265625,87.48267364501953,5.0,-0.4393065709867126,43.0,0.0,,False
DFO_3629_From_20100327_to_20100331,9/151/190,0,286.1611633300781,88.78997039794922,1.0,0.4226293836772315,41.0,0.0,,False
DFO_3629_From_20100327_to_20100331,9/151/190,0,211.98046875,87.26216888427734,1.0,-0.3720799494747593,41.0,0.0,,False
DFO_3629_From_20100327_to_20100331,9/151/190,0,360.6901550292969,84.25474548339844,1.0,1.22107007810668,11.0,0.0,,False
DFO_3629_From_20100327_to_20100331,9/151/190,0,159.4348602294922,88.83952331542969,1.0,-0.9350092364514404,41.0,0.0,,False
DFO_3629_From_20100327_to_20100331,9/151/190,0,226.81724548339844,89.16644287109375,1.0,-0.21313124980741216,42.0,0.0,,False
DFO_3629_From_20100327_to_20100331,9/151/190,0,351.4261169433594,85.9695053100586,7.0,1.1218229954088694,90.0,0.0,,False
DFO_3629_From_20100327_to_20100331,9/151/190,0,182.5260772705078,89.27117156982422,1.0,-0.6876294323094921,43.0,0.0,,False
DFO_3629_From_20100327_to_20100331,9/151/190,0,103.34716033935547,88.79399871826172,5.0,-1.5358854998787463,41.0,0.0,,False
DFO_3629_From_20100327_to_20100331,9/151/190,0,225.8921661376953,88.93107604980469,1.0,-0.2230417688999881,81.0,0.0,,False
DFO_3629_From_20100327_to_20100331,9/151/190,0,461.4859313964844,89.43478393554688,1.0,2.30091092719489,41.0,0.0,,False
DFO_3629_From_20100327_to_20100331,9/151/190,0,142.15260314941406,88.19831085205078,6.0,-1.1201567479059724,41.0,0.0,,False
DFO_3861_From_20110827_to_20110913,9/151/190,1,163.35833740234375,89.03455352783203,3.0,-0.8929764144979062,41.0,0.0,,False
DFO_3861_From_20110827_to_20110913,9/151/190,0,168.50668334960938,87.47793579101562,1.0,-0.8378213826159857,41.0,0.0,,False
DFO_3861_From_20110827_to_20110913,9/151/190,0,305.8652648925781,88.10614013671875,1.0,0.6337224922243554,90.0,0.0,,False
DFO_3861_From_20110827_to_20110913,9/151/190,0,421.8468322753906,79.57465362548828,1.0,1.8762510853371936,41.0,0.0,,False
DFO_3861_From_20110827_to_20110913,9/151/190,0,223.28770446777344,89.29972839355469,3.0,-0.25094377236113385,81.0,0.0,,False
DFO_3861_From_20110827_to_20110913,9/151/190,0,211.75375366210938,88.71611785888672,7.0,-0.3745087835175379,41.0,0.0,,False
DFO_3861_From_20110827_to_20110913,9/151/190,0,135.55728149414062,83.16644287109375,13.0,-1.1908134558844503,41.0,0.0,,False
DFO_3861_From_20110827_to_20110913,9/151/190,0,266.1574401855469,88.9172134399414,1.0,0.20832638246191543,41.0,0.0,,False
DFO_3861_From_20110827_to_20110913,9/151/190,0,94.01860809326172,86.93388366699219,6.0,-1.6358237328210625,41.0,0.0,,False
DFO_3861_From_20110827_to_20110913,9/151/190,0,159.01414489746094,88.3387222290039,2.0,-0.9395164253212406,21.0,1.0,,False
DFO_3861_From_20110827_to_20110913,9/151/190,0,466.1515808105469,84.43276977539062,1.0,2.3508947559465607,43.0,0.0,,False
DFO_3861_From_20110827_to_20110913,9/151/190,0,337.6227722167969,89.49694061279297,1.0,0.9739456137665098,81.0,0.0,,False
DFO_3861_From_20110827_to_20110913,9/151/190,0,356.2013244628906,88.58409118652344,5.0,1.1729805372058453,90.0,0.0,,False
DFO_3861_From_20110827_to_20110913,9/151/190,0,241.1661834716797,89.31871795654297,1.0,-0.059408842587344156,43.0,0.0,,False
DFO_3861_From_20110827_to_20110913,9/151/190,0,287.3435974121094,88.39683532714844,1.0,0.4352969841377913,90.0,0.0,,False
DFO_3861_From_20110827_to_20110913,9/151/190,0,212.92745971679688,88.5950927734375,2.0,-0.36193468777312227,41.0,0.0,,False
DFO_3861_From_20110827_to_20110913,9/151/190,0,168.3333740234375,89.28369903564453,1.0,-0.8396780724166236,21.0,6.0,,False
DFO_3861_From_20110827_to_20110913,9/151/190,0,360.6901550292969,84.25474548339844,1.0,1.22107007810668,11.0,0.0,,False
DFO_3861_From_20110827_to_20110913,9/151/190,0,138.3572540283203,88.32957458496094,9.0,-1.1608169140877196,81.0,0.0,,False
DFO_3861_From_20110827_to_20110913,9/151/190,0,226.81724548339844,89.16644287109375,1.0,-0.21313124980741216,42.0,0.0,,False
DFO_3861_From_20110827_to_20110913,9/151/190,0,348.78765869140625,87.37901306152344,3.0,1.0935567812701552,43.0,0.0,,False
DFO_3861_From_20110827_to_20110913,9/151/190,0,242.6224365234375,87.97985076904297,1.0,-0.04380777686243781,41.0,0.0,,False
DFO_3861_From_20110827_to_20110913,9/151/190,0,103.34716033935547,88.79399871826172,5.0,-1.5358854998787463,41.0,0.0,,False
DFO_3861_From_20110827_to_20110913,9/151/190,0,225.8921661376953,88.93107604980469,1.0,-0.2230417688999881,81.0,0.0,,False
DFO_3861_From_20110827_to_20110913,9/151/190,0,461.4859313964844,89.43478393554688,1.0,2.30091092719489,41.0,0.0,,False
DFO_3861_From_20110827_to_20110913,9/151/190,0,132.1887664794922,87.9961166381836,2.0,-1.2269008818132265,41.0,0.0,,False
DFO_3625_From_20100310_to_20100324,9/151/191,1,219.62713623046875,89.19878387451172,1.0,1.4892999804722873,41.0,0.0,,False
DFO_3625_From_20100310_to_20100324,9/151/191,1,257.4694519042969,88.31285858154297,1.0,2.0061558144754748,41.0,0.0,,False
DFO_3625_From_20100310_to_20100324,9/151/191,1,200.22557067871094,88.89251708984375,2.0,1.2243105852499288,21.0,1.0,,False
DFO_3625_From_20100310_to_20100324,9/151/191,1,61.75700759887695,88.6296157836914,11.0,-0.6669131250196684,21.0,14.0,,False
DFO_3625_From_20100310_to_20100324,9/151/191,1,3.2615437507629395,77.24491119384766,22.0,-1.4658526511631493,24.0,96.0,,False
DFO_3625_From_20100310_to_20100324,9/151/191,1,2.3382856845855713,82.52761840820312,2.0,-1.4784626436886412,24.0,89.0,,False
DFO_3625_From_20100310_to_20100324,9/151/191,1,0.29229214787483215,73.14234161376953,4.0,-1.5064071200493496,11.0,0.0,,False
DFO_3625_From_20100310_to_20100324,9/151/191,1,9.077019691467285,83.56901550292969,1.0,-1.3864240376140844,23.0,73.0,,False
DFO_3625_From_20100310_to_20100324,9/151/191,1,2.0211997032165527,79.17796325683594,4.0,-1.482793449994571,11.0,0.0,,False
DFO_3625_From_20100310_to_20100324,9/151/191,1,2.1253137588500977,62.48601531982422,1.0,-1.4813714451278566,21.0,13.0,,False
DFO_3625_From_20100310_to_20100324,9/151/191,0,32.884254455566406,88.05987548828125,2.0,-1.0612613735380527,23.0,75.0,,False
DFO_3625_From_20100310_to_20100324,9/151/191,0,138.21078491210938,87.8114013671875,8.0,0.3773036500983992,41.0,0.0,,False
DFO_3625_From_20100310_to_20100324,9/151/191,0,198.29013061523438,88.26756286621094,1.0,1.1978760642551365,21.0,1.0,,False
DFO_3625_From_20100310_to_20100324,9/151/191,0,141.8253936767578,84.04823303222656,1.0,0.42667250066638057,21.0,2.0,,False
DFO_3625_From_20100310_to_20100324,9/151/191,0,134.85458374023438,41.804832458496094,1.0,0.33146416789748223,41.0,0.0,,False
DFO_3625_From_20100310_to_20100324,9/151/191,0,157.11094665527344,87.2997817993164,1.0,0.6354447994074579,21.0,4.0,,False
DFO_3625_From_20100310_to_20100324,9/151/191,0,76.41548919677734,88.0514907836914,1.0,-0.4667054581103468,23.0,58.0,,False
DFO_3625_From_20100310_to_20100324,9/151/191,0,18.66097640991211,87.69416046142578,2.0,-1.2555249672332482,22.0,31.0,,False
DFO_3625_From_20100310_to_20100324,9/151/191,0,100.7881088256836,87.96566009521484,2.0,-0.13382068557902377,21.0,3.0,,False
DFO_3625_From_20100310_to_20100324,9/151/191,0,193.30853271484375,87.71343231201172,1.0,1.1298366778796447,90.0,0.0,,False
DFO_3625_From_20100310_to_20100324,9/151/191,0,230.11859130859375,88.70500946044922,1.0,1.6325937950223715,43.0,0.0,,False
DFO_3625_From_20100310_to_20100324,9/151/191,0,160.34173583984375,87.88062286376953,3.0,0.6795713865030368,41.0,0.0,,False
DFO_3625_From_20100310_to_20100324,9/151/191,0,128.90721130371094,85.3156509399414,1.0,0.2502340928856395,41.0,0.0,,False
DFO_3625_From_20100310_to_20100324,9/151/191,0,48.436038970947266,87.02904510498047,1.0,-0.8488528458671586,21.0,3.0,,False
DFO_3625_From_20100310_to_20100324,9/151/191,0,250.76773071289062,87.76160430908203,1.0,1.9146227348009477,23.0,70.0,,False
DFO_3625_From_20100310_to_20100324,9/151/191,0,129.7270050048828,86.69322204589844,1.0,0.2614309541132095,41.0,0.0,,False
DFO_3625_From_20100310_to_20100324,9/151/191,0,127.18859100341797,86.99894714355469,1.0,0.226760927651804,41.0,0.0,,False
DFO_3625_From_20100310_to_20100324,9/151/191,0,98.24007415771484,86.20216369628906,1.0,-0.16862211249838224,22.0,31.0,,False
DFO_3625_From_20100310_to_20100324,9/151/191,0,138.2420654296875,86.76740264892578,22.0,0.37773088394265564,21.0,1.0,,False
DFO_3625_From_20100310_to_20100324,9/151/191,0,147.8477783203125,86.86409759521484,1.0,0.5089271032774254,41.0,0.0,,False
DFO_3625_From_20100310_to_20100324,9/151/191,0,126.8707275390625,87.97357177734375,1.0,0.2224195023705226,21.0,6.0,,False
DFO_3625_From_20100310_to_20100324,9/151/191,0,3.167452096939087,83.11552429199219,32.0,-1.4671377686128593,24.0,100.0,,False
DFO_3625_From_20100310_to_20100324,9/151/191,0,36.23151779174805,86.1911392211914,3.0,-1.0155439655928786,22.0,28.0,,False
DFO_3625_From_20100310_to_20100324,9/151/191,0,214.518310546875,86.21660614013672,1.0,1.419522898587815,90.0,0.0,,False
DFO_3625_From_20100310_to_20100324,9/151/191,0,178.4507293701172,86.29679107666016,1.0,0.9269066456537084,21.0,2.0,,False
DFO_3861_From_20110827_to_20110913,9/151/191,1,2.5320487022399902,82.86808776855469,2.0,-1.475816200300981,24.0,98.0,,False
DFO_3861_From_20110827_to_20110913,9/151/191,1,-0.637904167175293,65.09412384033203,23.0,-1.5191118761838807,11.0,0.0,,False
DFO_3861_From_20110827_to_20110913,9/151/191,1,2.7123472690582275,73.81970977783203,1.0,-1.4733536563349714,23.0,74.0,,False
DFO_3861_From_20110827_to_20110913,9/151/191,1,3.069852590560913,83.51825714111328,16.0,-1.4684707968213384,23.0,61.0,,False
DFO_3861_From_20110827_to_20110913,9/151/191,1,18.17262840270996,86.57266235351562,2.0,-1.2621948951182593,24.0,87.0,,False
DFO_3861_From_20110827_to_20110913,9/151/191,1,17.709474563598633,82.86288452148438,27.0,-1.268520717402735,24.0,80.0,,False
DFO_3861_From_20110827_to_20110913,9/151/191,1,10.354900360107422,82.48615264892578,1.0,-1.368970558169555,22.0,25.0,,False
DFO_3861_From_20110827_to_20110913,9/151/191,1,2.1253137588500977,62.48601531982422,1.0,-1.4813714451278566,21.0,13.0,,False
DFO_3861_From_20110827_to_20110913,9/151/191,1,9.268403053283691,86.70982360839844,2.0,-1.383810095910872,22.0,22.0,,False
DFO_3861_From_20110827_to_20110913,9/151/191,0,95.8018569946289,86.29817962646484,13.0,-0.20192363601427085,41.0,0.0,,False
DFO_3861_From_20110827_to_20110913,9/151/191,0,170.68850708007812,79.50031280517578,1.0,0.8208890882183703,41.0,0.0,,False
DFO_3861_From_20110827_to_20110913,9/151/191,0,198.29013061523438,88.26756286621094,1.0,1.1978760642551365,21.0,1.0,,False
DFO_3861_From_20110827_to_20110913,9/151/191,0,34.114810943603516,86.02228546142578,1.0,-1.044454254613448,23.0,58.0,,False
DFO_3861_From_20110827_to_20110913,9/151/191,0,119.5647964477539,86.94408416748047,2.0,0.12263403628236531,23.0,64.0,,False
DFO_3861_From_20110827_to_20110913,9/151/191,0,48.11130905151367,87.28752136230469,3.0,-0.8532880541874232,41.0,0.0,,False
DFO_3861_From_20110827_to_20110913,9/151/191,0,146.5221405029297,88.19220733642578,3.0,0.4908213497713465,41.0,0.0,,False
DFO_3861_From_20110827_to_20110913,9/151/191,0,90.2153091430664,86.73284149169922,1.0,-0.27822551653092786,41.0,0.0,,False
DFO_3861_From_20110827_to_20110913,9/151/191,0,145.70738220214844,88.55525970458984,1.0,0.4796932627723642,41.0,0.0,,False
DFO_3861_From_20110827_to_20110913,9/151/191,0,194.42420959472656,88.83451080322266,2.0,1.1450747544603734,21.0,2.0,,False
DFO_3861_From_20110827_to_20110913,9/151/191,0,196.49624633789062,86.89849853515625,15.0,1.1733749327106695,41.0,0.0,,False
DFO_3861_From_20110827_to_20110913,9/151/191,0,194.8094940185547,83.55195617675781,1.0,1.1503370249810922,22.0,27.0,,False
DFO_3861_From_20110827_to_20110913,9/151/191,0,178.4507293701172,86.29679107666016,1.0,0.9269066456537084,21.0,2.0,,False
DFO_3861_From_20110827_to_20110913,9/151/191,0,121.86408996582031,87.65780639648438,6.0,0.15403812051287236,41.0,0.0,,False
DFO_3861_From_20110827_to_20110913,9/151/191,0,230.11859130859375,88.70500946044922,1.0,1.6325937950223715,43.0,0.0,,False
DFO_3861_From_20110827_to_20110913,9/151/191,0,104.80479431152344,87.44432830810547,12.0,-0.07896021285832154,23.0,63.0,,False
DFO_3861_From_20110827_to_20110913,9/151/191,0,145.85256958007812,87.29894256591797,1.0,0.4816762530299737,41.0,0.0,,False
DFO_3861_From_20110827_to_20110913,9/151/191,0,177.58163452148438,85.66766357421875,1.0,0.9150364222062397,11.0,0.0,,False
DFO_3861_From_20110827_to_20110913,9/151/191,0,149.40457153320312,88.62967681884766,4.0,0.5301900106891824,41.0,0.0,,False
DFO_3861_From_20110827_to_20110913,9/151/191,0,131.32339477539062,84.84762573242188,4.0,0.283234677049769,21.0,3.0,,False
DFO_3861_From_20110827_to_20110913,9/151/191,0,38.71371078491211,86.73920440673828,1.0,-0.9816418138139915,22.0,28.0,,False
DFO_3861_From_20110827_to_20110913,9/151/191,0,50.854427337646484,86.92784118652344,1.0,-0.8158221469271779,21.0,3.0,,False
DFO_3861_From_20110827_to_20110913,9/151/191,0,152.6552734375,84.65393829345703,1.0,0.5745885685978123,11.0,0.0,,False
DFO_3861_From_20110827_to_20110913,9/151/191,0,202.1998291015625,87.43083190917969,1.0,1.2512752930251052,41.0,0.0,,False
DFO_3861_From_20110827_to_20110913,9/151/191,0,168.65711975097656,79.59461975097656,1.0,0.7931441055588542,22.0,47.0,,False
DFO_3625_From_20100310_to_20100324,9/151/192,1,7.065802574157715,81.43285369873047,1.0,-0.3128174164107837,22.0,23.0,,False
DFO_3625_From_20100310_to_20100324,9/151/192,1,0.018997550010681152,67.58743286132812,11.0,-0.6718087453137248,11.0,0.0,,False
DFO_3625_From_20100310_to_20100324,9/151/192,1,0.1857789307832718,79.82426452636719,4.0,-0.6633122608339279,11.0,0.0,,False
DFO_3625_From_20100310_to_20100324,9/151/192,1,4.647549152374268,81.9295654296875,1.0,-0.4360125390990555,11.0,0.0,,False
DFO_3625_From_20100310_to_20100324,9/151/192,1,0.9671440720558167,81.43665313720703,3.0,-0.6235065177400472,11.0,0.0,,False
DFO_3625_From_20100310_to_20100324,9/151/192,1,17.861684799194336,86.94707489013672,1.0,0.23716631286298806,23.0,67.0,,True
DFO_3625_From_20100310_to_20100324,9/151/192,1,3.80439829826355,86.73834228515625,6.0,-0.47896588384829447,11.0,0.0,,True
DFO_3625_From_20100310_to_20100324,9/151/192,1,3.4157159328460693,81.53887939453125,1.0,-0.4987668572545722,21.0,5.0,,False
DFO_3625_From_20100310_to_20100324,9/151/192,1,3.6690168380737305,85.69355010986328,2.0,-0.4858627357032593,11.0,0.0,,True
DFO_3625_From_20100310_to_20100324,9/151/192,1,5.454845428466797,79.52335357666016,1.0,-0.3948857643437213,23.0,72.0,,False
DFO_3625_From_20100310_to_20100324,9/151/192,1,1.3202906847000122,81.91279602050781,11.0,-0.6055158721444487,11.0,0.0,,False
DFO_3625_From_20100310_to_20100324,9/151/192,1,0.08929216861724854,58.81957244873047,4.0,-0.6682276672986776,11.0,0.0,,False
DFO_3625_From_20100310_to_20100324,9/151/192,1,0.5403870344161987,65.81024169921875,10.0,-0.6452471612708326,24.0,85.0,,False
DFO_3625_From_20100310_to_20100324,9/151/192,1,0.8912752866744995,66.8516616821289,3.0,-0.627371565232203,24.0,94.0,,False
DFO_3625_From_20100310_to_20100324,9/151/192,1,2.3565542697906494,70.78843688964844,24.0,-0.5527246227440946,23.0,56.0,,False
DFO_3625_From_20100310_to_20100324,9/151/192,1,2.137030839920044,63.37080764770508,8.0,-0.5639079898933964,22.0,41.0,,True
DFO_3625_From_20100310_to_20100324,9/151/192,1,2.0687007904052734,66.90283203125,6.0,-0.5673889852090402,23.0,73.0,,False
DFO_3625_From_20100310_to_20100324,9/151/192,1,1.0089672803878784,14.054882049560547,1.0,-0.6213758827804218,31.0,0.0,,False
DFO_3625_From_20100310_to_20100324,9/151/192,1,0.8336999416351318,16.959794998168945,1.0,-0.6303046745713862,11.0,0.0,,False
DFO_3625_From_20100310_to_20100324,9/151/192,1,0.969202995300293,7.568159103393555,1.0,-0.6234016282775019,23.0,57.0,,False
DFO_3625_From_20100310_to_20100324,9/151/192,1,0.7779631018638611,5.339937210083008,1.0,-0.6331441233868103,95.0,0.0,,False
DFO_3625_From_20100310_to_20100324,9/151/192,1,0.8637597560882568,23.44683265686035,1.0,-0.6287733121028454,11.0,0.0,,False
DFO_3625_From_20100310_to_20100324,9/151/192,1,0.5349705219268799,24.203052520751953,1.0,-0.6455230992327738,11.0,0.0,,False
DFO_3625_From_20100310_to_20100324,9/151/192,0,31.644458770751953,82.74264526367188,5.0,0.9393137863724093,23.0,58.0,,False
DFO_3625_From_20100310_to_20100324,9/151/192,0,71.12364959716797,45.447357177734375,1.0,2.9505354861672592,22.0,39.0,,False
DFO_3625_From_20100310_to_20100324,9/151/192,0,69.9577865600586,86.48866271972656,1.0,2.891141942628516,23.0,56.0,,False
DFO_3625_From_20100310_to_20100324,9/151/192,0,2.5593268871307373,73.12299346923828,5.0,-0.5423946063587106,11.0,0.0,,False
DFO_3625_From_20100310_to_20100324,9/151/192,0,30.24631118774414,87.4209213256836,3.0,0.8680867753927541,43.0,0.0,,False
DFO_3625_From_20100310_to_20100324,9/151/192,0,9.642573356628418,79.07940673828125,8.0,-0.18154681018460983,23.0,67.0,,False
DFO_3625_From_20100310_to_20100324,9/151/192,0,13.099897384643555,82.55966186523438,6.0,-0.005417437651636221,23.0,58.0,,False
DFO_3625_From_20100310_to_20100324,9/151/192,0,12.684351921081543,78.43272399902344,5.0,-0.026586920512668283,23.0,60.0,,False
DFO_3625_From_20100310_to_20100324,9/151/192,0,25.521286010742188,81.68563842773438,5.0,0.6273758345366739,23.0,75.0,,False
DFO_3625_From_20100310_to_20100324,9/151/192,0,31.634572982788086,87.7242431640625,1.0,0.9388101663423047,21.0,2.0,,False
DFO_3625_From_20100310_to_20100324,9/151/192,0,31.747636795043945,85.83174133300781,1.0,0.9445700714444722,41.0,0.0,,False
DFO_3625_From_20100310_to_20100324,9/151/192,0,29.824928283691406,82.95610809326172,1.0,0.8466199108797571,22.0,49.0,,False
DFO_3625_From_20100310_to_20100324,9/151/192,0,50.517494201660156,86.93785095214844,2.0,1.9007787405690275,21.0,12.0,,False
DFO_3625_From_20100310_to_20100324,9/151/192,0,31.562686920166016,79.51345825195312,1.0,0.9351480140531657,23.0,54.0,,False
DFO_3625_From_20100310_to_20100324,9/151/192,0,19.973358154296875,87.53031158447266,1.0,0.34474306876293603,21.0,2.0,,False
DFO_3625_From_20100310_to_20100324,9/151/192,0,6.393923282623291,80.31263732910156,7.0,-0.34704552956331197,23.0,75.0,,False
DFO_3625_From_20100310_to_20100324,9/151/192,0,56.69484329223633,83.92205810546875,2.0,2.215476642884232,23.0,73.0,,False
DFO_3625_From_20100310_to_20100324,9/151/192,0,23.132183074951172,78.23664093017578,5.0,0.5056657496305929,21.0,7.0,,False
DFO_3625_From_20100310_to_20100324,9/151/192,0,9.471283912658691,82.20339965820312,1.0,-0.19027295272822037,24.0,82.0,,False
DFO_3625_From_20100310_to_20100324,9/151/192,0,32.53866958618164,87.53248596191406,1.0,0.9848683217754011,22.0,24.0,,False
DFO_3625_From_20100310_to_20100324,9/151/192,0,9.54976749420166,72.97623443603516,1.0,-0.18627469747089076,23.0,56.0,,False
DFO_3625_From_20100310_to_20100324,9/151/192,0,1.9154295921325684,72.88133239746094,5.0,-0.5751972090724675,24.0,100.0,,False
DFO_3625_From_20100310_to_20100324,9/151/192,0,13.060818672180176,79.4058609008789,8.0,-0.007408257444573861,22.0,49.0,,False
DFO_3625_From_20100310_to_20100324,9/151/192,0,33.50944519042969,87.78614807128906,2.0,1.0343233617603829,21.0,2.0,,False
DFO_3625_From_20100310_to_20100324,9/151/192,0,44.177616119384766,86.28457641601562,1.0,1.5778009868154161,23.0,70.0,,False
DFO_3629_From_20100327_to_20100331,9/151/192,1,14.90729808807373,85.22296142578125,1.0,0.08665850004795224,22.0,37.0,,False
DFO_3629_From_20100327_to_20100331,9/151/192,1,3.3810689449310303,79.40757751464844,1.0,-0.5005319079678363,11.0,0.0,,False
DFO_3629_From_20100327_to_20100331,9/151/192,1,0.0022302146535366774,31.025299072265625,11.0,-0.6726629378139283,11.0,0.0,,False
DFO_3629_From_20100327_to_20100331,9/151/192,1,0.1298336237668991,75.97920227050781,4.0,-0.6661623297719601,11.0,0.0,,False
DFO_3629_From_20100327_to_20100331,9/151/192,1,0.08853460848331451,71.58785247802734,7.0,-0.6682662603232147,11.0,0.0,,False
DFO_3629_From_20100327_to_20100331,9/151/192,1,0.2891978919506073,74.16968536376953,25.0,-0.6580437015115111,11.0,0.0,,False
DFO_3629_From_20100327_to_20100331,9/151/192,1,0.03246302902698517,84.54060363769531,3.0,-0.6711227620646051,11.0,0.0,,False
DFO_3629_From_20100327_to_20100331,9/151/192,1,0.9671440720558167,81.43665313720703,3.0,-0.6235065177400472,11.0,0.0,,False
DFO_3629_From_20100327_to_20100331,9/151/192,1,7.939198017120361,83.25892639160156,1.0,-0.2683232960750383,43.0,0.0,,False
DFO_3629_From_20100327_to_20100331,9/151/192,1,0.016972994431853294,16.5286922454834,2.0,-0.6719118839553064,11.0,0.0,,False
DFO_3629_From_20100327_to_20100331,9/151/192,1,2.3565542697906494,70.78843688964844,24.0,-0.5527246227440946,23.0,56.0,,False
DFO_3629_From_20100327_to_20100331,9/151/192,1,0.18999624252319336,20.388704299926758,1.0,-0.6630974147667067,11.0,0.0,,False
DFO_3629_From_20100327_to_20100331,9/151/192,1,0.027701370418071747,16.360679626464844,1.0,-0.6713653392532655,11.0,0.0,,False
DFO_3629_From_20100327_to_20100331,9/151/192,1,0.4293876588344574,12.07858657836914,1.0,-0.6509018960351607,11.0,0.0,,False
DFO_3629_From_20100327_to_20100331,9/151/192,1,0.8637597560882568,23.44683265686035,1.0,-0.6287733121028454,11.0,0.0,,False
DFO_3629_From_20100327_to_20100331,9/151/192,1,1.6318732500076294,14.429177284240723,1.0,-0.5896426588514062,23.0,57.0,,True
DFO_3629_From_20100327_to_20100331,9/151/192,0,26.462764739990234,85.7524642944336,3.0,0.6753383791208444,22.0,49.0,,False
DFO_3629_From_20100327_to_20100331,9/151/192,0,71.12364959716797,45.447357177734375,1.0,2.9505354861672592,22.0,39.0,,False
DFO_3629_From_20100327_to_20100331,9/151/192,0,50.529354095458984,86.21990966796875,3.0,1.901382929136882,22.0,26.0,,False
DFO_3629_From_20100327_to_20100331,9/151/192,0,18.60089874267578,83.9779052734375,1.0,0.27482471195373187,24.0,87.0,,False
DFO_3629_From_20100327_to_20100331,9/151/192,0,26.259876251220703,87.99073791503906,5.0,0.665002459799549,23.0,65.0,,False
DFO_3629_From_20100327_to_20100331,9/151/192,0,3.206308603286743,75.00064086914062,3.0,-0.5094348713776986,21.0,9.0,,False
DFO_3629_From_20100327_to_20100331,9/151/192,0,11.409974098205566,76.81523895263672,1.0,-0.09150862426224232,22.0,24.0,,False
DFO_3629_From_20100327_to_20100331,9/151/192,0,7.5119948387146,79.6683349609375,1.0,-0.2900866677309765,21.0,7.0,,False
DFO_3629_From_20100327_to_20100331,9/151/192,0,19.77231216430664,84.5372543334961,9.0,0.3345010134102072,23.0,63.0,,False
DFO_3629_From_20100327_to_20100331,9/151/192,0,46.69797897338867,84.64544677734375,1.0,1.7061979563890124,21.0,7.0,,False
DFO_3629_From_20100327_to_20100331,9/151/192,0,7.892796516418457,85.90118408203125,3.0,-0.2706871668424268,22.0,34.0,,False
DFO_3629_From_20100327_to_20100331,9/151/192,0,29.824928283691406,82.95610809326172,1.0,0.8466199108797571,22.0,49.0,,False
DFO_3629_From_20100327_to_20100331,9/151/192,0,46.89974594116211,86.54061126708984,2.0,1.7164767411207456,23.0,65.0,,False
DFO_3629_From_20100327_to_20100331,9/151/192,0,25.378801345825195,81.88906860351562,3.0,0.6201171181351892,23.0,62.0,,False
DFO_3629_From_20100327_to_20100331,9/151/192,0,0.3656487464904785,82.41407012939453,21.0,-0.6541490011795184,11.0,0.0,,False
DFO_3629_From_20100327_to_20100331,9/151/192,0,7.1013407707214355,74.2077865600586,1.0,-0.3110069641040281,41.0,0.0,,False
DFO_3629_From_20100327_to_20100331,9/151/192,0,56.69484329223633,83.92205810546875,2.0,2.215476642884232,23.0,73.0,,False
DFO_3629_From_20100327_to_20100331,9/151/192,0,23.987361907958984,82.33567810058594,6.0,0.5492318458485453,23.0,63.0,,False
DFO_3629_From_20100327_to_20100331,9/151/192,0,6.146661758422852,84.7978515625,5.0,-0.35964198183567025,24.0,96.0,,True
DFO_3629_From_20100327_to_20100331,9/151/192,0,32.53866958618164,87.53248596191406,1.0,0.9848683217754011,22.0,24.0,,False
DFO_3629_From_20100327_to_20100331,9/151/192,0,4.437185287475586,74.63719177246094,7.0,-0.4467292828083477,22.0,46.0,,False
DFO_3629_From_20100327_to_20100331,9/151/192,0,2.405749559402466,60.57097625732422,26.0,-0.5502184256330643,23.0,52.0,,False
DFO_3629_From_20100327_to_20100331,9/151/192,0,3.975461959838867,74.46687316894531,17.0,-0.4702512435275401,23.0,65.0,,False
DFO_3629_From_20100327_to_20100331,9/151/192,0,23.637065887451172,87.74776458740234,3.0,0.5313864203712407,23.0,72.0,,False
DFO_3629_From_20100327_to_20100331,9/151/192,0,39.88384246826172,85.63145446777344,1.0,1.3590596559934136,22.0,48.0,,False
DFO_3861_From_20110827_to_20110913,9/151/192,1,0.08853460848331451,71.58785247802734,7.0,-0.6682662603232147,11.0,0.0,,False
DFO_3861_From_20110827_to_20110913,9/151/192,1,0.00023472677276004106,25.78615379333496,1.0,-0.6727645956352636,11.0,0.0,,False
DFO_3861_From_20110827_to_20110913,9/151/192,1,0.018649937584996223,3.89957857131958,1.0,-0.6718264540265687,11.0,0.0,,False
DFO_3861_From_20110827_to_20110913,9/151/192,1,0.009859307669103146,42.54896926879883,19.0,-0.6722742824970013,11.0,0.0,,False
DFO_3861_From_20110827_to_20110913,9/151/192,1,3.2948973178863525,77.66084289550781,2.0,-0.5049218218082923,21.0,15.0,,False
DFO_3861_From_20110827_to_20110913,9/151/192,1,4.249746799468994,73.18445587158203,12.0,-0.45627811971620436,24.0,95.0,,False
DFO_3861_From_20110827_to_20110913,9/151/192,1,0.0023526307195425034,0.8772984743118286,2.0,-0.6726567014690792,11.0,0.0,,False
DFO_3861_From_20110827_to_20110913,9/151/192,1,0.18999624252319336,20.388704299926758,1.0,-0.6630974147667067,11.0,0.0,,False
DFO_3861_From_20110827_to_20110913,9/151/192,1,0.46834900975227356,28.287864685058594,11.0,-0.6489170550903761,11.0,0.0,,True
DFO_3861_From_20110827_to_20110913,9/151/192,1,0.5316239595413208,15.171758651733398,1.0,-0.6456935859815814,95.0,0.0,,False
DFO_3861_From_20110827_to_20110913,9/151/192,1,0.969202995300293,7.568159103393555,1.0,-0.6234016282775019,23.0,57.0,,False
DFO_3861_From_20110827_to_20110913,9/151/192,1,0.8525355458259583,26.512269973754883,1.0,-0.6293451165084081,23.0,73.0,,True
DFO_3861_From_20110827_to_20110913,9/151/192,1,1.4087159633636475,35.54264450073242,1.0,-0.6010111486297075,23.0,77.0,,True
DFO_3861_From_20110827_to_20110913,9/151/192,1,0.9355266094207764,8.549603462219238,1.0,-0.625117232793039,11.0,0.0,,False
DFO_3861_From_20110827_to_20110913,9/151/192,1,1.410783290863037,23.038667678833008,1.0,-0.6009058310221194,41.0,0.0,,False
DFO_3861_From_20110827_to_20110913,9/151/192,1,1.6318732500076294,14.429177284240723,1.0,-0.5896426588514062,23.0,57.0,,True
DFO_3861_From_20110827_to_20110913,9/151/192,0,47.506038665771484,79.81134033203125,1.0,1.7473636225039932,21.0,2.0,,False
DFO_3861_From_20110827_to_20110913,9/151/192,0,20.24119758605957,85.83145141601562,1.0,0.35838783872770985,23.0,55.0,,False
DFO_3861_From_20110827_to_20110913,9/151/192,0,41.92145538330078,81.90140533447266,1.0,1.4628634884611935,43.0,0.0,,False
DFO_3861_From_20110827_to_20110913,9/151/192,0,18.94307518005371,79.12612915039062,7.0,0.2922564946627257,24.0,99.0,,False
DFO_3861_From_20110827_to_20110913,9/151/192,0,38.48966979980469,84.34772491455078,1.0,1.288035142436629,22.0,33.0,,False
DFO_3861_From_20110827_to_20110913,9/151/192,0,23.987361907958984,82.33567810058594,6.0,0.5492318458485453,23.0,63.0,,False
DFO_3861_From_20110827_to_20110913,9/151/192,0,39.651344299316406,83.29899597167969,4.0,1.3472153057735377,22.0,30.0,,False
DFO_3861_From_20110827_to_20110913,9/151/192,0,19.292285919189453,81.40373992919922,2.0,0.31004663173618513,21.0,9.0,,False
DFO_3861_From_20110827_to_20110913,9/151/192,0,37.65640640258789,82.06015014648438,1.0,1.245585502739205,24.0,98.0,,False
DFO_3861_From_20110827_to_20110913,9/151/192,0,5.157708073966205e-07,42.80534744262695,21.0,-0.6727765272437793,11.0,0.0,,False
DFO_3861_From_20110827_to_20110913,9/151/192,0,22.078725814819336,81.79562377929688,1.0,0.4519985883481001,23.0,55.0,,False
DFO_3861_From_20110827_to_20110913,9/151/192,0,84.09778594970703,85.87297058105469,1.0,3.6114878517578943,22.0,44.0,,False
DFO_3861_From_20110827_to_20110913,9/151/192,0,13.87969970703125,85.16181182861328,8.0,0.03430868944231491,41.0,0.0,,False
DFO_3861_From_20110827_to_20110913,9/151/192,0,12.808245658874512,81.54023742675781,7.0,-0.020275297384081157,21.0,16.0,,False
DFO_3861_From_20110827_to_20110913,9/151/192,0,0.37282881140708923,83.41380310058594,3.0,-0.6537832210795737,11.0,0.0,,True
DFO_3861_From_20110827_to_20110913,9/151/192,0,31.182172775268555,82.43360137939453,7.0,0.9157631611907665,21.0,2.0,,False
DFO_3861_From_20110827_to_20110913,9/151/192,0,9.471283912658691,82.20339965820312,1.0,-0.19027295272822037,24.0,82.0,,False
DFO_3861_From_20110827_to_20110913,9/151/192,0,27.106027603149414,79.63702392578125,1.0,0.7081086614385926,24.0,80.0,,False
DFO_3861_From_20110827_to_20110913,9/151/192,0,54.81997299194336,85.1471176147461,4.0,2.119963544633823,23.0,68.0,,False
DFO_3861_From_20110827_to_20110913,9/151/192,0,38.96781539916992,86.34772491455078,2.0,1.3123937167886979,21.0,12.0,,False
DFO_3861_From_20110827_to_20110913,9/151/192,0,5.799351692199707,79.63067626953125,6.0,-0.37733529132664867,24.0,99.0,,False
DFO_3861_From_20110827_to_20110913,9/151/192,0,2.9503116607666016,76.31758117675781,10.0,-0.5224763394296005,22.0,37.0,,False
DFO_3861_From_20110827_to_20110913,9/151/192,0,19.355220794677734,78.83929443359375,2.0,0.3132527761531883,23.0,73.0,,False
DFO_3861_From_20110827_to_20110913,9/151/192,0,14.06588363647461,86.7656478881836,1.0,0.04379361431567386,41.0,0.0,,False
DFO_3861_From_20110827_to_20110913,9/151/192,0,31.908275604248047,83.61219024658203,1.0,0.9527536297225795,21.0,9.0,,False
DFO_3812_From_20110504_to_20110609,9/152/185,1,229.8743133544922,88.87939453125,6.0,-0.887396100704896,11.0,0.0,,False
DFO_3812_From_20110504_to_20110609,9/152/185,1,259.44158935546875,89.62692260742188,6.0,-0.7093322913844773,21.0,1.0,,False
DFO_3812_From_20110504_to_20110609,9/152/185,0,423.70574951171875,89.61920928955078,2.0,0.279920221808661,43.0,0.0,,False
DFO_3812_From_20110504_to_20110609,9/152/185,0,429.1286926269531,89.24301147460938,1.0,0.3125789594209685,43.0,0.0,,False
DFO_3812_From_20110504_to_20110609,9/152/185,0,341.962646484375,89.46765899658203,2.0,-0.2123634877302068,81.0,0.0,,False
DFO_3812_From_20110504_to_20110609,9/152/185,0,344.1326904296875,88.81632232666016,1.0,-0.1992947731390388,43.0,0.0,,False
DFO_3812_From_20110504_to_20110609,9/152/185,0,169.33071899414062,84.80585479736328,25.0,-1.2520094334109035,81.0,0.0,,False
DFO_3812_From_20110504_to_20110609,9/152/185,0,256.19921875,89.2325668334961,3.0,-0.7288589079459505,43.0,0.0,,False
DFO_3812_From_20110504_to_20110609,9/152/185,0,275.8644714355469,89.2262191772461,2.0,-0.6104283225811906,81.0,0.0,,False
DFO_3812_From_20110504_to_20110609,9/152/185,0,525.3167114257812,89.43721771240234,1.0,0.8918546775404763,43.0,0.0,,False
DFO_3812_From_20110504_to_20110609,9/152/185,0,494.43743896484375,89.29026794433594,1.0,0.7058895963048554,43.0,0.0,,False
DFO_3812_From_20110504_to_20110609,9/152/185,0,405.5242004394531,89.28447723388672,4.0,0.17042498501218323,41.0,0.0,,False
DFO_3812_From_20110504_to_20110609,9/152/185,0,395.8893127441406,89.55480194091797,1.0,0.11240053915707268,41.0,0.0,,False
DFO_3812_From_20110504_to_20110609,9/152/185,0,223.52516174316406,86.0636215209961,4.0,-0.925632768899444,21.0,1.0,,False
DFO_3812_From_20110504_to_20110609,9/152/185,0,141.81520080566406,88.85743713378906,37.0,-1.4177168859304925,24.0,89.0,,True
DFO_3812_From_20110504_to_20110609,9/152/185,0,452.46783447265625,89.65032958984375,4.0,0.45313490725932287,41.0,0.0,,False
DFO_3812_From_20110504_to_20110609,9/152/185,0,721.08203125,89.59447479248047,2.0,2.07081748018686,43.0,0.0,,False
DFO_3812_From_20110504_to_20110609,9/152/185,0,298.3925476074219,89.08155822753906,1.0,-0.4747568775792186,81.0,0.0,,False
DFO_3812_From_20110504_to_20110609,9/152/185,0,209.64894104003906,86.44756317138672,6.0,-1.0091999097239044,22.0,45.0,,False
DFO_3812_From_20110504_to_20110609,9/152/185,0,237.6488037109375,88.89588165283203,1.0,-0.840575576272825,42.0,0.0,,False
DFO_3812_From_20110504_to_20110609,9/152/185,0,320.7731018066406,88.47102355957031,7.0,-0.33997385815993353,43.0,0.0,,False
DFO_3812_From_20110504_to_20110609,9/152/185,0,262.2787780761719,88.53436279296875,14.0,-0.6922458126925397,41.0,0.0,,False
DFO_3812_From_20110504_to_20110609,9/152/185,0,483.2315673828125,89.32047271728516,1.0,0.6384041715201708,21.0,1.0,,False
DFO_3812_From_20110504_to_20110609,9/152/185,0,467.30731201171875,89.11363220214844,3.0,0.5425030958893132,41.0,0.0,,False
DFO_3812_From_20110504_to_20110609,9/152/185,0,508.85345458984375,89.7324447631836,3.0,0.7927075587483822,81.0,0.0,,False
DFO_3812_From_20110504_to_20110609,9/152/185,0,422.0714111328125,89.06472778320312,1.0,0.2700777014000514,41.0,0.0,,False
DFO_3812_From_20110504_to_20110609,9/152/185,0,390.853759765625,89.52570343017578,2.0,0.08207479168680665,41.0,0.0,,False
DFO_3625_From_20100310_to_20100324,9/152/186,1,752.9942626953125,88.90531921386719,1.0,1.8417805979522301,41.0,0.0,,False
DFO_3625_From_20100310_to_20100324,9/152/186,1,556.7200317382812,89.53345489501953,1.0,0.7009945295068113,41.0,0.0,,False
DFO_3625_From_20100310_to_20100324,9/152/186,0,538.3640747070312,89.58785247802734,1.0,0.5943059440917601,41.0,0.0,,False
DFO_3625_From_20100310_to_20100324,9/152/186,0,391.93804931640625,89.16160583496094,1.0,-0.2567521342355424,43.0,0.0,,False
DFO_3625_From_20100310_to_20100324,9/152/186,0,634.4326171875,87.47127532958984,1.0,1.1526760079722707,41.0,0.0,,False
DFO_3625_From_20100310_to_20100324,9/152/186,0,552.7687377929688,89.61431121826172,1.0,0.6780287990430295,42.0,0.0,,False
DFO_3625_From_20100310_to_20100324,9/152/186,0,343.3584289550781,89.28199768066406,1.0,-0.5391068470694598,43.0,0.0,,False
DFO_3625_From_20100310_to_20100324,9/152/186,0,618.4898071289062,88.82380676269531,1.0,1.0600131274808584,41.0,0.0,,False
DFO_3625_From_20100310_to_20100324,9/152/186,0,579.3230590820312,89.58515167236328,1.0,0.8323679582687653,41.0,0.0,,False
DFO_3625_From_20100310_to_20100324,9/152/186,0,382.6435241699219,88.72882080078125,1.0,-0.3107738198548137,42.0,0.0,,False
DFO_3625_From_20100310_to_20100324,9/152/186,0,290.6434020996094,89.73207092285156,26.0,-0.8454973902458082,41.0,0.0,,False
DFO_3625_From_20100310_to_20100324,9/152/186,0,651.09375,89.5647201538086,1.0,1.2495139275725256,41.0,0.0,,False
DFO_3625_From_20100310_to_20100324,9/152/186,0,728.5230102539062,89.62308502197266,1.0,1.6995486619184126,41.0,0.0,,False
DFO_3625_From_20100310_to_20100324,9/152/186,0,358.1946105957031,89.20047760009766,3.0,-0.4528759178128528,81.0,0.0,,False
DFO_3625_From_20100310_to_20100324,9/152/186,0,654.5794067382812,89.50759887695312,1.0,1.269773279128893,41.0,0.0,,False
DFO_3625_From_20100310_to_20100324,9/152/186,0,426.27923583984375,89.20112609863281,1.0,-0.05715411788463621,41.0,0.0,,False
DFO_3625_From_20100310_to_20100324,9/152/186,0,505.7454528808594,89.2988510131836,1.0,0.40471982690385055,41.0,0.0,,False
DFO_3625_From_20100310_to_20100324,9/152/186,0,653.1507568359375,89.53186798095703,1.0,1.261469673009369,41.0,0.0,,False
DFO_3625_From_20100310_to_20100324,9/152/186,0,603.2576293945312,89.35826873779297,1.0,0.9714805877443321,41.0,0.0,,False
DFO_3625_From_20100310_to_20100324,9/152/186,0,576.5258178710938,89.15955352783203,1.0,0.8161098188891873,43.0,0.0,,False
DFO_3625_From_20100310_to_20100324,9/152/186,0,281.10601806640625,89.39501953125,2.0,-0.9009306215031188,42.0,0.0,,False
DFO_3625_From_20100310_to_20100324,9/152/186,0,320.2413024902344,89.27503967285156,1.0,-0.6734683253185223,43.0,0.0,,False
DFO_3625_From_20100310_to_20100324,9/152/186,0,438.5455627441406,89.34220123291016,1.0,0.014140288799257652,81.0,0.0,,False
DFO_3625_From_20100310_to_20100324,9/152/186,0,297.8422546386719,89.08613586425781,4.0,-0.803656183454106,41.0,0.0,,False
DFO_3625_From_20100310_to_20100324,9/152/186,0,355.4091491699219,88.83214569091797,7.0,-0.4690655906661323,43.0,0.0,,False
DFO_3625_From_20100310_to_20100324,9/152/186,0,343.0195007324219,88.75914001464844,13.0,-0.5410767673831145,43.0,0.0,,False
DFO_3625_From_20100310_to_20100324,9/152/186,0,393.8516540527344,89.19563293457031,1.0,-0.24562987120045146,41.0,0.0,,False
DFO_3812_From_20110504_to_20110609,9/152/186,1,477.81549072265625,89.55767059326172,3.0,0.24238516092693388,43.0,0.0,,False
DFO_3812_From_20110504_to_20110609,9/152/186,0,545.9508056640625,89.44949340820312,1.0,0.6384015797675384,43.0,0.0,,False
DFO_3812_From_20110504_to_20110609,9/152/186,0,445.7774353027344,88.35310363769531,11.0,0.05617341471389994,42.0,0.0,,False
DFO_3812_From_20110504_to_20110609,9/152/186,0,831.328125,89.15815734863281,1.0,2.297073064869462,41.0,0.0,,False
DFO_3812_From_20110504_to_20110609,9/152/186,0,755.8597412109375,89.46937561035156,1.0,1.8584353465359618,41.0,0.0,,False
DFO_3812_From_20110504_to_20110609,9/152/186,0,481.3970947265625,89.19991302490234,3.0,0.2632021776612349,43.0,0.0,,False
DFO_3812_From_20110504_to_20110609,9/152/186,0,377.9508972167969,89.13984680175781,1.0,-0.3380483297404666,42.0,0.0,,False
DFO_3812_From_20110504_to_20110609,9/152/186,0,117.42743682861328,89.15156555175781,5.0,-1.852264091355631,90.0,0.0,,False
DFO_3812_From_20110504_to_20110609,9/152/186,0,485.2591857910156,89.59884643554688,1.0,0.2856494426940053,41.0,0.0,,False
DFO_3812_From_20110504_to_20110609,9/152/186,0,695.662109375,89.7264404296875,1.0,1.5085543692064525,41.0,0.0,,False
DFO_3812_From_20110504_to_20110609,9/152/186,0,633.9812622070312,89.4801254272461,1.0,1.1500526402936326,41.0,0.0,,False
DFO_3812_From_20110504_to_20110609,9/152/186,0,509.9067077636719,88.72734069824219,1.0,0.42890589338041324,43.0,0.0,,False
DFO_3812_From_20110504_to_20110609,9/152/186,0,471.7403259277344,89.5184097290039,1.0,0.20707505767107565,41.0,0.0,,False
DFO_3812_From_20110504_to_20110609,9/152/186,0,432.70220947265625,89.27033233642578,6.0,-0.01982247835876868,42.0,0.0,,False
DFO_3812_From_20110504_to_20110609,9/152/186,0,363.060791015625,89.58560943603516,2.0,-0.42459267959803054,41.0,0.0,,False
DFO_3812_From_20110504_to_20110609,9/152/186,0,523.3550415039062,89.24615478515625,1.0,0.5070703661176544,41.0,0.0,,False
DFO_3812_From_20110504_to_20110609,9/152/186,0,423.6643371582031,89.20996856689453,1.0,-0.07235244510195171,41.0,0.0,,False
DFO_3812_From_20110504_to_20110609,9/152/186,0,636.334716796875,89.56289672851562,1.0,1.1637314008508473,41.0,0.0,,False
DFO_3812_From_20110504_to_20110609,9/152/186,0,193.87196350097656,89.3896484375,22.0,-1.4079528304656177,90.0,0.0,,False
DFO_3812_From_20110504_to_20110609,9/152/186,0,180.42723083496094,89.34477233886719,3.0,-1.4860963730212442,11.0,0.0,,False
DFO_3812_From_20110504_to_20110609,9/152/186,0,152.87039184570312,83.47795104980469,2.0,-1.6462623706463781,90.0,0.0,,False
DFO_3812_From_20110504_to_20110609,9/152/186,0,205.63584899902344,87.74217987060547,1.0,-1.3395787162402157,81.0,0.0,,False
DFO_3812_From_20110504_to_20110609,9/152/186,0,518.8952026367188,89.57550048828125,1.0,0.4811488683112882,41.0,0.0,,False
DFO_3812_From_20110504_to_20110609,9/152/186,0,646.9488525390625,89.51985931396484,1.0,1.2254229337853306,22.0,28.0,,False
DFO_3812_From_20110504_to_20110609,9/152/186,0,550.0000610351562,87.49462890625,1.0,0.6619366821210043,21.0,2.0,,False
DFO_3812_From_20110504_to_20110609,9/152/186,0,272.0891418457031,89.52057647705078,2.0,-0.9533385546450237,41.0,0.0,,False
DFO_3629_From_20100327_to_20100331,9/152/187,1,360.8342590332031,89.5255126953125,1.0,-0.50658321986775,41.0,0.0,,False
DFO_3629_From_20100327_to_20100331,9/152/187,0,204.70855712890625,89.28871154785156,1.0,-1.4383977733758606,42.0,0.0,,False
DFO_3629_From_20100327_to_20100331,9/152/187,0,708.6913452148438,89.45292663574219,1.0,1.5695534539239269,42.0,0.0,,False
DFO_3629_From_20100327_to_20100331,9/152/187,0,581.9797973632812,89.23542022705078,1.0,0.8132931909084129,43.0,0.0,,False
DFO_3629_From_20100327_to_20100331,9/152/187,0,700.3196411132812,84.76580810546875,1.0,1.5195881014909154,41.0,0.0,,False
DFO_3629_From_20100327_to_20100331,9/152/187,0,362.8444519042969,86.95081329345703,3.0,-0.4945856630926867,11.0,0.0,,False
DFO_3629_From_20100327_to_20100331,9/152/187,0,235.9104461669922,88.3501205444336,1.0,-1.2521736350821164,90.0,0.0,,False
DFO_3629_From_20100327_to_20100331,9/152/187,0,305.04302978515625,89.34910583496094,1.0,-0.8395654177848161,52.0,0.0,,False
DFO_3629_From_20100327_to_20100331,9/152/187,0,379.0768737792969,88.90103149414062,2.0,-0.3977047091093367,43.0,0.0,,False
DFO_3629_From_20100327_to_20100331,9/152/187,0,355.4927673339844,89.46720123291016,2.0,-0.5384631707154702,43.0,0.0,,False
DFO_3629_From_20100327_to_20100331,9/152/187,0,358.3645324707031,88.93960571289062,1.0,-0.5213234396141038,42.0,0.0,,False
DFO_3629_From_20100327_to_20100331,9/152/187,0,484.33599853515625,89.48451232910156,2.0,0.2305197481114139,41.0,0.0,,False
DFO_3629_From_20100327_to_20100331,9/152/187,0,202.3245391845703,88.79754638671875,3.0,-1.4526264531464625,42.0,0.0,,False
DFO_3629_From_20100327_to_20100331,9/152/187,0,708.0750122070312,89.4783935546875,2.0,1.5658749560245921,41.0,0.0,,False
DFO_3629_From_20100327_to_20100331,9/152/187,0,246.57913208007812,89.366455078125,1.0,-1.1884990659409362,42.0,0.0,,False
DFO_3629_From_20100327_to_20100331,9/152/187,0,581.8339233398438,88.80780029296875,1.0,0.8124225620730583,41.0,0.0,,False
DFO_3629_From_20100327_to_20100331,9/152/187,0,587.617919921875,89.75069427490234,1.0,0.8469435418146364,41.0,0.0,,False
DFO_3629_From_20100327_to_20100331,9/152/187,0,423.1135559082031,76.8095474243164,22.0,-0.13487789202909248,42.0,0.0,,False
DFO_3629_From_20100327_to_20100331,9/152/187,0,572.04541015625,89.62077331542969,1.0,0.7540011815416852,42.0,0.0,,False
DFO_3629_From_20100327_to_20100331,9/152/187,0,365.9686279296875,89.42900848388672,2.0,-0.47593945268227905,41.0,0.0,,False
DFO_3629_From_20100327_to_20100331,9/152/187,0,225.7021026611328,88.81644439697266,3.0,-1.3131007145440277,81.0,0.0,,False
DFO_3629_From_20100327_to_20100331,9/152/187,0,794.197509765625,89.77627563476562,1.0,2.079885113421718,41.0,0.0,,False
DFO_3629_From_20100327_to_20100331,9/152/187,0,832.1410522460938,88.76770782470703,1.0,2.3063458733331577,41.0,0.0,,False
DFO_3629_From_20100327_to_20100331,9/152/187,0,543.2949829101562,89.33251953125,1.0,0.5824082522499517,43.0,0.0,,False
DFO_3629_From_20100327_to_20100331,9/152/187,0,567.912353515625,89.25556945800781,1.0,0.7293336073932052,41.0,0.0,,False
DFO_3629_From_20100327_to_20100331,9/152/187,0,166.25181579589844,88.92745971679688,5.0,-1.6679214893144427,42.0,0.0,,False
DFO_3625_From_20100310_to_20100324,9/152/188,1,203.0467987060547,89.38252258300781,2.0,-1.0090418430002026,42.0,0.0,,False
DFO_3625_From_20100310_to_20100324,9/152/188,0,78.260986328125,88.2628402709961,3.0,-1.612862335466847,41.0,0.0,,False
DFO_3625_From_20100310_to_20100324,9/152/188,0,242.883056640625,88.88455200195312,2.0,-0.8162799542429288,42.0,0.0,,False
DFO_3625_From_20100310_to_20100324,9/152/188,0,410.4993896484375,89.3051986694336,1.0,-0.005208769037173671,41.0,0.0,,False
DFO_3625_From_20100310_to_20100324,9/152/188,0,209.58229064941406,88.68263244628906,2.0,-0.9774175430212972,43.0,0.0,,False
DFO_3625_From_20100310_to_20100324,9/152/188,0,799.6485595703125,89.40803527832031,1.0,1.8778277633015914,41.0,0.0,,False
DFO_3625_From_20100310_to_20100324,9/152/188,0,304.3869934082031,88.46743774414062,1.0,-0.5186713024263164,43.0,0.0,,False
DFO_3625_From_20100310_to_20100324,9/152/188,0,329.09368896484375,87.94915008544922,1.0,-0.3991191771169752,43.0,0.0,,False
DFO_3625_From_20100310_to_20100324,9/152/188,0,261.1663818359375,89.44063568115234,3.0,-0.7278095887984516,43.0,0.0,,False
DFO_3625_From_20100310_to_20100324,9/152/188,0,149.19476318359375,88.61956787109375,1.0,-1.269624051745391,31.0,0.0,,False
DFO_3625_From_20100310_to_20100324,9/152/188,0,197.88047790527344,89.19583129882812,1.0,-1.034040921907671,43.0,0.0,,False
DFO_3625_From_20100310_to_20100324,9/152/188,0,451.8504943847656,89.18281555175781,3.0,0.1948832442303982,41.0,0.0,,False
DFO_3625_From_20100310_to_20100324,9/152/188,0,637.7894287109375,88.22828674316406,1.0,1.0946148463577048,41.0,0.0,,False
DFO_3625_From_20100310_to_20100324,9/152/188,0,502.93292236328125,89.3157730102539,6.0,0.4420637227687946,41.0,0.0,,False
DFO_3625_From_20100310_to_20100324,9/152/188,0,602.7077026367188,89.22955322265625,1.0,0.9248594494015261,41.0,0.0,,False
DFO_3625_From_20100310_to_20100324,9/152/188,0,521.2554931640625,84.21945190429688,1.0,0.5307239920202007,43.0,0.0,,False
DFO_3625_From_20100310_to_20100324,9/152/188,0,199.17523193359375,51.58439254760742,58.0,-1.0277757944856867,21.0,1.0,,False
DFO_3625_From_20100310_to_20100324,9/152/188,0,240.72315979003906,89.232421875,4.0,-0.8267313826156355,43.0,0.0,,False
DFO_3625_From_20100310_to_20100324,9/152/188,0,355.2198486328125,89.4271240234375,1.0,-0.2726984703366488,31.0,0.0,,False
DFO_3625_From_20100310_to_20100324,9/152/188,0,632.2249145507812,89.43233489990234,2.0,1.0676889673936196,41.0,0.0,,False
DFO_3625_From_20100310_to_20100324,9/152/188,0,456.2932434082031,88.65605163574219,4.0,0.21638106399145463,43.0,0.0,,False
DFO_3625_From_20100310_to_20100324,9/152/188,0,195.01683044433594,88.92377471923828,1.0,-1.0478976976673802,41.0,0.0,,False
DFO_3625_From_20100310_to_20100324,9/152/188,0,252.69482421875,89.10929107666016,1.0,-0.7688022304689436,43.0,0.0,,False
DFO_3625_From_20100310_to_20100324,9/152/188,0,435.20489501953125,88.45320892333984,14.0,0.11433759713649867,43.0,0.0,,False
DFO_3625_From_20100310_to_20100324,9/152/188,0,266.3529052734375,89.40829467773438,1.0,-0.702712752254757,41.0,0.0,,False
DFO_3625_From_20100310_to_20100324,9/152/188,0,156.8794403076172,88.83934783935547,1.0,-1.2324390109378538,81.0,0.0,,False
DFO_3625_From_20100310_to_20100324,9/152/189,1,255.89398193359375,89.4188232421875,1.0,0.004993989157150247,41.0,0.0,,False
DFO_3625_From_20100310_to_20100324,9/152/189,0,439.473876953125,88.80661010742188,2.0,1.0846745404101301,43.0,0.0,,False
DFO_3625_From_20100310_to_20100324,9/152/189,0,342.5331726074219,89.13075256347656,5.0,0.5145413398454088,43.0,0.0,,False
DFO_3625_From_20100310_to_20100324,9/152/189,0,416.5630798339844,88.20622253417969,1.0,0.9499302534030631,43.0,0.0,,False
DFO_3625_From_20100310_to_20100324,9/152/189,0,51.85894775390625,83.4228744506836,46.0,-1.1949884934268409,11.0,0.0,,False
DFO_3625_From_20100310_to_20100324,9/152/189,0,448.43963623046875,88.36196899414062,2.0,1.1374044753408268,43.0,0.0,,False
DFO_3625_From_20100310_to_20100324,9/152/189,0,62.68321228027344,83.64262390136719,1.0,-1.1313282114036225,41.0,0.0,,False
DFO_3625_From_20100310_to_20100324,9/152/189,0,66.99190521240234,87.16781616210938,2.0,-1.1059876807336064,52.0,0.0,,False
DFO_3625_From_20100310_to_20100324,9/152/189,0,80.99962615966797,88.21763610839844,2.0,-1.0236046732014765,90.0,0.0,,False
DFO_3625_From_20100310_to_20100324,9/152/189,0,142.96324157714844,88.70861053466797,1.0,-0.6591807233759507,52.0,0.0,,False
DFO_3625_From_20100310_to_20100324,9/152/189,0,478.8450012207031,85.8547134399414,1.0,1.3162262424532423,41.0,0.0,,False
DFO_3625_From_20100310_to_20100324,9/152/189,0,422.80126953125,88.34966278076172,1.0,0.9866186505200124,21.0,6.0,,False
DFO_3625_From_20100310_to_20100324,9/152/189,0,91.5102767944336,89.14690399169922,5.0,-0.9617888350882458,21.0,1.0,,False
DFO_3625_From_20100310_to_20100324,9/152/189,0,348.5669860839844,89.01500701904297,1.0,0.5500277478741288,41.0,0.0,,False
DFO_3625_From_20100310_to_20100324,9/152/189,0,384.9916687011719,88.47445678710938,3.0,0.7642506691975982,43.0,0.0,,False
DFO_3625_From_20100310_to_20100324,9/152/189,0,401.56854248046875,85.01638793945312,10.0,0.8617435249276778,43.0,0.0,,False
DFO_3625_From_20100310_to_20100324,9/152/189,0,69.59513854980469,87.30776977539062,1.0,-1.090677396323281,24.0,100.0,,False
DFO_3625_From_20100310_to_20100324,9/152/189,0,345.4794616699219,89.37850189208984,1.0,0.5318692231564445,41.0,0.0,,False
DFO_3625_From_20100310_to_20100324,9/152/189,0,422.8440856933594,87.14290618896484,5.0,0.9868704633751394,41.0,0.0,,False
DFO_3625_From_20100310_to_20100324,9/152/189,0,63.61496353149414,88.69906616210938,2.0,-1.1258483427914219,81.0,0.0,,False
DFO_3625_From_20100310_to_20100324,9/152/189,0,128.07872009277344,87.77588653564453,1.0,-0.7467204202456817,41.0,0.0,,False
DFO_3625_From_20100310_to_20100324,9/152/189,0,76.73169708251953,87.722412109375,2.0,-1.0487054611621298,43.0,0.0,,False
DFO_3625_From_20100310_to_20100324,9/152/189,0,136.9404754638672,89.0737533569336,1.0,-0.6946021590215231,41.0,0.0,,False
DFO_3625_From_20100310_to_20100324,9/152/189,0,114.48284912109375,89.10905456542969,9.0,-0.8266812322066308,43.0,0.0,,False
DFO_3625_From_20100310_to_20100324,9/152/189,0,349.4299011230469,89.0625,1.0,0.555102773028492,42.0,0.0,,False
DFO_3625_From_20100310_to_20100324,9/152/189,0,347.21295166015625,88.50811004638672,12.0,0.542064323377243,41.0,0.0,,False
DFO_3629_From_20100327_to_20100331,9/152/189,1,255.89398193359375,89.4188232421875,1.0,0.004993989157150247,41.0,0.0,,False
DFO_3629_From_20100327_to_20100331,9/152/189,0,467.5589904785156,88.24620819091797,1.0,1.2498503122443507,43.0,0.0,,False
DFO_3629_From_20100327_to_20100331,9/152/189,0,415.9736022949219,89.25686645507812,3.0,0.9464633844724619,43.0,0.0,,False
DFO_3629_From_20100327_to_20100331,9/152/189,0,435.50372314453125,56.85542678833008,1.0,1.061325045346057,43.0,0.0,,False
DFO_3629_From_20100327_to_20100331,9/152/189,0,64.23487854003906,82.99246215820312,11.0,-1.1222024632789371,90.0,0.0,,False
DFO_3629_From_20100327_to_20100331,9/152/189,0,281.9761962890625,88.78315734863281,2.0,0.15839019613403552,43.0,0.0,,False
DFO_3629_From_20100327_to_20100331,9/152/189,0,54.611976623535156,83.98917388916016,1.0,-1.1787972229870138,23.0,67.0,,False
DFO_3629_From_20100327_to_20100331,9/152/189,0,74.03394317626953,44.75019073486328,1.0,-1.0645716453340675,22.0,43.0,,False
DFO_3629_From_20100327_to_20100331,9/152/189,0,80.99962615966797,88.21763610839844,2.0,-1.0236046732014765,90.0,0.0,,False
DFO_3629_From_20100327_to_20100331,9/152/189,0,457.67498779296875,88.05413055419922,1.0,1.191719951798389,43.0,0.0,,False
DFO_3629_From_20100327_to_20100331,9/152/189,0,438.678466796875,88.5116958618164,1.0,1.079996528823508,43.0,0.0,,False
DFO_3629_From_20100327_to_20100331,9/152/189,0,435.9986877441406,86.72796630859375,2.0,1.064236059385476,41.0,0.0,,False
DFO_3629_From_20100327_to_20100331,9/152/189,0,64.94841003417969,86.97881317138672,9.0,-1.1180060011508368,22.0,27.0,,False
DFO_3629_From_20100327_to_20100331,9/152/189,0,248.440185546875,89.17898559570312,3.0,-0.03884370336840526,43.0,0.0,,False
DFO_3629_From_20100327_to_20100331,9/152/189,0,418.9542236328125,88.74286651611328,1.0,0.9639931847200749,43.0,0.0,,False
DFO_3629_From_20100327_to_20100331,9/152/189,0,403.7424621582031,88.39606475830078,5.0,0.8745289053517501,41.0,0.0,,False
DFO_3629_From_20100327_to_20100331,9/152/189,0,75.5250473022461,72.47657012939453,1.0,-1.0558020786855047,22.0,37.0,,False
DFO_3629_From_20100327_to_20100331,9/152/189,0,411.9351806640625,88.13578033447266,1.0,0.9227123887976124,41.0,0.0,,False
DFO_3629_From_20100327_to_20100331,9/152/189,0,460.9853515625,87.20748138427734,1.0,1.2111890520457507,43.0,0.0,,False
DFO_3629_From_20100327_to_20100331,9/152/189,0,51.678306579589844,88.61933135986328,2.0,-1.1960508906062497,81.0,0.0,,False
DFO_3629_From_20100327_to_20100331,9/152/189,0,143.46812438964844,88.04702758789062,1.0,-0.6562113777770758,41.0,0.0,,False
DFO_3629_From_20100327_to_20100331,9/152/189,0,73.83391571044922,56.79566192626953,3.0,-1.065748058276997,43.0,0.0,,False
DFO_3629_From_20100327_to_20100331,9/152/189,0,136.9404754638672,89.0737533569336,1.0,-0.6946021590215231,41.0,0.0,,False
DFO_3629_From_20100327_to_20100331,9/152/189,0,114.48284912109375,89.10905456542969,9.0,-0.8266812322066308,43.0,0.0,,False
DFO_3629_From_20100327_to_20100331,9/152/189,0,428.5337829589844,89.32515716552734,1.0,1.0203330355133302,41.0,0.0,,False
DFO_3629_From_20100327_to_20100331,9/152/189,0,295.7838439941406,89.2287368774414,16.0,0.23959652150065386,41.0,0.0,,False
DFO_3625_From_20100310_to_20100324,9/152/190,1,240.40481567382812,89.35802459716797,3.0,1.1820637029144299,41.0,0.0,,False
DFO_3625_From_20100310_to_20100324,9/152/190,1,308.4030456542969,88.6353530883789,2.0,1.9071071498096455,22.0,22.0,,False
DFO_3625_From_20100310_to_20100324,9/152/190,1,160.40257263183594,87.6023941040039,23.0,0.3290252918973239,42.0,0.0,,False
DFO_3625_From_20100310_to_20100324,9/152/190,1,26.414934158325195,88.5633544921875,2.0,-1.0996421788307804,90.0,0.0,,False
DFO_3625_From_20100310_to_20100324,9/152/190,1,5.494922637939453,85.50462341308594,44.0,-1.3227055918958677,90.0,0.0,,False
DFO_3625_From_20100310_to_20100324,9/152/190,0,37.808231353759766,86.67578887939453,2.0,-0.9781590832788493,23.0,50.0,,False
DFO_3625_From_20100310_to_20100324,9/152/190,0,227.25,88.6667709350586,1.0,1.0417980974396532,43.0,0.0,,False
DFO_3625_From_20100310_to_20100324,9/152/190,0,372.9366149902344,89.1644058227539,1.0,2.595208024865055,43.0,0.0,,False
DFO_3625_From_20100310_to_20100324,9/152/190,0,75.51465606689453,85.64895629882812,1.0,-0.5761074982308452,21.0,12.0,,False
DFO_3625_From_20100310_to_20100324,9/152/190,0,71.58967590332031,80.16490936279297,1.0,-0.6179583103418457,21.0,13.0,,False
DFO_3625_From_20100310_to_20100324,9/152/190,0,74.7715835571289,80.91935729980469,1.0,-0.584030643494013,24.0,87.0,,False
DFO_3625_From_20100310_to_20100324,9/152/190,0,119.631103515625,88.491943359375,21.0,-0.10570788441462269,23.0,62.0,,False
DFO_3625_From_20100310_to_20100324,9/152/190,0,227.38742065429688,88.06678771972656,1.0,1.0432633700635823,21.0,5.0,,False
DFO_3625_From_20100310_to_20100324,9/152/190,0,18.239341735839844,80.28263854980469,10.0,-1.1868159142664205,90.0,0.0,,False
DFO_3625_From_20100310_to_20100324,9/152/190,0,67.73934173583984,87.09453582763672,1.0,-0.6590131959953445,90.0,0.0,,False
DFO_3625_From_20100310_to_20100324,9/152/190,0,56.36974334716797,84.89490509033203,1.0,-0.7802435987264851,81.0,0.0,,False
DFO_3625_From_20100310_to_20100324,9/152/190,0,129.48011779785156,89.03331756591797,4.0,-0.0006909852136160369,41.0,0.0,,False
DFO_3625_From_20100310_to_20100324,9/152/190,0,19.3094539642334,83.7255859375,2.0,-1.1754056487512439,24.0,82.0,,False
DFO_3625_From_20100310_to_20100324,9/152/190,0,87.2667465209961,88.50135040283203,4.0,-0.45079870455322163,82.0,0.0,,False
DFO_3625_From_20100310_to_20100324,9/152/190,0,47.26654052734375,80.61100006103516,1.0,-0.8773081480855992,22.0,34.0,,False
DFO_3625_From_20100310_to_20100324,9/152/190,0,79.75321197509766,87.98783874511719,2.0,-0.5309131279299656,21.0,16.0,,False
DFO_3625_From_20100310_to_20100324,9/152/190,0,49.8509635925293,87.6864013671875,3.0,-0.8497512689145407,21.0,4.0,,False
DFO_3625_From_20100310_to_20100324,9/152/190,0,42.59028625488281,86.86458587646484,2.0,-0.9271695564963389,41.0,0.0,,False
DFO_3625_From_20100310_to_20100324,9/152/190,0,31.118328094482422,87.53105163574219,4.0,-1.049491388838791,23.0,51.0,,False
DFO_3625_From_20100310_to_20100324,9/152/190,0,180.7944793701172,87.0938949584961,2.0,0.5464576920426797,90.0,0.0,,False
DFO_3625_From_20100310_to_20100324,9/152/190,0,31.07646369934082,88.91905212402344,14.0,-1.049937775536862,41.0,0.0,,False
DFO_3625_From_20100310_to_20100324,9/152/190,0,55.624935150146484,69.26347351074219,16.0,-0.7881852510694854,21.0,1.0,,False
DFO_3625_From_20100310_to_20100324,9/152/190,0,98.61485290527344,88.98795318603516,30.0,-0.3297974642127987,81.0,0.0,,False
DFO_3625_From_20100310_to_20100324,9/152/190,0,50.65520477294922,79.98405456542969,5.0,-0.8411759016181533,90.0,0.0,,False
DFO_3625_From_20100310_to_20100324,9/152/190,0,186.6963653564453,88.67595672607422,1.0,0.6093876206590424,41.0,0.0,,False
DFO_3629_From_20100327_to_20100331,9/152/190,1,216.1374969482422,88.4207992553711,3.0,0.9233090203181704,90.0,0.0,,False
DFO_3629_From_20100327_to_20100331,9/152/190,1,265.2198791503906,88.40216064453125,2.0,1.4466588131568336,43.0,0.0,,False
DFO_3629_From_20100327_to_20100331,9/152/190,1,230.477783203125,88.80896759033203,2.0,1.0762149206436755,11.0,0.0,,False
DFO_3629_From_20100327_to_20100331,9/152/190,1,17.004863739013672,86.33177185058594,2.0,-1.1999787595668383,41.0,0.0,,False
DFO_3629_From_20100327_to_20100331,9/152/190,1,4.5173020362854,61.06109619140625,108.0,-1.3331296486835609,82.0,0.0,,False
DFO_3629_From_20100327_to_20100331,9/152/190,1,8.95782470703125,80.96959686279297,47.0,-1.2857817711852983,21.0,6.0,,False
DFO_3629_From_20100327_to_20100331,9/152/190,1,6.540439128875732,80.37715148925781,2.0,-1.3115575828875161,90.0,0.0,,False
DFO_3629_From_20100327_to_20100331,9/152/190,1,6.778521537780762,85.12871551513672,5.0,-1.3090189860674635,90.0,0.0,,False
DFO_3629_From_20100327_to_20100331,9/152/190,1,7.306846618652344,85.17393493652344,5.0,-1.3033856241722148,90.0,0.0,,False
DFO_3629_From_20100327_to_20100331,9/152/190,1,26.414934158325195,88.5633544921875,2.0,-1.0996421788307804,90.0,0.0,,False
DFO_3629_From_20100327_to_20100331,9/152/190,1,35.631317138671875,86.98381805419922,1.0,-1.0013708255044318,23.0,68.0,,False
DFO_3629_From_20100327_to_20100331,9/152/190,1,9.57584285736084,85.61058044433594,1.0,-1.279192040686615,11.0,0.0,,False
DFO_3629_From_20100327_to_20100331,9/152/190,1,5.494922637939453,85.50462341308594,44.0,-1.3227055918958677,90.0,0.0,,False
DFO_3629_From_20100327_to_20100331,9/152/190,0,36.63202667236328,66.87120819091797,1.0,-0.9907005787957024,21.0,2.0,,False
DFO_3629_From_20100327_to_20100331,9/152/190,0,253.31521606445312,88.7367935180664,12.0,1.319723186149578,22.0,39.0,,False
DFO_3629_From_20100327_to_20100331,9/152/190,0,372.9366149902344,89.1644058227539,1.0,2.595208024865055,43.0,0.0,,False
DFO_3629_From_20100327_to_20100331,9/152/190,0,60.87681198120117,58.445987701416016,2.0,-0.7321861628380603,23.0,65.0,,False
DFO_3629_From_20100327_to_20100331,9/152/190,0,67.78053283691406,86.71530151367188,1.0,-0.6585739884172526,41.0,0.0,,False
DFO_3629_From_20100327_to_20100331,9/152/190,0,68.64480590820312,89.27742767333984,6.0,-0.6493585202080635,23.0,52.0,,False
DFO_3629_From_20100327_to_20100331,9/152/190,0,220.6603546142578,87.9599380493164,1.0,0.9715348096207204,22.0,27.0,,False
DFO_3629_From_20100327_to_20100331,9/152/190,0,182.15293884277344,88.82795715332031,2.0,0.5609425122917516,90.0,0.0,,False
DFO_3629_From_20100327_to_20100331,9/152/190,0,16.564424514770508,81.77323913574219,15.0,-1.2046750225928735,41.0,0.0,,False
DFO_3629_From_20100327_to_20100331,9/152/190,0,71.76567840576172,87.64661407470703,2.0,-0.6160816517719248,90.0,0.0,,False
DFO_3629_From_20100327_to_20100331,9/152/190,0,56.36974334716797,84.89490509033203,1.0,-0.7802435987264851,81.0,0.0,,False
DFO_3629_From_20100327_to_20100331,9/152/190,0,102.89187622070312,87.8729019165039,10.0,-0.28419292821294906,21.0,6.0,,False
DFO_3629_From_20100327_to_20100331,9/152/190,0,35.299102783203125,83.40264892578125,1.0,-1.004913121259282,23.0,54.0,,False
DFO_3629_From_20100327_to_20100331,9/152/190,0,64.0677261352539,88.63257598876953,1.0,-0.698162462549602,43.0,0.0,,False
DFO_3629_From_20100327_to_20100331,9/152/190,0,47.26654052734375,80.61100006103516,1.0,-0.8773081480855992,22.0,34.0,,False
DFO_3629_From_20100327_to_20100331,9/152/190,0,138.46493530273438,89.05035400390625,1.0,0.09511125927621618,41.0,0.0,,False
DFO_3629_From_20100327_to_20100331,9/152/190,0,173.561767578125,86.04486083984375,1.0,0.46933759215813947,41.0,0.0,,False
DFO_3629_From_20100327_to_20100331,9/152/190,0,47.578033447265625,81.87837982177734,1.0,-0.8739867983915192,82.0,0.0,,False
DFO_3629_From_20100327_to_20100331,9/152/190,0,22.22226333618164,80.35161590576172,7.0,-1.1443472910882186,81.0,0.0,,False
DFO_3629_From_20100327_to_20100331,9/152/190,0,199.55990600585938,84.2474365234375,1.0,0.7465474534136126,43.0,0.0,,False
DFO_3629_From_20100327_to_20100331,9/152/190,0,77.51142883300781,88.85823822021484,1.0,-0.5548165468424766,52.0,0.0,,False
DFO_3629_From_20100327_to_20100331,9/152/190,0,95.54473114013672,88.7452621459961,1.0,-0.36253319376961396,71.0,0.0,,False
DFO_3629_From_20100327_to_20100331,9/152/190,0,98.61485290527344,88.98795318603516,30.0,-0.3297974642127987,81.0,0.0,,False
DFO_3629_From_20100327_to_20100331,9/152/190,0,58.24300003051758,80.2232894897461,4.0,-0.7602696599488814,82.0,0.0,,False
DFO_3629_From_20100327_to_20100331,9/152/190,0,169.66827392578125,88.10515594482422,3.0,0.42782251067777155,22.0,27.0,,False
DFO_3861_From_20110827_to_20110913,9/152/190,1,6.540439128875732,80.37715148925781,2.0,-1.3115575828875161,90.0,0.0,,False
DFO_3861_From_20110827_to_20110913,9/152/190,1,6.778521537780762,85.12871551513672,5.0,-1.3090189860674635,90.0,0.0,,False
DFO_3861_From_20110827_to_20110913,9/152/190,1,26.414934158325195,88.5633544921875,2.0,-1.0996421788307804,90.0,0.0,,False
DFO_3861_From_20110827_to_20110913,9/152/190,0,37.808231353759766,86.67578887939453,2.0,-0.9781590832788493,23.0,50.0,,False
DFO_3861_From_20110827_to_20110913,9/152/190,0,210.1715850830078,85.90755462646484,18.0,0.8596964041679408,42.0,0.0,,False
DFO_3861_From_20110827_to_20110913,9/152/190,0,212.45726013183594,89.37538146972656,1.0,0.8840678284882612,41.0,0.0,,False
DFO_3861_From_20110827_to_20110913,9/152/190,0,75.51465606689453,85.64895629882812,1.0,-0.5761074982308452,21.0,12.0,,False
DFO_3861_From_20110827_to_20110913,9/152/190,0,56.30635070800781,82.96238708496094,53.0,-0.7809195342268307,82.0,0.0,,False
DFO_3861_From_20110827_to_20110913,9/152/190,0,74.7715835571289,80.91935729980469,1.0,-0.584030643494013,24.0,87.0,,False
DFO_3861_From_20110827_to_20110913,9/152/190,0,155.0962371826172,89.05052185058594,2.0,0.2724455287830647,41.0,0.0,,False
DFO_3861_From_20110827_to_20110913,9/152/190,0,227.38742065429688,88.06678771972656,1.0,1.0432633700635823,21.0,5.0,,False
DFO_3861_From_20110827_to_20110913,9/152/190,0,18.239341735839844,80.28263854980469,10.0,-1.1868159142664205,90.0,0.0,,False
DFO_3861_From_20110827_to_20110913,9/152/190,0,42.6665153503418,84.95501708984375,6.0,-0.9263567499550339,82.0,0.0,,False
DFO_3861_From_20110827_to_20110913,9/152/190,0,126.922607421875,86.096435546875,1.0,-0.02796090296001828,41.0,0.0,,False
DFO_3861_From_20110827_to_20110913,9/152/190,0,186.357177734375,89.28240966796875,10.0,0.6057709711856563,23.0,54.0,,False
DFO_3861_From_20110827_to_20110913,9/152/190,0,19.3094539642334,83.7255859375,2.0,-1.1754056487512439,24.0,82.0,,False
DFO_3861_From_20110827_to_20110913,9/152/190,0,132.64588928222656,88.61644744873047,1.0,0.03306462680412505,41.0,0.0,,False
DFO_3861_From_20110827_to_20110913,9/152/190,0,49.40140914916992,83.425048828125,1.0,-0.8545447246158724,90.0,0.0,,False
DFO_3861_From_20110827_to_20110913,9/152/190,0,83.82373809814453,78.66079711914062,1.0,-0.48751040565647946,42.0,0.0,,False
DFO_3861_From_20110827_to_20110913,9/152/190,0,49.8509635925293,87.6864013671875,3.0,-0.8497512689145407,21.0,4.0,,False
DFO_3861_From_20110827_to_20110913,9/152/190,0,47.578033447265625,81.87837982177734,1.0,-0.8739867983915192,82.0,0.0,,False
DFO_3861_From_20110827_to_20110913,9/152/190,0,68.20890045166016,87.34610748291016,1.0,-0.6540064411145802,81.0,0.0,,False
DFO_3861_From_20110827_to_20110913,9/152/190,0,180.7944793701172,87.0938949584961,2.0,0.5464576920426797,90.0,0.0,,False
DFO_3861_From_20110827_to_20110913,9/152/190,0,77.51142883300781,88.85823822021484,1.0,-0.5548165468424766,52.0,0.0,,False
DFO_3861_From_20110827_to_20110913,9/152/190,0,118.9963607788086,87.49166870117188,1.0,-0.11247594384683525,41.0,0.0,,False
DFO_3861_From_20110827_to_20110913,9/152/190,0,98.61485290527344,88.98795318603516,30.0,-0.3297974642127987,81.0,0.0,,False
DFO_3861_From_20110827_to_20110913,9/152/190,0,40.96957015991211,82.29450988769531,1.0,-0.9444507354957575,21.0,17.0,,False
DFO_3861_From_20110827_to_20110913,9/152/190,0,103.82124328613281,88.83413696289062,8.0,-0.2742833834976884,23.0,51.0,,False
DFO_3625_From_20100310_to_20100324,9/152/191,1,24.355384826660156,84.8431625366211,3.0,-0.23771345076598677,41.0,0.0,,False
DFO_3625_From_20100310_to_20100324,9/152/191,1,4.55549955368042,84.4307861328125,2.0,-0.6110169187687077,95.0,0.0,,False
DFO_3625_From_20100310_to_20100324,9/152/191,1,2.7780981063842773,77.8570785522461,17.0,-0.6445277252789947,23.0,62.0,,True
DFO_3625_From_20100310_to_20100324,9/152/191,1,16.335371017456055,86.60198974609375,1.0,-0.38892134551532054,24.0,100.0,,False
DFO_3625_From_20100310_to_20100324,9/152/191,1,2.627032995223999,77.08110046386719,5.0,-0.6473758796552883,11.0,0.0,,False
DFO_3625_From_20100310_to_20100324,9/152/191,1,2.1079185009002686,75.82649993896484,8.0,-0.6571631707607566,95.0,0.0,,False
DFO_3625_From_20100310_to_20100324,9/152/191,1,3.3501944541931152,82.12125396728516,2.0,-0.6337415238579099,23.0,57.0,,False
DFO_3625_From_20100310_to_20100324,9/152/191,1,4.132628440856934,77.3033218383789,1.0,-0.6189896545072628,22.0,43.0,,False
DFO_3625_From_20100310_to_20100324,9/152/191,1,3.130202054977417,84.0576400756836,3.0,-0.6378892208990403,11.0,0.0,,False
DFO_3625_From_20100310_to_20100324,9/152/191,1,3.607234239578247,71.26122283935547,1.0,-0.6288953420757413,21.0,10.0,,False
DFO_3625_From_20100310_to_20100324,9/152/191,1,1.9404053688049316,78.09961700439453,1.0,-0.6603214331590002,11.0,0.0,,False
DFO_3625_From_20100310_to_20100324,9/152/191,0,40.102718353271484,87.59405517578125,22.0,0.05918393708412226,21.0,18.0,,False
DFO_3625_From_20100310_to_20100324,9/152/191,0,59.14398193359375,88.75601196289062,1.0,0.4181844884352201,41.0,0.0,,False
DFO_3625_From_20100310_to_20100324,9/152/191,0,92.23062896728516,88.29711151123047,4.0,1.0419941677324251,41.0,0.0,,False
DFO_3625_From_20100310_to_20100324,9/152/191,0,8.540556907653809,82.22349548339844,13.0,-0.5358833657244312,23.0,72.0,,False
DFO_3625_From_20100310_to_20100324,9/152/191,0,115.4735107421875,89.02760314941406,1.0,1.480211271181455,41.0,0.0,,False
DFO_3625_From_20100310_to_20100324,9/152/191,0,60.447025299072266,86.3507080078125,1.0,0.4427518331740749,24.0,86.0,,False
DFO_3625_From_20100310_to_20100324,9/152/191,0,24.79317283630371,86.50259399414062,48.0,-0.22945947454356025,71.0,0.0,,False
DFO_3625_From_20100310_to_20100324,9/152/191,0,20.293373107910156,86.40657043457031,1.0,-0.3142978875327189,22.0,33.0,,False
DFO_3625_From_20100310_to_20100324,9/152/191,0,22.43751335144043,85.47488403320312,34.0,-0.27387265386298904,43.0,0.0,,False
DFO_3625_From_20100310_to_20100324,9/152/191,0,93.93698120117188,88.87975311279297,1.0,1.0741654251797286,41.0,0.0,,False
DFO_3625_From_20100310_to_20100324,9/152/191,0,202.87428283691406,87.27821350097656,1.0,3.128049674245431,41.0,0.0,,False
DFO_3625_From_20100310_to_20100324,9/152/191,0,109.70780181884766,87.54552459716797,6.0,1.371505634411213,90.0,0.0,,False
DFO_3625_From_20100310_to_20100324,9/152/191,0,15.587360382080078,86.04881286621094,4.0,-0.4030242032056039,41.0,0.0,,False
DFO_3625_From_20100310_to_20100324,9/152/191,0,30.36003875732422,83.88420867919922,1.0,-0.12450278789754853,71.0,0.0,,False
DFO_3625_From_20100310_to_20100324,9/152/191,0,199.69358825683594,88.9453353881836,1.0,3.068081431953594,41.0,0.0,,False
DFO_3625_From_20100310_to_20100324,9/152/191,0,79.24300384521484,86.66609191894531,1.0,0.7971278247034348,41.0,0.0,,False
DFO_3625_From_20100310_to_20100324,9/152/191,0,35.3248176574707,86.13683319091797,8.0,-0.030897741416766624,21.0,8.0,,False
DFO_3625_From_20100310_to_20100324,9/152/191,0,43.75007629394531,87.60914611816406,1.0,0.1279505662604486,41.0,0.0,,False
DFO_3625_From_20100310_to_20100324,9/152/191,0,154.41954040527344,88.52577209472656,1.0,2.214492694418149,22.0,26.0,,False
DFO_3625_From_20100310_to_20100324,9/152/191,0,130.46206665039062,87.83932495117188,1.0,1.7628028025839422,90.0,0.0,,False
DFO_3625_From_20100310_to_20100324,9/152/191,0,53.71356201171875,88.5682144165039,1.0,0.31580033006267394,22.0,28.0,,False
DFO_3625_From_20100310_to_20100324,9/152/191,0,10.722979545593262,80.6983871459961,1.0,-0.4947363626909213,21.0,13.0,,False
DFO_3625_From_20100310_to_20100324,9/152/191,0,74.15141296386719,88.5192642211914,2.0,0.7011318879869759,23.0,57.0,,False
DFO_3625_From_20100310_to_20100324,9/152/191,0,79.61998748779297,84.32623291015625,1.0,0.8042354063492114,41.0,0.0,,False
DFO_3625_From_20100310_to_20100324,9/152/191,0,33.403892517089844,86.9081039428711,2.0,-0.06711451776629301,21.0,3.0,,False
DFO_3629_From_20100327_to_20100331,9/152/191,1,4.55549955368042,84.4307861328125,2.0,-0.6110169187687077,95.0,0.0,,False
DFO_3629_From_20100327_to_20100331,9/152/191,1,-0.15050874650478363,78.7872085571289,2.0,-0.6997431510012819,11.0,0.0,,False
DFO_3629_From_20100327_to_20100331,9/152/191,1,0.6285158395767212,76.52832794189453,4.0,-0.6850555618746685,23.0,52.0,,True
DFO_3629_From_20100327_to_20100331,9/152/191,1,0.8889683485031128,62.02579879760742,1.0,-0.6801450372179971,24.0,84.0,,False
DFO_3629_From_20100327_to_20100331,9/152/191,1,1.5793390274047852,58.775169372558594,1.0,-0.6671289128774645,11.0,0.0,,False
DFO_3629_From_20100327_to_20100331,9/152/191,1,1.4955500364303589,82.06114959716797,6.0,-0.6687086554103107,22.0,25.0,,False
DFO_3629_From_20100327_to_20100331,9/152/191,1,1.4317007064819336,72.81576538085938,9.0,-0.6699124591683013,23.0,77.0,,False
DFO_3629_From_20100327_to_20100331,9/152/191,1,0.5069880485534668,81.77067565917969,1.0,-0.6873468249412077,11.0,0.0,,False
DFO_3629_From_20100327_to_20100331,9/152/191,0,58.84076690673828,87.42782592773438,1.0,0.41246772697346795,41.0,0.0,,False
DFO_3629_From_20100327_to_20100331,9/152/191,0,85.49481201171875,88.88893127441406,1.0,0.9149982889847875,21.0,16.0,,False
DFO_3629_From_20100327_to_20100331,9/152/191,0,114.38937377929688,88.59884643554688,2.0,1.459771148299061,41.0,0.0,,False
DFO_3629_From_20100327_to_20100331,9/152/191,0,13.116201400756836,87.313720703125,2.0,-0.449614989212477,24.0,100.0,,False
DFO_3629_From_20100327_to_20100331,9/152/191,0,66.4428482055664,87.97886657714844,9.0,0.5557959975046076,21.0,15.0,,False
DFO_3629_From_20100327_to_20100331,9/152/191,0,62.056617736816406,87.19828796386719,1.0,0.47309879886588246,21.0,14.0,,False
DFO_3629_From_20100327_to_20100331,9/152/191,0,63.209251403808594,87.84815216064453,1.0,0.49483034626086,23.0,68.0,,False
DFO_3629_From_20100327_to_20100331,9/152/191,0,9.909350395202637,86.83979034423828,9.0,-0.5100763800355379,22.0,32.0,,False
DFO_3629_From_20100327_to_20100331,9/152/191,0,42.10459899902344,87.51154327392578,2.0,0.0969270339396661,90.0,0.0,,False
DFO_3629_From_20100327_to_20100331,9/152/191,0,119.9112319946289,88.7070083618164,1.0,1.5638792677746718,11.0,0.0,,False
DFO_3629_From_20100327_to_20100331,9/152/191,0,219.70982360839844,88.40497589111328,1.0,3.445463925340761,23.0,60.0,,False
DFO_3629_From_20100327_to_20100331,9/152/191,0,76.69794464111328,88.69835662841797,7.0,0.749143737216832,23.0,70.0,,False
DFO_3629_From_20100327_to_20100331,9/152/191,0,34.66809844970703,84.61669158935547,1.0,-0.04327940698614919,22.0,36.0,,False
DFO_3629_From_20100327_to_20100331,9/152/191,0,7.067775726318359,85.97393798828125,2.0,-0.5636509166481708,41.0,0.0,,False
DFO_3629_From_20100327_to_20100331,9/152/191,0,202.87428283691406,87.27821350097656,1.0,3.128049674245431,41.0,0.0,,False
DFO_3629_From_20100327_to_20100331,9/152/191,0,72.29700469970703,87.861328125,2.0,0.6661692088320318,90.0,0.0,,False
DFO_3629_From_20100327_to_20100331,9/152/191,0,13.907838821411133,83.80656433105469,10.0,-0.43468959997629464,23.0,60.0,,False
DFO_3629_From_20100327_to_20100331,9/152/191,0,34.1460075378418,87.01571655273438,2.0,-0.053122814931445037,41.0,0.0,,False
DFO_3629_From_20100327_to_20100331,9/152/191,0,22.891708374023438,87.92138671875,3.0,-0.26530934277597007,90.0,0.0,,True
DFO_3629_From_20100327_to_20100331,9/152/191,0,96.48453521728516,88.52284240722656,1.0,1.1221965494023098,43.0,0.0,,False
DFO_3629_From_20100327_to_20100331,9/152/191,0,13.74720573425293,87.0251693725586,3.0,-0.43771814724742314,24.0,93.0,,False
DFO_3629_From_20100327_to_20100331,9/152/191,0,10.722979545593262,80.6983871459961,1.0,-0.4947363626909213,21.0,13.0,,False
DFO_3629_From_20100327_to_20100331,9/152/191,0,20.293373107910156,86.40657043457031,1.0,-0.3142978875327189,22.0,33.0,,False
DFO_3629_From_20100327_to_20100331,9/152/191,0,53.054779052734375,86.97147369384766,3.0,0.3033797548997679,21.0,9.0,,False
DFO_3629_From_20100327_to_20100331,9/152/191,0,91.48661804199219,87.50932312011719,2.0,1.0279667198550981,41.0,0.0,,False
DFO_3861_From_20110827_to_20110913,9/152/191,1,80.5103988647461,88.98059844970703,1.0,0.8210230619534227,41.0,0.0,,False
DFO_3861_From_20110827_to_20110913,9/152/191,1,3.0132479667663574,83.5587387084961,6.0,-0.6400942521971694,11.0,0.0,,False
DFO_3861_From_20110827_to_20110913,9/152/191,1,4.9940080642700195,84.15330505371094,4.0,-0.6027493583513149,43.0,0.0,,False
DFO_3861_From_20110827_to_20110913,9/152/191,1,7.922430992126465,85.46215057373047,2.0,-0.5475374003184401,22.0,23.0,,False
DFO_3861_From_20110827_to_20110913,9/152/191,1,7.481537818908691,84.5287094116211,2.0,-0.5558499207351885,22.0,26.0,,False
DFO_3861_From_20110827_to_20110913,9/152/191,1,5.990176677703857,84.82740020751953,2.0,-0.5839677748732633,23.0,79.0,,True
DFO_3861_From_20110827_to_20110913,9/152/191,1,1.3117187023162842,78.5292739868164,1.0,-0.6721745782480556,11.0,0.0,,False
DFO_3861_From_20110827_to_20110913,9/152/191,1,2.705800771713257,80.234619140625,7.0,-0.6458908061952704,90.0,0.0,,False
DFO_3861_From_20110827_to_20110913,9/152/191,1,0.7448524832725525,69.07410430908203,40.0,-0.6828621717641351,71.0,0.0,,False
DFO_3861_From_20110827_to_20110913,9/152/191,1,14.29106330871582,85.94933319091797,1.0,-0.4274643545689572,21.0,8.0,,False
DFO_3861_From_20110827_to_20110913,9/152/191,1,2.1079185009002686,75.82649993896484,8.0,-0.6571631707607566,95.0,0.0,,False
DFO_3861_From_20110827_to_20110913,9/152/191,1,0.8889683485031128,62.02579879760742,1.0,-0.6801450372179971,24.0,84.0,,False
DFO_3861_From_20110827_to_20110913,9/152/191,1,0.0060959868133068085,79.43486022949219,2.0,-0.6967905535873432,11.0,0.0,,False
DFO_3861_From_20110827_to_20110913,9/152/191,1,0.06539497524499893,20.83424186706543,1.0,-0.6956725411481088,11.0,0.0,,False
DFO_3861_From_20110827_to_20110913,9/152/191,1,0.17377980053424835,73.89939880371094,12.0,-0.6936290731884959,11.0,0.0,,False
DFO_3861_From_20110827_to_20110913,9/152/191,0,59.39997100830078,88.00501251220703,1.0,0.4230108603076548,31.0,0.0,,False
DFO_3861_From_20110827_to_20110913,9/152/191,0,156.64796447753906,87.9851303100586,2.0,2.2565070002026753,11.0,0.0,,False
DFO_3861_From_20110827_to_20110913,9/152/191,0,148.8124542236328,88.30611419677734,1.0,2.1087777022281173,41.0,0.0,,False
DFO_3861_From_20110827_to_20110913,9/152/191,0,124.3783187866211,88.8057632446289,1.0,1.6481009169574337,21.0,1.0,,False
DFO_3861_From_20110827_to_20110913,9/152/191,0,99.88021087646484,88.47776794433594,2.0,1.1862180062091368,21.0,13.0,,False
DFO_3861_From_20110827_to_20110913,9/152/191,0,42.29764938354492,88.0262680053711,2.0,0.10056677109205636,41.0,0.0,,False
DFO_3861_From_20110827_to_20110913,9/152/191,0,98.86524963378906,88.33889770507812,1.0,1.1670821098867334,41.0,0.0,,False
DFO_3861_From_20110827_to_20110913,9/152/191,0,18.647018432617188,87.08721923828125,3.0,-0.34533796182487003,43.0,0.0,,False
DFO_3861_From_20110827_to_20110913,9/152/191,0,26.137950897216797,87.50021362304688,2.0,-0.20410527137967088,22.0,42.0,,False
DFO_3861_From_20110827_to_20110913,9/152/191,0,119.9112319946289,88.7070083618164,1.0,1.5638792677746718,11.0,0.0,,False
DFO_3861_From_20110827_to_20110913,9/152/191,0,219.70982360839844,88.40497589111328,1.0,3.445463925340761,23.0,60.0,,False
DFO_3861_From_20110827_to_20110913,9/152/191,0,90.64498138427734,87.66399383544922,1.0,1.0120986540157506,41.0,0.0,,False
DFO_3861_From_20110827_to_20110913,9/152/191,0,130.46206665039062,87.83932495117188,1.0,1.7628028025839422,90.0,0.0,,False
DFO_3861_From_20110827_to_20110913,9/152/191,0,72.29700469970703,87.861328125,2.0,0.6661692088320318,90.0,0.0,,False
DFO_3861_From_20110827_to_20110913,9/152/191,0,202.87428283691406,87.27821350097656,1.0,3.128049674245431,41.0,0.0,,False
DFO_3861_From_20110827_to_20110913,9/152/191,0,72.52384948730469,87.67036437988281,1.0,0.670446099568571,41.0,0.0,,False
DFO_3861_From_20110827_to_20110913,9/152/191,0,76.78677368164062,88.98968505859375,5.0,0.7508185039354789,41.0,0.0,,False
DFO_3861_From_20110827_to_20110913,9/152/191,0,46.42351150512695,68.61353302001953,1.0,0.1783550318447333,22.0,20.0,,False
DFO_3861_From_20110827_to_20110913,9/152/191,0,116.6705551147461,86.01628112792969,1.0,1.5027801300141412,41.0,0.0,,False
DFO_3861_From_20110827_to_20110913,9/152/191,0,29.615921020507812,88.5125503540039,15.0,-0.13853224958008564,41.0,0.0,,False
DFO_3861_From_20110827_to_20110913,9/152/191,0,26.525175094604492,84.3524169921875,1.0,-0.19680461615937714,22.0,32.0,,False
DFO_3861_From_20110827_to_20110913,9/152/191,0,8.381974220275879,75.9824447631836,1.0,-0.5388732551276875,41.0,0.0,,False
DFO_3861_From_20110827_to_20110913,9/152/191,0,24.560710906982422,85.876953125,1.0,-0.23384226985766568,41.0,0.0,,False
DFO_3861_From_20110827_to_20110913,9/152/191,0,57.6899299621582,86.3477554321289,2.0,0.3907700546589887,41.0,0.0,,False
DFO_3861_From_20110827_to_20110913,9/152/191,0,60.08678436279297,87.6611328125,19.0,0.43595991549497964,22.0,44.0,,False
DFO_3625_From_20100310_to_20100324,9/152/192,1,0.906094491481781,88.58201599121094,2.0,-0.4715141642267648,11.0,0.0,,False
DFO_3625_From_20100310_to_20100324,9/152/192,1,0.004666322376579046,82.6369400024414,14.0,-0.5412257682213565,11.0,0.0,,False
DFO_3625_From_20100310_to_20100324,9/152/192,1,0.11111079901456833,88.60238647460938,5.0,-0.5329939251781499,11.0,0.0,,False
DFO_3625_From_20100310_to_20100324,9/152/192,1,0.1723874807357788,88.53605651855469,3.0,-0.5282551163449493,11.0,0.0,,False
DFO_3625_From_20100310_to_20100324,9/152/192,1,0.22788122296333313,88.84188079833984,2.0,-0.5239635289340684,11.0,0.0,,False
DFO_3625_From_20100310_to_20100324,9/152/192,1,0.02448347397148609,86.88255310058594,6.0,-0.5396932163535173,11.0,0.0,,False
DFO_3625_From_20100310_to_20100324,9/152/192,1,4.506661891937256,76.64495849609375,1.0,-0.19306565620471855,41.0,0.0,,False
DFO_3625_From_20100310_to_20100324,9/152/192,1,4.928306579589844,80.23844146728516,2.0,-0.16045792494063146,82.0,0.0,,False
DFO_3625_From_20100310_to_20100324,9/152/192,1,0.0960618257522583,47.760032653808594,3.0,-0.5341577317914142,11.0,0.0,,False
DFO_3625_From_20100310_to_20100324,9/152/192,1,1.412229061126709,76.05339050292969,2.0,-0.4323724401312285,22.0,26.0,,False
DFO_3625_From_20100310_to_20100324,9/152/192,1,10.692840576171875,35.46631622314453,1.0,0.2853401152759134,11.0,0.0,,False
DFO_3625_From_20100310_to_20100324,9/152/192,1,13.343367576599121,38.056922912597656,1.0,0.49031761094722176,23.0,51.0,,False
DFO_3625_From_20100310_to_20100324,9/152/192,1,4.079941272735596,82.63623809814453,2.0,-0.2260659327011161,22.0,27.0,,False
DFO_3625_From_20100310_to_20100324,9/152/192,1,4.2102837562561035,81.19895935058594,4.0,-0.21598594640129504,21.0,13.0,,False
DFO_3625_From_20100310_to_20100324,9/152/192,1,3.7101924419403076,82.21210479736328,3.0,-0.2546603176485608,21.0,11.0,,False
DFO_3625_From_20100310_to_20100324,9/152/192,1,3.474897861480713,81.4183578491211,4.0,-0.27285673437620195,95.0,0.0,,False
DFO_3625_From_20100310_to_20100324,9/152/192,1,3.082646608352661,78.2971420288086,5.0,-0.303191335580853,21.0,1.0,,False
DFO_3625_From_20100310_to_20100324,9/152/192,1,2.7415339946746826,78.22526550292969,8.0,-0.3295711495885337,95.0,0.0,,False
DFO_3625_From_20100310_to_20100324,9/152/192,1,0.6045375466346741,77.57746124267578,3.0,-0.4948349556569548,11.0,0.0,,False
DFO_3625_From_20100310_to_20100324,9/152/192,1,1.896130919456482,73.6512222290039,2.0,-0.3949500742941174,22.0,25.0,,False
DFO_3625_From_20100310_to_20100324,9/152/192,1,0.16897174715995789,64.96343231201172,6.0,-0.5285192707995687,11.0,0.0,,False
DFO_3625_From_20100310_to_20100324,9/152/192,1,0.39410606026649475,74.78731536865234,5.0,-0.5111085944764,11.0,0.0,,False
DFO_3625_From_20100310_to_20100324,9/152/192,1,1.1412774324417114,75.7031021118164,3.0,-0.4533263810972932,11.0,0.0,,False
DFO_3625_From_20100310_to_20100324,9/152/192,1,0.9881938099861145,70.44734191894531,8.0,-0.4651650447118054,11.0,0.0,,False
DFO_3625_From_20100310_to_20100324,9/152/192,1,0.24773970246315002,13.83089828491211,1.0,-0.5224277809884499,11.0,0.0,,False
DFO_3625_From_20100310_to_20100324,9/152/192,0,40.520347595214844,86.96998596191406,1.0,2.5920390056838483,41.0,0.0,,False
DFO_3625_From_20100310_to_20100324,9/152/192,0,9.66878604888916,85.13695526123047,2.0,0.20614524859489458,23.0,54.0,,False
DFO_3625_From_20100310_to_20100324,9/152/192,0,13.145813941955566,82.83747863769531,2.0,0.47503987588416713,21.0,1.0,,False
DFO_3625_From_20100310_to_20100324,9/152/192,0,33.08950424194336,28.621423721313477,1.0,2.017377566266761,23.0,51.0,,False
DFO_3625_From_20100310_to_20100324,9/152/192,0,24.041322708129883,82.57780456542969,1.0,1.317639894897443,82.0,0.0,,False
DFO_3625_From_20100310_to_20100324,9/152/192,0,12.774691581726074,83.3565902709961,3.0,0.44633926956127196,41.0,0.0,,False
DFO_3625_From_20100310_to_20100324,9/152/192,0,47.9596061706543,85.41020965576172,1.0,3.1673512331009186,21.0,5.0,,False
DFO_3625_From_20100310_to_20100324,9/152/192,0,23.316631317138672,82.73882293701172,1.0,1.261596162297854,71.0,0.0,,False
DFO_3625_From_20100310_to_20100324,9/152/192,0,24.25783348083496,74.83006286621094,1.0,1.3343836730094158,22.0,20.0,,False
DFO_3625_From_20100310_to_20100324,9/152/192,0,39.96864318847656,87.90866088867188,2.0,2.5493731555997674,21.0,11.0,,False
DFO_3625_From_20100310_to_20100324,9/152/192,0,2.2979257106781006,75.15170288085938,17.0,-0.36387742720728977,41.0,0.0,,False
DFO_3625_From_20100310_to_20100324,9/152/192,0,30.674896240234375,75.12452697753906,7.0,1.8306447764712113,43.0,0.0,,False
DFO_3625_From_20100310_to_20100324,9/152/192,0,32.10185241699219,70.6055908203125,3.0,1.940997888700354,21.0,2.0,,False
DFO_3625_From_20100310_to_20100324,9/152/192,0,38.50843811035156,87.56886291503906,1.0,2.4364487522519265,23.0,79.0,,False
DFO_3625_From_20100310_to_20100324,9/152/192,0,39.448143005371094,86.0685806274414,1.0,2.509120472260862,81.0,0.0,,False
DFO_3625_From_20100310_to_20100324,9/152/192,0,26.073476791381836,86.98135375976562,5.0,1.4747957566321337,21.0,1.0,,False
DFO_3625_From_20100310_to_20100324,9/152/192,0,12.565811157226562,55.45654296875,35.0,0.4301855815204529,90.0,0.0,,False
DFO_3625_From_20100310_to_20100324,9/152/192,0,34.617584228515625,81.91686248779297,1.0,2.1355510497975985,71.0,0.0,,False
DFO_3625_From_20100310_to_20100324,9/152/192,0,33.980072021484375,80.91503143310547,2.0,2.086249286172444,22.0,33.0,,False
DFO_3625_From_20100310_to_20100324,9/152/192,0,11.956668853759766,83.47150421142578,1.0,0.3830777935779231,24.0,98.0,,False
DFO_3625_From_20100310_to_20100324,9/152/192,0,9.109874725341797,81.21382904052734,7.0,0.16292205434537063,23.0,54.0,,False
DFO_3625_From_20100310_to_20100324,9/152/192,0,14.673114776611328,82.57669067382812,1.0,0.5931531039984153,24.0,91.0,,False
DFO_3625_From_20100310_to_20100324,9/152/192,0,12.758660316467285,80.21897888183594,2.0,0.445099497770734,22.0,29.0,,False
DFO_3625_From_20100310_to_20100324,9/152/192,0,28.429397583007812,84.0247573852539,1.0,1.6569899933969798,82.0,0.0,,False
DFO_3625_From_20100310_to_20100324,9/152/192,0,34.98654556274414,78.98162841796875,1.0,2.1640845339981047,21.0,6.0,,False
DFO_3629_From_20100327_to_20100331,9/152/192,1,0.0017929882742464542,88.26570129394531,8.0,-0.5414479764193594,11.0,0.0,,False
DFO_3629_From_20100327_to_20100331,9/152/192,1,1.3161967992782593,67.78160858154297,1.0,-0.4397990585109596,11.0,0.0,,False
DFO_3629_From_20100327_to_20100331,9/152/192,1,1.412229061126709,76.05339050292969,2.0,-0.4323724401312285,22.0,26.0,,False
DFO_3629_From_20100327_to_20100331,9/152/192,1,0.1227872222661972,84.04204559326172,2.0,-0.5320909334349488,11.0,0.0,,False
DFO_3629_From_20100327_to_20100331,9/152/192,1,1.2846072912216187,81.89069366455078,1.0,-0.44224202108025057,11.0,0.0,,False
DFO_3629_From_20100327_to_20100331,9/152/192,1,13.343367576599121,38.056922912597656,1.0,0.49031761094722176,23.0,51.0,,False
DFO_3629_From_20100327_to_20100331,9/152/192,1,4.079941272735596,82.63623809814453,2.0,-0.2260659327011161,22.0,27.0,,False
DFO_3629_From_20100327_to_20100331,9/152/192,1,0.4148397445678711,54.38220977783203,24.0,-0.5095051629009244,11.0,0.0,,False
DFO_3629_From_20100327_to_20100331,9/152/192,1,0.472711443901062,5.250226974487305,1.0,-0.505029677083331,95.0,0.0,,False
DFO_3629_From_20100327_to_20100331,9/152/192,1,0.39410606026649475,74.78731536865234,5.0,-0.5111085944764,11.0,0.0,,False
DFO_3629_From_20100327_to_20100331,9/152/192,1,1.1412774324417114,75.7031021118164,3.0,-0.4533263810972932,11.0,0.0,,False
DFO_3629_From_20100327_to_20100331,9/152/192,0,20.79775619506836,76.2645492553711,1.0,1.0667999144771345,41.0,0.0,,False
DFO_3629_From_20100327_to_20100331,9/152/192,0,18.671363830566406,87.40901184082031,2.0,0.9023561711687493,22.0,42.0,,False
DFO_3629_From_20100327_to_20100331,9/152/192,0,28.840871810913086,81.47772216796875,1.0,1.6888111960316683,71.0,0.0,,False
DFO_3629_From_20100327_to_20100331,9/152/192,0,6.177077293395996,81.74455261230469,4.0,-0.06388471759643281,22.0,21.0,,False
DFO_3629_From_20100327_to_20100331,9/152/192,0,34.88351058959961,78.83015441894531,1.0,2.156116363608472,21.0,1.0,,False
DFO_3629_From_20100327_to_20100331,9/152/192,0,9.674914360046387,82.41450500488281,3.0,0.20661917920322279,82.0,0.0,,False
DFO_3629_From_20100327_to_20100331,9/152/192,0,33.11958694458008,81.37767791748047,1.0,2.019704000613027,22.0,44.0,,False
DFO_3629_From_20100327_to_20100331,9/152/192,0,28.05109405517578,82.3018798828125,1.0,1.6277340342137188,24.0,86.0,,False
DFO_3629_From_20100327_to_20100331,9/152/192,0,13.059028625488281,85.41584014892578,4.0,0.468328366502207,90.0,0.0,,False
DFO_3629_From_20100327_to_20100331,9/152/192,0,16.675079345703125,83.05186462402344,1.0,0.7479742711583725,82.0,0.0,,False
DFO_3629_From_20100327_to_20100331,9/152/192,0,39.66775894165039,87.1373062133789,1.0,2.526104387014714,21.0,6.0,,False
DFO_3629_From_20100327_to_20100331,9/152/192,0,11.201261520385742,81.109375,1.0,0.32465865527758164,21.0,3.0,,False
DFO_3629_From_20100327_to_20100331,9/152/192,0,17.93825912475586,85.15257263183594,1.0,0.8456617980732575,41.0,0.0,,False
DFO_3629_From_20100327_to_20100331,9/152/192,0,41.400062561035156,83.34883117675781,1.0,2.660071427375592,22.0,27.0,,False
DFO_3629_From_20100327_to_20100331,9/152/192,0,42.372562408447266,87.26087188720703,1.0,2.735279332532239,21.0,15.0,,False
DFO_3629_From_20100327_to_20100331,9/152/192,0,11.878186225891113,87.14360046386719,2.0,0.3770083694552387,42.0,0.0,,False
DFO_3629_From_20100327_to_20100331,9/152/192,0,23.137855529785156,78.9110336303711,6.0,1.2477706049002182,21.0,12.0,,False
DFO_3629_From_20100327_to_20100331,9/152/192,0,32.14807891845703,83.62693786621094,1.0,1.944572797577865,22.0,35.0,,False
DFO_3629_From_20100327_to_20100331,9/152/192,0,4.902332305908203,81.45215606689453,1.0,-0.1624666354990546,21.0,9.0,,False
DFO_3629_From_20100327_to_20100331,9/152/192,0,27.820816040039062,85.6599349975586,1.0,1.609925571653905,41.0,0.0,,False
DFO_3629_From_20100327_to_20100331,9/152/192,0,9.626879692077637,82.14701843261719,4.0,0.20290443645808187,23.0,51.0,,False
DFO_3629_From_20100327_to_20100331,9/152/192,0,7.498867988586426,82.41526794433594,1.0,0.03833546218596474,95.0,0.0,,False
DFO_3629_From_20100327_to_20100331,9/152/192,0,13.656208038330078,84.02505493164062,1.0,0.5145110088563662,21.0,2.0,,False
DFO_3629_From_20100327_to_20100331,9/152/192,0,33.02864456176758,87.15914154052734,1.0,2.0126710060891897,41.0,0.0,,False
DFO_3629_From_20100327_to_20100331,9/152/192,0,7.572366714477539,78.90068054199219,1.0,0.044019458148188056,43.0,0.0,,False
DFO_3861_From_20110827_to_20110913,9/152/192,1,4.079941272735596,82.63623809814453,2.0,-0.2260659327011161,22.0,27.0,,False
DFO_3861_From_20110827_to_20110913,9/152/192,1,4.7912163734436035,81.25273895263672,6.0,-0.1710597437986888,95.0,0.0,,False
DFO_3861_From_20110827_to_20110913,9/152/192,1,7.498867988586426,82.41526794433594,1.0,0.03833546218596474,95.0,0.0,,False
DFO_3861_From_20110827_to_20110913,9/152/192,1,0.285900741815567,3.4241111278533936,1.0,-0.5194766115502922,31.0,0.0,,False
DFO_3861_From_20110827_to_20110913,9/152/192,1,3.612781524658203,76.4653091430664,1.0,-0.26219355382095677,21.0,8.0,,False
DFO_3861_From_20110827_to_20110913,9/152/192,1,3.9655048847198486,79.49164581298828,1.0,-0.2349158271656346,21.0,3.0,,False
DFO_3861_From_20110827_to_20110913,9/152/192,1,0.39410606026649475,74.78731536865234,5.0,-0.5111085944764,11.0,0.0,,False
DFO_3861_From_20110827_to_20110913,9/152/192,1,2.857607128703421e-08,1.7590020895004272,14.0,-0.5415866342744623,11.0,0.0,,False
DFO_3861_From_20110827_to_20110913,9/152/192,1,0.5315266251564026,1.6457867622375488,1.0,-0.5004812274507747,22.0,35.0,,False
DFO_3861_From_20110827_to_20110913,9/152/192,0,41.76498794555664,82.4184799194336,1.0,2.6882927929432867,52.0,0.0,,False
DFO_3861_From_20110827_to_20110913,9/152/192,0,25.327655792236328,63.23938751220703,7.0,1.4171179738367587,42.0,0.0,,False
DFO_3861_From_20110827_to_20110913,9/152/192,0,36.794097900390625,62.786659240722656,1.0,2.3038709053144024,41.0,0.0,,False
DFO_3861_From_20110827_to_20110913,9/152/192,0,21.787874221801758,79.19435119628906,1.0,1.1433703148186949,21.0,4.0,,False
DFO_3861_From_20110827_to_20110913,9/152/192,0,45.510379791259766,86.89115142822266,1.0,2.97794124425739,22.0,49.0,,False
DFO_3861_From_20110827_to_20110913,9/152/192,0,13.059028625488281,85.41584014892578,4.0,0.468328366502207,90.0,0.0,,False
DFO_3861_From_20110827_to_20110913,9/152/192,0,40.5634651184082,87.34959411621094,1.0,2.5953734829113206,42.0,0.0,,False
DFO_3861_From_20110827_to_20110913,9/152/192,0,33.27777099609375,84.12179565429688,1.0,2.031937103965374,23.0,53.0,,False
DFO_3861_From_20110827_to_20110913,9/152/192,0,45.17498779296875,61.33936309814453,1.0,2.9520038318609845,23.0,52.0,,False
DFO_3861_From_20110827_to_20110913,9/152/192,0,34.856239318847656,86.11089324951172,1.0,2.1540073502757995,81.0,0.0,,False
DFO_3861_From_20110827_to_20110913,9/152/192,0,10.886457443237305,82.75076293945312,4.0,0.3003134019183053,21.0,17.0,,False
DFO_3861_From_20110827_to_20110913,9/152/192,0,8.252946853637695,83.93534851074219,2.0,0.0966518638947405,42.0,0.0,,False
DFO_3861_From_20110827_to_20110913,9/152/192,0,40.1611213684082,87.78312683105469,1.0,2.5642583823065315,41.0,0.0,,False
DFO_3861_From_20110827_to_20110913,9/152/192,0,19.28513526916504,84.60302734375,2.0,0.9498219515129014,71.0,0.0,,False
DFO_3861_From_20110827_to_20110913,9/152/192,0,5.327167510986328,85.04907989501953,4.0,-0.12961216678551807,21.0,3.0,,False
DFO_3861_From_20110827_to_20110913,9/152/192,0,23.003629684448242,85.53123474121094,1.0,1.2373903002939683,21.0,10.0,,False
DFO_3861_From_20110827_to_20110913,9/152/192,0,11.201261520385742,81.109375,1.0,0.32465865527758164,21.0,3.0,,False
DFO_3861_From_20110827_to_20110913,9/152/192,0,17.11458969116211,81.87908172607422,1.0,0.7819636362617245,22.0,35.0,,False
DFO_3861_From_20110827_to_20110913,9/152/192,0,11.34495735168457,85.56278228759766,2.0,0.3357713176399318,42.0,0.0,,False
DFO_3861_From_20110827_to_20110913,9/152/192,0,12.565811157226562,55.45654296875,35.0,0.4301855815204529,90.0,0.0,,False
DFO_3861_From_20110827_to_20110913,9/152/192,0,21.07480239868164,81.01240539550781,2.0,1.0882251770731164,21.0,3.0,,False
DFO_3861_From_20110827_to_20110913,9/152/192,0,9.109874725341797,81.21382904052734,7.0,0.16292205434537063,23.0,54.0,,False
DFO_3861_From_20110827_to_20110913,9/152/192,0,24.65739631652832,85.12677001953125,3.0,1.3652837126658877,23.0,51.0,,False
DFO_3861_From_20110827_to_20110913,9/152/192,0,19.50555992126465,88.1577377319336,2.0,0.9668684079965797,95.0,0.0,,False
DFO_3861_From_20110827_to_20110913,9/152/192,0,18.777175903320312,86.37991333007812,2.0,0.9105391074985395,43.0,0.0,,False
DFO_3812_From_20110504_to_20110609,9/153/184,1,212.02670288085938,78.75276947021484,26.0,-1.642845715725396,90.0,0.0,,False
DFO_3812_From_20110504_to_20110609,9/153/184,1,316.8736877441406,85.78844451904297,11.0,-0.82004494763055,11.0,0.0,,False
DFO_3812_From_20110504_to_20110609,9/153/184,1,450.5916442871094,88.5893325805664,2.0,0.22932464077579687,43.0,0.0,,False
DFO_3812_From_20110504_to_20110609,9/153/184,0,646.9888305664062,89.51203918457031,1.0,1.7705778864746622,41.0,0.0,,False
DFO_3812_From_20110504_to_20110609,9/153/184,0,257.95947265625,88.31256866455078,1.0,-1.2823821477820998,82.0,0.0,,False
DFO_3812_From_20110504_to_20110609,9/153/184,0,493.908447265625,89.4433822631836,2.0,0.5692590586192016,41.0,0.0,,False
DFO_3812_From_20110504_to_20110609,9/153/184,0,452.4915771484375,89.41354370117188,1.0,0.24423461858458073,41.0,0.0,,False
DFO_3812_From_20110504_to_20110609,9/153/184,0,512.4599609375,88.86872863769531,1.0,0.714844548926291,42.0,0.0,,False
DFO_3812_From_20110504_to_20110609,9/153/184,0,574.7202758789062,89.14442443847656,1.0,1.2034407162115623,41.0,0.0,,False
DFO_3812_From_20110504_to_20110609,9/153/184,0,482.0626220703125,89.32653045654297,1.0,0.4762973575065752,43.0,0.0,,False
DFO_3812_From_20110504_to_20110609,9/153/184,0,380.48223876953125,89.11638641357422,2.0,-0.32086831694976875,42.0,0.0,,False
DFO_3812_From_20110504_to_20110609,9/153/184,0,355.7657165527344,87.10348510742188,1.0,-0.5148345382114733,41.0,0.0,,False
DFO_3812_From_20110504_to_20110609,9/153/184,0,386.6772766113281,88.83621978759766,3.0,-0.27225192706260243,90.0,0.0,,False
DFO_3812_From_20110504_to_20110609,9/153/184,0,436.6759033203125,85.42073059082031,15.0,0.12011899818130697,90.0,0.0,,False
DFO_3812_From_20110504_to_20110609,9/153/184,0,416.8133239746094,87.58738708496094,1.0,-0.0357552557450247,43.0,0.0,,False
DFO_3812_From_20110504_to_20110609,9/153/184,0,360.4649658203125,84.09773254394531,5.0,-0.4779565496658385,90.0,0.0,,False
DFO_3812_From_20110504_to_20110609,9/153/184,0,534.54345703125,89.50433349609375,2.0,0.8881477447392256,41.0,0.0,,False
DFO_3812_From_20110504_to_20110609,9/153/184,0,446.0329895019531,89.26609802246094,4.0,0.193549986277178,43.0,0.0,,False
DFO_3812_From_20110504_to_20110609,9/153/184,0,370.0191650390625,88.02076721191406,1.0,-0.4029786905889222,43.0,0.0,,False
DFO_3812_From_20110504_to_20110609,9/153/184,0,519.8854370117188,86.83951568603516,1.0,0.7731169677784308,41.0,0.0,,False
DFO_3812_From_20110504_to_20110609,9/153/184,0,397.111572265625,88.70246887207031,1.0,-0.19036739323381055,43.0,0.0,,False
DFO_3812_From_20110504_to_20110609,9/153/184,0,342.1805419921875,88.8452377319336,1.0,-0.6214460166216185,42.0,0.0,,False
DFO_3812_From_20110504_to_20110609,9/153/184,0,282.60382080078125,88.53125,4.0,-1.0889823222271877,41.0,0.0,,False
DFO_3812_From_20110504_to_20110609,9/153/184,0,494.95391845703125,89.19313049316406,1.0,0.5774635339356048,41.0,0.0,,False
DFO_3812_From_20110504_to_20110609,9/153/184,0,506.61798095703125,87.18716430664062,1.0,0.6689988279320976,41.0,0.0,,False
DFO_3812_From_20110504_to_20110609,9/153/184,0,503.75274658203125,89.28337860107422,1.0,0.6465135170994025,42.0,0.0,,False
DFO_3812_From_20110504_to_20110609,9/153/184,0,462.9259338378906,88.6297836303711,6.0,0.3261196313949428,43.0,0.0,,False
DFO_3812_From_20110504_to_20110609,9/153/184,0,232.8024139404297,88.88850402832031,80.0,-1.4798055382723039,43.0,0.0,,False
DFO_3625_From_20100310_to_20100324,9/153/186,1,203.6504364013672,89.1697998046875,7.0,-1.1252626391869915,81.0,0.0,,False
DFO_3625_From_20100310_to_20100324,9/153/186,0,387.3798828125,89.0805892944336,1.0,0.009234346704455302,43.0,0.0,,False
DFO_3625_From_20100310_to_20100324,9/153/186,0,143.16659545898438,89.23995971679688,5.0,-1.498739708783785,22.0,35.0,,False
DFO_3625_From_20100310_to_20100324,9/153/186,0,317.4713439941406,88.99188995361328,3.0,-0.42243857305185323,81.0,0.0,,False
DFO_3625_From_20100310_to_20100324,9/153/186,0,420.6314697265625,89.63663482666016,3.0,0.2145570419337028,43.0,0.0,,False
DFO_3625_From_20100310_to_20100324,9/153/186,0,408.1952819824219,88.75991821289062,8.0,0.13776577201316823,41.0,0.0,,False
DFO_3625_From_20100310_to_20100324,9/153/186,0,630.1832885742188,89.33723449707031,1.0,1.5085026315739885,41.0,0.0,,False
DFO_3625_From_20100310_to_20100324,9/153/186,0,367.9198303222656,89.40595245361328,4.0,-0.11092805146691641,43.0,0.0,,False
DFO_3625_From_20100310_to_20100324,9/153/186,0,313.3041076660156,86.47898864746094,1.0,-0.44817052373316046,41.0,0.0,,False
DFO_3625_From_20100310_to_20100324,9/153/186,0,382.3602600097656,89.71025085449219,1.0,-0.02176094039433095,43.0,0.0,,False
DFO_3625_From_20100310_to_20100324,9/153/186,0,177.45736694335938,89.26583099365234,2.0,-1.2870002317820268,81.0,0.0,,False
DFO_3625_From_20100310_to_20100324,9/153/186,0,268.1852111816406,88.88447570800781,1.0,-0.7267717663109535,43.0,0.0,,False
DFO_3625_From_20100310_to_20100324,9/153/186,0,465.2530212402344,89.06902313232422,1.0,0.4900872668753333,41.0,0.0,,False
DFO_3625_From_20100310_to_20100324,9/153/186,0,689.6910400390625,89.654296875,1.0,1.8759525204882121,43.0,0.0,,False
DFO_3625_From_20100310_to_20100324,9/153/186,0,234.77098083496094,89.1104965209961,10.0,-0.9330987561031223,41.0,0.0,,False
DFO_3625_From_20100310_to_20100324,9/153/186,0,393.6134338378906,89.22299194335938,1.0,0.04772542686523289,41.0,0.0,,False
DFO_3625_From_20100310_to_20100324,9/153/186,0,433.956787109375,88.80958557128906,1.0,0.29683853084114264,43.0,0.0,,False
DFO_3625_From_20100310_to_20100324,9/153/186,0,623.1290283203125,89.3250961303711,1.0,1.4649438164135595,41.0,0.0,,False
DFO_3625_From_20100310_to_20100324,9/153/186,0,213.2689666748047,89.37339782714844,3.0,-1.065869908097484,43.0,0.0,,False
DFO_3625_From_20100310_to_20100324,9/153/186,0,469.0058288574219,88.33961486816406,1.0,0.5132601932270654,41.0,0.0,,False
DFO_3625_From_20100310_to_20100324,9/153/186,0,452.01141357421875,88.675048828125,1.0,0.4083226707319601,81.0,0.0,,False
DFO_3625_From_20100310_to_20100324,9/153/186,0,298.8179931640625,89.39799499511719,1.0,-0.5376197304921505,43.0,0.0,,False
DFO_3625_From_20100310_to_20100324,9/153/186,0,216.8963165283203,88.47290802001953,9.0,-1.043471661349499,42.0,0.0,,False
DFO_3625_From_20100310_to_20100324,9/153/186,0,313.9329528808594,89.33283233642578,1.0,-0.4442875152401394,42.0,0.0,,False
DFO_3625_From_20100310_to_20100324,9/153/186,0,128.3086700439453,84.48994445800781,11.0,-1.59048478247351,21.0,3.0,,False
DFO_3625_From_20100310_to_20100324,9/153/186,0,278.1538391113281,88.61451721191406,1.0,-0.6652172438290391,21.0,1.0,,False
DFO_3629_From_20100327_to_20100331,9/153/186,1,203.6504364013672,89.1697998046875,7.0,-1.1252626391869915,81.0,0.0,,False
DFO_3629_From_20100327_to_20100331,9/153/186,1,338.0479431152344,89.57051086425781,1.0,-0.29538169600373865,43.0,0.0,,False
DFO_3629_From_20100327_to_20100331,9/153/186,0,387.3798828125,89.0805892944336,1.0,0.009234346704455302,43.0,0.0,,False
DFO_3629_From_20100327_to_20100331,9/153/186,0,284.7668151855469,89.54580688476562,1.0,-0.6243832807897925,41.0,0.0,,False
DFO_3629_From_20100327_to_20100331,9/153/186,0,296.3630676269531,87.94639587402344,1.0,-0.5527784634924463,41.0,0.0,,False
DFO_3629_From_20100327_to_20100331,9/153/186,0,420.6314697265625,89.63663482666016,3.0,0.2145570419337028,43.0,0.0,,False
DFO_3629_From_20100327_to_20100331,9/153/186,0,514.0104370117188,88.67915344238281,1.0,0.7911557254871663,41.0,0.0,,False
DFO_3629_From_20100327_to_20100331,9/153/186,0,630.1832885742188,89.33723449707031,1.0,1.5085026315739885,41.0,0.0,,False
DFO_3629_From_20100327_to_20100331,9/153/186,0,434.29779052734375,88.787353515625,1.0,0.29894416691320985,41.0,0.0,,False
DFO_3629_From_20100327_to_20100331,9/153/186,0,279.3260192871094,86.79508972167969,26.0,-0.657979237606728,43.0,0.0,,False
DFO_3629_From_20100327_to_20100331,9/153/186,0,382.3602600097656,89.71025085449219,1.0,-0.02176094039433095,43.0,0.0,,False
DFO_3629_From_20100327_to_20100331,9/153/186,0,123.74862670898438,86.29995727539062,28.0,-1.6186422472680813,82.0,0.0,,False
DFO_3629_From_20100327_to_20100331,9/153/186,0,338.5447082519531,88.9338150024414,1.0,-0.2923142587403495,81.0,0.0,,False
DFO_3629_From_20100327_to_20100331,9/153/186,0,420.97705078125,89.39337158203125,1.0,0.2166909441066122,43.0,0.0,,False
DFO_3629_From_20100327_to_20100331,9/153/186,0,535.2460327148438,89.61801147460938,2.0,0.9222817904125155,41.0,0.0,,False
DFO_3629_From_20100327_to_20100331,9/153/186,0,234.77098083496094,89.1104965209961,10.0,-0.9330987561031223,41.0,0.0,,False
DFO_3629_From_20100327_to_20100331,9/153/186,0,350.4731140136719,89.40743255615234,1.0,-0.21865845316589752,42.0,0.0,,False
DFO_3629_From_20100327_to_20100331,9/153/186,0,441.68304443359375,89.3355712890625,1.0,0.34454680960519796,41.0,0.0,,False
DFO_3629_From_20100327_to_20100331,9/153/186,0,521.9025268554688,89.45166015625,3.0,0.8398879908643962,41.0,0.0,,False
DFO_3629_From_20100327_to_20100331,9/153/186,0,213.2689666748047,89.37339782714844,3.0,-1.065869908097484,43.0,0.0,,False
DFO_3629_From_20100327_to_20100331,9/153/186,0,432.9434814453125,89.26423645019531,7.0,0.2905815467587262,41.0,0.0,,False
DFO_3629_From_20100327_to_20100331,9/153/186,0,484.8818054199219,89.64311218261719,1.0,0.6112915535237463,41.0,0.0,,False
DFO_3629_From_20100327_to_20100331,9/153/186,0,220.46939086914062,89.09874725341797,3.0,-1.0214085563371655,41.0,0.0,,False
DFO_3629_From_20100327_to_20100331,9/153/186,0,216.8963165283203,88.47290802001953,9.0,-1.043471661349499,42.0,0.0,,False
DFO_3629_From_20100327_to_20100331,9/153/186,0,387.1882629394531,89.31964874267578,1.0,0.008051127723203265,22.0,46.0,,False
DFO_3629_From_20100327_to_20100331,9/153/186,0,166.77772521972656,89.1357650756836,4.0,-1.3529451392670788,81.0,0.0,,False
DFO_3629_From_20100327_to_20100331,9/153/186,0,230.48916625976562,88.81990051269531,1.0,-0.9595382072885084,42.0,0.0,,False
DFO_3861_From_20110827_to_20110913,9/153/186,1,409.65142822265625,87.88544464111328,8.0,0.1467572186910534,11.0,0.0,,False
DFO_3861_From_20110827_to_20110913,9/153/186,1,338.0479431152344,89.57051086425781,1.0,-0.29538169600373865,43.0,0.0,,False
DFO_3861_From_20110827_to_20110913,9/153/186,0,264.6302795410156,89.51011657714844,11.0,-0.7487228433436159,43.0,0.0,,False
DFO_3861_From_20110827_to_20110913,9/153/186,0,295.7193908691406,87.79685974121094,1.0,-0.556753054152196,42.0,0.0,,False
DFO_3861_From_20110827_to_20110913,9/153/186,0,146.0937042236328,88.80924224853516,1.0,-1.4806653274816224,81.0,0.0,,False
DFO_3861_From_20110827_to_20110913,9/153/186,0,580.391357421875,89.33826446533203,2.0,1.2010462226125038,41.0,0.0,,False
DFO_3861_From_20110827_to_20110913,9/153/186,0,507.9053649902344,88.88441467285156,2.0,0.7534579805566914,42.0,0.0,,False
DFO_3861_From_20110827_to_20110913,9/153/186,0,353.5928649902344,88.70384979248047,13.0,-0.19939454011996133,43.0,0.0,,False
DFO_3861_From_20110827_to_20110913,9/153/186,0,456.5928955078125,89.51542663574219,1.0,0.4366125150988089,42.0,0.0,,False
DFO_3861_From_20110827_to_20110913,9/153/186,0,261.2895812988281,87.16120147705078,4.0,-0.7693510668568662,43.0,0.0,,False
DFO_3861_From_20110827_to_20110913,9/153/186,0,288.3607177734375,89.32335662841797,4.0,-0.6021915650186274,43.0,0.0,,False
DFO_3861_From_20110827_to_20110913,9/153/186,0,208.314208984375,89.41293334960938,3.0,-1.0964646645473373,43.0,0.0,,False
DFO_3861_From_20110827_to_20110913,9/153/186,0,338.5447082519531,88.9338150024414,1.0,-0.2923142587403495,81.0,0.0,,False
DFO_3861_From_20110827_to_20110913,9/153/186,0,413.2743835449219,89.26264190673828,2.0,0.16912832998223004,43.0,0.0,,False
DFO_3861_From_20110827_to_20110913,9/153/186,0,392.0982666015625,89.51183319091797,4.0,0.038369535927156376,43.0,0.0,,False
DFO_3861_From_20110827_to_20110913,9/153/186,0,171.98696899414062,89.22796630859375,16.0,-1.3207789760510749,42.0,0.0,,False
DFO_3861_From_20110827_to_20110913,9/153/186,0,350.4731140136719,89.40743255615234,1.0,-0.21865845316589752,42.0,0.0,,False
DFO_3861_From_20110827_to_20110913,9/153/186,0,392.75103759765625,89.00553894042969,3.0,0.042400281907245735,42.0,0.0,,False
DFO_3861_From_20110827_to_20110913,9/153/186,0,449.4766540527344,89.45584106445312,1.0,0.3926709769329773,41.0,0.0,,False
DFO_3861_From_20110827_to_20110913,9/153/186,0,277.2212219238281,89.66434478759766,3.0,-0.6709759907739447,41.0,0.0,,False
DFO_3861_From_20110827_to_20110913,9/153/186,0,323.9598693847656,89.64935302734375,2.0,-0.38237307107416835,43.0,0.0,,False
DFO_3861_From_20110827_to_20110913,9/153/186,0,387.91119384765625,89.46688079833984,12.0,0.01251509880886651,41.0,0.0,,False
DFO_3861_From_20110827_to_20110913,9/153/186,0,186.60690307617188,85.97689819335938,14.0,-1.230503456944133,42.0,0.0,,False
DFO_3861_From_20110827_to_20110913,9/153/186,0,217.7366485595703,88.92591857910156,1.0,-1.038282758997571,42.0,0.0,,False
DFO_3861_From_20110827_to_20110913,9/153/186,0,278.1495666503906,88.88013458251953,1.0,-0.6652436255231584,31.0,0.0,,False
DFO_3861_From_20110827_to_20110913,9/153/186,0,166.77772521972656,89.1357650756836,4.0,-1.3529451392670788,81.0,0.0,,False
DFO_3861_From_20110827_to_20110913,9/153/186,0,192.72103881835938,88.70799255371094,11.0,-1.1927497451339908,41.0,0.0,,False
DFO_3629_From_20100327_to_20100331,9/153/187,1,343.3031005859375,85.9627456665039,7.0,0.13013828719423415,21.0,6.0,,False
DFO_3629_From_20100327_to_20100331,9/153/187,0,260.02667236328125,88.9110107421875,1.0,-0.6153235485164841,11.0,0.0,,False
DFO_3629_From_20100327_to_20100331,9/153/187,0,262.4510192871094,88.75556182861328,1.0,-0.5936216318179859,43.0,0.0,,False
DFO_3629_From_20100327_to_20100331,9/153/187,0,552.9556274414062,88.58953094482422,1.0,2.0068753287157697,42.0,0.0,,False
DFO_3629_From_20100327_to_20100331,9/153/187,0,323.9730529785156,89.04866790771484,1.0,-0.04289762562465814,43.0,0.0,,False
DFO_3629_From_20100327_to_20100331,9/153/187,0,328.0126647949219,88.95484924316406,2.0,-0.006736415249912087,43.0,0.0,,False
DFO_3629_From_20100327_to_20100331,9/153/187,0,296.7051696777344,88.1558837890625,8.0,-0.2869903031707852,41.0,0.0,,False
DFO_3629_From_20100327_to_20100331,9/153/187,0,291.5362548828125,86.6008071899414,1.0,-0.3332606439369907,42.0,0.0,,False
DFO_3629_From_20100327_to_20100331,9/153/187,0,447.7573547363281,88.0573959350586,1.0,1.0651767093339537,41.0,0.0,,False
DFO_3629_From_20100327_to_20100331,9/153/187,0,246.26791381835938,88.14849090576172,1.0,-0.7384872050385294,43.0,0.0,,False
DFO_3629_From_20100327_to_20100331,9/153/187,0,512.72705078125,89.40155029296875,1.0,1.6467629986704875,41.0,0.0,,False
DFO_3629_From_20100327_to_20100331,9/153/187,0,401.9371643066406,88.93392944335938,1.0,0.6550101832312324,43.0,0.0,,False
DFO_3629_From_20100327_to_20100331,9/153/187,0,366.5157165527344,88.69117736816406,3.0,0.337929611577051,43.0,0.0,,False
DFO_3629_From_20100327_to_20100331,9/153/187,0,449.6573181152344,89.34451293945312,1.0,1.08218452557261,41.0,0.0,,False
DFO_3629_From_20100327_to_20100331,9/153/187,0,346.7435607910156,88.56654357910156,1.0,0.16093609919104418,81.0,0.0,,False
DFO_3629_From_20100327_to_20100331,9/153/187,0,364.4479064941406,87.38261413574219,1.0,0.3194192898079791,41.0,0.0,,False
DFO_3629_From_20100327_to_20100331,9/153/187,0,324.23046875,88.80619049072266,1.0,-0.040593328506648145,43.0,0.0,,False
DFO_3629_From_20100327_to_20100331,9/153/187,0,289.9576721191406,89.37762451171875,1.0,-0.3473915718591368,43.0,0.0,,False
DFO_3629_From_20100327_to_20100331,9/153/187,0,166.3779754638672,87.97390747070312,2.0,-1.4536343525761721,43.0,0.0,,False
DFO_3629_From_20100327_to_20100331,9/153/187,0,291.3152160644531,87.17575073242188,17.0,-0.335239307129136,41.0,0.0,,False
DFO_3629_From_20100327_to_20100331,9/153/187,0,394.6213684082031,88.81766510009766,1.0,0.5895217039997175,22.0,32.0,,False
DFO_3629_From_20100327_to_20100331,9/153/187,0,222.47080993652344,89.13005065917969,3.0,-0.9515106634524886,42.0,0.0,,False
DFO_3629_From_20100327_to_20100331,9/153/187,0,226.35911560058594,88.25780487060547,4.0,-0.9167038935177062,43.0,0.0,,False
DFO_3629_From_20100327_to_20100331,9/153/187,0,400.375732421875,89.3335189819336,1.0,0.6410327840560123,43.0,0.0,,False
DFO_3629_From_20100327_to_20100331,9/153/187,0,490.1161193847656,89.47514343261719,1.0,1.4443577468399749,42.0,0.0,,False
DFO_3629_From_20100327_to_20100331,9/153/187,0,341.05706787109375,89.4617691040039,1.0,0.11003257773468471,43.0,0.0,,False
DFO_3629_From_20100327_to_20100331,9/153/188,1,312.1133728027344,88.92555236816406,1.0,0.14982950553121957,42.0,0.0,,False
DFO_3629_From_20100327_to_20100331,9/153/188,1,263.7552185058594,89.54222106933594,1.0,-0.43098428621225177,42.0,0.0,,False
DFO_3629_From_20100327_to_20100331,9/153/188,0,335.2152099609375,83.06285095214844,1.0,0.4272980282900228,43.0,0.0,,False
DFO_3629_From_20100327_to_20100331,9/153/188,0,371.5210876464844,89.43059539794922,1.0,0.8633559132056149,41.0,0.0,,False
DFO_3629_From_20100327_to_20100331,9/153/188,0,215.3374481201172,86.80794525146484,24.0,-1.0125141070748516,43.0,0.0,,False
DFO_3629_From_20100327_to_20100331,9/153/188,0,317.21038818359375,81.51294708251953,24.0,0.21104807089989483,90.0,0.0,,False
DFO_3629_From_20100327_to_20100331,9/153/188,0,468.4394226074219,88.99588775634766,1.0,2.0274099685475,41.0,0.0,,False
DFO_3629_From_20100327_to_20100331,9/153/188,0,348.4072570800781,87.94954681396484,1.0,0.5857433415889579,43.0,0.0,,False
DFO_3629_From_20100327_to_20100331,9/153/188,0,356.5475158691406,85.70996856689453,1.0,0.6835132966625749,23.0,70.0,,False
DFO_3629_From_20100327_to_20100331,9/153/188,0,264.7796325683594,67.86173248291016,9.0,-0.41868038783963735,42.0,0.0,,False
DFO_3629_From_20100327_to_20100331,9/153/188,0,340.5417785644531,87.61573028564453,6.0,0.4912736814672897,43.0,0.0,,False
DFO_3629_From_20100327_to_20100331,9/153/188,0,201.11802673339844,85.56333923339844,10.0,-1.183298872790197,42.0,0.0,,False
DFO_3629_From_20100327_to_20100331,9/153/188,0,493.9295349121094,87.8047103881836,1.0,2.333563273918983,52.0,0.0,,False
DFO_3629_From_20100327_to_20100331,9/153/188,0,316.01202392578125,87.66014862060547,1.0,0.19665491428359885,90.0,0.0,,False
DFO_3629_From_20100327_to_20100331,9/153/188,0,335.4674987792969,88.99114227294922,1.0,0.43032818581642895,43.0,0.0,,False
DFO_3629_From_20100327_to_20100331,9/153/188,0,292.1198425292969,78.1031494140625,1.0,-0.09030617163219819,95.0,0.0,,False
DFO_3629_From_20100327_to_20100331,9/153/188,0,396.2808532714844,88.95521545410156,8.0,1.1607372662459072,43.0,0.0,,False
DFO_3629_From_20100327_to_20100331,9/153/188,0,353.4191589355469,86.48297882080078,1.0,0.6459396365643651,81.0,0.0,,False
DFO_3629_From_20100327_to_20100331,9/153/188,0,243.235107421875,89.25531005859375,1.0,-0.677444551269481,43.0,0.0,,False
DFO_3629_From_20100327_to_20100331,9/153/188,0,256.2632751464844,88.60559844970703,4.0,-0.5209675391580143,41.0,0.0,,False
DFO_3629_From_20100327_to_20100331,9/153/188,0,563.1728515625,89.7079086303711,1.0,3.165221840739143,41.0,0.0,,False
DFO_3629_From_20100327_to_20100331,9/153/188,0,323.3612060546875,83.8638687133789,11.0,0.28492350932340654,43.0,0.0,,False
DFO_3629_From_20100327_to_20100331,9/153/188,0,251.4195098876953,88.57089233398438,9.0,-0.579144401099463,22.0,22.0,,False
DFO_3629_From_20100327_to_20100331,9/153/188,0,188.3529815673828,86.04576873779297,42.0,-1.336615606905695,23.0,71.0,,False
DFO_3629_From_20100327_to_20100331,9/153/188,0,235.8484649658203,87.70906066894531,1.0,-0.7661630699047481,42.0,0.0,,False
DFO_3629_From_20100327_to_20100331,9/153/188,0,284.9339599609375,89.02349090576172,2.0,-0.17661342967868307,43.0,0.0,,False
DFO_3629_From_20100327_to_20100331,9/153/188,0,303.75067138671875,88.92200469970703,4.0,0.049387865661428006,42.0,0.0,,False
DFO_3625_From_20100310_to_20100324,9/153/189,1,206.3668670654297,88.26055145263672,3.0,-0.3583045341992615,90.0,0.0,,False
DFO_3625_From_20100310_to_20100324,9/153/189,1,197.3774871826172,86.9218521118164,5.0,-0.5046505053676684,90.0,0.0,,False
DFO_3625_From_20100310_to_20100324,9/153/189,1,191.5898895263672,81.59058380126953,8.0,-0.5988718655479552,90.0,0.0,,False
DFO_3625_From_20100310_to_20100324,9/153/189,1,184.44107055664062,64.35304260253906,81.0,-0.7152537370975243,90.0,0.0,,False
DFO_3625_From_20100310_to_20100324,9/153/189,0,214.68084716796875,88.04545593261719,1.0,-0.22295398630360216,43.0,0.0,,False
DFO_3625_From_20100310_to_20100324,9/153/189,0,263.4861755371094,87.64605712890625,4.0,0.5715906064809478,43.0,0.0,,False
DFO_3625_From_20100310_to_20100324,9/153/189,0,229.91732788085938,87.236083984375,34.0,0.02509399878377895,41.0,0.0,,False
DFO_3625_From_20100310_to_20100324,9/153/189,0,134.18919372558594,87.8987808227539,4.0,-1.5333479564704153,43.0,0.0,,False
DFO_3625_From_20100310_to_20100324,9/153/189,0,282.4576416015625,89.26354217529297,2.0,0.8804436822085938,43.0,0.0,,False
DFO_3625_From_20100310_to_20100324,9/153/189,0,150.11563110351562,88.46076202392578,1.0,-1.2740675638615415,41.0,0.0,,False
DFO_3625_From_20100310_to_20100324,9/153/189,0,197.34999084472656,86.95021057128906,8.0,-0.5050981422819646,41.0,0.0,,False
DFO_3625_From_20100310_to_20100324,9/153/189,0,198.76251220703125,86.94835662841797,3.0,-0.48210247258534417,43.0,0.0,,False
DFO_3625_From_20100310_to_20100324,9/153/189,0,269.92913818359375,88.19136047363281,1.0,0.6764812260780051,41.0,0.0,,False
DFO_3625_From_20100310_to_20100324,9/153/189,0,304.7890625,87.23346710205078,2.0,1.2439963990317926,41.0,0.0,,False
DFO_3625_From_20100310_to_20100324,9/153/189,0,241.3022918701172,86.83842468261719,2.0,0.21043977718512394,21.0,6.0,,False
DFO_3625_From_20100310_to_20100324,9/153/189,0,285.4483642578125,87.38096618652344,1.0,0.9291322700010731,41.0,0.0,,False
DFO_3625_From_20100310_to_20100324,9/153/189,0,137.37069702148438,86.68927001953125,5.0,-1.4815534839168678,42.0,0.0,,False
DFO_3625_From_20100310_to_20100324,9/153/189,0,261.6776428222656,86.94095611572266,1.0,0.5421479218915815,41.0,0.0,,False
DFO_3625_From_20100310_to_20100324,9/153/189,0,289.9158020019531,87.45955657958984,8.0,1.0018615932495758,42.0,0.0,,False
DFO_3625_From_20100310_to_20100324,9/153/189,0,203.71182250976562,86.62631225585938,1.0,-0.40152832483435946,24.0,86.0,,False
DFO_3625_From_20100310_to_20100324,9/153/189,0,194.5189666748047,86.61511993408203,1.0,-0.5511868588507903,42.0,0.0,,False
DFO_3625_From_20100310_to_20100324,9/153/189,0,236.4249267578125,83.12155151367188,1.0,0.131036888063943,90.0,0.0,,False
DFO_3625_From_20100310_to_20100324,9/153/189,0,315.3219299316406,84.92938232421875,1.0,1.4154701529020386,41.0,0.0,,False
DFO_3625_From_20100310_to_20100324,9/153/189,0,207.2544403076172,85.66594696044922,19.0,-0.34385495371603225,42.0,0.0,,False
DFO_3625_From_20100310_to_20100324,9/153/189,0,150.72901916503906,88.1171875,2.0,-1.2640816835520015,81.0,0.0,,False
DFO_3625_From_20100310_to_20100324,9/153/189,0,245.61996459960938,79.16478729248047,1.0,0.28073094487656947,41.0,0.0,,False
DFO_3625_From_20100310_to_20100324,9/153/189,0,210.79104614257812,85.00424194335938,1.0,-0.28627945659561443,43.0,0.0,,False
DFO_3625_From_20100310_to_20100324,9/153/189,0,309.3362731933594,87.74427032470703,1.0,1.318024415836311,43.0,0.0,,False
DFO_3625_From_20100310_to_20100324,9/153/189,0,194.38645935058594,88.81272888183594,7.0,-0.5533440613833919,41.0,0.0,,False
DFO_3300_From_20080425_to_20080507,9/153/191,1,4.21741247177124,80.0560531616211,25.0,-0.4716351696260107,11.0,0.0,,False
DFO_3300_From_20080425_to_20080507,9/153/191,1,4.778342247009277,68.97997283935547,1.0,-0.4551324432331632,11.0,0.0,,False
DFO_3300_From_20080425_to_20080507,9/153/191,1,-1.0250885486602783,42.48283386230469,39.0,-0.6258711609632349,11.0,0.0,,False
DFO_3300_From_20080425_to_20080507,9/153/191,0,24.90142822265625,85.88475799560547,11.0,0.1368949311292045,24.0,99.0,,False
DFO_3300_From_20080425_to_20080507,9/153/191,0,72.89289093017578,87.06269073486328,2.0,1.5488185144666156,90.0,0.0,,False
DFO_3300_From_20080425_to_20080507,9/153/191,0,100.9251708984375,87.43770599365234,3.0,2.373536807032933,23.0,61.0,,False
DFO_3300_From_20080425_to_20080507,9/153/191,0,17.758625030517578,85.4135971069336,1.0,-0.07324853416963813,24.0,98.0,,False
DFO_3300_From_20080425_to_20080507,9/153/191,0,157.21310424804688,87.61125183105469,1.0,4.0295451066338,41.0,0.0,,False
DFO_3300_From_20080425_to_20080507,9/153/191,0,37.65824890136719,81.03449249267578,1.0,0.5122045163870879,41.0,0.0,,False
DFO_3300_From_20080425_to_20080507,9/153/191,0,34.36834716796875,84.45004272460938,2.0,0.41541459621822274,90.0,0.0,,False
DFO_3300_From_20080425_to_20080507,9/153/191,0,6.521283149719238,85.80152893066406,5.0,-0.403854586171432,90.0,0.0,,False
DFO_3300_From_20080425_to_20080507,9/153/191,0,10.995325088500977,82.00987243652344,35.0,-0.2722268972071448,90.0,0.0,,False
DFO_3300_From_20080425_to_20080507,9/153/191,0,27.996612548828125,87.6829605102539,4.0,0.227956205329827,81.0,0.0,,False
DFO_3300_From_20080425_to_20080507,9/153/191,0,90.80419921875,88.0597915649414,1.0,2.0757747094713226,41.0,0.0,,False
DFO_3300_From_20080425_to_20080507,9/153/191,0,44.138671875,87.50251007080078,2.0,0.7028605520707029,41.0,0.0,,False
DFO_3300_From_20080425_to_20080507,9/153/191,0,41.524147033691406,86.14334106445312,1.0,0.6259404276485168,41.0,0.0,,False
DFO_3300_From_20080425_to_20080507,9/153/191,0,28.54662322998047,83.12124633789062,1.0,0.24413768861862015,21.0,5.0,,False
DFO_3300_From_20080425_to_20080507,9/153/191,0,102.75128173828125,87.62555694580078,1.0,2.4272615492079512,43.0,0.0,,False
DFO_3300_From_20080425_to_20080507,9/153/191,0,51.69183349609375,87.00923156738281,1.0,0.9250768884756846,41.0,0.0,,False
DFO_3300_From_20080425_to_20080507,9/153/191,0,62.543704986572266,86.34015655517578,1.0,1.244342283117486,41.0,0.0,,False
DFO_3300_From_20080425_to_20080507,9/153/191,0,27.687108993530273,87.1850814819336,1.0,0.21885051560507224,41.0,0.0,,False
DFO_3300_From_20080425_to_20080507,9/153/191,0,32.310203552246094,87.81475067138672,7.0,0.35486337846009364,41.0,0.0,,False
DFO_3300_From_20080425_to_20080507,9/153/191,0,57.33224868774414,88.29391479492188,1.0,1.0910196370316267,41.0,0.0,,False
DFO_3300_From_20080425_to_20080507,9/153/191,0,15.973895072937012,84.69637298583984,1.0,-0.12575583806979512,41.0,0.0,,False
DFO_3300_From_20080425_to_20080507,9/153/191,0,1.276812195777893,75.1585922241211,26.0,-0.558148533557987,11.0,0.0,,False
DFO_3300_From_20080425_to_20080507,9/153/191,0,9.94416618347168,87.44782257080078,1.0,-0.3031523152735012,90.0,0.0,,False
DFO_3300_From_20080425_to_20080507,9/153/191,0,120.11640930175781,87.85440826416016,1.0,2.9381489394081552,41.0,0.0,,False
DFO_3300_From_20080425_to_20080507,9/153/191,0,20.85097312927246,87.3299789428711,1.0,0.01772929734864384,23.0,57.0,,False
DFO_3625_From_20100310_to_20100324,9/153/191,1,12.29297924041748,79.08301544189453,4.0,-0.23404951321548031,11.0,0.0,,False
DFO_3625_From_20100310_to_20100324,9/153/191,1,39.36109161376953,87.64456939697266,1.0,0.5623026723655344,43.0,0.0,,False
DFO_3625_From_20100310_to_20100324,9/153/191,1,4.21741247177124,80.0560531616211,25.0,-0.4716351696260107,11.0,0.0,,False
DFO_3625_From_20100310_to_20100324,9/153/191,1,4.778342247009277,68.97997283935547,1.0,-0.4551324432331632,11.0,0.0,,False
DFO_3625_From_20100310_to_20100324,9/153/191,1,2.969522714614868,70.0179214477539,1.0,-0.508348469828428,11.0,0.0,,False
DFO_3625_From_20100310_to_20100324,9/153/191,1,2.2628090381622314,49.82841491699219,1.0,-0.5291402034026209,11.0,0.0,,False
DFO_3625_From_20100310_to_20100324,9/153/191,1,2.1847517490386963,68.81202697753906,1.0,-0.531436672840041,81.0,0.0,,False
DFO_3625_From_20100310_to_20100324,9/153/191,1,0.2536722719669342,53.557647705078125,1.0,-0.5882496245850873,11.0,0.0,,False
DFO_3625_From_20100310_to_20100324,9/153/191,1,1.1037324666976929,42.35201644897461,1.0,-0.5632405923846853,11.0,0.0,,False
DFO_3625_From_20100310_to_20100324,9/153/191,1,1.711669683456421,77.61332702636719,1.0,-0.5453548926142621,11.0,0.0,,False
DFO_3625_From_20100310_to_20100324,9/153/191,1,0.18646296858787537,82.35221099853516,1.0,-0.5902269429477073,11.0,0.0,,False
DFO_3625_From_20100310_to_20100324,9/153/191,1,1.0717822313308716,70.85030364990234,1.0,-0.5641805781292858,11.0,0.0,,False
DFO_3625_From_20100310_to_20100324,9/153/191,1,6.744589805603027,82.91769409179688,1.0,-0.39728483572060586,11.0,0.0,,False
DFO_3625_From_20100310_to_20100324,9/153/191,1,-0.23573578894138336,73.9439697265625,6.0,-0.6026481601596994,11.0,0.0,,False
DFO_3625_From_20100310_to_20100324,9/153/191,1,3.4947257041931152,64.48960876464844,1.0,-0.49289683645054694,41.0,0.0,,False
DFO_3625_From_20100310_to_20100324,9/153/191,1,3.7182371616363525,81.88365936279297,1.0,-0.4863210606748947,11.0,0.0,,False
DFO_3625_From_20100310_to_20100324,9/153/191,1,8.200628280639648,86.65031433105469,1.0,-0.3544477362623155,11.0,0.0,,False
DFO_3625_From_20100310_to_20100324,9/153/191,1,3.3158652782440186,81.4201889038086,1.0,-0.49815896515586217,11.0,0.0,,False
DFO_3625_From_20100310_to_20100324,9/153/191,1,9.007527351379395,86.22893524169922,1.0,-0.33070851759557585,24.0,81.0,,False
DFO_3625_From_20100310_to_20100324,9/153/191,1,0.12670564651489258,80.97080993652344,4.0,-0.5919850217298885,11.0,0.0,,False
DFO_3625_From_20100310_to_20100324,9/153/191,1,0.7483522295951843,62.04954528808594,1.0,-0.5736959881886238,11.0,0.0,,False
DFO_3625_From_20100310_to_20100324,9/153/191,0,19.21438980102539,85.84120178222656,1.0,-0.030419487182710182,41.0,0.0,,False
DFO_3625_From_20100310_to_20100324,9/153/191,0,102.09586334228516,87.5645751953125,1.0,2.407978938550721,41.0,0.0,,False
DFO_3625_From_20100310_to_20100324,9/153/191,0,126.23576354980469,84.53121185302734,1.0,3.118182222208256,22.0,30.0,,False
DFO_3625_From_20100310_to_20100324,9/153/191,0,18.733028411865234,86.53490447998047,1.0,-0.0445812872012954,22.0,33.0,,False
DFO_3625_From_20100310_to_20100324,9/153/191,0,110.12903594970703,88.65746307373047,1.0,2.6443173457079148,41.0,0.0,,False
DFO_3625_From_20100310_to_20100324,9/153/191,0,25.535545349121094,86.2869873046875,1.0,0.15555085188974388,41.0,0.0,,False
DFO_3625_From_20100310_to_20100324,9/153/191,0,31.473066329956055,87.55624389648438,1.0,0.33023454408085556,41.0,0.0,,False
DFO_3625_From_20100310_to_20100324,9/153/191,0,15.361745834350586,82.79840087890625,1.0,-0.14376545681698097,23.0,72.0,,False
DFO_3625_From_20100310_to_20100324,9/153/191,0,23.227962493896484,82.8206558227539,1.0,0.08766105503872594,41.0,0.0,,False
DFO_3625_From_20100310_to_20100324,9/153/191,0,63.25894546508789,85.77003479003906,1.0,1.265384877829139,41.0,0.0,,False
DFO_3625_From_20100310_to_20100324,9/153/191,0,6.5801005363464355,86.19194030761719,2.0,-0.4021241605789609,41.0,0.0,,False
DFO_3625_From_20100310_to_20100324,9/153/191,0,31.123992919921875,86.74822235107422,4.0,0.3199646970677108,41.0,0.0,,False
DFO_3625_From_20100310_to_20100324,9/153/191,0,15.095699310302734,77.93795776367188,12.0,-0.15159262732556494,90.0,0.0,,False
DFO_3625_From_20100310_to_20100324,9/153/191,0,32.7424430847168,86.91560363769531,1.0,0.36757999835695915,43.0,0.0,,False
DFO_3625_From_20100310_to_20100324,9/153/191,0,139.19424438476562,84.96489715576172,1.0,3.49942471124455,21.0,1.0,,False
DFO_3625_From_20100310_to_20100324,9/153/191,0,24.561687469482422,86.40516662597656,2.0,0.1268996537493429,43.0,0.0,,False
DFO_3625_From_20100310_to_20100324,9/153/191,0,39.958194732666016,85.04132843017578,7.0,0.5798696296469213,41.0,0.0,,False
DFO_3625_From_20100310_to_20100324,9/153/191,0,14.15041732788086,82.31819152832031,1.0,-0.1794031137868635,90.0,0.0,,False
DFO_3625_From_20100310_to_20100324,9/153/191,0,50.238346099853516,85.4252700805664,2.0,0.8823148425396743,21.0,3.0,,False
DFO_3625_From_20100310_to_20100324,9/153/191,0,52.44173812866211,86.81121826171875,1.0,0.947139313253818,81.0,0.0,,False
DFO_3625_From_20100310_to_20100324,9/153/191,0,2.608459234237671,69.57366180419922,1.0,-0.5189710683962889,23.0,51.0,,False
DFO_3625_From_20100310_to_20100324,9/153/191,0,13.800728797912598,85.4870376586914,1.0,-0.18969105781752998,43.0,0.0,,False
DFO_3625_From_20100310_to_20100324,9/153/191,0,10.63607120513916,85.61410522460938,2.0,-0.28279625687462207,21.0,5.0,,False
DFO_3625_From_20100310_to_20100324,9/153/191,0,152.36990356445312,87.99507141113281,1.0,3.8870566539338482,41.0,0.0,,False
DFO_3625_From_20100310_to_20100324,9/153/191,0,21.38762664794922,86.0218734741211,2.0,0.033517808811996175,21.0,3.0,,False
DFO_3629_From_20100327_to_20100331,9/153/191,1,13.898889541625977,84.66980743408203,29.0,-0.18680313856715167,90.0,0.0,,False
DFO_3629_From_20100327_to_20100331,9/153/191,1,4.21741247177124,80.0560531616211,25.0,-0.4716351696260107,11.0,0.0,,False
DFO_3629_From_20100327_to_20100331,9/153/191,1,1.2489315271377563,83.6756591796875,1.0,-0.5589687913986812,11.0,0.0,,False
DFO_3629_From_20100327_to_20100331,9/153/191,1,4.778342247009277,68.97997283935547,1.0,-0.4551324432331632,11.0,0.0,,False
DFO_3629_From_20100327_to_20100331,9/153/191,1,1.229008674621582,84.10137176513672,2.0,-0.5595549278431228,11.0,0.0,,False
DFO_3629_From_20100327_to_20100331,9/153/191,1,20.85097312927246,87.3299789428711,1.0,0.01772929734864384,23.0,57.0,,False
DFO_3629_From_20100327_to_20100331,9/153/191,1,2.309370756149292,72.72515869140625,1.0,-0.5277703433484006,11.0,0.0,,False
DFO_3629_From_20100327_to_20100331,9/153/191,1,0.2536722719669342,53.557647705078125,1.0,-0.5882496245850873,11.0,0.0,,False
DFO_3629_From_20100327_to_20100331,9/153/191,1,6.744589805603027,82.91769409179688,1.0,-0.39728483572060586,11.0,0.0,,False
DFO_3629_From_20100327_to_20100331,9/153/191,1,1.1799355745315552,66.69691467285156,1.0,-0.5609986735307018,11.0,0.0,,False
DFO_3629_From_20100327_to_20100331,9/153/191,1,0.060766760259866714,35.580875396728516,10.0,-0.5939249640302487,11.0,0.0,,False
DFO_3629_From_20100327_to_20100331,9/153/191,1,2.7251343727111816,71.61724853515625,1.0,-0.5155384499615502,21.0,8.0,,False
DFO_3629_From_20100327_to_20100331,9/153/191,0,21.559246063232422,85.81124114990234,3.0,0.03856690475795001,23.0,69.0,,False
DFO_3629_From_20100327_to_20100331,9/153/191,0,65.75886535644531,88.50953674316406,1.0,1.3389332893991992,41.0,0.0,,False
DFO_3629_From_20100327_to_20100331,9/153/191,0,157.21310424804688,87.61125183105469,1.0,4.0295451066338,41.0,0.0,,False
DFO_3629_From_20100327_to_20100331,9/153/191,0,11.3429536819458,84.6840591430664,4.0,-0.26199955714213247,90.0,0.0,,False
DFO_3629_From_20100327_to_20100331,9/153/191,0,72.15387725830078,79.6260757446289,11.0,1.527076505099487,90.0,0.0,,False
DFO_3629_From_20100327_to_20100331,9/153/191,0,20.000818252563477,86.8431625366211,3.0,-0.007282520424658721,41.0,0.0,,False
DFO_3629_From_20100327_to_20100331,9/153/191,0,31.206079483032227,86.53596496582031,3.0,0.3223797089842461,90.0,0.0,,False
DFO_3629_From_20100327_to_20100331,9/153/191,0,3.5053870677948,73.2344741821289,1.0,-0.49258317585654726,21.0,6.0,,False
DFO_3629_From_20100327_to_20100331,9/153/191,0,17.944122314453125,84.93880462646484,1.0,-0.06779114706248089,21.0,5.0,,False
DFO_3629_From_20100327_to_20100331,9/153/191,0,18.208627700805664,84.09912109375,8.0,-0.0600093172985715,41.0,0.0,,False
DFO_3629_From_20100327_to_20100331,9/153/191,0,4.7320075035095215,84.32990264892578,2.0,-0.456495625628205,22.0,41.0,,False
DFO_3629_From_20100327_to_20100331,9/153/191,0,43.37381362915039,87.77217102050781,1.0,0.6803581873937466,21.0,4.0,,False
DFO_3629_From_20100327_to_20100331,9/153/191,0,54.56306076049805,86.84043884277344,4.0,1.0095492770844734,41.0,0.0,,False
DFO_3629_From_20100327_to_20100331,9/153/191,0,13.116155624389648,85.01883697509766,2.0,-0.20983141099050673,41.0,0.0,,False
DFO_3629_From_20100327_to_20100331,9/153/191,0,149.47915649414062,87.11382293701172,1.0,3.8020099866357033,21.0,1.0,,False
DFO_3629_From_20100327_to_20100331,9/153/191,0,16.328540802001953,64.8989486694336,1.0,-0.11532205171807754,24.0,93.0,,False
DFO_3629_From_20100327_to_20100331,9/153/191,0,70.09318542480469,85.88851165771484,1.0,1.4664503179912525,90.0,0.0,,False
DFO_3629_From_20100327_to_20100331,9/153/191,0,25.535545349121094,86.2869873046875,1.0,0.15555085188974388,41.0,0.0,,False
DFO_3629_From_20100327_to_20100331,9/153/191,0,24.99708366394043,77.4964370727539,1.0,0.1397091436120951,81.0,0.0,,False
DFO_3629_From_20100327_to_20100331,9/153/191,0,39.12803268432617,85.6773910522461,2.0,0.5554460070291621,41.0,0.0,,False
DFO_3629_From_20100327_to_20100331,9/153/191,0,-0.006000713910907507,67.22618865966797,9.0,-0.595889283641762,11.0,0.0,,False
DFO_3629_From_20100327_to_20100331,9/153/191,0,17.378679275512695,85.96884155273438,1.0,-0.08442665506063314,41.0,0.0,,False
DFO_3629_From_20100327_to_20100331,9/153/191,0,4.261309623718262,73.84597778320312,1.0,-0.47034370192365965,11.0,0.0,,False
DFO_3629_From_20100327_to_20100331,9/153/191,0,107.01556396484375,82.84135437011719,3.0,2.5527180429677627,42.0,0.0,,False
DFO_3629_From_20100327_to_20100331,9/153/191,0,73.79151916503906,87.07691955566406,1.0,1.5752564333354133,41.0,0.0,,False
DFO_3861_From_20110827_to_20110913,9/153/191,1,27.673324584960938,87.2510757446289,4.0,0.21844497406823649,41.0,0.0,,False
DFO_3861_From_20110827_to_20110913,9/153/191,1,31.083280563354492,87.6544189453125,2.0,0.31876692702429593,41.0,0.0,,False
DFO_3861_From_20110827_to_20110913,9/153/191,1,7.5809807777404785,79.14690399169922,7.0,-0.37267795625022165,11.0,0.0,,False
DFO_3861_From_20110827_to_20110913,9/153/191,1,49.040706634521484,84.78360748291016,1.0,0.8470799213674769,41.0,0.0,,False
DFO_3861_From_20110827_to_20110913,9/153/191,1,14.899698257446289,85.98092651367188,1.0,-0.15735903854277541,22.0,44.0,,False
DFO_3861_From_20110827_to_20110913,9/153/191,1,10.969801902770996,84.51078796386719,1.0,-0.27297779717603476,22.0,26.0,,False
DFO_3861_From_20110827_to_20110913,9/153/191,1,12.027399063110352,86.07636260986328,5.0,-0.2418629636596176,22.0,31.0,,False
DFO_3861_From_20110827_to_20110913,9/153/191,1,1.276812195777893,75.1585922241211,26.0,-0.558148533557987,11.0,0.0,,False
DFO_3861_From_20110827_to_20110913,9/153/191,1,1.229008674621582,84.10137176513672,2.0,-0.5595549278431228,11.0,0.0,,False
DFO_3861_From_20110827_to_20110913,9/153/191,1,7.074382305145264,85.33645629882812,2.0,-0.38758223902024486,24.0,87.0,,False
DFO_3861_From_20110827_to_20110913,9/153/191,1,6.28438663482666,83.34412384033203,3.0,-0.4108241544512266,41.0,0.0,,False
DFO_3861_From_20110827_to_20110913,9/153/191,1,1.6605713367462158,48.547584533691406,1.0,-0.5468582216798791,71.0,0.0,,False
DFO_3861_From_20110827_to_20110913,9/153/191,1,-3.333304618990951e-07,54.19393539428711,6.0,-0.5957127506008301,11.0,0.0,,False
DFO_3861_From_20110827_to_20110913,9/153/191,1,2.708575487136841,44.06857681274414,1.0,-0.5160256174646264,22.0,44.0,,False
DFO_3861_From_20110827_to_20110913,9/153/191,1,0.0007112748571671546,61.998382568359375,2.0,-0.5956918148692326,11.0,0.0,,False
DFO_3861_From_20110827_to_20110913,9/153/191,1,0.5600718259811401,83.24894714355469,2.0,-0.579235255532132,11.0,0.0,,False
DFO_3861_From_20110827_to_20110913,9/153/191,1,9.107358932495117,82.49618530273438,1.0,-0.327771441795278,41.0,0.0,,False
DFO_3861_From_20110827_to_20110913,9/153/191,1,8.682929039001465,83.28876495361328,1.0,-0.34025829971309635,41.0,0.0,,False
DFO_3861_From_20110827_to_20110913,9/153/191,1,1.3390893936157227,83.4399185180664,1.0,-0.5563163192563041,11.0,0.0,,False
DFO_3861_From_20110827_to_20110913,9/153/191,1,4.540810585021973,74.66071319580078,1.0,-0.4621206977357012,71.0,0.0,,False
DFO_3861_From_20110827_to_20110913,9/153/191,1,0.04026223346590996,73.48908233642578,1.0,-0.594528213510724,11.0,0.0,,False
DFO_3861_From_20110827_to_20110913,9/153/191,1,0.5269368290901184,80.91207885742188,1.0,-0.5802100973249185,11.0,0.0,,False
DFO_3861_From_20110827_to_20110913,9/153/191,1,0.027872350066900253,82.25212860107422,4.0,-0.5948927276884326,11.0,0.0,,False
DFO_3861_From_20110827_to_20110913,9/153/191,1,-0.26587948203086853,74.07927703857422,13.0,-0.6035349968752483,31.0,0.0,,False
DFO_3861_From_20110827_to_20110913,9/153/191,1,6.13216495513916,82.85954284667969,1.0,-0.4153025630539371,22.0,37.0,,False
DFO_3861_From_20110827_to_20110913,9/153/191,1,-0.08208294957876205,28.650012969970703,24.0,-0.5981276463994707,11.0,0.0,,False
DFO_3861_From_20110827_to_20110913,9/153/191,1,-0.8690631985664368,45.1843376159668,15.0,-0.6212808472080875,11.0,0.0,,False
DFO_3861_From_20110827_to_20110913,9/153/191,1,1.9595788717269897,50.76042556762695,1.0,-0.5380613280988715,22.0,40.0,,False
DFO_3861_From_20110827_to_20110913,9/153/191,0,48.38372802734375,87.54571533203125,1.0,0.8277514088177423,41.0,0.0,,False
DFO_3861_From_20110827_to_20110913,9/153/191,0,111.10227966308594,87.73487854003906,1.0,2.672950474888186,41.0,0.0,,False
DFO_3861_From_20110827_to_20110913,9/153/191,0,99.30986785888672,88.04527282714844,1.0,2.3260140951356565,41.0,0.0,,False
DFO_3861_From_20110827_to_20110913,9/153/191,0,42.25581741333008,86.63398742675781,1.0,0.6474663951010448,41.0,0.0,,False
DFO_3861_From_20110827_to_20110913,9/153/191,0,157.6579132080078,86.23770141601562,1.0,4.042631522950722,21.0,3.0,,False
DFO_3861_From_20110827_to_20110913,9/153/191,0,26.6516170501709,83.60355377197266,1.0,0.18838602436638555,41.0,0.0,,False
DFO_3861_From_20110827_to_20110913,9/153/191,0,32.198158264160156,83.97867584228516,2.0,0.35156697164677136,23.0,59.0,,False
DFO_3861_From_20110827_to_20110913,9/153/191,0,2.5416781902313232,69.8928451538086,1.0,-0.5209357872365354,22.0,25.0,,False
DFO_3861_From_20110827_to_20110913,9/153/191,0,53.91884994506836,83.64061737060547,1.0,0.9905963968922287,41.0,0.0,,False
DFO_3861_From_20110827_to_20110913,9/153/191,0,62.578609466552734,87.64080810546875,2.0,1.2453691836466259,41.0,0.0,,False
DFO_3861_From_20110827_to_20110913,9/153/191,0,102.75128173828125,87.62555694580078,1.0,2.4272615492079512,43.0,0.0,,False
DFO_3861_From_20110827_to_20110913,9/153/191,0,77.55389404296875,85.5235824584961,1.0,1.6859466586340226,52.0,0.0,,False
DFO_3861_From_20110827_to_20110913,9/153/191,0,40.23048782348633,73.60021209716797,1.0,0.5878805760698732,22.0,46.0,,False
DFO_3861_From_20110827_to_20110913,9/153/191,0,10.374862670898438,83.603271484375,1.0,-0.2904810922360933,95.0,0.0,,False
DFO_3861_From_20110827_to_20110913,9/153/191,0,99.52571105957031,86.98067474365234,1.0,2.332364268440552,90.0,0.0,,False
DFO_3861_From_20110827_to_20110913,9/153/191,0,23.625015258789062,85.27344512939453,1.0,0.09934246941856556,41.0,0.0,,False
DFO_3861_From_20110827_to_20110913,9/153/191,0,39.958194732666016,85.04132843017578,7.0,0.5798696296469213,41.0,0.0,,False
DFO_3861_From_20110827_to_20110913,9/153/191,0,9.94416618347168,87.44782257080078,1.0,-0.3031523152735012,90.0,0.0,,False
DFO_3861_From_20110827_to_20110913,9/153/191,0,73.26433563232422,87.88653564453125,1.0,1.559746531769721,41.0,0.0,,False
DFO_3861_From_20110827_to_20110913,9/153/191,0,68.46104431152344,86.585693359375,1.0,1.4184322247895358,41.0,0.0,,False
DFO_3861_From_20110827_to_20110913,9/153/191,0,0.12670564651489258,80.97080993652344,4.0,-0.5919850217298885,11.0,0.0,,False
DFO_3861_From_20110827_to_20110913,9/153/191,0,6.5801005363464355,86.19194030761719,2.0,-0.4021241605789609,41.0,0.0,,False
DFO_3861_From_20110827_to_20110913,9/153/191,0,4.261309623718262,73.84597778320312,1.0,-0.47034370192365965,11.0,0.0,,False
DFO_3861_From_20110827_to_20110913,9/153/191,0,149.47915649414062,87.11382293701172,1.0,3.8020099866357033,21.0,1.0,,False
DFO_3861_From_20110827_to_20110913,9/153/191,0,24.168235778808594,81.0910415649414,9.0,0.11532418407983203,23.0,58.0,,False
DFO_3625_From_20100310_to_20100324,9/153/192,1,0.7812565565109253,85.20867156982422,3.0,-0.1127043333717909,11.0,0.0,,False
DFO_3625_From_20100310_to_20100324,9/153/192,1,2.95534086227417,79.29650115966797,1.0,0.23821528465611821,11.0,0.0,,False
DFO_3625_From_20100310_to_20100324,9/153/192,1,2.9838483333587646,77.59587860107422,6.0,0.24281668435227013,11.0,0.0,,True
DFO_3625_From_20100310_to_20100324,9/153/192,1,3.431159734725952,78.96971893310547,3.0,0.31501735554574317,21.0,13.0,,True
DFO_3625_From_20100310_to_20100324,9/153/192,1,2.0583324432373047,79.1305923461914,3.0,0.09342887920634062,11.0,0.0,,False
DFO_3625_From_20100310_to_20100324,9/153/192,1,1.142765998840332,76.83490753173828,3.0,-0.05435298283794787,11.0,0.0,,False
DFO_3625_From_20100310_to_20100324,9/153/192,0,10.198945999145508,83.31523895263672,2.0,1.4074078228836135,41.0,0.0,,False
DFO_3625_From_20100310_to_20100324,9/153/192,0,43.91436004638672,87.8191146850586,1.0,6.84942319816001,43.0,0.0,,False
DFO_3625_From_20100310_to_20100324,9/153/192,0,24.817119598388672,85.6823959350586,1.0,3.7669317300814913,41.0,0.0,,False
DFO_3625_From_20100310_to_20100324,9/153/192,0,9.603034019470215,85.01900482177734,4.0,1.3112214865342993,81.0,0.0,,False
DFO_3625_From_20100310_to_20100324,9/153/192,0,20.208724975585938,84.57302856445312,1.0,3.0230893333221474,82.0,0.0,,False
DFO_3625_From_20100310_to_20100324,9/153/192,0,7.180932998657227,81.06409454345703,7.0,0.9202694140707107,90.0,0.0,,True
DFO_3625_From_20100310_to_20100324,9/153/192,0,20.595630645751953,84.99795532226562,1.0,3.0855398968203396,41.0,0.0,,False
DFO_3625_From_20100310_to_20100324,9/153/192,0,34.417728424072266,80.58090209960938,1.0,5.316568960345894,21.0,1.0,,False
DFO_3625_From_20100310_to_20100324,9/153/192,0,14.248530387878418,87.0798110961914,2.0,2.0610524874896834,81.0,0.0,,False
DFO_3625_From_20100310_to_20100324,9/153/192,0,19.019466400146484,66.89083099365234,3.0,2.831130740031481,41.0,0.0,,False
DFO_3625_From_20100310_to_20100324,9/153/192,0,47.4897575378418,87.38521575927734,1.0,7.426529209492394,41.0,0.0,,False
DFO_3625_From_20100310_to_20100324,9/153/192,0,9.166404724121094,84.29560089111328,1.0,1.240745017366321,22.0,31.0,,True
DFO_3625_From_20100310_to_20100324,9/153/192,0,7.1628313064575195,88.060302734375,3.0,0.9173476143523002,41.0,0.0,,False
DFO_3625_From_20100310_to_20100324,9/153/192,0,22.39275550842285,87.76522064208984,2.0,3.375614374928277,82.0,0.0,,False
DFO_3625_From_20100310_to_20100324,9/153/192,0,61.08909225463867,86.67447662353516,1.0,9.621602018583237,31.0,0.0,,False
DFO_3625_From_20100310_to_20100324,9/153/192,0,5.895283222198486,81.39940643310547,3.0,0.7127522873076888,43.0,0.0,,False
DFO_3625_From_20100310_to_20100324,9/153/192,0,16.703346252441406,80.44214630126953,4.0,2.4572850729684115,22.0,23.0,,False
DFO_3625_From_20100310_to_20100324,9/153/192,0,11.676677703857422,84.26378631591797,3.0,1.6459289529016998,42.0,0.0,,False
DFO_3625_From_20100310_to_20100324,9/153/192,0,12.813610076904297,85.63155364990234,3.0,1.8294415577328675,11.0,0.0,,False
DFO_3625_From_20100310_to_20100324,9/153/192,0,7.393547058105469,84.97980499267578,2.0,0.9545875149516916,43.0,0.0,,False
DFO_3625_From_20100310_to_20100324,9/153/192,0,10.44678020477295,83.4465103149414,1.0,1.4474108184171746,24.0,100.0,,False
DFO_3625_From_20100310_to_20100324,9/153/192,0,35.87312316894531,82.51900482177734,1.0,5.551484674790268,41.0,0.0,,False
DFO_3625_From_20100310_to_20100324,9/153/192,0,16.340776443481445,48.19802474975586,1.0,2.398762568329837,41.0,0.0,,False
DFO_3625_From_20100310_to_20100324,9/153/192,0,1.8117308616638184,79.7218246459961,2.0,0.053624841901326416,11.0,0.0,,False
DFO_3625_From_20100310_to_20100324,9/153/192,0,7.593609809875488,79.3443603515625,1.0,0.9868797053909676,21.0,14.0,,False
DFO_3629_From_20100327_to_20100331,9/153/192,1,3.0468854904174805,76.33624267578125,1.0,0.25299153130644286,31.0,0.0,,True
DFO_3629_From_20100327_to_20100331,9/153/192,0,11.676677703857422,84.26378631591797,3.0,1.6459289529016998,42.0,0.0,,False
DFO_3629_From_20100327_to_20100331,9/153/192,0,56.71797561645508,85.49008178710938,1.0,8.916058734470194,41.0,0.0,,False
DFO_3629_From_20100327_to_20100331,9/153/192,0,29.02789306640625,84.19409942626953,1.0,4.446593973666858,41.0,0.0,,False
DFO_3629_From_20100327_to_20100331,9/153/192,0,6.974040508270264,80.21776580810547,1.0,0.8868748334157772,21.0,15.0,,True
DFO_3629_From_20100327_to_20100331,9/153/192,0,25.703561782836914,86.8983154296875,1.0,3.9100126363489216,41.0,0.0,,False
DFO_3629_From_20100327_to_20100331,9/153/192,0,6.8607330322265625,80.37411499023438,4.0,0.8685858387767201,22.0,40.0,,True
DFO_3629_From_20100327_to_20100331,9/153/192,0,43.91436004638672,87.8191146850586,1.0,6.84942319816001,43.0,0.0,,False
DFO_3629_From_20100327_to_20100331,9/153/192,0,5.7070465087890625,82.71265411376953,1.0,0.682368941365971,31.0,0.0,,True
DFO_3629_From_20100327_to_20100331,9/153/192,0,20.98948860168457,86.78116607666016,1.0,3.149112630907395,41.0,0.0,,False
DFO_3629_From_20100327_to_20100331,9/153/192,0,28.314462661743164,86.46622467041016,2.0,4.331438952111255,41.0,0.0,,False
DFO_3629_From_20100327_to_20100331,9/153/192,0,12.813610076904297,85.63155364990234,3.0,1.8294415577328675,11.0,0.0,,False
DFO_3629_From_20100327_to_20100331,9/153/192,0,14.715956687927246,83.69012451171875,1.0,2.1364999106804548,41.0,0.0,,False
DFO_3629_From_20100327_to_20100331,9/153/192,0,32.966087341308594,87.25984191894531,2.0,5.082259125659785,81.0,0.0,,False
DFO_3629_From_20100327_to_20100331,9/153/192,0,21.822004318237305,87.38313293457031,1.0,3.283489249367163,41.0,0.0,,False
DFO_3629_From_20100327_to_20100331,9/153/192,0,45.29509353637695,87.4916000366211,1.0,7.072287816436905,41.0,0.0,,False
DFO_3629_From_20100327_to_20100331,9/153/192,0,34.417728424072266,80.58090209960938,1.0,5.316568960345894,21.0,1.0,,False
DFO_3629_From_20100327_to_20100331,9/153/192,0,20.595630645751953,84.99795532226562,1.0,3.0855398968203396,41.0,0.0,,False
DFO_3629_From_20100327_to_20100331,9/153/192,0,16.703346252441406,80.44214630126953,4.0,2.4572850729684115,22.0,23.0,,False
DFO_3629_From_20100327_to_20100331,9/153/192,0,22.39275550842285,87.76522064208984,2.0,3.375614374928277,82.0,0.0,,False
DFO_3629_From_20100327_to_20100331,9/153/192,0,10.44678020477295,83.4465103149414,1.0,1.4474108184171746,24.0,100.0,,False
DFO_3629_From_20100327_to_20100331,9/153/192,0,8.4941987991333,82.07699584960938,2.0,1.1322440517839396,23.0,71.0,,False
DFO_3629_From_20100327_to_20100331,9/153/192,0,7.1628313064575195,88.060302734375,3.0,0.9173476143523002,41.0,0.0,,False
DFO_3629_From_20100327_to_20100331,9/153/192,0,16.340776443481445,48.19802474975586,1.0,2.398762568329837,41.0,0.0,,False
DFO_3629_From_20100327_to_20100331,9/153/192,0,61.08909225463867,86.67447662353516,1.0,9.621602018583237,31.0,0.0,,False
DFO_3629_From_20100327_to_20100331,9/153/192,0,7.593609809875488,79.3443603515625,1.0,0.9868797053909676,21.0,14.0,,False
DFO_3861_From_20110827_to_20110913,9/153/192,1,6.974040508270264,80.21776580810547,1.0,0.8868748334157772,21.0,15.0,,True
DFO_3861_From_20110827_to_20110913,9/153/192,0,20.595630645751953,84.99795532226562,1.0,3.0855398968203396,41.0,0.0,,False
DFO_3861_From_20110827_to_20110913,9/153/192,0,15.435025215148926,85.91526794433594,1.0,2.2525649833363826,81.0,0.0,,False
DFO_3861_From_20110827_to_20110913,9/153/192,0,19.019466400146484,66.89083099365234,3.0,2.831130740031481,41.0,0.0,,False
DFO_3861_From_20110827_to_20110913,9/153/192,0,8.4941987991333,82.07699584960938,2.0,1.1322440517839396,23.0,71.0,,False
DFO_3861_From_20110827_to_20110913,9/153/192,0,24.817119598388672,85.6823959350586,1.0,3.7669317300814913,41.0,0.0,,False
DFO_3861_From_20110827_to_20110913,9/153/192,0,21.822004318237305,87.38313293457031,1.0,3.283489249367163,41.0,0.0,,False
DFO_3861_From_20110827_to_20110913,9/153/192,0,33.03205108642578,87.81538391113281,1.0,5.092906354094695,21.0,7.0,,False
DFO_3861_From_20110827_to_20110913,9/153/192,0,7.393547058105469,84.97980499267578,2.0,0.9545875149516916,43.0,0.0,,False
DFO_3861_From_20110827_to_20110913,9/153/192,0,5.809398651123047,81.52775573730469,3.0,0.6988896322135923,95.0,0.0,,True
DFO_3861_From_20110827_to_20110913,9/153/192,0,28.314462661743164,86.46622467041016,2.0,4.331438952111255,41.0,0.0,,False
DFO_3861_From_20110827_to_20110913,9/153/192,0,2.544887065887451,87.07940673828125,5.0,0.17196381084513992,11.0,0.0,,True
DFO_3861_From_20110827_to_20110913,9/153/192,0,19.191633224487305,83.97525024414062,1.0,2.8589202402245513,81.0,0.0,,False
DFO_3861_From_20110827_to_20110913,9/153/192,0,56.71797561645508,85.49008178710938,1.0,8.916058734470194,41.0,0.0,,False
DFO_3861_From_20110827_to_20110913,9/153/192,0,10.198945999145508,83.31523895263672,2.0,1.4074078228836135,41.0,0.0,,False
DFO_3861_From_20110827_to_20110913,9/153/192,0,45.29509353637695,87.4916000366211,1.0,7.072287816436905,41.0,0.0,,False
DFO_3861_From_20110827_to_20110913,9/153/192,0,12.83717155456543,82.10363006591797,1.0,1.8332446231057695,81.0,0.0,,False
DFO_3861_From_20110827_to_20110913,9/153/192,0,6.8607330322265625,80.37411499023438,4.0,0.8685858387767201,22.0,40.0,,True
DFO_3861_From_20110827_to_20110913,9/153/192,0,43.91436004638672,87.8191146850586,1.0,6.84942319816001,43.0,0.0,,False
DFO_3861_From_20110827_to_20110913,9/153/192,0,10.508978843688965,83.63372039794922,1.0,1.4574503198994326,41.0,0.0,,False
DFO_3861_From_20110827_to_20110913,9/153/192,0,16.703346252441406,80.44214630126953,4.0,2.4572850729684115,22.0,23.0,,False
DFO_3861_From_20110827_to_20110913,9/153/192,0,16.340776443481445,48.19802474975586,1.0,2.398762568329837,41.0,0.0,,False
DFO_3861_From_20110827_to_20110913,9/153/192,0,12.813610076904297,85.63155364990234,3.0,1.8294415577328675,11.0,0.0,,False
DFO_3861_From_20110827_to_20110913,9/153/192,0,12.262045860290527,81.9659652709961,1.0,1.7404134074910043,23.0,54.0,,False
DFO_3861_From_20110827_to_20110913,9/153/192,0,61.08909225463867,86.67447662353516,1.0,9.621602018583237,31.0,0.0,,False
DFO_3861_From_20110827_to_20110913,9/153/192,0,7.1628313064575195,88.060302734375,3.0,0.9173476143523002,41.0,0.0,,False
